aborted,1,1,0,0,1,1,0,0,0,0,0,0,0,0,0,0,0,0,0,0,0,0,0,0,0,
About,5,0,2,3,0,0,2,1,1,1,0,0,0,0,0,0,0,0,0,0,0,0,0,0,0,
Abs,1,0,1,0,0,0,1,0,0,0,0,0,0,0,0,0,0,0,0,0,0,0,0,0,0,
Absolute,2,0,0,2,0,0,1,1,0,0,0,0,0,0,0,0,0,0,0,0,0,0,0,0,0,
Access,7,1,6,0,0,1,6,0,0,0,0,0,0,0,0,0,0,0,0,0,0,0,0,0,0,
Account,16,1,9,6,0,1,12,2,1,0,0,0,0,0,0,0,0,0,0,0,0,0,0,0,0,
Action,79,2,35,42,1,2,41,28,6,2,0,0,0,0,0,0,0,0,0,0,0,0,0,0,0,
Actions,13,0,5,8,0,0,3,8,2,0,0,0,0,0,0,0,0,0,0,0,0,0,0,0,0,
Activate,4,3,1,0,1,3,1,0,0,0,0,0,0,0,0,0,0,0,0,0,0,0,0,0,0,
Activated,1,0,1,0,0,0,1,0,0,0,0,0,0,0,0,0,0,0,0,0,0,0,0,0,0,
Active,11,0,9,2,0,0,7,3,1,0,0,0,0,0,0,0,0,0,0,0,0,0,0,0,0,
Activity,54,1,47,6,0,1,48,4,1,0,0,0,0,0,0,0,0,0,0,0,0,0,0,0,0,
Adapter,46,1,3,42,0,1,17,22,3,3,0,0,0,0,0,0,0,0,0,0,0,0,0,0,0,
Add,54,38,16,0,1,38,14,2,0,0,0,0,0,0,0,0,0,0,0,0,0,0,0,0,0,
Added,7,0,1,6,0,0,0,4,2,1,0,0,0,0,0,0,0,0,0,0,0,0,0,0,0,
Adding,2,0,2,0,0,0,1,1,0,0,0,0,0,0,0,0,0,0,0,0,0,0,0,0,0,
adjust,4,4,0,0,0,4,0,0,0,0,0,0,0,0,0,0,0,0,0,0,0,0,0,0,0,
Advanced,1,0,1,0,0,0,1,0,0,0,0,0,0,0,0,0,0,0,0,0,0,0,0,0,0,
advertise,1,1,0,0,0,1,0,0,0,0,0,0,0,0,0,0,0,0,0,0,0,0,0,0,0,
after,3,2,1,0,0,2,1,0,0,0,0,0,0,0,0,0,0,0,0,0,0,0,0,0,0,
Ago,1,0,0,1,0,0,0,0,0,1,0,0,0,0,0,0,0,0,0,0,0,0,0,0,0,
Airtime,1,0,0,1,0,0,0,0,1,0,0,0,0,0,0,0,0,0,0,0,0,0,0,0,0,
Alert,1,0,1,0,0,0,0,0,1,0,0,0,0,0,0,0,0,0,0,0,0,0,0,0,0,
All,16,1,12,3,0,1,14,1,0,0,0,0,0,0,0,0,0,0,0,0,0,0,0,0,0,
Allow,1,0,1,0,0,0,1,0,0,0,0,0,0,0,0,0,0,0,0,0,0,0,0,0,0,
Allowed,2,0,1,1,0,0,1,0,1,0,0,0,0,0,0,0,0,0,0,0,0,0,0,0,0,
Alpha,4,0,0,4,0,0,0,3,1,0,0,0,0,0,0,0,0,0,0,0,0,0,0,0,0,
Amazon,18,8,10,0,0,8,10,0,0,0,0,0,0,0,0,0,0,0,0,0,0,0,0,0,0,
Analytics,1,1,0,0,0,1,0,0,0,0,0,0,0,0,0,0,0,0,0,0,0,0,0,0,0,
And,32,0,32,0,0,0,17,8,3,4,0,0,0,0,0,0,0,0,0,0,0,0,0,0,0,
Android,1,0,1,0,0,0,1,0,0,0,0,0,0,0,0,0,0,0,0,0,0,0,0,0,0,
Animation,1,0,0,1,0,0,0,0,1,0,0,0,0,0,0,0,0,0,0,0,0,0,0,0,0,
Animator,4,0,0,4,0,0,4,0,0,0,0,0,0,0,0,0,0,0,0,0,0,0,0,0,0,
Api,2,0,2,0,0,0,2,0,0,0,0,0,0,0,0,0,0,0,0,0,0,0,0,0,0,
Apis,1,0,1,0,0,0,1,0,0,0,0,0,0,0,0,0,0,0,0,0,0,0,0,0,0,
App,3,1,2,0,0,1,1,1,0,0,0,0,0,0,0,0,0,0,0,0,0,0,0,0,0,
append,1,1,0,0,0,1,0,0,0,0,0,0,0,0,0,0,0,0,0,0,0,0,0,0,0,
Application,1,0,1,0,0,0,1,0,0,0,0,0,0,0,0,0,0,0,0,0,0,0,0,0,0,
apply,16,16,0,0,0,16,0,0,0,0,0,0,0,0,0,0,0,0,0,0,0,0,0,0,0,
applying,1,1,0,0,0,1,0,0,0,0,0,0,0,0,0,0,0,0,0,0,0,0,0,0,0,
are,6,5,1,0,0,5,1,0,0,0,0,0,0,0,0,0,0,0,0,0,0,0,0,0,0,
Args,2,0,0,2,0,0,0,2,0,0,0,0,0,0,0,0,0,0,0,0,0,0,0,0,0,
Array,3,0,0,3,0,0,3,0,0,0,0,0,0,0,0,0,0,0,0,0,0,0,0,0,0,
Article,1,0,0,1,0,0,0,1,0,0,0,0,0,0,0,0,0,0,0,0,0,0,0,0,0,
Articles,3,0,0,3,0,0,0,0,2,1,0,0,0,0,0,0,0,0,0,0,0,0,0,0,0,
As,4,0,4,0,0,0,0,2,0,2,0,0,0,0,0,0,0,0,0,0,0,0,0,0,0,
Ask,1,0,1,0,0,0,1,0,0,0,0,0,0,0,0,0,0,0,0,0,0,0,0,0,0,
Asked,1,0,1,0,0,0,1,0,0,0,0,0,0,0,0,0,0,0,0,0,0,0,0,0,0,
assert,7,4,3,0,0,4,0,3,0,0,0,0,0,0,0,0,0,0,0,0,0,0,0,0,0,
assign,2,2,0,0,2,2,0,0,0,0,0,0,0,0,0,0,0,0,0,0,0,0,0,0,0,
Async,7,0,2,5,0,0,2,5,0,0,0,0,0,0,0,0,0,0,0,0,0,0,0,0,0,
At,12,0,1,11,0,0,1,2,0,9,0,0,0,0,0,0,0,0,0,0,0,0,0,0,0,
Attach,7,0,3,4,0,0,6,1,0,0,0,0,0,0,0,0,0,0,0,0,0,0,0,0,0,
Attached,1,0,1,0,0,0,1,0,0,0,0,0,0,0,0,0,0,0,0,0,0,0,0,0,0,
Attr,1,0,1,0,0,0,0,1,0,0,0,0,0,0,0,0,0,0,0,0,0,0,0,0,0,
Attribute,1,0,1,0,0,0,1,0,0,0,0,0,0,0,0,0,0,0,0,0,0,0,0,0,0,
Auth,5,0,4,1,0,0,4,1,0,0,0,0,0,0,0,0,0,0,0,0,0,0,0,0,0,
authenticate,1,1,0,0,1,1,0,0,0,0,0,0,0,0,0,0,0,0,0,0,0,0,0,0,0,
Authenticated,1,0,1,0,0,0,1,0,0,0,0,0,0,0,0,0,0,0,0,0,0,0,0,0,0,
Authenticator,2,0,0,2,0,0,0,2,0,0,0,0,0,0,0,0,0,0,0,0,0,0,0,0,0,
Authorization,1,0,1,0,0,0,1,0,0,0,0,0,0,0,0,0,0,0,0,0,0,0,0,0,0,
Auto,16,1,15,0,0,1,7,8,0,0,0,0,0,0,0,0,0,0,0,0,0,0,0,0,0,
Automatically,2,0,0,2,0,0,0,2,0,0,0,0,0,0,0,0,0,0,0,0,0,0,0,0,0,
Availability,2,0,1,1,0,0,0,2,0,0,0,0,0,0,0,0,0,0,0,0,0,0,0,0,0,
Available,4,1,1,2,0,1,0,1,1,0,1,0,0,0,0,0,0,0,0,0,0,0,0,0,0,
Back,4,0,4,0,0,0,3,1,0,0,0,0,0,0,0,0,0,0,0,0,0,0,0,0,0,
Background,48,0,8,40,0,0,7,41,0,0,0,0,0,0,0,0,0,0,0,0,0,0,0,0,0,
Backup,19,0,17,2,0,0,4,8,7,0,0,0,0,0,0,0,0,0,0,0,0,0,0,0,0,
Bar,35,0,1,34,0,0,0,34,1,0,0,0,0,0,0,0,0,0,0,0,0,0,0,0,0,
Base,15,9,6,0,0,9,3,2,1,0,0,0,0,0,0,0,0,0,0,0,0,0,0,0,0,
Base64,1,1,0,0,0,1,0,0,0,0,0,0,0,0,0,0,0,0,0,0,0,0,0,0,0,
Basic,4,0,4,0,0,0,4,0,0,0,0,0,0,0,0,0,0,0,0,0,0,0,0,0,0,
Batch,3,0,0,3,0,0,3,0,0,0,0,0,0,0,0,0,0,0,0,0,0,0,0,0,0,
Batches,2,0,0,2,0,0,0,0,1,1,0,0,0,0,0,0,0,0,0,0,0,0,0,0,0,
Beam,2,0,1,1,0,0,1,1,0,0,0,0,0,0,0,0,0,0,0,0,0,0,0,0,0,
Bean,1,0,0,1,0,0,0,0,0,1,0,0,0,0,0,0,0,0,0,0,0,0,0,0,0,
Before,1,0,1,0,0,0,1,0,0,0,0,0,0,0,0,0,0,0,0,0,0,0,0,0,0,
Billing,1,0,1,0,0,0,1,0,0,0,0,0,0,0,0,0,0,0,0,0,0,0,0,0,0,
bind,24,16,6,2,0,16,8,0,0,0,0,0,0,0,0,0,0,0,0,0,0,0,0,0,0,
blend,1,1,0,0,0,1,0,0,0,0,0,0,0,0,0,0,0,0,0,0,0,0,0,0,0,
Blocked,2,0,2,0,0,0,1,0,1,0,0,0,0,0,0,0,0,0,0,0,0,0,0,0,0,
Boolean,2,0,2,0,0,0,2,0,0,0,0,0,0,0,0,0,0,0,0,0,0,0,0,0,0,
Bounds,1,0,0,1,0,0,0,0,0,0,0,1,0,0,0,0,0,0,0,0,0,0,0,0,0,
Box,3,0,2,1,0,0,2,1,0,0,0,0,0,0,0,0,0,0,0,0,0,0,0,0,0,
Browser,2,0,0,2,0,0,1,1,0,0,0,0,0,0,0,0,0,0,0,0,0,0,0,0,0,
Buffer,2,0,0,2,0,0,0,0,1,1,0,0,0,0,0,0,0,0,0,0,0,0,0,0,0,
build,87,87,0,0,3,87,0,0,0,0,0,0,0,0,0,0,0,0,0,0,0,0,0,0,0,
Builder,4,3,0,1,3,3,1,0,0,0,0,0,0,0,0,0,0,0,0,0,0,0,0,0,0,
bulk,1,1,0,0,0,1,0,0,0,0,0,0,0,0,0,0,0,0,0,0,0,0,0,0,0,
Bundle,10,0,3,7,0,0,6,3,0,1,0,0,0,0,0,0,0,0,0,0,0,0,0,0,0,
Bus,2,0,0,2,0,0,0,2,0,0,0,0,0,0,0,0,0,0,0,0,0,0,0,0,0,
Button,19,1,14,4,0,1,10,3,1,3,1,0,0,0,0,0,0,0,0,0,0,0,0,0,0,
Buttons,5,0,3,2,0,0,0,5,0,0,0,0,0,0,0,0,0,0,0,0,0,0,0,0,0,
By,2,0,2,0,0,0,0,0,1,1,0,0,0,0,0,0,0,0,0,0,0,0,0,0,0,
Cache,8,0,3,5,0,0,1,3,3,1,0,0,0,0,0,0,0,0,0,0,0,0,0,0,0,
calc,1,1,0,0,0,1,0,0,0,0,0,0,0,0,0,0,0,0,0,0,0,0,0,0,0,
calculate,1,1,0,0,0,1,0,0,0,0,0,0,0,0,0,0,0,0,0,0,0,0,0,0,0,
Calendar,4,1,2,1,0,1,3,0,0,0,0,0,0,0,0,0,0,0,0,0,0,0,0,0,0,
Call,8,0,0,8,0,0,5,1,0,2,0,0,0,0,0,0,0,0,0,0,0,0,0,0,0,
Callback,1,0,0,1,0,0,1,0,0,0,0,0,0,0,0,0,0,0,0,0,0,0,0,0,0,
can,2,2,0,0,0,2,0,0,0,0,0,0,0,0,0,0,0,0,0,0,0,0,0,0,0,
Cancel,7,4,1,2,1,4,2,0,0,1,0,0,0,0,0,0,0,0,0,0,0,0,0,0,0,
Canceled,1,0,1,0,0,0,1,0,0,0,0,0,0,0,0,0,0,0,0,0,0,0,0,0,0,
Cast,6,0,3,3,0,0,4,2,0,0,0,0,0,0,0,0,0,0,0,0,0,0,0,0,0,
Change,19,10,3,6,0,10,0,6,2,1,0,0,0,0,0,0,0,0,0,0,0,0,0,0,0,
Changed,51,0,8,43,0,0,16,16,16,3,0,0,0,0,0,0,0,0,0,0,0,0,0,0,0,
Changes,7,0,0,7,0,0,0,7,0,0,0,0,0,0,0,0,0,0,0,0,0,0,0,0,0,
Channel,1,0,1,0,0,0,0,0,1,0,0,0,0,0,0,0,0,0,0,0,0,0,0,0,0,
Check,20,11,5,4,0,11,4,1,0,2,1,1,0,0,0,0,0,0,0,0,0,0,0,0,0,
Checkable,1,0,0,1,0,0,0,0,0,1,0,0,0,0,0,0,0,0,0,0,0,0,0,0,0,
Checked,8,0,4,4,0,0,6,2,0,0,0,0,0,0,0,0,0,0,0,0,0,0,0,0,0,
Checkin,6,1,0,5,0,1,2,3,0,0,0,0,0,0,0,0,0,0,0,0,0,0,0,0,0,
Child,3,1,2,0,0,1,2,0,0,0,0,0,0,0,0,0,0,0,0,0,0,0,0,0,0,
Children,3,0,0,3,0,0,1,2,0,0,0,0,0,0,0,0,0,0,0,0,0,0,0,0,0,
Chooser,1,0,0,1,0,0,0,0,1,0,0,0,0,0,0,0,0,0,0,0,0,0,0,0,0,
Class,5,0,0,5,0,0,0,5,0,0,0,0,0,0,0,0,0,0,0,0,0,0,0,0,0,
clear,6,6,0,0,1,6,0,0,0,0,0,0,0,0,0,0,0,0,0,0,0,0,0,0,0,
Cleared,1,0,0,1,0,0,0,1,0,0,0,0,0,0,0,0,0,0,0,0,0,0,0,0,0,
Click,155,0,20,135,0,0,70,35,45,5,0,0,0,0,0,0,0,0,0,0,0,0,0,0,0,
Clicked,2,0,0,2,0,0,0,0,1,0,1,0,0,0,0,0,0,0,0,0,0,0,0,0,0,
Client,5,0,0,5,0,0,0,3,2,0,0,0,0,0,0,0,0,0,0,0,0,0,0,0,0,
Clip,1,0,1,0,0,0,1,0,0,0,0,0,0,0,0,0,0,0,0,0,0,0,0,0,0,
close,2,2,0,0,1,2,0,0,0,0,0,0,0,0,0,0,0,0,0,0,0,0,0,0,0,
Cloud,2,0,2,0,0,0,1,1,0,0,0,0,0,0,0,0,0,0,0,0,0,0,0,0,0,
Code,3,0,2,1,0,0,0,2,1,0,0,0,0,0,0,0,0,0,0,0,0,0,0,0,0,
Collected,18,0,8,10,0,0,9,4,5,0,0,0,0,0,0,0,0,0,0,0,0,0,0,0,0,
Collection,6,0,2,4,0,0,1,5,0,0,0,0,0,0,0,0,0,0,0,0,0,0,0,0,0,
Color,5,0,1,4,0,0,1,2,2,0,0,0,0,0,0,0,0,0,0,0,0,0,0,0,0,
Colorizer,2,0,0,2,0,0,0,0,2,0,0,0,0,0,0,0,0,0,0,0,0,0,0,0,0,
Colors,5,0,0,5,0,0,1,1,2,1,0,0,0,0,0,0,0,0,0,0,0,0,0,0,0,
Column,9,0,9,0,0,0,1,8,0,0,0,0,0,0,0,0,0,0,0,0,0,0,0,0,0,
Columns,4,0,0,4,0,0,1,3,0,0,0,0,0,0,0,0,0,0,0,0,0,0,0,0,0,
Comment,6,4,1,1,1,4,2,0,0,0,0,0,0,0,0,0,0,0,0,0,0,0,0,0,0,
Comments,7,0,4,3,0,0,6,1,0,0,0,0,0,0,0,0,0,0,0,0,0,0,0,0,0,
Compact,1,0,1,0,0,0,1,0,0,0,0,0,0,0,0,0,0,0,0,0,0,0,0,0,0,
compare,3,3,0,0,3,3,0,0,0,0,0,0,0,0,0,0,0,0,0,0,0,0,0,0,0,
Complete,1,0,1,0,0,0,0,1,0,0,0,0,0,0,0,0,0,0,0,0,0,0,0,0,0,
Completed,3,0,2,1,0,0,2,1,0,0,0,0,0,0,0,0,0,0,0,0,0,0,0,0,0,
Component,1,0,1,0,0,0,1,0,0,0,0,0,0,0,0,0,0,0,0,0,0,0,0,0,0,
Compound,2,0,2,0,0,0,2,0,0,0,0,0,0,0,0,0,0,0,0,0,0,0,0,0,0,
Configuration,3,0,2,1,0,0,3,0,0,0,0,0,0,0,0,0,0,0,0,0,0,0,0,0,0,
configure,1,1,0,0,0,1,0,0,0,0,0,0,0,0,0,0,0,0,0,0,0,0,0,0,0,
confirm,1,1,0,0,0,1,0,0,0,0,0,0,0,0,0,0,0,0,0,0,0,0,0,0,0,
Confirmation,10,0,10,0,0,0,10,0,0,0,0,0,0,0,0,0,0,0,0,0,0,0,0,0,0,
Connect,2,2,0,0,1,2,0,0,0,0,0,0,0,0,0,0,0,0,0,0,0,0,0,0,0,
Connected,3,0,0,3,0,0,0,2,1,0,0,0,0,0,0,0,0,0,0,0,0,0,0,0,0,
Connection,3,0,1,2,0,0,1,1,0,1,0,0,0,0,0,0,0,0,0,0,0,0,0,0,0,
Container,1,0,1,0,0,0,1,0,0,0,0,0,0,0,0,0,0,0,0,0,0,0,0,0,0,
Content,12,0,12,0,0,0,10,1,1,0,0,0,0,0,0,0,0,0,0,0,0,0,0,0,0,
Contents,1,0,0,1,0,0,1,0,0,0,0,0,0,0,0,0,0,0,0,0,0,0,0,0,0,
Context,4,0,1,3,0,0,3,1,0,0,0,0,0,0,0,0,0,0,0,0,0,0,0,0,0,
continue,1,1,0,0,0,1,0,0,0,0,0,0,0,0,0,0,0,0,0,0,0,0,0,0,0,
Controller,2,0,0,2,0,0,0,1,1,0,0,0,0,0,0,0,0,0,0,0,0,0,0,0,0,
convert,1,1,0,0,0,1,0,0,0,0,0,0,0,0,0,0,0,0,0,0,0,0,0,0,0,
Coords,1,0,0,1,0,0,0,1,0,0,0,0,0,0,0,0,0,0,0,0,0,0,0,0,0,
copy,1,1,0,0,1,1,0,0,0,0,0,0,0,0,0,0,0,0,0,0,0,0,0,0,0,
Corner,1,0,1,0,0,0,1,0,0,0,0,0,0,0,0,0,0,0,0,0,0,0,0,0,0,
Corrections,2,0,0,2,0,0,0,0,2,0,0,0,0,0,0,0,0,0,0,0,0,0,0,0,0,
Correctionsnon,1,0,1,0,0,0,0,0,1,0,0,0,0,0,0,0,0,0,0,0,0,0,0,0,0,
Count,37,0,6,31,0,0,21,9,7,0,0,0,0,0,0,0,0,0,0,0,0,0,0,0,0,
Counter,1,0,0,1,0,0,0,0,0,1,0,0,0,0,0,0,0,0,0,0,0,0,0,0,0,
Country,3,0,1,2,0,0,1,1,0,1,0,0,0,0,0,0,0,0,0,0,0,0,0,0,0,
Counts,1,0,0,1,0,0,0,1,0,0,0,0,0,0,0,0,0,0,0,0,0,0,0,0,0,
create,192,25,108,59,0,25,166,1,0,0,0,0,0,0,0,0,0,0,0,0,0,0,0,0,0,
Created,38,0,0,38,0,0,0,38,0,0,0,0,0,0,0,0,0,0,0,0,0,0,0,0,0,
Credential,1,0,0,1,0,0,0,1,0,0,0,0,0,0,0,0,0,0,0,0,0,0,0,0,0,
Credentials,7,0,1,6,0,0,7,0,0,0,0,0,0,0,0,0,0,0,0,0,0,0,0,0,0,
Credits,4,0,3,1,0,0,3,1,0,0,0,0,0,0,0,0,0,0,0,0,0,0,0,0,0,
Crew,6,0,3,3,0,0,4,2,0,0,0,0,0,0,0,0,0,0,0,0,0,0,0,0,0,
Crop,4,0,0,4,0,0,0,0,1,2,1,0,0,0,0,0,0,0,0,0,0,0,0,0,0,
Current,4,0,4,0,0,0,4,0,0,0,0,0,0,0,0,0,0,0,0,0,0,0,0,0,0,
cursor,6,2,1,3,0,2,3,1,0,0,0,0,0,0,0,0,0,0,0,0,0,0,0,0,0,
Custom,8,0,8,0,0,0,8,0,0,0,0,0,0,0,0,0,0,0,0,0,0,0,0,0,0,
Daily,1,0,0,1,0,0,0,0,0,0,1,0,0,0,0,0,0,0,0,0,0,0,0,0,0,
Dark,1,0,1,0,0,0,1,0,0,0,0,0,0,0,0,0,0,0,0,0,0,0,0,0,0,
Data,52,0,29,23,0,0,33,15,4,0,0,0,0,0,0,0,0,0,0,0,0,0,0,0,0,
Database,40,1,31,8,0,1,32,3,3,1,0,0,0,0,0,0,0,0,0,0,0,0,0,0,0,
Date,17,0,9,8,0,0,4,2,10,1,0,0,0,0,0,0,0,0,0,0,0,0,0,0,0,
Day,7,0,3,4,0,0,0,0,5,1,1,0,0,0,0,0,0,0,0,0,0,0,0,0,0,
Days,1,0,0,1,0,0,0,0,0,1,0,0,0,0,0,0,0,0,0,0,0,0,0,0,0,
deactivate,1,1,0,0,1,1,0,0,0,0,0,0,0,0,0,0,0,0,0,0,0,0,0,0,0,
Debug,1,0,0,1,0,0,1,0,0,0,0,0,0,0,0,0,0,0,0,0,0,0,0,0,0,
decode,2,2,0,0,1,2,0,0,0,0,0,0,0,0,0,0,0,0,0,0,0,0,0,0,0,
decode4to3,1,1,0,0,1,1,0,0,0,0,0,0,0,0,0,0,0,0,0,0,0,0,0,0,0,
Decoder,1,0,1,0,0,0,1,0,0,0,0,0,0,0,0,0,0,0,0,0,0,0,0,0,0,
Default,16,0,16,0,0,0,14,0,1,1,0,0,0,0,0,0,0,0,0,0,0,0,0,0,0,
Defaults,1,0,1,0,0,0,1,0,0,0,0,0,0,0,0,0,0,0,0,0,0,0,0,0,0,
Delayed,5,1,0,4,0,1,0,1,3,0,0,0,0,0,0,0,0,0,0,0,0,0,0,0,0,
delete,5,4,1,0,2,4,1,0,0,0,0,0,0,0,0,0,0,0,0,0,0,0,0,0,0,
Delta,2,0,2,0,0,0,0,1,1,0,0,0,0,0,0,0,0,0,0,0,0,0,0,0,0,
Density,1,0,1,0,0,0,0,0,1,0,0,0,0,0,0,0,0,0,0,0,0,0,0,0,0,
Desc,1,0,0,1,0,0,0,1,0,0,0,0,0,0,0,0,0,0,0,0,0,0,0,0,0,
describe,2,2,0,0,0,2,0,0,0,0,0,0,0,0,0,0,0,0,0,0,0,0,0,0,0,
Description,6,0,2,4,0,0,2,4,0,0,0,0,0,0,0,0,0,0,0,0,0,0,0,0,0,
destroy,51,4,31,16,0,4,47,0,0,0,0,0,0,0,0,0,0,0,0,0,0,0,0,0,0,
Detach,1,0,0,1,0,0,1,0,0,0,0,0,0,0,0,0,0,0,0,0,0,0,0,0,0,
Details,16,0,2,14,0,0,7,9,0,0,0,0,0,0,0,0,0,0,0,0,0,0,0,0,0,
Detector,1,0,0,1,0,0,0,0,0,0,1,0,0,0,0,0,0,0,0,0,0,0,0,0,0,
Developer,2,0,2,0,0,0,2,0,0,0,0,0,0,0,0,0,0,0,0,0,0,0,0,0,0,
Dialog,18,0,0,18,0,0,0,15,2,1,0,0,0,0,0,0,0,0,0,0,0,0,0,0,0,
Dir,2,0,0,2,0,0,0,1,1,0,0,0,0,0,0,0,0,0,0,0,0,0,0,0,0,
disable,5,4,1,0,0,4,1,0,0,0,0,0,0,0,0,0,0,0,0,0,0,0,0,0,0,
Disabled,4,0,0,4,0,0,3,0,1,0,0,0,0,0,0,0,0,0,0,0,0,0,0,0,0,
disconnect,1,1,0,0,1,1,0,0,0,0,0,0,0,0,0,0,0,0,0,0,0,0,0,0,0,
Disconnected,1,0,0,1,0,0,0,1,0,0,0,0,0,0,0,0,0,0,0,0,0,0,0,0,0,
Discover,2,0,2,0,0,0,2,0,0,0,0,0,0,0,0,0,0,0,0,0,0,0,0,0,0,
Disk,1,0,1,0,0,0,0,1,0,0,0,0,0,0,0,0,0,0,0,0,0,0,0,0,0,
Dismiss,7,1,0,6,1,1,4,2,0,0,0,0,0,0,0,0,0,0,0,0,0,0,0,0,0,
Dismissed,2,0,0,2,0,0,1,0,1,0,0,0,0,0,0,0,0,0,0,0,0,0,0,0,0,
dispatch,2,2,0,0,0,2,0,0,0,0,0,0,0,0,0,0,0,0,0,0,0,0,0,0,0,
Display,9,5,3,1,0,5,3,0,1,0,0,0,0,0,0,0,0,0,0,0,0,0,0,0,0,
Displayname,1,0,0,1,0,0,1,0,0,0,0,0,0,0,0,0,0,0,0,0,0,0,0,0,0,
dispose,1,1,0,0,1,1,0,0,0,0,0,0,0,0,0,0,0,0,0,0,0,0,0,0,0,
Disposed,1,0,0,1,0,0,1,0,0,0,0,0,0,0,0,0,0,0,0,0,0,0,0,0,0,
Divider,1,0,0,1,0,0,1,0,0,0,0,0,0,0,0,0,0,0,0,0,0,0,0,0,0,
do,47,47,0,0,0,47,0,0,0,0,0,0,0,0,0,0,0,0,0,0,0,0,0,0,0,
Doc,2,0,2,0,0,0,2,0,0,0,0,0,0,0,0,0,0,0,0,0,0,0,0,0,0,
Document,1,0,0,1,0,0,0,1,0,0,0,0,0,0,0,0,0,0,0,0,0,0,0,0,0,
Does,1,0,1,0,0,0,1,0,0,0,0,0,0,0,0,0,0,0,0,0,0,0,0,0,0,
Domain,1,0,0,1,0,0,0,0,1,0,0,0,0,0,0,0,0,0,0,0,0,0,0,0,0,
dot,1,1,0,0,0,1,0,0,0,0,0,0,0,0,0,0,0,0,0,0,0,0,0,0,0,
Down,2,0,1,1,0,0,1,1,0,0,0,0,0,0,0,0,0,0,0,0,0,0,0,0,0,
Downgrade,1,0,0,1,0,0,1,0,0,0,0,0,0,0,0,0,0,0,0,0,0,0,0,0,0,
Download,12,11,1,0,3,11,0,0,1,0,0,0,0,0,0,0,0,0,0,0,0,0,0,0,0,
Drag,30,7,18,5,0,7,23,0,0,0,0,0,0,0,0,0,0,0,0,0,0,0,0,0,0,
Draw,6,1,0,5,0,1,5,0,0,0,0,0,0,0,0,0,0,0,0,0,0,0,0,0,0,
Drawable,8,0,6,2,0,0,4,3,1,0,0,0,0,0,0,0,0,0,0,0,0,0,0,0,0,
Drawables,1,0,1,0,0,0,0,1,0,0,0,0,0,0,0,0,0,0,0,0,0,0,0,0,0,
Drawer,9,0,4,5,0,0,3,5,1,0,0,0,0,0,0,0,0,0,0,0,0,0,0,0,0,
Drop,6,4,2,0,2,4,2,0,0,0,0,0,0,0,0,0,0,0,0,0,0,0,0,0,0,
Duration,1,0,0,1,0,0,0,1,0,0,0,0,0,0,0,0,0,0,0,0,0,0,0,0,0,
Edge,1,0,0,1,0,0,0,1,0,0,0,0,0,0,0,0,0,0,0,0,0,0,0,0,0,
edit,1,1,0,0,0,1,0,0,0,0,0,0,0,0,0,0,0,0,0,0,0,0,0,0,0,
Editor,2,0,2,0,0,0,2,0,0,0,0,0,0,0,0,0,0,0,0,0,0,0,0,0,0,
Eight,2,0,0,2,0,0,0,0,2,0,0,0,0,0,0,0,0,0,0,0,0,0,0,0,0,
Eighteen,1,0,0,1,0,0,0,1,0,0,0,0,0,0,0,0,0,0,0,0,0,0,0,0,0,
Email,2,0,1,1,0,0,0,2,0,0,0,0,0,0,0,0,0,0,0,0,0,0,0,0,0,
Empty,15,2,10,3,0,2,13,0,0,0,0,0,0,0,0,0,0,0,0,0,0,0,0,0,0,
enable,4,3,1,0,0,3,1,0,0,0,0,0,0,0,0,0,0,0,0,0,0,0,0,0,0,
Enabled,28,1,5,22,0,1,8,9,10,0,0,0,0,0,0,0,0,0,0,0,0,0,0,0,0,
encode,2,2,0,0,0,2,0,0,0,0,0,0,0,0,0,0,0,0,0,0,0,0,0,0,0,
end,4,3,1,0,1,3,1,0,0,0,0,0,0,0,0,0,0,0,0,0,0,0,0,0,0,
enqueue,3,3,0,0,3,3,0,0,0,0,0,0,0,0,0,0,0,0,0,0,0,0,0,0,0,
ensure,2,2,0,0,0,2,0,0,0,0,0,0,0,0,0,0,0,0,0,0,0,0,0,0,0,
Entitlement,5,0,3,2,0,0,4,1,0,0,0,0,0,0,0,0,0,0,0,0,0,0,0,0,0,
Entity,1,0,1,0,0,0,1,0,0,0,0,0,0,0,0,0,0,0,0,0,0,0,0,0,0,
Episode,110,16,79,15,0,16,59,26,8,1,0,0,0,0,0,0,0,0,0,0,0,0,0,0,0,
Episodes,39,3,21,15,1,3,21,11,4,0,0,0,0,0,0,0,0,0,0,0,0,0,0,0,0,
erase,1,1,0,0,0,1,0,0,0,0,0,0,0,0,0,0,0,0,0,0,0,0,0,0,0,
Error,16,0,7,9,0,0,13,3,0,0,0,0,0,0,0,0,0,0,0,0,0,0,0,0,0,
Errors,1,0,0,1,0,0,0,0,0,1,0,0,0,0,0,0,0,0,0,0,0,0,0,0,0,
Event,90,0,38,52,0,0,53,19,17,1,0,0,0,0,0,0,0,0,0,0,0,0,0,0,0,
Exact,1,0,1,0,0,0,0,1,0,0,0,0,0,0,0,0,0,0,0,0,0,0,0,0,0,
Example,1,0,0,1,0,0,0,0,1,0,0,0,0,0,0,0,0,0,0,0,0,0,0,0,0,
Exception,6,0,0,6,0,0,2,4,0,0,0,0,0,0,0,0,0,0,0,0,0,0,0,0,0,
Execute,30,10,0,20,6,10,0,20,0,0,0,0,0,0,0,0,0,0,0,0,0,0,0,0,0,
Exist,1,0,0,1,0,0,0,0,1,0,0,0,0,0,0,0,0,0,0,0,0,0,0,0,0,
Existing,2,0,1,1,0,0,1,1,0,0,0,0,0,0,0,0,0,0,0,0,0,0,0,0,0,
Exists,6,1,0,5,1,1,0,3,2,0,0,0,0,0,0,0,0,0,0,0,0,0,0,0,0,
Expired,1,0,1,0,0,0,1,0,0,0,0,0,0,0,0,0,0,0,0,0,0,0,0,0,0,
Export,6,2,4,0,0,2,4,0,0,0,0,0,0,0,0,0,0,0,0,0,0,0,0,0,0,
Extension,15,1,6,8,0,1,9,5,0,0,0,0,0,0,0,0,0,0,0,0,0,0,0,0,0,
Extensions,11,2,1,8,0,2,3,3,3,0,0,0,0,0,0,0,0,0,0,0,0,0,0,0,0,
External,2,0,2,0,0,0,1,1,0,0,0,0,0,0,0,0,0,0,0,0,0,0,0,0,0,
extract,2,2,0,0,0,2,0,0,0,0,0,0,0,0,0,0,0,0,0,0,0,0,0,0,0,
Fab,1,1,0,0,0,1,0,0,0,0,0,0,0,0,0,0,0,0,0,0,0,0,0,0,0,
Factory,2,0,0,2,0,0,0,0,2,0,0,0,0,0,0,0,0,0,0,0,0,0,0,0,0,
Failed,10,2,6,2,1,2,6,1,1,0,0,0,0,0,0,0,0,0,0,0,0,0,0,0,0,
Failure,9,0,1,8,0,0,2,5,2,0,0,0,0,0,0,0,0,0,0,0,0,0,0,0,0,
Fall,1,0,1,0,0,0,1,0,0,0,0,0,0,0,0,0,0,0,0,0,0,0,0,0,0,
Fallback,2,0,1,1,0,0,1,0,1,0,0,0,0,0,0,0,0,0,0,0,0,0,0,0,0,
Favorite,7,0,6,1,0,0,4,3,0,0,0,0,0,0,0,0,0,0,0,0,0,0,0,0,0,
Favorites,4,0,2,2,0,0,0,3,1,0,0,0,0,0,0,0,0,0,0,0,0,0,0,0,0,
Feature,2,1,1,0,0,1,1,0,0,0,0,0,0,0,0,0,0,0,0,0,0,0,0,0,0,
Features,1,0,0,1,0,0,1,0,0,0,0,0,0,0,0,0,0,0,0,0,0,0,0,0,0,
Feedback,8,1,4,3,0,1,4,1,2,0,0,0,0,0,0,0,0,0,0,0,0,0,0,0,0,
fetch,1,1,0,0,0,1,0,0,0,0,0,0,0,0,0,0,0,0,0,0,0,0,0,0,0,
File,11,0,6,5,0,0,4,3,3,1,0,0,0,0,0,0,0,0,0,0,0,0,0,0,0,
Files,3,0,2,1,0,0,0,0,0,1,2,0,0,0,0,0,0,0,0,0,0,0,0,0,0,
Filled,1,0,1,0,0,0,1,0,0,0,0,0,0,0,0,0,0,0,0,0,0,0,0,0,0,
Filler,4,1,3,0,0,1,2,1,0,0,0,0,0,0,0,0,0,0,0,0,0,0,0,0,0,
Filter,4,0,2,2,0,0,2,0,2,0,0,0,0,0,0,0,0,0,0,0,0,0,0,0,0,
Filtering,4,0,4,0,0,0,4,0,0,0,0,0,0,0,0,0,0,0,0,0,0,0,0,0,0,
find,6,4,2,0,0,4,2,0,0,0,0,0,0,0,0,0,0,0,0,0,0,0,0,0,0,
finish,8,2,5,1,0,2,5,0,1,0,0,0,0,0,0,0,0,0,0,0,0,0,0,0,0,
Finished,36,1,0,35,0,1,1,30,4,0,0,0,0,0,0,0,0,0,0,0,0,0,0,0,0,
First,9,1,7,1,0,1,3,4,1,0,0,0,0,0,0,0,0,0,0,0,0,0,0,0,0,
Fit,1,0,1,0,0,0,0,0,1,0,0,0,0,0,0,0,0,0,0,0,0,0,0,0,0,
Five,2,0,0,2,0,0,0,0,2,0,0,0,0,0,0,0,0,0,0,0,0,0,0,0,0,
Fixed,2,0,2,0,0,0,1,1,0,0,0,0,0,0,0,0,0,0,0,0,0,0,0,0,0,
Flag,20,5,10,5,1,5,10,5,0,0,0,0,0,0,0,0,0,0,0,0,0,0,0,0,0,
Flags,6,0,0,6,0,0,4,2,0,0,0,0,0,0,0,0,0,0,0,0,0,0,0,0,0,
fling,4,1,2,1,0,1,3,0,0,0,0,0,0,0,0,0,0,0,0,0,0,0,0,0,0,
Float,14,0,14,0,0,0,9,5,0,0,0,0,0,0,0,0,0,0,0,0,0,0,0,0,0,
Flow,2,0,0,2,0,0,0,1,1,0,0,0,0,0,0,0,0,0,0,0,0,0,0,0,0,
flush,1,1,0,0,1,1,0,0,0,0,0,0,0,0,0,0,0,0,0,0,0,0,0,0,0,
Folder,1,0,0,1,0,0,0,1,0,0,0,0,0,0,0,0,0,0,0,0,0,0,0,0,0,
For,35,0,29,6,0,0,4,21,7,3,0,0,0,0,0,0,0,0,0,0,0,0,0,0,0,
format,12,10,0,2,0,10,0,1,0,1,0,0,0,0,0,0,0,0,0,0,0,0,0,0,0,
Forty,3,0,2,1,0,0,0,3,0,0,0,0,0,0,0,0,0,0,0,0,0,0,0,0,0,
Found,1,0,0,1,0,0,0,0,1,0,0,0,0,0,0,0,0,0,0,0,0,0,0,0,0,
Four,2,0,0,2,0,0,0,0,2,0,0,0,0,0,0,0,0,0,0,0,0,0,0,0,0,
Fragment,5,0,1,4,0,0,1,2,1,1,0,0,0,0,0,0,0,0,0,0,0,0,0,0,0,
Fragments,2,0,0,2,0,0,0,2,0,0,0,0,0,0,0,0,0,0,0,0,0,0,0,0,0,
friend,1,1,0,0,1,1,0,0,0,0,0,0,0,0,0,0,0,0,0,0,0,0,0,0,0,
Friends,3,0,3,0,0,0,3,0,0,0,0,0,0,0,0,0,0,0,0,0,0,0,0,0,0,
From,31,10,16,5,1,10,9,8,3,1,0,0,0,0,0,0,0,0,0,0,0,0,0,0,0,
Fts,6,0,6,0,0,0,5,1,0,0,0,0,0,0,0,0,0,0,0,0,0,0,0,0,0,
Full,4,2,2,0,0,2,0,1,1,0,0,0,0,0,0,0,0,0,0,0,0,0,0,0,0,
Ga,1,0,1,0,0,0,1,0,0,0,0,0,0,0,0,0,0,0,0,0,0,0,0,0,0,
Gap,1,0,0,1,0,0,0,0,0,0,1,0,0,0,0,0,0,0,0,0,0,0,0,0,0,
generate,8,8,0,0,0,8,0,0,0,0,0,0,0,0,0,0,0,0,0,0,0,0,0,0,0,
Generated,1,0,0,1,0,0,1,0,0,0,0,0,0,0,0,0,0,0,0,0,0,0,0,0,0,
Generic,1,0,1,0,0,0,0,1,0,0,0,0,0,0,0,0,0,0,0,0,0,0,0,0,0,
Genres,1,0,1,0,0,0,1,0,0,0,0,0,0,0,0,0,0,0,0,0,0,0,0,0,0,
German,1,0,1,0,0,0,1,0,0,0,0,0,0,0,0,0,0,0,0,0,0,0,0,0,0,
get,465,463,2,0,5,463,2,0,0,0,0,0,0,0,0,0,0,0,0,0,0,0,0,0,0,
go,1,1,0,0,0,1,0,0,0,0,0,0,0,0,0,0,0,0,0,0,0,0,0,0,0,
Google,5,1,4,0,0,1,4,0,0,0,0,0,0,0,0,0,0,0,0,0,0,0,0,0,0,
grant,1,1,0,0,0,1,0,0,0,0,0,0,0,0,0,0,0,0,0,0,0,0,0,0,0,
Gravity,2,0,0,2,0,0,2,0,0,0,0,0,0,0,0,0,0,0,0,0,0,0,0,0,0,
Grid,9,0,9,0,0,0,6,2,1,0,0,0,0,0,0,0,0,0,0,0,0,0,0,0,0,
Grip,1,0,1,0,0,0,1,0,0,0,0,0,0,0,0,0,0,0,0,0,0,0,0,0,0,
Group,1,0,0,1,0,0,0,0,0,0,1,0,0,0,0,0,0,0,0,0,0,0,0,0,0,
Guide,2,0,2,0,0,0,2,0,0,0,0,0,0,0,0,0,0,0,0,0,0,0,0,0,0,
handle,37,28,9,0,5,28,7,2,0,0,0,0,0,0,0,0,0,0,0,0,0,0,0,0,0,
Handler,2,0,1,1,0,0,0,1,1,0,0,0,0,0,0,0,0,0,0,0,0,0,0,0,0,
has,25,24,1,0,0,24,1,0,0,0,0,0,0,0,0,0,0,0,0,0,0,0,0,0,0,
Header,46,9,28,9,1,9,26,6,4,1,0,0,0,0,0,0,0,0,0,0,0,0,0,0,0,
Headers,13,0,8,5,0,0,3,9,1,0,0,0,0,0,0,0,0,0,0,0,0,0,0,0,0,
Height,5,1,0,4,0,1,0,4,0,0,0,0,0,0,0,0,0,0,0,0,0,0,0,0,0,
Helper,2,0,0,2,0,0,1,0,0,1,0,0,0,0,0,0,0,0,0,0,0,0,0,0,0,
Hexagon,21,9,4,8,0,9,7,0,4,1,0,0,0,0,0,0,0,0,0,0,0,0,0,0,0,
Hidden,2,0,0,2,0,0,0,2,0,0,0,0,0,0,0,0,0,0,0,0,0,0,0,0,0,
Hide,4,2,0,2,1,2,1,0,0,1,0,0,0,0,0,0,0,0,0,0,0,0,0,0,0,
Hider,1,0,0,1,0,0,0,1,0,0,0,0,0,0,0,0,0,0,0,0,0,0,0,0,0,
Hiding,3,0,3,0,0,0,3,0,0,0,0,0,0,0,0,0,0,0,0,0,0,0,0,0,0,
High,1,0,1,0,0,0,0,1,0,0,0,0,0,0,0,0,0,0,0,0,0,0,0,0,0,
Highest,1,0,1,0,0,0,1,0,0,0,0,0,0,0,0,0,0,0,0,0,0,0,0,0,0,
History,16,1,12,3,0,1,6,3,6,0,0,0,0,0,0,0,0,0,0,0,0,0,0,0,0,
Hit,3,0,3,0,0,0,0,3,0,0,0,0,0,0,0,0,0,0,0,0,0,0,0,0,0,
Holder,32,0,0,32,0,0,9,10,13,0,0,0,0,0,0,0,0,0,0,0,0,0,0,0,0,
Horizontal,1,0,1,0,0,0,1,0,0,0,0,0,0,0,0,0,0,0,0,0,0,0,0,0,0,
Hour,3,0,3,0,0,0,1,0,0,1,1,0,0,0,0,0,0,0,0,0,0,0,0,0,0,
Http,7,0,7,0,0,0,3,4,0,0,0,0,0,0,0,0,0,0,0,0,0,0,0,0,0,
Iab,6,3,3,0,0,3,3,0,0,0,0,0,0,0,0,0,0,0,0,0,0,0,0,0,0,
Iap,5,0,5,0,0,0,5,0,0,0,0,0,0,0,0,0,0,0,0,0,0,0,0,0,0,
Icon,6,0,5,1,0,0,3,3,0,0,0,0,0,0,0,0,0,0,0,0,0,0,0,0,0,
Ics,2,0,0,2,0,0,0,0,1,1,0,0,0,0,0,0,0,0,0,0,0,0,0,0,0,
Id,102,0,4,98,0,0,11,46,27,13,5,0,0,0,0,0,0,0,0,0,0,0,0,0,0,
Identifier,1,0,0,1,0,0,0,1,0,0,0,0,0,0,0,0,0,0,0,0,0,0,0,0,0,
Ids,11,0,4,7,0,0,1,6,4,0,0,0,0,0,0,0,0,0,0,0,0,0,0,0,0,
If,7,0,7,0,0,0,1,5,0,0,1,0,0,0,0,0,0,0,0,0,0,0,0,0,0,
Ignore,3,0,3,0,0,0,0,3,0,0,0,0,0,0,0,0,0,0,0,0,0,0,0,0,0,
Ignoring,1,0,1,0,0,0,0,0,1,0,0,0,0,0,0,0,0,0,0,0,0,0,0,0,0,
Image,9,0,5,4,0,0,5,4,0,0,0,0,0,0,0,0,0,0,0,0,0,0,0,0,0,
Imdb,8,2,5,1,0,2,4,2,0,0,0,0,0,0,0,0,0,0,0,0,0,0,0,0,0,
Immediate,5,0,0,5,0,0,0,1,4,0,0,0,0,0,0,0,0,0,0,0,0,0,0,0,0,
Immersive,1,0,1,0,0,0,1,0,0,0,0,0,0,0,0,0,0,0,0,0,0,0,0,0,0,
Import,11,3,4,4,0,3,4,0,4,0,0,0,0,0,0,0,0,0,0,0,0,0,0,0,0,
In,67,0,65,2,0,0,55,7,4,1,0,0,0,0,0,0,0,0,0,0,0,0,0,0,0,
Inactive,1,0,0,1,0,0,0,1,0,0,0,0,0,0,0,0,0,0,0,0,0,0,0,0,0,
Include,2,0,2,0,0,0,0,0,2,0,0,0,0,0,0,0,0,0,0,0,0,0,0,0,0,
Incomplete,1,0,0,1,0,0,0,1,0,0,0,0,0,0,0,0,0,0,0,0,0,0,0,0,0,
increment,2,2,0,0,0,2,0,0,0,0,0,0,0,0,0,0,0,0,0,0,0,0,0,0,0,
Index,4,1,1,2,1,1,1,1,1,0,0,0,0,0,0,0,0,0,0,0,0,0,0,0,0,
Indicator,7,0,6,1,0,0,3,4,0,0,0,0,0,0,0,0,0,0,0,0,0,0,0,0,0,
Infinite,2,0,1,1,0,0,2,0,0,0,0,0,0,0,0,0,0,0,0,0,0,0,0,0,0,
Inflate,5,0,0,5,0,0,0,5,0,0,0,0,0,0,0,0,0,0,0,0,0,0,0,0,0,
Info,12,0,1,11,0,0,1,4,5,1,1,0,0,0,0,0,0,0,0,0,0,0,0,0,0,
Infos,1,0,1,0,0,0,0,0,1,0,0,0,0,0,0,0,0,0,0,0,0,0,0,0,0,
init,9,4,5,0,2,4,3,2,0,0,0,0,0,0,0,0,0,0,0,0,0,0,0,0,0,
Initial,1,0,1,0,0,0,1,0,0,0,0,0,0,0,0,0,0,0,0,0,0,0,0,0,0,
Initialize,4,3,0,1,1,3,1,0,0,0,0,0,0,0,0,0,0,0,0,0,0,0,0,0,0,
Input,1,0,1,0,0,0,1,0,0,0,0,0,0,0,0,0,0,0,0,0,0,0,0,0,0,
insert,7,5,0,2,1,5,1,0,1,0,0,0,0,0,0,0,0,0,0,0,0,0,0,0,0,
Inserted,2,0,0,2,0,0,0,0,2,0,0,0,0,0,0,0,0,0,0,0,0,0,0,0,0,
insertion,1,1,0,0,0,1,0,0,0,0,0,0,0,0,0,0,0,0,0,0,0,0,0,0,0,
Installed,1,0,0,1,0,0,0,0,1,0,0,0,0,0,0,0,0,0,0,0,0,0,0,0,0,
Instance,37,0,13,24,0,0,27,10,0,0,0,0,0,0,0,0,0,0,0,0,0,0,0,0,0,
Int,2,0,0,2,0,0,0,0,2,0,0,0,0,0,0,0,0,0,0,0,0,0,0,0,0,
Intent,28,4,1,23,1,4,1,13,7,3,0,0,0,0,0,0,0,0,0,0,0,0,0,0,0,
Intents,2,0,0,2,0,0,0,1,1,0,0,0,0,0,0,0,0,0,0,0,0,0,0,0,0,
Intercept,4,3,1,0,3,3,1,0,0,0,0,0,0,0,0,0,0,0,0,0,0,0,0,0,0,
Intercepted,1,0,0,1,0,0,0,1,0,0,0,0,0,0,0,0,0,0,0,0,0,0,0,0,0,
Interceptor,3,0,0,3,0,0,0,2,1,0,0,0,0,0,0,0,0,0,0,0,0,0,0,0,0,
Intrinsic,1,0,1,0,0,0,0,0,0,0,1,0,0,0,0,0,0,0,0,0,0,0,0,0,0,
Invalid,1,0,0,1,0,0,0,1,0,0,0,0,0,0,0,0,0,0,0,0,0,0,0,0,0,
invalidate,1,1,0,0,0,1,0,0,0,0,0,0,0,0,0,0,0,0,0,0,0,0,0,0,0,
Invalidated,9,0,0,9,0,0,7,0,2,0,0,0,0,0,0,0,0,0,0,0,0,0,0,0,0,
Inventory,5,0,3,2,0,0,2,2,0,1,0,0,0,0,0,0,0,0,0,0,0,0,0,0,0,
Inverted,1,0,0,1,0,0,0,0,1,0,0,0,0,0,0,0,0,0,0,0,0,0,0,0,0,
is,105,98,7,0,0,98,5,0,2,0,0,0,0,0,0,0,0,0,0,0,0,0,0,0,0,
Item,170,1,146,23,0,1,79,84,4,2,0,0,0,0,0,0,0,0,0,0,0,0,0,0,0,
Items,15,1,5,9,0,1,4,7,3,0,0,0,0,0,0,0,0,0,0,0,0,0,0,0,0,
Jelly,1,0,1,0,0,0,0,0,1,0,0,0,0,0,0,0,0,0,0,0,0,0,0,0,0,
Job,46,2,16,28,0,2,12,28,3,1,0,0,0,0,0,0,0,0,0,0,0,0,0,0,0,
Jobs,3,0,1,2,0,0,1,2,0,0,0,0,0,0,0,0,0,0,0,0,0,0,0,0,0,
Json,10,3,3,4,0,3,5,2,0,0,0,0,0,0,0,0,0,0,0,0,0,0,0,0,0,
Key,5,1,2,2,1,1,1,2,1,0,0,0,0,0,0,0,0,0,0,0,0,0,0,0,0,
Keyboard,1,0,1,0,0,0,0,1,0,0,0,0,0,0,0,0,0,0,0,0,0,0,0,0,0,
Kit,1,0,1,0,0,0,0,1,0,0,0,0,0,0,0,0,0,0,0,0,0,0,0,0,0,
Label,2,0,1,1,0,0,1,0,1,0,0,0,0,0,0,0,0,0,0,0,0,0,0,0,0,
Language,22,2,12,8,0,2,8,12,0,0,0,0,0,0,0,0,0,0,0,0,0,0,0,0,0,
Large,5,0,5,0,0,0,3,2,0,0,0,0,0,0,0,0,0,0,0,0,0,0,0,0,0,
Last,37,0,37,0,0,0,35,2,0,0,0,0,0,0,0,0,0,0,0,0,0,0,0,0,0,
Latest,8,1,7,0,0,1,7,0,0,0,0,0,0,0,0,0,0,0,0,0,0,0,0,0,0,
launch,5,5,0,0,0,5,0,0,0,0,0,0,0,0,0,0,0,0,0,0,0,0,0,0,0,
Layout,11,1,4,6,0,1,3,4,1,2,0,0,0,0,0,0,0,0,0,0,0,0,0,0,0,
Leading,1,0,1,0,0,0,1,0,0,0,0,0,0,0,0,0,0,0,0,0,0,0,0,0,0,
Left,1,0,0,1,0,0,0,0,1,0,0,0,0,0,0,0,0,0,0,0,0,0,0,0,0,
Legacy,1,0,1,0,0,0,1,0,0,0,0,0,0,0,0,0,0,0,0,0,0,0,0,0,0,
Length,1,0,0,1,0,0,1,0,0,0,0,0,0,0,0,0,0,0,0,0,0,0,0,0,0,
Liberation,4,1,3,0,0,1,0,3,0,0,0,0,0,0,0,0,0,0,0,0,0,0,0,0,0,
Lift,1,1,0,0,0,1,0,0,0,0,0,0,0,0,0,0,0,0,0,0,0,0,0,0,0,
Light,1,0,1,0,0,0,1,0,0,0,0,0,0,0,0,0,0,0,0,0,0,0,0,0,0,
Limit,1,0,1,0,0,0,0,1,0,0,0,0,0,0,0,0,0,0,0,0,0,0,0,0,0,
Link,6,1,0,5,0,1,2,3,0,0,0,0,0,0,0,0,0,0,0,0,0,0,0,0,0,
List,67,8,38,21,0,8,38,16,3,2,0,0,0,0,0,0,0,0,0,0,0,0,0,0,0,
Listener,24,0,0,24,0,0,0,4,8,9,3,0,0,0,0,0,0,0,0,0,0,0,0,0,0,
Lists,29,5,14,10,1,5,14,5,5,0,0,0,0,0,0,0,0,0,0,0,0,0,0,0,0,
Lite,1,0,1,0,0,0,0,0,1,0,0,0,0,0,0,0,0,0,0,0,0,0,0,0,0,
Live,1,0,1,0,0,0,1,0,0,0,0,0,0,0,0,0,0,0,0,0,0,0,0,0,0,
load,80,51,29,0,1,51,29,0,0,0,0,0,0,0,0,0,0,0,0,0,0,0,0,0,0,
Loaded,2,0,1,1,0,0,1,0,1,0,0,0,0,0,0,0,0,0,0,0,0,0,0,0,0,
Loader,78,0,24,54,0,0,28,43,2,5,0,0,0,0,0,0,0,0,0,0,0,0,0,0,0,
Loading,3,0,1,2,0,0,1,0,2,0,0,0,0,0,0,0,0,0,0,0,0,0,0,0,0,
Local,18,0,17,1,0,0,8,10,0,0,0,0,0,0,0,0,0,0,0,0,0,0,0,0,0,
Locale,1,0,0,1,0,0,0,1,0,0,0,0,0,0,0,0,0,0,0,0,0,0,0,0,0,
Localization,2,2,0,0,0,2,0,0,0,0,0,0,0,0,0,0,0,0,0,0,0,0,0,0,0,
Lock,3,0,0,3,0,0,0,3,0,0,0,0,0,0,0,0,0,0,0,0,0,0,0,0,0,
log,5,5,0,0,1,5,0,0,0,0,0,0,0,0,0,0,0,0,0,0,0,0,0,0,0,
Long,7,0,7,0,0,0,1,4,2,0,0,0,0,0,0,0,0,0,0,0,0,0,0,0,0,
lookup,2,2,0,0,0,2,0,0,0,0,0,0,0,0,0,0,0,0,0,0,0,0,0,0,0,
Main,19,0,19,0,0,0,0,19,0,0,0,0,0,0,0,0,0,0,0,0,0,0,0,0,0,
make,1,1,0,0,0,1,0,0,0,0,0,0,0,0,0,0,0,0,0,0,0,0,0,0,0,
Manage,1,0,1,0,0,0,0,1,0,0,0,0,0,0,0,0,0,0,0,0,0,0,0,0,0,
Manager,5,0,0,5,0,0,0,1,3,1,0,0,0,0,0,0,0,0,0,0,0,0,0,0,0,
Map,7,3,1,3,1,3,0,1,3,0,0,0,0,0,0,0,0,0,0,0,0,0,0,0,0,
mark,1,1,0,0,0,1,0,0,0,0,0,0,0,0,0,0,0,0,0,0,0,0,0,0,0,
Marketplace,1,0,0,1,0,0,0,1,0,0,0,0,0,0,0,0,0,0,0,0,0,0,0,0,0,
match,1,1,0,0,0,1,0,0,0,0,0,0,0,0,0,0,0,0,0,0,0,0,0,0,0,
Matcher,1,0,0,1,0,0,0,1,0,0,0,0,0,0,0,0,0,0,0,0,0,0,0,0,0,
matches,1,1,0,0,0,1,0,0,0,0,0,0,0,0,0,0,0,0,0,0,0,0,0,0,0,
Max,1,0,1,0,0,0,1,0,0,0,0,0,0,0,0,0,0,0,0,0,0,0,0,0,0,
Maybe,7,6,1,0,0,6,0,1,0,0,0,0,0,0,0,0,0,0,0,0,0,0,0,0,0,
Measure,10,3,1,6,0,3,7,0,0,0,0,0,0,0,0,0,0,0,0,0,0,0,0,0,0,
Media,1,1,0,0,0,1,0,0,0,0,0,0,0,0,0,0,0,0,0,0,0,0,0,0,0,
mend,1,1,0,0,0,1,0,0,0,0,0,0,0,0,0,0,0,0,0,0,0,0,0,0,0,
Menu,48,0,21,27,0,0,16,6,25,1,0,0,0,0,0,0,0,0,0,0,0,0,0,0,0,
Merged,7,0,6,1,0,0,6,1,0,0,0,0,0,0,0,0,0,0,0,0,0,0,0,0,0,
Message,12,0,1,11,0,0,3,8,1,0,0,0,0,0,0,0,0,0,0,0,0,0,0,0,0,
Midnight,3,0,0,3,0,0,0,0,1,0,0,1,1,0,0,0,0,0,0,0,0,0,0,0,0,
Millis,2,0,0,2,0,0,0,2,0,0,0,0,0,0,0,0,0,0,0,0,0,0,0,0,0,
Mime,1,0,1,0,0,0,1,0,0,0,0,0,0,0,0,0,0,0,0,0,0,0,0,0,0,
Missing,4,0,2,2,0,0,1,0,1,2,0,0,0,0,0,0,0,0,0,0,0,0,0,0,0,
Mode,6,0,0,6,0,0,0,3,3,0,0,0,0,0,0,0,0,0,0,0,0,0,0,0,0,
Model,1,0,0,1,0,0,0,1,0,0,0,0,0,0,0,0,0,0,0,0,0,0,0,0,0,
Module,1,0,0,1,0,0,1,0,0,0,0,0,0,0,0,0,0,0,0,0,0,0,0,0,0,
Month,1,0,1,0,0,0,0,0,1,0,0,0,0,0,0,0,0,0,0,0,0,0,0,0,0,
More,4,2,2,0,0,2,0,1,1,0,0,0,0,0,0,0,0,0,0,0,0,0,0,0,0,
Motion,1,0,1,0,0,0,1,0,0,0,0,0,0,0,0,0,0,0,0,0,0,0,0,0,0,
move,2,2,0,0,0,2,0,0,0,0,0,0,0,0,0,0,0,0,0,0,0,0,0,0,0,
Movie,81,20,43,18,0,20,48,12,1,0,0,0,0,0,0,0,0,0,0,0,0,0,0,0,0,
Movies,30,6,13,11,0,6,12,11,1,0,0,0,0,0,0,0,0,0,0,0,0,0,0,0,0,
Multi,1,1,0,0,0,1,0,0,0,0,0,0,0,0,0,0,0,0,0,0,0,0,0,0,0,
Multiple,1,0,0,1,0,0,0,1,0,0,0,0,0,0,0,0,0,0,0,0,0,0,0,0,0,
Name,9,0,4,5,0,0,1,8,0,0,0,0,0,0,0,0,0,0,0,0,0,0,0,0,0,
Nav,7,0,7,0,0,0,6,1,0,0,0,0,0,0,0,0,0,0,0,0,0,0,0,0,0,
Navigation,1,0,1,0,0,0,1,0,0,0,0,0,0,0,0,0,0,0,0,0,0,0,0,0,0,
Ndef,1,0,1,0,0,0,1,0,0,0,0,0,0,0,0,0,0,0,0,0,0,0,0,0,0,
Network,12,2,9,1,0,2,7,1,2,0,0,0,0,0,0,0,0,0,0,0,0,0,0,0,0,
New,39,35,4,0,0,35,4,0,0,0,0,0,0,0,0,0,0,0,0,0,0,0,0,0,0,
Newer,1,0,0,1,0,0,0,0,0,0,0,1,0,0,0,0,0,0,0,0,0,0,0,0,0,
Next,7,0,6,1,0,0,7,0,0,0,0,0,0,0,0,0,0,0,0,0,0,0,0,0,0,
Nine,1,0,0,1,0,0,0,0,1,0,0,0,0,0,0,0,0,0,0,0,0,0,0,0,0,
Nineteen,1,0,0,1,0,0,0,1,0,0,0,0,0,0,0,0,0,0,0,0,0,0,0,0,0,
No,5,0,5,0,0,0,4,0,0,1,0,0,0,0,0,0,0,0,0,0,0,0,0,0,0,
Not,7,0,7,0,0,0,3,3,1,0,0,0,0,0,0,0,0,0,0,0,0,0,0,0,0,
Nothing,1,0,1,0,0,0,1,0,0,0,0,0,0,0,0,0,0,0,0,0,0,0,0,0,0,
Notification,6,1,3,2,0,1,4,1,0,0,0,0,0,0,0,0,0,0,0,0,0,0,0,0,0,
Notifications,3,0,3,0,0,0,2,0,1,0,0,0,0,0,0,0,0,0,0,0,0,0,0,0,0,
Notified,1,0,1,0,0,0,0,1,0,0,0,0,0,0,0,0,0,0,0,0,0,0,0,0,0,
Notify,14,10,2,2,0,10,3,0,1,0,0,0,0,0,0,0,0,0,0,0,0,0,0,0,0,
Now,5,1,2,2,0,1,1,3,0,0,0,0,0,0,0,0,0,0,0,0,0,0,0,0,0,
Null,1,0,1,0,0,0,0,1,0,0,0,0,0,0,0,0,0,0,0,0,0,0,0,0,0,
Num,7,0,7,0,0,0,7,0,0,0,0,0,0,0,0,0,0,0,0,0,0,0,0,0,0,
Number,11,3,3,5,2,3,4,3,0,1,0,0,0,0,0,0,0,0,0,0,0,0,0,0,0,
Observer,4,0,0,4,0,0,0,0,4,0,0,0,0,0,0,0,0,0,0,0,0,0,0,0,0,
Obsolete,1,0,1,0,0,0,1,0,0,0,0,0,0,0,0,0,0,0,0,0,0,0,0,0,0,
Of,12,0,11,1,0,0,0,6,4,2,0,0,0,0,0,0,0,0,0,0,0,0,0,0,0,
Offline,1,0,1,0,0,0,0,0,0,1,0,0,0,0,0,0,0,0,0,0,0,0,0,0,0,
Offset,4,0,2,2,0,0,0,3,1,0,0,0,0,0,0,0,0,0,0,0,0,0,0,0,0,
Ok,7,3,4,0,0,3,4,0,0,0,0,0,0,0,0,0,0,0,0,0,0,0,0,0,0,
on,868,854,14,0,0,854,11,2,1,0,0,0,0,0,0,0,0,0,0,0,0,0,0,0,0,
One,4,0,1,3,0,0,0,1,3,0,0,0,0,0,0,0,0,0,0,0,0,0,0,0,0,
Only,6,0,4,2,0,0,4,0,0,1,1,0,0,0,0,0,0,0,0,0,0,0,0,0,0,
Op,4,0,1,3,0,0,0,2,1,1,0,0,0,0,0,0,0,0,0,0,0,0,0,0,0,
Open,11,10,0,1,1,10,0,0,1,0,0,0,0,0,0,0,0,0,0,0,0,0,0,0,0,
Ops,1,0,0,1,0,0,0,0,1,0,0,0,0,0,0,0,0,0,0,0,0,0,0,0,0,
Opt,1,0,1,0,0,0,0,0,1,0,0,0,0,0,0,0,0,0,0,0,0,0,0,0,0,
Options,74,0,71,3,0,0,46,25,1,2,0,0,0,0,0,0,0,0,0,0,0,0,0,0,0,
Or,9,0,9,0,0,0,1,5,2,1,0,0,0,0,0,0,0,0,0,0,0,0,0,0,0,
Order,14,0,7,7,0,0,1,10,2,1,0,0,0,0,0,0,0,0,0,0,0,0,0,0,0,
Ordered,2,2,0,0,0,2,0,0,0,0,0,0,0,0,0,0,0,0,0,0,0,0,0,0,0,
Original,1,0,1,0,0,0,1,0,0,0,0,0,0,0,0,0,0,0,0,0,0,0,0,0,0,
Out,2,0,0,2,0,0,1,0,0,1,0,0,0,0,0,0,0,0,0,0,0,0,0,0,0,
Outdated,1,0,0,1,0,0,0,1,0,0,0,0,0,0,0,0,0,0,0,0,0,0,0,0,0,
Over,1,0,1,0,0,0,0,0,1,0,0,0,0,0,0,0,0,0,0,0,0,0,0,0,0,
Overflow,1,1,0,0,0,1,0,0,0,0,0,0,0,0,0,0,0,0,0,0,0,0,0,0,0,
Override,2,0,2,0,0,0,2,0,0,0,0,0,0,0,0,0,0,0,0,0,0,0,0,0,0,
Overview,2,0,0,2,0,0,2,0,0,0,0,0,0,0,0,0,0,0,0,0,0,0,0,0,0,
Owned,1,0,1,0,0,0,0,1,0,0,0,0,0,0,0,0,0,0,0,0,0,0,0,0,0,
Package,2,0,2,0,0,0,2,0,0,0,0,0,0,0,0,0,0,0,0,0,0,0,0,0,0,
Padding,2,0,0,2,0,0,0,0,2,0,0,0,0,0,0,0,0,0,0,0,0,0,0,0,0,
Page,13,0,12,1,0,0,9,3,1,0,0,0,0,0,0,0,0,0,0,0,0,0,0,0,0,
Pager,6,0,4,2,0,0,3,3,0,0,0,0,0,0,0,0,0,0,0,0,0,0,0,0,0,
Panes,1,0,0,1,0,0,1,0,0,0,0,0,0,0,0,0,0,0,0,0,0,0,0,0,0,
Params,1,0,0,1,0,0,0,0,1,0,0,0,0,0,0,0,0,0,0,0,0,0,0,0,0,
Parcel,6,0,0,6,0,0,0,6,0,0,0,0,0,0,0,0,0,0,0,0,0,0,0,0,0,
Parent,7,0,7,0,0,0,0,7,0,0,0,0,0,0,0,0,0,0,0,0,0,0,0,0,0,
parse,9,7,1,1,0,7,0,2,0,0,0,0,0,0,0,0,0,0,0,0,0,0,0,0,0,
Pass,1,0,0,1,0,0,1,0,0,0,0,0,0,0,0,0,0,0,0,0,0,0,0,0,0,
Past,3,0,3,0,0,0,0,1,0,0,1,1,0,0,0,0,0,0,0,0,0,0,0,0,0,
Path,3,0,0,3,0,0,0,3,0,0,0,0,0,0,0,0,0,0,0,0,0,0,0,0,0,
Pause,15,0,0,15,0,0,15,0,0,0,0,0,0,0,0,0,0,0,0,0,0,0,0,0,0,
Payload,2,0,0,2,0,0,0,2,0,0,0,0,0,0,0,0,0,0,0,0,0,0,0,0,0,
Pending,3,0,3,0,0,0,0,1,2,0,0,0,0,0,0,0,0,0,0,0,0,0,0,0,0,
People,4,2,2,0,0,2,2,0,0,0,0,0,0,0,0,0,0,0,0,0,0,0,0,0,0,
perform,5,4,1,0,0,4,1,0,0,0,0,0,0,0,0,0,0,0,0,0,0,0,0,0,0,
Periodic,2,0,2,0,0,0,2,0,0,0,0,0,0,0,0,0,0,0,0,0,0,0,0,0,0,
Permission,3,1,2,0,0,1,0,0,1,1,0,0,0,0,0,0,0,0,0,0,0,0,0,0,0,
Permissions,2,0,2,0,0,0,0,2,0,0,0,0,0,0,0,0,0,0,0,0,0,0,0,0,0,
persist,1,1,0,0,0,1,0,0,0,0,0,0,0,0,0,0,0,0,0,0,0,0,0,0,0,
Persistence,1,0,0,1,0,0,1,0,0,0,0,0,0,0,0,0,0,0,0,0,0,0,0,0,0,
Person,9,1,6,2,0,1,5,1,2,0,0,0,0,0,0,0,0,0,0,0,0,0,0,0,0,
Picasso,2,0,1,1,0,0,1,1,0,0,0,0,0,0,0,0,0,0,0,0,0,0,0,0,0,
Placeholder,4,0,0,4,0,0,0,0,3,1,0,0,0,0,0,0,0,0,0,0,0,0,0,0,0,
Play,4,0,4,0,0,0,1,3,0,0,0,0,0,0,0,0,0,0,0,0,0,0,0,0,0,
populate,21,21,0,0,0,21,0,0,0,0,0,0,0,0,0,0,0,0,0,0,0,0,0,0,0,
Popup,6,1,5,0,0,1,4,0,1,0,0,0,0,0,0,0,0,0,0,0,0,0,0,0,0,
Pos,1,0,1,0,0,0,1,0,0,0,0,0,0,0,0,0,0,0,0,0,0,0,0,0,0,
Position,23,2,2,19,1,2,2,13,3,3,0,0,0,0,0,0,0,0,0,0,0,0,0,0,0,
Positions,3,0,0,3,0,0,2,1,0,0,0,0,0,0,0,0,0,0,0,0,0,0,0,0,0,
post,20,2,18,0,0,2,18,0,0,0,0,0,0,0,0,0,0,0,0,0,0,0,0,0,0,
Poster,12,0,7,5,0,0,3,8,1,0,0,0,0,0,0,0,0,0,0,0,0,0,0,0,0,
Posters,2,0,0,2,0,0,0,1,0,0,1,0,0,0,0,0,0,0,0,0,0,0,0,0,0,
Pre,3,0,3,0,0,0,3,0,0,0,0,0,0,0,0,0,0,0,0,0,0,0,0,0,0,
Pref,2,0,0,2,0,0,1,1,0,0,0,0,0,0,0,0,0,0,0,0,0,0,0,0,0,
Preference,16,0,16,0,0,0,9,7,0,0,0,0,0,0,0,0,0,0,0,0,0,0,0,0,0,
Preferences,3,1,0,2,1,1,1,1,0,0,0,0,0,0,0,0,0,0,0,0,0,0,0,0,0,
Prefix,2,0,0,2,0,0,0,0,2,0,0,0,0,0,0,0,0,0,0,0,0,0,0,0,0,
prepare,2,2,0,0,0,2,0,0,0,0,0,0,0,0,0,0,0,0,0,0,0,0,0,0,0,
Press,3,0,0,3,0,0,0,1,2,0,0,0,0,0,0,0,0,0,0,0,0,0,0,0,0,
Pressed,3,0,0,3,0,0,0,3,0,0,0,0,0,0,0,0,0,0,0,0,0,0,0,0,0,
prevent,1,1,0,0,0,1,0,0,0,0,0,0,0,0,0,0,0,0,0,0,0,0,0,0,0,
Previous,2,0,1,1,0,0,0,2,0,0,0,0,0,0,0,0,0,0,0,0,0,0,0,0,0,
Price,1,0,0,1,0,0,1,0,0,0,0,0,0,0,0,0,0,0,0,0,0,0,0,0,0,
print,1,1,0,0,0,1,0,0,0,0,0,0,0,0,0,0,0,0,0,0,0,0,0,0,0,
process,7,7,0,0,1,7,0,0,0,0,0,0,0,0,0,0,0,0,0,0,0,0,0,0,0,
Processor,1,0,0,1,0,0,0,1,0,0,0,0,0,0,0,0,0,0,0,0,0,0,0,0,0,
Product,3,0,3,0,0,0,2,1,0,0,0,0,0,0,0,0,0,0,0,0,0,0,0,0,0,
Profile,3,1,1,1,0,1,1,0,1,0,0,0,0,0,0,0,0,0,0,0,0,0,0,0,0,
Progress,24,0,22,2,0,0,22,2,0,0,0,0,0,0,0,0,0,0,0,0,0,0,0,0,0,
Properties,1,0,0,1,0,0,1,0,0,0,0,0,0,0,0,0,0,0,0,0,0,0,0,0,0,
Property,1,0,1,0,0,0,0,1,0,0,0,0,0,0,0,0,0,0,0,0,0,0,0,0,0,
provide,47,47,0,0,0,47,0,0,0,0,0,0,0,0,0,0,0,0,0,0,0,0,0,0,0,
Provider,1,0,0,1,0,0,0,1,0,0,0,0,0,0,0,0,0,0,0,0,0,0,0,0,0,
prune,1,1,0,0,0,1,0,0,0,0,0,0,0,0,0,0,0,0,0,0,0,0,0,0,0,
Public,1,0,1,0,0,0,1,0,0,0,0,0,0,0,0,0,0,0,0,0,0,0,0,0,0,
publish,10,10,0,0,1,10,0,0,0,0,0,0,0,0,0,0,0,0,0,0,0,0,0,0,0,
Published,1,0,1,0,0,0,1,0,0,0,0,0,0,0,0,0,0,0,0,0,0,0,0,0,0,
Purchase,31,4,17,10,1,4,18,7,1,1,0,0,0,0,0,0,0,0,0,0,0,0,0,0,0,
Purchases,4,0,1,3,0,0,2,2,0,0,0,0,0,0,0,0,0,0,0,0,0,0,0,0,0,
Purchasing,1,0,1,0,0,0,1,0,0,0,0,0,0,0,0,0,0,0,0,0,0,0,0,0,0,
Quantity,1,0,1,0,0,0,1,0,0,0,0,0,0,0,0,0,0,0,0,0,0,0,0,0,0,
Query,21,9,6,6,3,9,6,5,1,0,0,0,0,0,0,0,0,0,0,0,0,0,0,0,0,
Question,1,0,0,1,0,0,1,0,0,0,0,0,0,0,0,0,0,0,0,0,0,0,0,0,0,
Quick,1,0,1,0,0,0,1,0,0,0,0,0,0,0,0,0,0,0,0,0,0,0,0,0,0,
Radio,1,0,1,0,0,0,1,0,0,0,0,0,0,0,0,0,0,0,0,0,0,0,0,0,0,
Range,4,0,4,0,0,0,0,4,0,0,0,0,0,0,0,0,0,0,0,0,0,0,0,0,0,
Rate,11,7,3,1,1,7,3,1,0,0,0,0,0,0,0,0,0,0,0,0,0,0,0,0,0,
Rated,4,0,4,0,0,0,0,1,3,0,0,0,0,0,0,0,0,0,0,0,0,0,0,0,0,
Rating,10,1,4,5,0,1,4,5,0,0,0,0,0,0,0,0,0,0,0,0,0,0,0,0,0,
Ratings,5,0,3,2,0,0,4,1,0,0,0,0,0,0,0,0,0,0,0,0,0,0,0,0,0,
Read,1,0,1,0,0,0,0,1,0,0,0,0,0,0,0,0,0,0,0,0,0,0,0,0,0,
rebuild,5,5,0,0,0,5,0,0,0,0,0,0,0,0,0,0,0,0,0,0,0,0,0,0,0,
Receipt,4,0,3,1,0,0,1,2,0,1,0,0,0,0,0,0,0,0,0,0,0,0,0,0,0,
Receive,8,0,0,8,0,0,8,0,0,0,0,0,0,0,0,0,0,0,0,0,0,0,0,0,0,
Received,3,0,3,0,0,0,1,2,0,0,0,0,0,0,0,0,0,0,0,0,0,0,0,0,0,
Recent,3,0,3,0,0,0,3,0,0,0,0,0,0,0,0,0,0,0,0,0,0,0,0,0,0,
Recently,5,3,2,0,0,3,1,1,0,0,0,0,0,0,0,0,0,0,0,0,0,0,0,0,0,
Recommendations,2,0,0,2,0,0,2,0,0,0,0,0,0,0,0,0,0,0,0,0,0,0,0,0,0,
Record,7,1,2,4,0,1,0,3,2,1,0,0,0,0,0,0,0,0,0,0,0,0,0,0,0,
Records,3,0,0,3,0,0,0,3,0,0,0,0,0,0,0,0,0,0,0,0,0,0,0,0,0,
recreate,1,1,0,0,0,1,0,0,0,0,0,0,0,0,0,0,0,0,0,0,0,0,0,0,0,
Recycler,1,0,1,0,0,0,1,0,0,0,0,0,0,0,0,0,0,0,0,0,0,0,0,0,0,
Ref,5,0,2,3,0,0,2,0,2,0,1,0,0,0,0,0,0,0,0,0,0,0,0,0,0,
refresh,23,11,4,8,1,11,8,1,3,0,0,0,0,0,0,0,0,0,0,0,0,0,0,0,0,
Region,1,0,0,1,0,0,0,1,0,0,0,0,0,0,0,0,0,0,0,0,0,0,0,0,0,
register,3,3,0,0,0,3,0,0,0,0,0,0,0,0,0,0,0,0,0,0,0,0,0,0,0,
Relative,4,0,4,0,0,0,0,0,2,0,2,0,0,0,0,0,0,0,0,0,0,0,0,0,0,
Release,22,4,17,1,0,4,3,13,2,0,0,0,0,0,0,0,0,0,0,0,0,0,0,0,0,
Released,2,0,1,1,0,0,1,1,0,0,0,0,0,0,0,0,0,0,0,0,0,0,0,0,0,
reload,3,3,0,0,0,3,0,0,0,0,0,0,0,0,0,0,0,0,0,0,0,0,0,0,0,
Remaining,2,0,2,0,0,0,2,0,0,0,0,0,0,0,0,0,0,0,0,0,0,0,0,0,0,
remember,1,1,0,0,0,1,0,0,0,0,0,0,0,0,0,0,0,0,0,0,0,0,0,0,0,
Remote,2,0,2,0,0,0,2,0,0,0,0,0,0,0,0,0,0,0,0,0,0,0,0,0,0,
Removal,1,0,1,0,0,0,0,1,0,0,0,0,0,0,0,0,0,0,0,0,0,0,0,0,0,
Remove,34,26,8,0,0,26,6,2,0,0,0,0,0,0,0,0,0,0,0,0,0,0,0,0,0,
Removed,7,0,3,4,0,0,2,3,2,0,0,0,0,0,0,0,0,0,0,0,0,0,0,0,0,
Removing,1,0,1,0,0,0,1,0,0,0,0,0,0,0,0,0,0,0,0,0,0,0,0,0,0,
Rename,2,2,0,0,0,2,0,0,0,0,0,0,0,0,0,0,0,0,0,0,0,0,0,0,0,
reorder,6,5,0,1,0,5,0,1,0,0,0,0,0,0,0,0,0,0,0,0,0,0,0,0,0,
Report,1,0,1,0,0,0,1,0,0,0,0,0,0,0,0,0,0,0,0,0,0,0,0,0,0,
requery,1,1,0,0,1,1,0,0,0,0,0,0,0,0,0,0,0,0,0,0,0,0,0,0,0,
request,31,15,4,12,0,15,7,9,0,0,0,0,0,0,0,0,0,0,0,0,0,0,0,0,0,
Required,1,0,0,1,0,0,1,0,0,0,0,0,0,0,0,0,0,0,0,0,0,0,0,0,0,
Res,10,0,9,1,0,0,0,0,10,0,0,0,0,0,0,0,0,0,0,0,0,0,0,0,0,
reset,26,7,1,18,2,7,1,18,0,0,0,0,0,0,0,0,0,0,0,0,0,0,0,0,0,
Resize,3,0,3,0,0,0,0,1,2,0,0,0,0,0,0,0,0,0,0,0,0,0,0,0,0,
Resolve,2,1,1,0,0,1,0,0,1,0,0,0,0,0,0,0,0,0,0,0,0,0,0,0,0,
Resource,2,0,1,1,0,0,0,0,2,0,0,0,0,0,0,0,0,0,0,0,0,0,0,0,0,
Resources,1,0,0,1,0,0,0,1,0,0,0,0,0,0,0,0,0,0,0,0,0,0,0,0,0,
Response,13,1,3,9,0,1,5,4,3,0,0,0,0,0,0,0,0,0,0,0,0,0,0,0,0,
Restart,2,1,1,0,0,1,0,0,1,0,0,0,0,0,0,0,0,0,0,0,0,0,0,0,0,
restore,3,1,2,0,0,1,2,0,0,0,0,0,0,0,0,0,0,0,0,0,0,0,0,0,0,
Restored,1,0,0,1,0,0,0,0,1,0,0,0,0,0,0,0,0,0,0,0,0,0,0,0,0,
Result,34,7,9,18,7,7,15,8,3,1,0,0,0,0,0,0,0,0,0,0,0,0,0,0,0,
Results,4,0,2,2,0,0,2,1,0,0,1,0,0,0,0,0,0,0,0,0,0,0,0,0,0,
Resume,15,0,0,15,0,0,15,0,0,0,0,0,0,0,0,0,0,0,0,0,0,0,0,0,0,
Return,1,0,0,1,0,0,0,0,0,0,0,0,1,0,0,0,0,0,0,0,0,0,0,0,0,
revoke,2,2,0,0,0,2,0,0,0,0,0,0,0,0,0,0,0,0,0,0,0,0,0,0,0,
Ringtone,1,0,0,1,0,0,0,1,0,0,0,0,0,0,0,0,0,0,0,0,0,0,0,0,0,
Root,4,0,4,0,0,0,4,0,0,0,0,0,0,0,0,0,0,0,0,0,0,0,0,0,0,
rotate,1,1,0,0,1,1,0,0,0,0,0,0,0,0,0,0,0,0,0,0,0,0,0,0,0,
Rounded,1,1,0,0,0,1,0,0,0,0,0,0,0,0,0,0,0,0,0,0,0,0,0,0,0,
Run,30,24,6,0,23,24,2,2,2,0,0,0,0,0,0,0,0,0,0,0,0,0,0,0,0,
Running,2,0,0,2,0,0,0,0,2,0,0,0,0,0,0,0,0,0,0,0,0,0,0,0,0,
Safely,1,0,0,1,0,0,1,0,0,0,0,0,0,0,0,0,0,0,0,0,0,0,0,0,0,
Same,2,1,1,0,0,1,1,0,0,0,0,0,0,0,0,0,0,0,0,0,0,0,0,0,0,
Save,22,14,8,0,1,14,8,0,0,0,0,0,0,0,0,0,0,0,0,0,0,0,0,0,0,
Saved,2,2,0,0,0,2,0,0,0,0,0,0,0,0,0,0,0,0,0,0,0,0,0,0,0,
schedule,5,5,0,0,0,5,0,0,0,0,0,0,0,0,0,0,0,0,0,0,0,0,0,0,0,
Screen,3,0,0,3,0,0,0,1,1,1,0,0,0,0,0,0,0,0,0,0,0,0,0,0,0,
Scroll,20,2,14,4,0,2,9,7,1,1,0,0,0,0,0,0,0,0,0,0,0,0,0,0,0,
Scrolled,1,0,0,1,0,0,0,1,0,0,0,0,0,0,0,0,0,0,0,0,0,0,0,0,0,
Scrolling,4,0,0,4,0,0,3,1,0,0,0,0,0,0,0,0,0,0,0,0,0,0,0,0,0,
Search,32,9,14,9,3,9,14,6,1,2,0,0,0,0,0,0,0,0,0,0,0,0,0,0,0,
Season,33,12,15,6,2,12,14,4,3,0,0,0,0,0,0,0,0,0,0,0,0,0,0,0,0,
Seasons,8,2,2,4,0,2,3,3,0,0,0,0,0,0,0,0,0,0,0,0,0,0,0,0,0,
Sectioned,1,1,0,0,0,1,0,0,0,0,0,0,0,0,0,0,0,0,0,0,0,0,0,0,0,
Seen,1,0,1,0,0,0,1,0,0,0,0,0,0,0,0,0,0,0,0,0,0,0,0,0,0,
select,2,2,0,0,0,2,0,0,0,0,0,0,0,0,0,0,0,0,0,0,0,0,0,0,0,
Selectable,1,0,0,1,0,0,0,0,0,1,0,0,0,0,0,0,0,0,0,0,0,0,0,0,0,
Selected,57,0,4,53,0,0,2,8,47,0,0,0,0,0,0,0,0,0,0,0,0,0,0,0,0,
Selection,12,1,2,9,0,1,4,6,1,0,0,0,0,0,0,0,0,0,0,0,0,0,0,0,0,
send,3,3,0,0,0,3,0,0,0,0,0,0,0,0,0,0,0,0,0,0,0,0,0,0,0,
Sending,9,0,9,0,0,0,9,0,0,0,0,0,0,0,0,0,0,0,0,0,0,0,0,0,0,
Separate,1,0,0,1,0,0,1,0,0,0,0,0,0,0,0,0,0,0,0,0,0,0,0,0,0,
Series,7,2,3,2,0,2,5,0,0,0,0,0,0,0,0,0,0,0,0,0,0,0,0,0,0,
Service,31,3,4,24,1,3,6,21,0,1,0,0,0,0,0,0,0,0,0,0,0,0,0,0,0,
Set,200,182,15,3,1,182,3,11,1,1,2,0,0,0,0,0,0,0,0,0,0,0,0,0,0,
Setting,1,0,0,1,0,0,0,1,0,0,0,0,0,0,0,0,0,0,0,0,0,0,0,0,0,
Settings,12,0,1,11,0,0,1,10,0,1,0,0,0,0,0,0,0,0,0,0,0,0,0,0,0,
Setup,68,55,9,4,2,55,7,6,0,0,0,0,0,0,0,0,0,0,0,0,0,0,0,0,0,
Seven,2,0,0,2,0,0,0,0,2,0,0,0,0,0,0,0,0,0,0,0,0,0,0,0,0,
Seventeen,1,0,0,1,0,0,0,1,0,0,0,0,0,0,0,0,0,0,0,0,0,0,0,0,0,
Sg,16,9,7,0,0,9,6,0,1,0,0,0,0,0,0,0,0,0,0,0,0,0,0,0,0,
Shadow,2,0,2,0,0,0,2,0,0,0,0,0,0,0,0,0,0,0,0,0,0,0,0,0,0,
Shadows,1,1,0,0,1,1,0,0,0,0,0,0,0,0,0,0,0,0,0,0,0,0,0,0,0,
Share,8,7,1,0,0,7,1,0,0,0,0,0,0,0,0,0,0,0,0,0,0,0,0,0,0,
Shared,8,0,8,0,0,0,8,0,0,0,0,0,0,0,0,0,0,0,0,0,0,0,0,0,0,
Shell,2,0,0,2,0,0,0,0,1,1,0,0,0,0,0,0,0,0,0,0,0,0,0,0,0,
Short,2,0,1,1,0,0,0,1,0,1,0,0,0,0,0,0,0,0,0,0,0,0,0,0,0,
Shortcut,3,1,0,2,0,1,2,0,0,0,0,0,0,0,0,0,0,0,0,0,0,0,0,0,0,
should,6,6,0,0,0,6,0,0,0,0,0,0,0,0,0,0,0,0,0,0,0,0,0,0,0,
Show,152,46,83,23,5,46,82,12,6,4,2,0,0,0,0,0,0,0,0,0,0,0,0,0,0,
Showing,1,0,1,0,0,0,0,1,0,0,0,0,0,0,0,0,0,0,0,0,0,0,0,0,0,
Shows,38,3,16,19,0,3,15,14,5,0,1,0,0,0,0,0,0,0,0,0,0,0,0,0,0,
Shuffle,1,0,1,0,0,0,1,0,0,0,0,0,0,0,0,0,0,0,0,0,0,0,0,0,0,
shutdown,1,1,0,0,1,1,0,0,0,0,0,0,0,0,0,0,0,0,0,0,0,0,0,0,0,
Sign,7,2,5,0,0,2,3,1,1,0,0,0,0,0,0,0,0,0,0,0,0,0,0,0,0,
Signature,1,0,0,1,0,0,1,0,0,0,0,0,0,0,0,0,0,0,0,0,0,0,0,0,0,
Simple,2,1,1,0,0,1,0,0,1,0,0,0,0,0,0,0,0,0,0,0,0,0,0,0,0,
Single,2,0,2,0,0,0,1,1,0,0,0,0,0,0,0,0,0,0,0,0,0,0,0,0,0,
Six,2,0,0,2,0,0,0,0,2,0,0,0,0,0,0,0,0,0,0,0,0,0,0,0,0,
Size,10,0,5,5,0,0,5,4,0,1,0,0,0,0,0,0,0,0,0,0,0,0,0,0,0,
Skip,1,0,1,0,0,0,0,1,0,0,0,0,0,0,0,0,0,0,0,0,0,0,0,0,0,
Skipped,6,0,1,5,0,0,2,1,3,0,0,0,0,0,0,0,0,0,0,0,0,0,0,0,0,
Sku,12,1,3,8,0,1,10,0,0,0,1,0,0,0,0,0,0,0,0,0,0,0,0,0,0,
Skus,3,0,0,3,0,0,0,0,3,0,0,0,0,0,0,0,0,0,0,0,0,0,0,0,0,
Sliding,2,2,0,0,0,2,0,0,0,0,0,0,0,0,0,0,0,0,0,0,0,0,0,0,0,
Small,4,2,2,0,0,2,0,1,0,1,0,0,0,0,0,0,0,0,0,0,0,0,0,0,0,
Smooth,1,1,0,0,0,1,0,0,0,0,0,0,0,0,0,0,0,0,0,0,0,0,0,0,0,
Snackbar,8,0,7,1,0,0,7,0,0,1,0,0,0,0,0,0,0,0,0,0,0,0,0,0,0,
Soft,1,0,1,0,0,0,1,0,0,0,0,0,0,0,0,0,0,0,0,0,0,0,0,0,0,
Some,1,0,1,0,0,0,0,1,0,0,0,0,0,0,0,0,0,0,0,0,0,0,0,0,0,
Sort,31,0,30,1,0,0,26,4,1,0,0,0,0,0,0,0,0,0,0,0,0,0,0,0,0,
Sorting,2,0,0,2,0,0,2,0,0,0,0,0,0,0,0,0,0,0,0,0,0,0,0,0,0,
Source,4,0,0,4,0,0,0,2,2,0,0,0,0,0,0,0,0,0,0,0,0,0,0,0,0,
Spaces,1,0,1,0,0,0,0,1,0,0,0,0,0,0,0,0,0,0,0,0,0,0,0,0,0,
Spacing,2,0,0,2,0,0,0,2,0,0,0,0,0,0,0,0,0,0,0,0,0,0,0,0,0,
Span,3,0,3,0,0,0,3,0,0,0,0,0,0,0,0,0,0,0,0,0,0,0,0,0,0,
Specialized,1,0,1,0,0,0,1,0,0,0,0,0,0,0,0,0,0,0,0,0,0,0,0,0,0,
Specials,1,0,0,1,0,0,0,1,0,0,0,0,0,0,0,0,0,0,0,0,0,0,0,0,0,
Speed,1,0,0,1,0,0,0,0,1,0,0,0,0,0,0,0,0,0,0,0,0,0,0,0,0,
Spinner,1,0,1,0,0,0,1,0,0,0,0,0,0,0,0,0,0,0,0,0,0,0,0,0,0,
split,2,2,0,0,0,2,0,0,0,0,0,0,0,0,0,0,0,0,0,0,0,0,0,0,0,
Spoilers,1,0,0,1,0,0,1,0,0,0,0,0,0,0,0,0,0,0,0,0,0,0,0,0,0,
SQ,1,0,1,0,0,0,0,1,0,0,0,0,0,0,0,0,0,0,0,0,0,0,0,0,0,
Stable,4,0,4,0,0,0,4,0,0,0,0,0,0,0,0,0,0,0,0,0,0,0,0,0,0,
start,51,18,3,30,1,18,32,0,1,0,0,0,0,0,0,0,0,0,0,0,0,0,0,0,0,
Starts,2,0,0,2,0,0,0,1,1,0,0,0,0,0,0,0,0,0,0,0,0,0,0,0,0,
State,40,0,6,34,0,0,8,12,18,1,1,0,0,0,0,0,0,0,0,0,0,0,0,0,0,
States,4,0,3,1,0,0,0,4,0,0,0,0,0,0,0,0,0,0,0,0,0,0,0,0,0,
Stats,10,3,2,5,0,3,6,1,0,0,0,0,0,0,0,0,0,0,0,0,0,0,0,0,0,
Status,10,0,5,5,0,0,6,4,0,0,0,0,0,0,0,0,0,0,0,0,0,0,0,0,0,
Step,2,1,1,0,1,1,1,0,0,0,0,0,0,0,0,0,0,0,0,0,0,0,0,0,0,
Stickied,1,0,1,0,0,0,1,0,0,0,0,0,0,0,0,0,0,0,0,0,0,0,0,0,0,
Sticky,8,4,2,2,0,4,2,1,1,0,0,0,0,0,0,0,0,0,0,0,0,0,0,0,0,
stop,27,4,0,23,0,4,23,0,0,0,0,0,0,0,0,0,0,0,0,0,0,0,0,0,0,
Storage,1,0,1,0,0,0,0,1,0,0,0,0,0,0,0,0,0,0,0,0,0,0,0,0,0,
store,11,11,0,0,0,11,0,0,0,0,0,0,0,0,0,0,0,0,0,0,0,0,0,0,0,
Stream,10,0,4,6,0,0,7,3,0,0,0,0,0,0,0,0,0,0,0,0,0,0,0,0,0,
String,23,0,5,18,0,0,9,7,6,1,0,0,0,0,0,0,0,0,0,0,0,0,0,0,0,
Strings,2,0,0,2,0,0,0,1,0,1,0,0,0,0,0,0,0,0,0,0,0,0,0,0,0,
Strip,3,0,1,2,0,0,1,2,0,0,0,0,0,0,0,0,0,0,0,0,0,0,0,0,0,
Submit,1,0,1,0,0,0,0,1,0,0,0,0,0,0,0,0,0,0,0,0,0,0,0,0,0,
Subscribe,3,1,1,1,1,1,2,0,0,0,0,0,0,0,0,0,0,0,0,0,0,0,0,0,0,
Subscriber,3,1,2,0,0,1,2,0,0,0,0,0,0,0,0,0,0,0,0,0,0,0,0,0,0,
Subscription,8,0,3,5,0,0,5,2,1,0,0,0,0,0,0,0,0,0,0,0,0,0,0,0,0,
Subscriptions,5,1,0,4,1,1,4,0,0,0,0,0,0,0,0,0,0,0,0,0,0,0,0,0,0,
Success,16,0,9,7,0,0,14,2,0,0,0,0,0,0,0,0,0,0,0,0,0,0,0,0,0,
Successful,4,1,1,2,1,1,1,2,0,0,0,0,0,0,0,0,0,0,0,0,0,0,0,0,0,
suggest,1,1,0,0,0,1,0,0,0,0,0,0,0,0,0,0,0,0,0,0,0,0,0,0,0,
Suggestions,1,0,0,1,0,0,1,0,0,0,0,0,0,0,0,0,0,0,0,0,0,0,0,0,0,
Summary,10,0,5,5,0,0,2,6,2,0,0,0,0,0,0,0,0,0,0,0,0,0,0,0,0,
Supporter,4,0,4,0,0,0,3,1,0,0,0,0,0,0,0,0,0,0,0,0,0,0,0,0,0,
supports,5,5,0,0,0,5,0,0,0,0,0,0,0,0,0,0,0,0,0,0,0,0,0,0,0,
swap,2,2,0,0,0,2,0,0,0,0,0,0,0,0,0,0,0,0,0,0,0,0,0,0,0,
Swipe,2,0,2,0,0,0,1,1,0,0,0,0,0,0,0,0,0,0,0,0,0,0,0,0,0,
Swipeable,1,0,1,0,0,0,1,0,0,0,0,0,0,0,0,0,0,0,0,0,0,0,0,0,0,
switch,1,1,0,0,0,1,0,0,0,0,0,0,0,0,0,0,0,0,0,0,0,0,0,0,0,
Sync,60,16,27,17,4,16,26,12,5,0,1,0,0,0,0,0,0,0,0,0,0,0,0,0,0,
System,3,1,2,0,0,1,2,0,0,0,0,0,0,0,0,0,0,0,0,0,0,0,0,0,0,
Tab,35,3,27,5,0,3,13,15,4,0,0,0,0,0,0,0,0,0,0,0,0,0,0,0,0,
Table,11,1,5,5,1,1,3,6,1,0,0,0,0,0,0,0,0,0,0,0,0,0,0,0,0,
Tabs,2,0,1,1,0,0,1,0,1,0,0,0,0,0,0,0,0,0,0,0,0,0,0,0,0,
Tag,1,0,0,1,0,0,0,1,0,0,0,0,0,0,0,0,0,0,0,0,0,0,0,0,0,
Tap,3,0,2,1,0,0,1,2,0,0,0,0,0,0,0,0,0,0,0,0,0,0,0,0,0,
Target,2,0,1,1,0,0,1,1,0,0,0,0,0,0,0,0,0,0,0,0,0,0,0,0,0,
Task,43,0,4,39,0,0,3,22,13,5,0,0,0,0,0,0,0,0,0,0,0,0,0,0,0,
Tasks,1,0,0,1,0,0,0,1,0,0,0,0,0,0,0,0,0,0,0,0,0,0,0,0,0,
test,1,1,0,0,0,1,0,0,0,0,0,0,0,0,0,0,0,0,0,0,0,0,0,0,0,
testapply,2,2,0,0,0,2,0,0,0,0,0,0,0,0,0,0,0,0,0,0,0,0,0,0,0,
testdelta,1,1,0,0,0,1,0,0,0,0,0,0,0,0,0,0,0,0,0,0,0,0,0,0,0,
testfull,1,1,0,0,0,1,0,0,0,0,0,0,0,0,0,0,0,0,0,0,0,0,0,0,0,
testget,2,2,0,0,0,2,0,0,0,0,0,0,0,0,0,0,0,0,0,0,0,0,0,0,0,
testis,2,2,0,0,0,2,0,0,0,0,0,0,0,0,0,0,0,0,0,0,0,0,0,0,0,
testparse,4,4,0,0,0,4,0,0,0,0,0,0,0,0,0,0,0,0,0,0,0,0,0,0,0,
testsingle,1,1,0,0,0,1,0,0,0,0,0,0,0,0,0,0,0,0,0,0,0,0,0,0,0,
testvalidate,1,1,0,0,0,1,0,0,0,0,0,0,0,0,0,0,0,0,0,0,0,0,0,0,0,
Text,33,3,15,15,0,3,5,25,0,0,0,0,0,0,0,0,0,0,0,0,0,0,0,0,0,
The,4,0,4,0,0,0,4,0,0,0,0,0,0,0,0,0,0,0,0,0,0,0,0,0,0,
Theme,9,0,1,8,0,0,2,7,0,0,0,0,0,0,0,0,0,0,0,0,0,0,0,0,0,
Then,1,0,1,0,0,0,0,0,0,0,0,1,0,0,0,0,0,0,0,0,0,0,0,0,0,
Thirty,10,0,9,1,0,0,0,10,0,0,0,0,0,0,0,0,0,0,0,0,0,0,0,0,0,
Thread,19,0,0,19,0,0,0,0,19,0,0,0,0,0,0,0,0,0,0,0,0,0,0,0,0,
Three,2,0,0,2,0,0,0,0,2,0,0,0,0,0,0,0,0,0,0,0,0,0,0,0,0,
Threshold,1,0,1,0,0,0,1,0,0,0,0,0,0,0,0,0,0,0,0,0,0,0,0,0,0,
throw,1,1,0,0,0,1,0,0,0,0,0,0,0,0,0,0,0,0,0,0,0,0,0,0,0,
Time,37,0,14,23,0,0,6,8,12,10,0,1,0,0,0,0,0,0,0,0,0,0,0,0,0,
Timedst,1,0,1,0,0,0,0,0,0,1,0,0,0,0,0,0,0,0,0,0,0,0,0,0,0,
Tint,2,1,1,0,0,1,0,0,1,0,0,0,0,0,0,0,0,0,0,0,0,0,0,0,0,
Tinted,1,0,1,0,0,0,1,0,0,0,0,0,0,0,0,0,0,0,0,0,0,0,0,0,0,
Title,18,2,1,15,2,2,8,8,0,0,0,0,0,0,0,0,0,0,0,0,0,0,0,0,0,
Tmdb,20,5,11,4,0,5,8,6,1,0,0,0,0,0,0,0,0,0,0,0,0,0,0,0,0,
To,108,19,86,3,0,19,48,28,13,0,0,0,0,0,0,0,0,0,0,0,0,0,0,0,0,
toggle,10,5,5,0,2,5,3,2,0,0,0,0,0,0,0,0,0,0,0,0,0,0,0,0,0,
Token,12,0,1,11,0,0,3,9,0,0,0,0,0,0,0,0,0,0,0,0,0,0,0,0,0,
Tokens,2,1,1,0,1,1,1,0,0,0,0,0,0,0,0,0,0,0,0,0,0,0,0,0,0,
Toolbar,1,1,0,0,0,1,0,0,0,0,0,0,0,0,0,0,0,0,0,0,0,0,0,0,0,
Tools,4,0,0,4,0,0,4,0,0,0,0,0,0,0,0,0,0,0,0,0,0,0,0,0,0,
Top,5,0,1,4,0,0,1,0,4,0,0,0,0,0,0,0,0,0,0,0,0,0,0,0,0,
Touch,6,0,5,1,0,0,4,2,0,0,0,0,0,0,0,0,0,0,0,0,0,0,0,0,0,
track,9,9,0,0,0,9,0,0,0,0,0,0,0,0,0,0,0,0,0,0,0,0,0,0,0,
Tracker,2,0,0,2,0,0,1,1,0,0,0,0,0,0,0,0,0,0,0,0,0,0,0,0,0,
Tracking,2,0,0,2,0,0,2,0,0,0,0,0,0,0,0,0,0,0,0,0,0,0,0,0,0,
Trailer,2,0,0,2,0,0,2,0,0,0,0,0,0,0,0,0,0,0,0,0,0,0,0,0,0,
Trailers,1,0,1,0,0,0,1,0,0,0,0,0,0,0,0,0,0,0,0,0,0,0,0,0,0,
Trakt,67,23,27,17,0,23,30,5,9,0,0,0,0,0,0,0,0,0,0,0,0,0,0,0,0,
Transaction,1,0,0,1,0,0,0,1,0,0,0,0,0,0,0,0,0,0,0,0,0,0,0,0,0,
Transcluent,2,0,0,2,0,0,0,0,0,2,0,0,0,0,0,0,0,0,0,0,0,0,0,0,0,
transform,4,4,0,0,2,4,0,0,0,0,0,0,0,0,0,0,0,0,0,0,0,0,0,0,0,
Transformation,1,0,0,1,0,0,0,1,0,0,0,0,0,0,0,0,0,0,0,0,0,0,0,0,0,
Transition,3,0,2,1,0,0,2,0,1,0,0,0,0,0,0,0,0,0,0,0,0,0,0,0,0,
translate,1,1,0,0,0,1,0,0,0,0,0,0,0,0,0,0,0,0,0,0,0,0,0,0,0,
Tree,2,0,1,1,0,0,1,1,0,0,0,0,0,0,0,0,0,0,0,0,0,0,0,0,0,
Treshold,3,0,1,2,0,0,0,1,0,2,0,0,0,0,0,0,0,0,0,0,0,0,0,0,0,
trigger,3,3,0,0,1,3,0,0,0,0,0,0,0,0,0,0,0,0,0,0,0,0,0,0,0,
trim,1,1,0,0,0,1,0,0,0,0,0,0,0,0,0,0,0,0,0,0,0,0,0,0,0,
try,7,7,0,0,0,7,0,0,0,0,0,0,0,0,0,0,0,0,0,0,0,0,0,0,0,
Tube,2,0,2,0,0,0,1,1,0,0,0,0,0,0,0,0,0,0,0,0,0,0,0,0,0,
Tv,2,0,2,0,0,0,2,0,0,0,0,0,0,0,0,0,0,0,0,0,0,0,0,0,0,
Tvdb,36,10,23,3,0,10,5,14,3,4,0,0,0,0,0,0,0,0,0,0,0,0,0,0,0,
Tvdbid,2,0,0,2,0,0,2,0,0,0,0,0,0,0,0,0,0,0,0,0,0,0,0,0,0,
Twenty,9,0,8,1,0,0,0,9,0,0,0,0,0,0,0,0,0,0,0,0,0,0,0,0,0,
Two,3,0,0,3,0,0,0,0,3,0,0,0,0,0,0,0,0,0,0,0,0,0,0,0,0,
Type,19,0,5,14,0,0,5,6,8,0,0,0,0,0,0,0,0,0,0,0,0,0,0,0,0,
Ui,2,0,2,0,0,0,1,1,0,0,0,0,0,0,0,0,0,0,0,0,0,0,0,0,0,
un,1,1,0,0,0,1,0,0,0,0,0,0,0,0,0,0,0,0,0,0,0,0,0,0,0,
Unauthorized,1,0,0,1,0,0,1,0,0,0,0,0,0,0,0,0,0,0,0,0,0,0,0,0,0,
Uncollected,1,0,1,0,0,0,1,0,0,0,0,0,0,0,0,0,0,0,0,0,0,0,0,0,0,
Unique,1,0,1,0,0,0,1,0,0,0,0,0,0,0,0,0,0,0,0,0,0,0,0,0,0,
United,3,0,3,0,0,0,3,0,0,0,0,0,0,0,0,0,0,0,0,0,0,0,0,0,0,
Unlock,1,0,1,0,0,0,1,0,0,0,0,0,0,0,0,0,0,0,0,0,0,0,0,0,0,
unregister,3,3,0,0,0,3,0,0,0,0,0,0,0,0,0,0,0,0,0,0,0,0,0,0,0,
unsubscribe,1,1,0,0,0,1,0,0,0,0,0,0,0,0,0,0,0,0,0,0,0,0,0,0,0,
Unused,1,0,1,0,0,0,1,0,0,0,0,0,0,0,0,0,0,0,0,0,0,0,0,0,0,
Unwatched,8,1,3,4,0,1,5,1,1,0,0,0,0,0,0,0,0,0,0,0,0,0,0,0,0,
Up,9,0,5,4,0,0,5,2,2,0,0,0,0,0,0,0,0,0,0,0,0,0,0,0,0,
Upcoming,5,1,3,1,0,1,3,1,0,0,0,0,0,0,0,0,0,0,0,0,0,0,0,0,0,
Update,106,52,16,38,2,52,10,26,10,8,0,0,0,0,0,0,0,0,0,0,0,0,0,0,0,
Updated,1,0,1,0,0,0,1,0,0,0,0,0,0,0,0,0,0,0,0,0,0,0,0,0,0,
Updates,3,0,1,2,0,0,0,1,0,1,1,0,0,0,0,0,0,0,0,0,0,0,0,0,0,
upgrade,28,25,0,3,0,25,3,0,0,0,0,0,0,0,0,0,0,0,0,0,0,0,0,0,0,
Upload,12,10,2,0,4,10,2,0,0,0,0,0,0,0,0,0,0,0,0,0,0,0,0,0,0,
Uri,26,0,4,22,0,0,4,13,3,4,1,1,0,0,0,0,0,0,0,0,0,0,0,0,0,
Url,19,0,3,16,0,0,2,12,4,1,0,0,0,0,0,0,0,0,0,0,0,0,0,0,0,
Us,1,0,0,1,0,0,0,0,0,1,0,0,0,0,0,0,0,0,0,0,0,0,0,0,0,
Use,3,1,1,1,0,1,1,0,0,1,0,0,0,0,0,0,0,0,0,0,0,0,0,0,0,
User,14,1,13,0,0,1,9,4,0,0,0,0,0,0,0,0,0,0,0,0,0,0,0,0,0,
Username,3,0,0,3,0,0,3,0,0,0,0,0,0,0,0,0,0,0,0,0,0,0,0,0,0,
Users,2,0,0,2,0,0,2,0,0,0,0,0,0,0,0,0,0,0,0,0,0,0,0,0,0,
Valid,6,0,6,0,0,0,5,0,1,0,0,0,0,0,0,0,0,0,0,0,0,0,0,0,0,
validate,3,2,1,0,0,2,1,0,0,0,0,0,0,0,0,0,0,0,0,0,0,0,0,0,0,
Value,15,1,2,12,1,1,3,4,3,3,1,0,0,0,0,0,0,0,0,0,0,0,0,0,0,
Values,20,0,7,13,0,0,0,17,2,1,0,0,0,0,0,0,0,0,0,0,0,0,0,0,0,
Vector,11,3,6,2,0,3,5,3,0,0,0,0,0,0,0,0,0,0,0,0,0,0,0,0,0,
Velocity,1,0,0,1,0,0,0,0,1,0,0,0,0,0,0,0,0,0,0,0,0,0,0,0,0,
verify,3,3,0,0,1,3,0,0,0,0,0,0,0,0,0,0,0,0,0,0,0,0,0,0,0,
Version,4,0,2,2,0,0,2,2,0,0,0,0,0,0,0,0,0,0,0,0,0,0,0,0,0,
Vertical,1,0,1,0,0,0,1,0,0,0,0,0,0,0,0,0,0,0,0,0,0,0,0,0,0,
Very,2,0,2,0,0,0,2,0,0,0,0,0,0,0,0,0,0,0,0,0,0,0,0,0,0,
Vibrating,1,0,0,1,0,0,0,1,0,0,0,0,0,0,0,0,0,0,0,0,0,0,0,0,0,
View,228,12,65,151,0,12,68,122,24,1,1,0,0,0,0,0,0,0,0,0,0,0,0,0,0,
Views,29,0,1,28,0,0,18,10,1,0,0,0,0,0,0,0,0,0,0,0,0,0,0,0,0,
Visibility,11,0,2,9,0,0,0,8,3,0,0,0,0,0,0,0,0,0,0,0,0,0,0,0,0,
Visible,6,0,0,6,0,0,1,3,2,0,0,0,0,0,0,0,0,0,0,0,0,0,0,0,0,
Vodster,2,1,1,0,0,1,1,0,0,0,0,0,0,0,0,0,0,0,0,0,0,0,0,0,0,
Votes,1,0,1,0,0,0,0,1,0,0,0,0,0,0,0,0,0,0,0,0,0,0,0,0,0,
Wait,1,0,1,0,0,0,1,0,0,0,0,0,0,0,0,0,0,0,0,0,0,0,0,0,0,
Wake,1,0,1,0,0,0,1,0,0,0,0,0,0,0,0,0,0,0,0,0,0,0,0,0,0,
warn,3,2,0,1,0,2,1,0,0,0,0,0,0,0,0,0,0,0,0,0,0,0,0,0,0,
Warning,3,0,0,3,0,0,0,0,0,1,1,1,0,0,0,0,0,0,0,0,0,0,0,0,0,
Watched,48,2,28,18,0,2,21,16,8,0,1,0,0,0,0,0,0,0,0,0,0,0,0,0,0,
Watcher,1,0,0,1,0,0,0,0,1,0,0,0,0,0,0,0,0,0,0,0,0,0,0,0,0,
Watchlist,10,0,4,6,0,0,1,7,2,0,0,0,0,0,0,0,0,0,0,0,0,0,0,0,0,
Watchlisted,1,0,1,0,0,0,0,0,1,0,0,0,0,0,0,0,0,0,0,0,0,0,0,0,0,
Web,7,1,6,0,0,1,5,1,0,0,0,0,0,0,0,0,0,0,0,0,0,0,0,0,0,
Website,2,0,1,1,0,0,2,0,0,0,0,0,0,0,0,0,0,0,0,0,0,0,0,0,0,
Week,3,0,2,1,0,0,0,1,1,0,0,1,0,0,0,0,0,0,0,0,0,0,0,0,0,
where,1,1,0,0,1,1,0,0,0,0,0,0,0,0,0,0,0,0,0,0,0,0,0,0,0,
White,1,0,0,1,0,0,0,1,0,0,0,0,0,0,0,0,0,0,0,0,0,0,0,0,0,
Widget,7,0,6,1,0,0,6,1,0,0,0,0,0,0,0,0,0,0,0,0,0,0,0,0,0,
Width,2,0,1,1,0,0,1,1,0,0,0,0,0,0,0,0,0,0,0,0,0,0,0,0,0,
Wifi,1,0,1,0,0,0,0,0,0,1,0,0,0,0,0,0,0,0,0,0,0,0,0,0,0,
Wildcard,1,0,0,1,0,0,0,0,0,1,0,0,0,0,0,0,0,0,0,0,0,0,0,0,0,
Window,3,0,1,2,0,0,2,0,1,0,0,0,0,0,0,0,0,0,0,0,0,0,0,0,0,
With,16,0,16,0,0,0,4,8,2,2,0,0,0,0,0,0,0,0,0,0,0,0,0,0,0,
Without,1,0,1,0,0,0,0,0,1,0,0,0,0,0,0,0,0,0,0,0,0,0,0,0,0,
Work,3,0,0,3,0,0,0,3,0,0,0,0,0,0,0,0,0,0,0,0,0,0,0,0,0,
Wrapped,2,0,2,0,0,0,2,0,0,0,0,0,0,0,0,0,0,0,0,0,0,0,0,0,0,
Wrapper,4,0,0,4,0,0,1,0,0,0,3,0,0,0,0,0,0,0,0,0,0,0,0,0,0,
write,6,6,0,0,0,6,0,0,0,0,0,0,0,0,0,0,0,0,0,0,0,0,0,0,0,
X,2,0,1,1,0,0,0,0,2,0,0,0,0,0,0,0,0,0,0,0,0,0,0,0,0,
Xpass,1,0,0,1,0,0,1,0,0,0,0,0,0,0,0,0,0,0,0,0,0,0,0,0,0,
Y,2,0,0,2,0,0,0,1,0,1,0,0,0,0,0,0,0,0,0,0,0,0,0,0,0,
Year,2,0,0,2,0,0,0,0,2,0,0,0,0,0,0,0,0,0,0,0,0,0,0,0,0,
You,2,1,1,0,0,1,1,0,0,0,0,0,0,0,0,0,0,0,0,0,0,0,0,0,0,
Youtube,2,0,1,1,0,0,2,0,0,0,0,0,0,0,0,0,0,0,0,0,0,0,0,0,0,
Zone,1,0,0,1,0,0,0,0,1,0,0,0,0,0,0,0,0,0,0,0,0,0,0,0,0,
