A,16,1,13,2,0,1,3,8,2,2,0,0,0,0,0,0,0,0,0,0,0,0,0,0,0,
Abstract,4,4,0,0,0,4,0,0,0,0,0,0,0,0,0,0,0,0,0,0,0,0,0,0,0,
accept,209,206,2,1,203,206,2,0,0,1,0,0,0,0,0,0,0,0,0,0,0,0,0,0,0,
Accepts,2,0,2,0,0,0,0,0,0,0,0,2,0,0,0,0,0,0,0,0,0,0,0,0,0,
Accumulator,4,0,4,0,0,0,0,0,0,0,4,0,0,0,0,0,0,0,0,0,0,0,0,0,0,
Acquire,1,0,1,0,0,0,1,0,0,0,0,0,0,0,0,0,0,0,0,0,0,0,0,0,0,
Across,2,0,2,0,0,0,0,0,0,2,0,0,0,0,0,0,0,0,0,0,0,0,0,0,0,
Acting,2,0,2,0,0,0,0,2,0,0,0,0,0,0,0,0,0,0,0,0,0,0,0,0,0,
Action,88,12,39,37,0,12,46,14,8,4,1,2,0,0,0,1,0,0,0,0,0,0,0,0,0,
Action2,4,0,4,0,0,0,4,0,0,0,0,0,0,0,0,0,0,0,0,0,0,0,0,0,0,
Actiondisposed,1,0,1,0,0,0,1,0,0,0,0,0,0,0,0,0,0,0,0,0,0,0,0,0,0,
Actions,6,0,1,5,0,0,1,2,1,1,0,0,1,0,0,0,0,0,0,0,0,0,0,0,0,
Active,1,0,0,1,0,0,0,0,0,1,0,0,0,0,0,0,0,0,0,0,0,0,0,0,0,
Actual,606,0,4,602,0,0,603,3,0,0,0,0,0,0,0,0,0,0,0,0,0,0,0,0,0,
add,94,88,6,0,32,88,3,1,0,2,0,0,0,0,0,0,0,0,0,0,0,0,0,0,0,
Added,2,0,1,1,0,0,0,0,0,0,1,1,0,0,0,0,0,0,0,0,0,0,0,0,0,
Adding,1,0,1,0,0,0,1,0,0,0,0,0,0,0,0,0,0,0,0,0,0,0,0,0,0,
Additive,3,0,1,2,0,0,0,0,0,1,2,0,0,0,0,0,0,0,0,0,0,0,0,0,0,
Additively,1,0,1,0,0,0,0,0,1,0,0,0,0,0,0,0,0,0,0,0,0,0,0,0,0,
adjust,1,1,0,0,0,1,0,0,0,0,0,0,0,0,0,0,0,0,0,0,0,0,0,0,0,
advance,2,2,0,0,0,2,0,0,0,0,0,0,0,0,0,0,0,0,0,0,0,0,0,0,0,
After,226,12,202,12,5,12,67,78,35,25,2,1,2,1,3,0,0,0,0,0,0,0,0,0,0,
again,5,1,2,2,1,1,0,0,2,0,2,0,0,0,0,0,0,0,0,0,0,0,0,0,0,
Against,1,0,1,0,0,0,0,0,1,0,0,0,0,0,0,0,0,0,0,0,0,0,0,0,0,
Aggregate,18,0,18,0,0,0,18,0,0,0,0,0,0,0,0,0,0,0,0,0,0,0,0,0,0,
Aggregate3,2,0,2,0,0,0,2,0,0,0,0,0,0,0,0,0,0,0,0,0,0,0,0,0,0,
Aggregator,10,0,10,0,0,0,10,0,0,0,0,0,0,0,0,0,0,0,0,0,0,0,0,0,0,
Aggregators,2,0,2,0,0,0,2,0,0,0,0,0,0,0,0,0,0,0,0,0,0,0,0,0,0,
Ahead,2,0,2,0,0,0,0,1,0,1,0,0,0,0,0,0,0,0,0,0,0,0,0,0,0,
Aligned,2,0,2,0,0,0,0,0,0,2,0,0,0,0,0,0,0,0,0,0,0,0,0,0,0,
All,93,10,35,48,2,10,50,7,12,4,6,2,0,1,1,0,0,0,0,0,0,0,0,0,0,
Allow,3,0,3,0,0,0,3,0,0,0,0,0,0,0,0,0,0,0,0,0,0,0,0,0,0,
Allowed,7,0,0,7,0,0,0,0,0,5,0,0,2,0,0,0,0,0,0,0,0,0,0,0,0,
Allows,6,0,6,0,0,0,0,4,2,0,0,0,0,0,0,0,0,0,0,0,0,0,0,0,0,
Almost,1,0,1,0,0,0,1,0,0,0,0,0,0,0,0,0,0,0,0,0,0,0,0,0,0,
Already,14,1,13,0,0,1,6,3,2,2,0,0,0,0,0,0,0,0,0,0,0,0,0,0,0,
Also,1,0,1,0,0,0,0,0,0,1,0,0,0,0,0,0,0,0,0,0,0,0,0,0,0,
Alternative,1,0,1,0,0,0,0,0,1,0,0,0,0,0,0,0,0,0,0,0,0,0,0,0,0,
always,2,2,0,0,0,2,0,0,0,0,0,0,0,0,0,0,0,0,0,0,0,0,0,0,0,
amb,137,125,4,8,6,125,11,0,0,1,0,0,0,0,0,0,0,0,0,0,0,0,0,0,0,
Amb2,2,0,0,2,0,0,2,0,0,0,0,0,0,0,0,0,0,0,0,0,0,0,0,0,0,
Amb3,2,0,0,2,0,0,2,0,0,0,0,0,0,0,0,0,0,0,0,0,0,0,0,0,0,
Amount,6,0,0,6,0,0,0,0,0,0,0,3,3,0,0,0,0,0,0,0,0,0,0,0,0,
An,3,0,2,1,0,0,0,1,0,0,0,0,2,0,0,0,0,0,0,0,0,0,0,0,0,
and,335,21,314,0,0,21,53,69,40,73,22,32,3,10,2,0,0,2,0,0,0,4,0,4,0,
Annotation,1,0,0,1,0,0,0,0,1,0,0,0,0,0,0,0,0,0,0,0,0,0,0,0,0,
Anonymous,1,0,0,1,0,0,0,0,0,0,1,0,0,0,0,0,0,0,0,0,0,0,0,0,0,
Another,4,0,4,0,0,0,0,2,2,0,0,0,0,0,0,0,0,0,0,0,0,0,0,0,0,
answer,9,9,0,0,9,9,0,0,0,0,0,0,0,0,0,0,0,0,0,0,0,0,0,0,0,
any,64,8,54,2,2,8,28,0,0,20,8,0,0,0,0,0,0,0,0,0,0,0,0,0,0,
Anyway,1,0,0,1,0,0,0,0,0,1,0,0,0,0,0,0,0,0,0,0,0,0,0,0,0,
API,2,0,2,0,0,0,2,0,0,0,0,0,0,0,0,0,0,0,0,0,0,0,0,0,0,
append,12,12,0,0,0,12,0,0,0,0,0,0,0,0,0,0,0,0,0,0,0,0,0,0,0,
apply,417,417,0,0,416,417,0,0,0,0,0,0,0,0,0,0,0,0,0,0,0,0,0,0,0,
Applying,4,0,4,0,0,0,0,0,2,0,0,0,0,2,0,0,0,0,0,0,0,0,0,0,0,
Arbiter,1,0,0,1,0,0,1,0,0,0,0,0,0,0,0,0,0,0,0,0,0,0,0,0,0,
Are,15,0,15,0,0,0,0,0,1,3,2,0,8,1,0,0,0,0,0,0,0,0,0,0,0,
Args,3,0,3,0,0,0,3,0,0,0,0,0,0,0,0,0,0,0,0,0,0,0,0,0,0,
Args1,2,0,0,2,0,0,0,2,0,0,0,0,0,0,0,0,0,0,0,0,0,0,0,0,0,
Args3,2,0,0,2,0,0,0,2,0,0,0,0,0,0,0,0,0,0,0,0,0,0,0,0,0,
Argument,8,0,2,6,0,0,6,1,0,0,1,0,0,0,0,0,0,0,0,0,0,0,0,0,0,
Arguments,3,0,0,3,0,0,1,1,1,0,0,0,0,0,0,0,0,0,0,0,0,0,0,0,0,
Arity,4,0,4,0,0,0,4,0,0,0,0,0,0,0,0,0,0,0,0,0,0,0,0,0,0,
Array,203,13,135,55,3,13,128,39,14,5,4,0,0,0,0,0,0,0,0,0,0,0,0,0,0,
Array1,3,0,3,0,0,0,3,0,0,0,0,0,0,0,0,0,0,0,0,0,0,0,0,0,0,
Array2,4,1,3,0,0,1,3,0,0,0,0,0,0,0,0,0,0,0,0,0,0,0,0,0,0,
Array3,1,1,0,0,0,1,0,0,0,0,0,0,0,0,0,0,0,0,0,0,0,0,0,0,0,
Array4,1,1,0,0,0,1,0,0,0,0,0,0,0,0,0,0,0,0,0,0,0,0,0,0,0,
Array5,1,1,0,0,0,1,0,0,0,0,0,0,0,0,0,0,0,0,0,0,0,0,0,0,0,
Array6,1,1,0,0,0,1,0,0,0,0,0,0,0,0,0,0,0,0,0,0,0,0,0,0,0,
Array7,1,1,0,0,0,1,0,0,0,0,0,0,0,0,0,0,0,0,0,0,0,0,0,0,0,
Array8,1,1,0,0,0,1,0,0,0,0,0,0,0,0,0,0,0,0,0,0,0,0,0,0,0,
Array9,1,1,0,0,0,1,0,0,0,0,0,0,0,0,0,0,0,0,0,0,0,0,0,0,0,
Arrival,16,0,0,16,0,0,0,16,0,0,0,0,0,0,0,0,0,0,0,0,0,0,0,0,0,
Arrival2,10,0,0,10,0,0,0,10,0,0,0,0,0,0,0,0,0,0,0,0,0,0,0,0,0,
Arriving,1,0,0,1,0,0,0,0,0,0,0,0,0,0,0,1,0,0,0,0,0,0,0,0,0,
As,112,25,87,0,12,25,26,38,4,17,2,0,0,0,0,0,0,0,0,0,0,0,0,0,0,
ASAP,1,0,0,1,0,0,0,0,0,0,0,1,0,0,0,0,0,0,0,0,0,0,0,0,0,
Assembly,19,1,0,18,0,1,1,1,12,4,0,0,0,0,0,0,0,0,0,0,0,0,0,0,0,
assert,156,147,7,2,0,147,9,0,0,0,0,0,0,0,0,0,0,0,0,0,0,0,0,0,0,
asyc,1,1,0,0,0,1,0,0,0,0,0,0,0,0,0,0,0,0,0,0,0,0,0,0,0,
Async,242,58,117,67,0,58,98,36,22,15,6,3,4,0,0,0,0,0,0,0,0,0,0,0,0,
async1,4,4,0,0,4,4,0,0,0,0,0,0,0,0,0,0,0,0,0,0,0,0,0,0,0,
Async2,8,4,0,4,4,4,1,1,2,0,0,0,0,0,0,0,0,0,0,0,0,0,0,0,0,
async3,7,4,2,1,4,4,3,0,0,0,0,0,0,0,0,0,0,0,0,0,0,0,0,0,0,
async4,5,4,1,0,4,4,1,0,0,0,0,0,0,0,0,0,0,0,0,0,0,0,0,0,0,
Asynchronous,9,0,5,4,0,0,3,0,0,2,0,2,2,0,0,0,0,0,0,0,0,0,0,0,0,
At,92,0,85,7,0,0,36,50,0,2,4,0,0,0,0,0,0,0,0,0,0,0,0,0,0,
At2,4,0,4,0,0,0,0,0,4,0,0,0,0,0,0,0,0,0,0,0,0,0,0,0,0,
auto,6,4,2,0,0,4,2,0,0,0,0,0,0,0,0,0,0,0,0,0,0,0,0,0,0,
await,39,29,4,6,12,29,6,0,0,4,0,0,0,0,0,0,0,0,0,0,0,0,0,0,0,
B,2,0,0,2,0,0,0,0,0,2,0,0,0,0,0,0,0,0,0,0,0,0,0,0,0,
Back,7,3,1,3,0,3,1,0,1,0,0,0,2,0,0,0,0,0,0,0,0,0,0,0,0,
Backfused,1,0,0,1,0,0,1,0,0,0,0,0,0,0,0,0,0,0,0,0,0,0,0,0,0,
Backoff,2,0,0,2,0,0,2,0,0,0,0,0,0,0,0,0,0,0,0,0,0,0,0,0,0,
Backpressure,276,49,139,88,17,49,117,52,31,12,8,1,0,2,2,0,2,0,0,0,0,0,0,0,0,
Backpressure1,4,0,0,4,0,0,2,2,0,0,0,0,0,0,0,0,0,0,0,0,0,0,0,0,0,
Backpressure2,9,0,0,9,0,0,5,3,1,0,0,0,0,0,0,0,0,0,0,0,0,0,0,0,0,
Backpressured,59,4,10,45,3,4,14,13,20,5,2,0,1,0,0,0,0,0,0,0,0,0,0,0,0,
Backpressured2,3,0,0,3,0,0,0,1,2,0,0,0,0,0,0,0,0,0,0,0,0,0,0,0,0,
Backwards,1,0,0,1,0,0,0,0,0,1,0,0,0,0,0,0,0,0,0,0,0,0,0,0,0,
bad,175,150,25,0,0,150,14,8,2,0,0,0,0,1,0,0,0,0,0,0,0,0,0,0,0,
Barrier,1,0,0,1,0,0,0,1,0,0,0,0,0,0,0,0,0,0,0,0,0,0,0,0,0,
Base,17,13,3,1,0,13,2,2,0,0,0,0,0,0,0,0,0,0,0,0,0,0,0,0,0,
Based,8,0,8,0,0,0,0,8,0,0,0,0,0,0,0,0,0,0,0,0,0,0,0,0,0,
Basic,39,27,1,11,6,27,2,2,8,0,0,0,0,0,0,0,0,0,0,0,0,0,0,0,0,
Batches,2,0,0,2,0,0,0,1,0,0,0,0,1,0,0,0,0,0,0,0,0,0,0,0,0,
Be,21,0,21,0,0,0,1,4,3,1,0,2,9,0,0,0,0,1,0,0,0,0,0,0,0,
Becomes,2,0,2,0,0,0,0,1,0,0,0,0,0,1,0,0,0,0,0,0,0,0,0,0,0,
beep,1,1,0,0,1,1,0,0,0,0,0,0,0,0,0,0,0,0,0,0,0,0,0,0,0,
before,124,68,51,5,63,68,11,10,3,15,8,4,5,0,0,0,0,0,0,0,0,0,0,0,0,
behave,2,2,0,0,0,2,0,0,0,0,0,0,0,0,0,0,0,0,0,0,0,0,0,0,0,
Behavior,22,10,10,2,0,10,12,0,0,0,0,0,0,0,0,0,0,0,0,0,0,0,0,0,0,
Being,1,0,1,0,0,0,0,0,0,0,0,0,0,0,0,0,0,0,1,0,0,0,0,0,0,
Between,2,0,2,0,0,0,0,1,0,0,0,0,1,0,0,0,0,0,0,0,0,0,0,0,0,
Bi,44,8,35,1,0,8,16,10,5,1,0,0,0,4,0,0,0,0,0,0,0,0,0,0,0,
Biconsumer,4,2,0,2,1,2,2,0,0,0,0,0,0,0,0,0,0,0,0,0,0,0,0,0,0,
Bigger,1,0,0,1,0,0,0,0,0,0,0,0,0,1,0,0,0,0,0,0,0,0,0,0,0,
bipredicate,2,2,0,0,0,2,0,0,0,0,0,0,0,0,0,0,0,0,0,0,0,0,0,0,0,
Block,6,0,6,0,0,0,0,0,0,2,0,0,0,4,0,0,0,0,0,0,0,0,0,0,0,
Blocked,2,0,2,0,0,0,2,0,0,0,0,0,0,0,0,0,0,0,0,0,0,0,0,0,0,
Blocking,146,89,50,7,0,89,14,5,30,6,2,0,0,0,0,0,0,0,0,0,0,0,0,0,0,
blockins,1,1,0,0,0,1,0,0,0,0,0,0,0,0,0,0,0,0,0,0,0,0,0,0,0,
BO,12,0,12,0,0,0,0,12,0,0,0,0,0,0,0,0,0,0,0,0,0,0,0,0,0,
Boolean,16,3,0,13,0,3,0,13,0,0,0,0,0,0,0,0,0,0,0,0,0,0,0,0,0,
boop,1,1,0,0,1,1,0,0,0,0,0,0,0,0,0,0,0,0,0,0,0,0,0,0,0,
Both,20,3,15,2,0,3,8,3,2,2,0,2,0,0,0,0,0,0,0,0,0,0,0,0,0,
Bound,25,0,21,4,0,0,10,0,13,2,0,0,0,0,0,0,0,0,0,0,0,0,0,0,0,
Boundaries,3,0,0,3,0,0,0,0,0,0,2,0,1,0,0,0,0,0,0,0,0,0,0,0,0,
Boundaries2,1,0,0,1,0,0,0,0,0,0,0,0,1,0,0,0,0,0,0,0,0,0,0,0,0,
Boundary,209,48,133,28,0,48,76,51,19,13,0,2,0,0,0,0,0,0,0,0,0,0,0,0,0,
Bounded,72,2,50,20,0,2,16,15,19,2,10,0,6,2,0,0,0,0,0,0,0,0,0,0,0,
bounded1,1,1,0,0,1,1,0,0,0,0,0,0,0,0,0,0,0,0,0,0,0,0,0,0,0,
bounded1k,1,1,0,0,1,1,0,0,0,0,0,0,0,0,0,0,0,0,0,0,0,0,0,0,0,
bounded1m,1,1,0,0,1,1,0,0,0,0,0,0,0,0,0,0,0,0,0,0,0,0,0,0,0,
Bounds,8,0,4,4,0,0,0,0,0,0,0,0,4,0,4,0,0,0,0,0,0,0,0,0,0,
bp,4,3,0,1,0,3,0,0,1,0,0,0,0,0,0,0,0,0,0,0,0,0,0,0,0,
Broken,2,0,2,0,0,0,0,0,2,0,0,0,0,0,0,0,0,0,0,0,0,0,0,0,0,
Bs,1,0,0,1,0,0,0,0,1,0,0,0,0,0,0,0,0,0,0,0,0,0,0,0,0,
buffer,252,146,69,37,2,146,38,24,19,13,11,1,0,0,0,0,0,0,0,0,0,0,0,0,0,
Buffered,18,8,8,2,0,8,10,0,0,0,0,0,0,0,0,0,0,0,0,0,0,0,0,0,0,
Buffering,2,0,2,0,0,0,0,2,0,0,0,0,0,0,0,0,0,0,0,0,0,0,0,0,0,
Buffers,8,0,2,6,0,0,0,0,0,2,6,0,0,0,0,0,0,0,0,0,0,0,0,0,0,
Bug,2,0,0,2,0,0,2,0,0,0,0,0,0,0,0,0,0,0,0,0,0,0,0,0,0,
Builder,2,2,0,0,2,2,0,0,0,0,0,0,0,0,0,0,0,0,0,0,0,0,0,0,0,
Burst,3,3,0,0,2,3,0,0,0,0,0,0,0,0,0,0,0,0,0,0,0,0,0,0,0,
But,14,0,12,2,0,0,2,4,0,6,0,0,2,0,0,0,0,0,0,0,0,0,0,0,0,
But1,3,0,3,0,0,0,0,0,0,3,0,0,0,0,0,0,0,0,0,0,0,0,0,0,0,
But2,1,0,1,0,0,0,0,0,0,1,0,0,0,0,0,0,0,0,0,0,0,0,0,0,0,
By,65,0,52,13,0,0,19,22,6,4,3,0,4,3,1,1,0,0,1,0,1,0,0,0,0,
C,1,0,0,1,0,0,0,1,0,0,0,0,0,0,0,0,0,0,0,0,0,0,0,0,0,
cache,26,11,3,12,5,11,13,1,0,0,1,0,0,0,0,0,0,0,0,0,0,0,0,0,0,
cached,3,3,0,0,0,3,0,0,0,0,0,0,0,0,0,0,0,0,0,0,0,0,0,0,0,
calc,3,3,0,0,0,3,0,0,0,0,0,0,0,0,0,0,0,0,0,0,0,0,0,0,0,
call,127,110,10,7,107,110,4,4,4,0,5,0,0,0,0,0,0,0,0,0,0,0,0,0,0,
Call2,2,0,0,2,0,0,0,0,0,2,0,0,0,0,0,0,0,0,0,0,0,0,0,0,0,
Callable,81,9,33,39,5,9,50,15,5,2,0,0,0,0,0,0,0,0,0,0,0,0,0,0,0,
Callback,15,8,2,5,0,8,2,2,1,0,0,0,2,0,0,0,0,0,0,0,0,0,0,0,0,
Callbacks,7,0,7,0,0,0,0,7,0,0,0,0,0,0,0,0,0,0,0,0,0,0,0,0,0,
Called,34,0,29,5,0,0,0,13,14,3,0,0,0,0,2,0,0,0,1,1,0,0,0,0,0,
Calling,2,0,2,0,0,0,0,0,2,0,0,0,0,0,0,0,0,0,0,0,0,0,0,0,0,
Calls,5,1,2,2,0,1,0,2,2,0,0,0,0,0,0,0,0,0,0,0,0,0,0,0,0,
Can,7,1,6,0,0,1,4,0,0,0,2,0,0,0,0,0,0,0,0,0,0,0,0,0,0,
Cancel,525,319,137,69,213,319,81,84,33,6,2,0,0,0,0,0,0,0,0,0,0,0,0,0,0,
Cancel1,1,0,0,1,0,0,1,0,0,0,0,0,0,0,0,0,0,0,0,0,0,0,0,0,0,
cancel2,3,1,0,2,1,1,1,1,0,0,0,0,0,0,0,0,0,0,0,0,0,0,0,0,0,
Canceled,2,0,0,2,0,0,0,0,0,2,0,0,0,0,0,0,0,0,0,0,0,0,0,0,0,
Cancellable,11,1,0,10,0,1,5,5,0,0,0,0,0,0,0,0,0,0,0,0,0,0,0,0,0,
Cancellation,2,0,2,0,0,0,2,0,0,0,0,0,0,0,0,0,0,0,0,0,0,0,0,0,0,
Cancelled,57,11,12,34,5,11,34,9,2,0,0,1,0,0,0,0,0,0,0,0,0,0,0,0,0,
Canceller,2,0,1,1,0,0,2,0,0,0,0,0,0,0,0,0,0,0,0,0,0,0,0,0,0,
Cancels,24,0,14,10,0,0,6,10,7,1,0,0,0,0,0,0,0,0,0,0,0,0,0,0,0,
cap,7,2,0,5,1,2,3,2,0,0,0,0,0,0,0,0,0,0,0,0,0,0,0,0,0,
Capacity,53,8,20,25,0,8,9,7,11,12,4,2,0,0,0,0,0,0,0,0,0,0,0,0,0,
capped,1,1,0,0,1,1,0,0,0,0,0,0,0,0,0,0,0,0,0,0,0,0,0,0,0,
capture,2,2,0,0,0,2,0,0,0,0,0,0,0,0,0,0,0,0,0,0,0,0,0,0,0,
Case,6,0,0,6,0,0,0,6,0,0,0,0,0,0,0,0,0,0,0,0,0,0,0,0,0,
Case1,2,0,0,2,0,0,0,2,0,0,0,0,0,0,0,0,0,0,0,0,0,0,0,0,0,
Case2,2,0,0,2,0,0,0,2,0,0,0,0,0,0,0,0,0,0,0,0,0,0,0,0,0,
cast,17,13,2,2,6,13,4,0,0,0,0,0,0,0,0,0,0,0,0,0,0,0,0,0,0,
Cause,24,0,11,13,0,0,4,6,0,2,0,4,8,0,0,0,0,0,0,0,0,0,0,0,0,
Causes,8,0,6,2,0,0,1,0,3,4,0,0,0,0,0,0,0,0,0,0,0,0,0,0,0,
Causing,2,0,2,0,0,0,0,0,2,0,0,0,0,0,0,0,0,0,0,0,0,0,0,0,0,
Cf,1,0,0,1,0,0,0,0,1,0,0,0,0,0,0,0,0,0,0,0,0,0,0,0,0,
Chain,1,0,1,0,0,0,0,0,0,1,0,0,0,0,0,0,0,0,0,0,0,0,0,0,0,
Chained,1,0,1,0,0,0,0,0,1,0,0,0,0,0,0,0,0,0,0,0,0,0,0,0,0,
Chaining,2,0,0,2,0,0,0,0,2,0,0,0,0,0,0,0,0,0,0,0,0,0,0,0,0,
Change,1,0,0,1,0,0,0,1,0,0,0,0,0,0,0,0,0,0,0,0,0,0,0,0,0,
Changed,26,0,22,4,0,0,0,11,15,0,0,0,0,0,0,0,0,0,0,0,0,0,0,0,0,
check,141,120,12,9,1,120,10,8,3,0,0,0,0,0,0,0,0,0,0,0,0,0,0,0,0,
Checked,7,0,7,0,0,0,0,2,0,4,1,0,0,0,0,0,0,0,0,0,0,0,0,0,0,
Child,20,0,12,8,0,0,10,2,1,2,2,3,0,0,0,0,0,0,0,0,0,0,0,0,0,
Children,1,0,0,1,0,0,0,0,0,0,1,0,0,0,0,0,0,0,0,0,0,0,0,0,0,
Circular,1,0,1,0,0,0,0,1,0,0,0,0,0,0,0,0,0,0,0,0,0,0,0,0,0,
Class,25,1,0,24,0,1,18,6,0,0,0,0,0,0,0,0,0,0,0,0,0,0,0,0,0,
Classes,1,0,0,1,0,0,0,0,0,1,0,0,0,0,0,0,0,0,0,0,0,0,0,0,0,
Clean,4,0,0,4,0,0,0,0,4,0,0,0,0,0,0,0,0,0,0,0,0,0,0,0,0,
Cleans,11,0,11,0,0,0,0,11,0,0,0,0,0,0,0,0,0,0,0,0,0,0,0,0,0,
cleanup,7,5,1,1,3,5,2,0,0,0,0,0,0,0,0,0,0,0,0,0,0,0,0,0,0,
clear,74,61,4,9,50,61,9,3,0,1,0,0,0,0,0,0,0,0,0,0,0,0,0,0,0,
Cleared,5,0,1,4,0,0,0,0,0,3,2,0,0,0,0,0,0,0,0,0,0,0,0,0,0,
Client,6,0,2,4,0,0,0,0,4,0,2,0,0,0,0,0,0,0,0,0,0,0,0,0,0,
clock,1,1,0,0,0,1,0,0,0,0,0,0,0,0,0,0,0,0,0,0,0,0,0,0,0,
Close,57,4,45,8,4,4,27,14,12,0,0,0,0,0,0,0,0,0,0,0,0,0,0,0,0,
Closebad,2,0,2,0,0,0,2,0,0,0,0,0,0,0,0,0,0,0,0,0,0,0,0,0,0,
Closed,2,0,0,2,0,0,0,0,0,0,2,0,0,0,0,0,0,0,0,0,0,0,0,0,0,
Closemain,2,0,2,0,0,0,2,0,0,0,0,0,0,0,0,0,0,0,0,0,0,0,0,0,0,
Closer,8,0,0,8,0,0,0,0,4,0,4,0,0,0,0,0,0,0,0,0,0,0,0,0,0,
Closing,1,0,1,0,0,0,1,0,0,0,0,0,0,0,0,0,0,0,0,0,0,0,0,0,0,
Clq,1,1,0,0,0,1,0,0,0,0,0,0,0,0,0,0,0,0,0,0,0,0,0,0,0,
Co,1,0,0,1,0,0,0,0,1,0,0,0,0,0,0,0,0,0,0,0,0,0,0,0,0,
Code,10,0,4,6,0,0,9,0,0,0,0,0,1,0,0,0,0,0,0,0,0,0,0,0,0,
Cold,8,2,6,0,0,2,6,0,0,0,0,0,0,0,0,0,0,0,0,0,0,0,0,0,0,
collect,47,33,11,3,6,33,14,0,0,0,0,0,0,0,0,0,0,0,0,0,0,0,0,0,0,
Collection,34,8,20,6,0,8,9,1,4,8,4,0,0,0,0,0,0,0,0,0,0,0,0,0,0,
Collector,16,0,16,0,0,0,12,4,0,0,0,0,0,0,0,0,0,0,0,0,0,0,0,0,0,
Collision,1,0,0,1,0,0,0,1,0,0,0,0,0,0,0,0,0,0,0,0,0,0,0,0,0,
Combinator,1,0,1,0,0,0,0,0,0,0,0,1,0,0,0,0,0,0,0,0,0,0,0,0,0,
combine,102,72,29,1,0,72,20,2,4,2,0,2,0,0,0,0,0,0,0,0,0,0,0,0,0,
combine2,2,2,0,0,0,2,0,0,0,0,0,0,0,0,0,0,0,0,0,0,0,0,0,0,0,
Combined,2,0,2,0,0,0,0,0,0,0,0,2,0,0,0,0,0,0,0,0,0,0,0,0,0,
Combiner,41,3,36,2,0,3,2,14,22,0,0,0,0,0,0,0,0,0,0,0,0,0,0,0,0,
Come,6,0,6,0,0,0,0,6,0,0,0,0,0,0,0,0,0,0,0,0,0,0,0,0,0,
Comletes,2,0,0,2,0,0,0,0,0,2,0,0,0,0,0,0,0,0,0,0,0,0,0,0,0,
Comparator,14,0,9,5,0,0,8,2,4,0,0,0,0,0,0,0,0,0,0,0,0,0,0,0,0,
compare,14,13,0,1,10,13,0,1,0,0,0,0,0,0,0,0,0,0,0,0,0,0,0,0,0,
Comparer,7,2,4,1,0,2,5,0,0,0,0,0,0,0,0,0,0,0,0,0,0,0,0,0,0,
completable,193,65,59,69,3,65,33,57,27,8,0,3,0,0,0,0,0,0,0,0,0,0,0,0,0,
Completable0,2,0,0,2,0,0,0,0,2,0,0,0,0,0,0,0,0,0,0,0,0,0,0,0,0,
Completable2,4,0,0,4,0,0,4,0,0,0,0,0,0,0,0,0,0,0,0,0,0,0,0,0,0,
Complete,963,69,221,673,30,69,669,75,84,38,14,4,6,2,0,0,0,0,0,2,0,0,0,0,0,
Complete2,1,0,0,1,0,0,1,0,0,0,0,0,0,0,0,0,0,0,0,0,0,0,0,0,0,
Completed,112,1,55,56,0,1,41,24,14,8,9,6,0,2,6,0,1,0,0,0,0,0,0,0,0,
Completes,65,0,27,38,0,0,11,15,11,6,11,6,0,0,0,0,0,0,0,0,1,0,0,0,0,
Completesinner,2,0,2,0,0,0,2,0,0,0,0,0,0,0,0,0,0,0,0,0,0,0,0,0,0,
Completete,6,0,6,0,0,0,6,0,0,0,0,0,0,0,0,0,0,0,0,0,0,0,0,0,0,
Completion,54,6,27,21,1,6,8,21,4,3,6,2,2,0,1,1,0,0,0,0,0,0,0,0,0,
completions,2,1,0,1,1,1,0,1,0,0,0,0,0,0,0,0,0,0,0,0,0,0,0,0,0,
Completions2,1,0,0,1,0,0,0,1,0,0,0,0,0,0,0,0,0,0,0,0,0,0,0,0,0,
complex,1,1,0,0,0,1,0,0,0,0,0,0,0,0,0,0,0,0,0,0,0,0,0,0,0,
Compliant,2,0,2,0,0,0,0,0,0,2,0,0,0,0,0,0,0,0,0,0,0,0,0,0,0,
compose,28,20,2,6,10,20,4,0,4,0,0,0,0,0,0,0,0,0,0,0,0,0,0,0,0,
Compose2,2,0,0,2,0,0,0,0,2,0,0,0,0,0,0,0,0,0,0,0,0,0,0,0,0,
Compose3,2,0,0,2,0,0,0,0,2,0,0,0,0,0,0,0,0,0,0,0,0,0,0,0,0,
Compose4,2,0,0,2,0,0,0,0,2,0,0,0,0,0,0,0,0,0,0,0,0,0,0,0,0,
composer,2,2,0,0,2,2,0,0,0,0,0,0,0,0,0,0,0,0,0,0,0,0,0,0,0,
Composes,4,0,3,1,0,0,1,0,3,0,0,0,0,0,0,0,0,0,0,0,0,0,0,0,0,
Composite,23,4,18,1,0,4,16,1,0,1,0,1,0,0,0,0,0,0,0,0,0,0,0,0,0,
Composites,1,0,0,1,0,0,0,0,0,0,0,1,0,0,0,0,0,0,0,0,0,0,0,0,0,
Computation,34,2,31,1,1,2,26,6,0,0,0,0,0,0,0,0,0,0,0,0,0,0,0,0,0,
concat,321,238,76,7,5,238,75,2,6,0,0,0,0,0,0,0,0,0,0,0,0,0,0,0,0,
Concat2,7,5,2,0,2,5,2,0,0,0,0,0,0,0,0,0,0,0,0,0,0,0,0,0,0,
Concat3,12,8,4,0,4,8,4,0,0,0,0,0,0,0,0,0,0,0,0,0,0,0,0,0,0,
concat4,4,4,0,0,4,4,0,0,0,0,0,0,0,0,0,0,0,0,0,0,0,0,0,0,0,
Concurrency,47,0,19,28,0,0,16,1,6,15,5,2,2,0,0,0,0,0,0,0,0,0,0,0,0,
Concurrency1,2,0,0,2,0,0,0,0,2,0,0,0,0,0,0,0,0,0,0,0,0,0,0,0,0,
concurrent,70,2,45,23,0,2,18,12,22,9,7,0,0,0,0,0,0,0,0,0,0,0,0,0,0,
Concurrent1,2,0,2,0,0,0,0,2,0,0,0,0,0,0,0,0,0,0,0,0,0,0,0,0,0,
Concurrent2,2,0,2,0,0,0,0,2,0,0,0,0,0,0,0,0,0,0,0,0,0,0,0,0,0,
Concurrent5,1,0,0,1,0,0,0,1,0,0,0,0,0,0,0,0,0,0,0,0,0,0,0,0,0,
Concurrently,3,0,0,3,0,0,0,0,1,0,0,0,2,0,0,0,0,0,0,0,0,0,0,0,0,
Condition,12,0,2,10,0,0,0,0,0,10,0,0,0,0,2,0,0,0,0,0,0,0,0,0,0,
Conditional,202,52,38,112,1,52,41,49,25,20,6,6,2,1,0,0,0,0,0,0,0,0,0,0,0,
Conditional2,11,0,0,11,0,0,0,7,1,0,2,0,1,0,0,0,0,0,0,0,0,0,0,0,0,
Conditions,1,0,0,1,0,0,0,1,0,0,0,0,0,0,0,0,0,0,0,0,0,0,0,0,0,
Confinement,1,0,0,1,0,0,1,0,0,0,0,0,0,0,0,0,0,0,0,0,0,0,0,0,0,
Connect,47,18,17,12,10,18,16,8,3,0,2,0,0,0,0,0,0,0,0,0,0,0,0,0,0,
Connectable,11,3,8,0,0,3,2,5,1,0,0,0,0,0,0,0,0,0,0,0,0,0,0,0,0,
Connected,2,0,0,2,0,0,2,0,0,0,0,0,0,0,0,0,0,0,0,0,0,0,0,0,0,
Connecting,1,0,0,1,0,0,0,0,1,0,0,0,0,0,0,0,0,0,0,0,0,0,0,0,0,
Connection,4,2,0,2,0,2,0,0,2,0,0,0,0,0,0,0,0,0,0,0,0,0,0,0,0,
Const,1,0,0,1,0,0,0,0,1,0,0,0,0,0,0,0,0,0,0,0,0,0,0,0,0,
constructor,10,8,0,2,0,8,0,0,1,0,0,1,0,0,0,0,0,0,0,0,0,0,0,0,0,
constructorshouldbeprivate,3,3,0,0,3,3,0,0,0,0,0,0,0,0,0,0,0,0,0,0,0,0,0,0,0,
Consume,1,0,0,1,0,0,0,0,1,0,0,0,0,0,0,0,0,0,0,0,0,0,0,0,0,
consumed,3,1,2,0,0,1,0,2,0,0,0,0,0,0,0,0,0,0,0,0,0,0,0,0,0,
Consumer,114,24,60,30,1,24,59,23,7,0,1,0,0,0,0,0,0,0,0,0,0,0,0,0,0,
Consumers,3,0,0,3,0,0,0,0,2,0,0,1,0,0,0,0,0,0,0,0,0,0,0,0,0,
Contain,2,0,0,2,0,0,2,0,0,0,0,0,0,0,0,0,0,0,0,0,0,0,0,0,0,
contains,32,14,14,4,6,14,18,0,0,0,0,0,0,0,0,0,0,0,0,0,0,0,0,0,0,
Continuation,1,0,0,1,0,0,0,1,0,0,0,0,0,0,0,0,0,0,0,0,0,0,0,0,0,
Continue,1,0,1,0,0,0,1,0,0,0,0,0,0,0,0,0,0,0,0,0,0,0,0,0,0,
Continuous,1,0,1,0,0,0,1,0,0,0,0,0,0,0,0,0,0,0,0,0,0,0,0,0,0,
Contract,6,0,4,2,0,0,0,4,0,0,0,2,0,0,0,0,0,0,0,0,0,0,0,0,0,
Conversion,2,0,2,0,0,0,2,0,0,0,0,0,0,0,0,0,0,0,0,0,0,0,0,0,0,
Convert,25,0,1,24,0,0,25,0,0,0,0,0,0,0,0,0,0,0,0,0,0,0,0,0,0,
Converter,10,0,10,0,0,0,5,4,1,0,0,0,0,0,0,0,0,0,0,0,0,0,0,0,0,
Coordinator,13,0,0,13,0,0,12,1,0,0,0,0,0,0,0,0,0,0,0,0,0,0,0,0,0,
Correctly,1,0,0,1,0,0,0,0,1,0,0,0,0,0,0,0,0,0,0,0,0,0,0,0,0,
Count,115,18,38,59,3,18,49,15,17,2,8,2,0,4,0,0,0,0,0,0,0,0,0,0,0,
Count0,1,0,0,1,0,0,1,0,0,0,0,0,0,0,0,0,0,0,0,0,0,0,0,0,0,
Count3,4,0,0,4,0,0,0,0,0,4,0,0,0,0,0,0,0,0,0,0,0,0,0,0,0,
Counted,1,0,0,1,0,0,1,0,0,0,0,0,0,0,0,0,0,0,0,0,0,0,0,0,0,
Counts,2,0,2,0,0,0,0,0,0,2,0,0,0,0,0,0,0,0,0,0,0,0,0,0,0,
Covariance,22,0,16,6,0,0,18,4,0,0,0,0,0,0,0,0,0,0,0,0,0,0,0,0,0,
Covariance2,4,0,0,4,0,0,0,4,0,0,0,0,0,0,0,0,0,0,0,0,0,0,0,0,0,
Covariance3,4,0,0,4,0,0,0,4,0,0,0,0,0,0,0,0,0,0,0,0,0,0,0,0,0,
Covariance4,4,0,0,4,0,0,0,4,0,0,0,0,0,0,0,0,0,0,0,0,0,0,0,0,0,
Covariant,4,0,4,0,0,0,0,4,0,0,0,0,0,0,0,0,0,0,0,0,0,0,0,0,0,
Coverage,2,0,1,1,0,0,1,0,0,0,0,0,1,0,0,0,0,0,0,0,0,0,0,0,0,
Crash,169,3,41,125,0,3,56,47,37,20,2,4,0,0,0,0,0,0,0,0,0,0,0,0,0,
Crash2,12,0,0,12,0,0,1,7,4,0,0,0,0,0,0,0,0,0,0,0,0,0,0,0,0,
Crashed,3,0,0,3,0,0,2,1,0,0,0,0,0,0,0,0,0,0,0,0,0,0,0,0,0,
Crashes,33,0,2,31,0,0,6,14,1,11,1,0,0,0,0,0,0,0,0,0,0,0,0,0,0,
Crashing,8,4,4,0,0,4,0,2,2,0,0,0,0,0,0,0,0,0,0,0,0,0,0,0,0,
create,318,275,21,22,41,275,31,10,0,2,0,0,0,0,0,0,0,0,0,0,0,0,0,0,0,
Creator,10,0,0,10,0,0,0,1,8,1,0,0,0,0,0,0,0,0,0,0,0,0,0,0,0,
cross,23,13,10,0,0,13,4,6,0,0,0,0,0,0,0,0,0,0,0,0,0,0,0,0,0,
Cs,2,0,0,2,0,0,0,0,2,0,0,0,0,0,0,0,0,0,0,0,0,0,0,0,0,
Current,36,1,33,2,0,1,32,1,2,0,0,0,0,0,0,0,0,0,0,0,0,0,0,0,0,
Custom,68,15,52,1,0,15,16,7,7,11,8,4,0,0,0,0,0,0,0,0,0,0,0,0,0,
Cuts,1,0,1,0,0,0,0,0,1,0,0,0,0,0,0,0,0,0,0,0,0,0,0,0,0,
cyclic,1,1,0,0,0,1,0,0,0,0,0,0,0,0,0,0,0,0,0,0,0,0,0,0,0,
Cylon,1,1,0,0,0,1,0,0,0,0,0,0,0,0,0,0,0,0,0,0,0,0,0,0,0,
Data,15,0,0,15,0,0,2,0,4,6,0,1,2,0,0,0,0,0,0,0,0,0,0,0,0,
DD,1,0,0,1,0,0,0,1,0,0,0,0,0,0,0,0,0,0,0,0,0,0,0,0,0,
dead,1,1,0,0,0,1,0,0,0,0,0,0,0,0,0,0,0,0,0,0,0,0,0,0,0,
Death,1,0,1,0,0,0,0,1,0,0,0,0,0,0,0,0,0,0,0,0,0,0,0,0,0,
debounce,47,37,8,2,2,37,10,0,0,0,0,0,0,0,0,0,0,0,0,0,0,0,0,0,0,
Decorated,1,0,0,1,0,0,0,1,0,0,0,0,0,0,0,0,0,0,0,0,0,0,0,0,0,
Decorates,3,0,3,0,0,0,0,1,1,1,0,0,0,0,0,0,0,0,0,0,0,0,0,0,0,
Decoupled,2,0,2,0,0,0,0,0,2,0,0,0,0,0,0,0,0,0,0,0,0,0,0,0,0,
Dedicated,24,0,0,24,0,0,24,0,0,0,0,0,0,0,0,0,0,0,0,0,0,0,0,0,0,
Default,151,11,116,24,0,11,24,30,66,20,0,0,0,0,0,0,0,0,0,0,0,0,0,0,0,
defer,29,20,2,7,7,20,9,0,0,0,0,0,0,0,0,0,0,0,0,0,0,0,0,0,0,
Deferred,14,11,3,0,0,11,3,0,0,0,0,0,0,0,0,0,0,0,0,0,0,0,0,0,0,
delay,514,93,398,23,7,93,179,137,63,25,15,0,2,0,0,0,0,0,0,0,0,0,0,0,0,
Delayed,63,16,11,36,3,16,11,18,7,6,4,1,0,0,0,0,0,0,0,0,0,0,0,0,0,
Delayed1,4,0,0,4,0,0,0,2,2,0,0,0,0,0,0,0,0,0,0,0,0,0,0,0,0,
Delayed2,6,0,0,6,0,0,2,2,2,0,0,0,0,0,0,0,0,0,0,0,0,0,0,0,0,
Delayed3,2,0,0,2,0,0,0,2,0,0,0,0,0,0,0,0,0,0,0,0,0,0,0,0,0,
Delayed4,4,0,2,2,0,0,0,4,0,0,0,0,0,0,0,0,0,0,0,0,0,0,0,0,0,
Delayer,2,0,0,2,0,0,0,0,0,0,2,0,0,0,0,0,0,0,0,0,0,0,0,0,0,
Delays,4,0,4,0,0,0,0,0,0,0,0,0,0,0,0,0,0,0,0,0,0,0,4,0,0,
Delegate,6,0,4,2,0,0,6,0,0,0,0,0,0,0,0,0,0,0,0,0,0,0,0,0,0,
Delegate1,2,0,0,2,0,0,1,1,0,0,0,0,0,0,0,0,0,0,0,0,0,0,0,0,0,
Delegate2,2,0,0,2,0,0,1,1,0,0,0,0,0,0,0,0,0,0,0,0,0,0,0,0,0,
Delegate3,2,0,0,2,0,0,1,1,0,0,0,0,0,0,0,0,0,0,0,0,0,0,0,0,0,
delete,7,7,0,0,3,7,0,0,0,0,0,0,0,0,0,0,0,0,0,0,0,0,0,0,0,
Deliver,5,0,5,0,0,0,0,5,0,0,0,0,0,0,0,0,0,0,0,0,0,0,0,0,0,
Delivered,18,0,14,4,0,0,0,0,0,5,5,0,0,8,0,0,0,0,0,0,0,0,0,0,0,
Delivery,3,0,2,1,0,0,0,1,2,0,0,0,0,0,0,0,0,0,0,0,0,0,0,0,0,
Delta,2,0,2,0,0,0,0,0,2,0,0,0,0,0,0,0,0,0,0,0,0,0,0,0,0,
dematerialize,8,4,2,2,2,4,2,2,0,0,0,0,0,0,0,0,0,0,0,0,0,0,0,0,0,
Dematerialize1,2,0,0,2,0,0,2,0,0,0,0,0,0,0,0,0,0,0,0,0,0,0,0,0,0,
Dematerialize2,2,0,0,2,0,0,2,0,0,0,0,0,0,0,0,0,0,0,0,0,0,0,0,0,0,
Dematerialize3,2,0,0,2,0,0,2,0,0,0,0,0,0,0,0,0,0,0,0,0,0,0,0,0,0,
Dematerialized,2,0,2,0,0,0,0,2,0,0,0,0,0,0,0,0,0,0,0,0,0,0,0,0,0,
Demonstration,1,0,1,0,0,0,0,0,0,0,0,1,0,0,0,0,0,0,0,0,0,0,0,0,0,
DESTROY,1,1,0,0,1,1,0,0,0,0,0,0,0,0,0,0,0,0,0,0,0,0,0,0,0,
Detach,16,5,0,11,0,5,5,6,0,0,0,0,0,0,0,0,0,0,0,0,0,0,0,0,0,
Detaches,10,0,0,10,0,0,10,0,0,0,0,0,0,0,0,0,0,0,0,0,0,0,0,0,0,
Detector,1,0,1,0,0,0,1,0,0,0,0,0,0,0,0,0,0,0,0,0,0,0,0,0,0,
Different,24,0,24,0,0,0,4,6,9,2,1,0,0,0,2,0,0,0,0,0,0,0,0,0,0,
Direct,54,5,31,18,0,5,33,14,2,0,0,0,0,0,0,0,0,0,0,0,0,0,0,0,0,
Directly,4,0,0,4,0,0,0,2,2,0,0,0,0,0,0,0,0,0,0,0,0,0,0,0,0,
directory,1,1,0,0,0,1,0,0,0,0,0,0,0,0,0,0,0,0,0,0,0,0,0,0,0,
Disabled,1,0,0,1,0,0,0,0,1,0,0,0,0,0,0,0,0,0,0,0,0,0,0,0,0,
disconnect,14,2,8,4,2,2,2,6,4,0,0,0,0,0,0,0,0,0,0,0,0,0,0,0,0,
Disconnects,2,0,2,0,0,0,2,0,0,0,0,0,0,0,0,0,0,0,0,0,0,0,0,0,0,
dispatch,1,1,0,0,1,1,0,0,0,0,0,0,0,0,0,0,0,0,0,0,0,0,0,0,0,
Dispatcher,1,0,0,1,0,0,1,0,0,0,0,0,0,0,0,0,0,0,0,0,0,0,0,0,0,
Disposable,73,5,20,48,1,5,52,15,1,0,0,0,0,0,0,0,0,0,0,0,0,0,0,0,0,
Disposables,1,1,0,0,1,1,0,0,0,0,0,0,0,0,0,0,0,0,0,0,0,0,0,0,0,
Dispose,788,637,95,56,538,637,56,61,18,2,4,8,0,0,2,0,0,0,0,0,0,0,0,0,0,
Dispose2,9,6,0,3,5,6,2,1,0,0,0,0,0,0,0,0,0,0,0,0,0,0,0,0,0,
dispose3,1,1,0,0,1,1,0,0,0,0,0,0,0,0,0,0,0,0,0,0,0,0,0,0,0,
Disposed,485,62,42,381,43,62,380,25,14,2,2,0,0,0,0,0,0,0,0,0,0,0,0,0,0,
Disposed2,1,0,0,1,0,0,0,1,0,0,0,0,0,0,0,0,0,0,0,0,0,0,0,0,0,
Disposed3,1,0,0,1,0,0,0,1,0,0,0,0,0,0,0,0,0,0,0,0,0,0,0,0,0,
Disposer,29,4,25,0,0,4,9,8,7,0,1,0,0,0,0,0,0,0,0,0,0,0,0,0,0,
Disposes,9,0,8,1,0,0,0,5,0,4,0,0,0,0,0,0,0,0,0,0,0,0,0,0,0,
distinct,55,24,29,2,2,24,29,0,2,0,0,0,0,0,0,0,0,0,0,0,0,0,0,0,0,
Divide,2,0,2,0,0,0,2,0,0,0,0,0,0,0,0,0,0,0,0,0,0,0,0,0,0,
do,287,229,58,0,0,229,49,0,8,0,0,0,0,1,0,0,0,0,0,0,0,0,0,0,0,
Doc,10,0,5,5,0,0,5,0,5,0,0,0,0,0,0,0,0,0,0,0,0,0,0,0,0,
Does,49,1,48,0,0,1,6,11,17,8,4,0,2,0,0,0,0,0,0,0,0,0,0,0,0,
Doesnt,21,2,19,0,0,2,1,3,8,7,0,0,0,0,0,0,0,0,0,0,0,0,0,0,0,
Doing,4,0,4,0,0,0,0,0,0,0,4,0,0,0,0,0,0,0,0,0,0,0,0,0,0,
Done,37,6,2,29,4,6,17,4,6,2,0,0,0,2,0,0,0,0,0,0,0,0,0,0,0,
Done2,2,0,0,2,0,0,0,0,2,0,0,0,0,0,0,0,0,0,0,0,0,0,0,0,0,
Dont,18,7,11,0,0,7,2,1,4,0,0,0,4,0,0,0,0,0,0,0,0,0,0,0,0,
dontfail,1,1,0,0,0,1,0,0,0,0,0,0,0,0,0,0,0,0,0,0,0,0,0,0,0,
Double,278,203,75,0,0,203,46,20,7,0,0,2,0,0,0,0,0,0,0,0,0,0,0,0,0,
Down,2,0,2,0,0,0,0,0,0,0,2,0,0,0,0,0,0,0,0,0,0,0,0,0,0,
Downcast,1,0,0,1,0,0,1,0,0,0,0,0,0,0,0,0,0,0,0,0,0,0,0,0,0,
Downstream,32,1,18,13,0,1,11,5,2,8,3,2,0,0,0,0,0,0,0,0,0,0,0,0,0,
Drain,151,127,20,4,73,127,12,10,0,2,0,0,0,0,0,0,0,0,0,0,0,0,0,0,0,
Drift,3,0,3,0,0,0,1,0,2,0,0,0,0,0,0,0,0,0,0,0,0,0,0,0,0,
Drop,22,2,9,11,1,2,5,5,10,0,0,0,0,0,0,0,0,0,0,0,0,0,0,0,0,
Dropping,2,0,0,2,0,0,0,0,0,0,0,0,2,0,0,0,0,0,0,0,0,0,0,0,0,
dry,1,1,0,0,0,1,0,0,0,0,0,0,0,0,0,0,0,0,0,0,0,0,0,0,0,
Dummy,2,0,0,2,0,0,2,0,0,0,0,0,0,0,0,0,0,0,0,0,0,0,0,0,0,
Duplicate,1,0,1,0,0,0,0,0,0,0,1,0,0,0,0,0,0,0,0,0,0,0,0,0,0,
Duplicates,2,0,0,2,0,0,0,0,0,2,0,0,0,0,0,0,0,0,0,0,0,0,0,0,0,
Duplication,2,0,0,2,0,0,0,0,2,0,0,0,0,0,0,0,0,0,0,0,0,0,0,0,0,
Duration,20,0,17,3,0,0,16,2,0,0,2,0,0,0,0,0,0,0,0,0,0,0,0,0,0,
During,3,0,3,0,0,0,1,2,0,0,0,0,0,0,0,0,0,0,0,0,0,0,0,0,0,
Each,62,0,48,14,0,0,20,17,10,0,2,9,0,0,4,0,0,0,0,0,0,0,0,0,0,
Eager,70,12,16,42,0,12,22,21,7,4,3,1,0,0,0,0,0,0,0,0,0,0,0,0,0,
Eagerly,23,0,12,11,0,0,0,2,4,0,4,6,4,0,0,2,0,1,0,0,0,0,0,0,0,
Eagerness2,2,0,0,2,0,0,2,0,0,0,0,0,0,0,0,0,0,0,0,0,0,0,0,0,0,
Eagerness3,2,0,0,2,0,0,2,0,0,0,0,0,0,0,0,0,0,0,0,0,0,0,0,0,0,
Eagerness4,2,0,0,2,0,0,2,0,0,0,0,0,0,0,0,0,0,0,0,0,0,0,0,0,0,
Eagerness5,2,0,0,2,0,0,2,0,0,0,0,0,0,0,0,0,0,0,0,0,0,0,0,0,0,
Eagerness6,2,0,0,2,0,0,2,0,0,0,0,0,0,0,0,0,0,0,0,0,0,0,0,0,0,
Eagerness7,2,0,0,2,0,0,2,0,0,0,0,0,0,0,0,0,0,0,0,0,0,0,0,0,0,
Eagerness8,2,0,0,2,0,0,2,0,0,0,0,0,0,0,0,0,0,0,0,0,0,0,0,0,0,
Eagerness9,2,0,0,2,0,0,2,0,0,0,0,0,0,0,0,0,0,0,0,0,0,0,0,0,0,
Early,11,0,6,5,0,0,4,3,0,4,0,0,0,0,0,0,0,0,0,0,0,0,0,0,0,
Effect,2,0,2,0,0,0,0,0,2,0,0,0,0,0,0,0,0,0,0,0,0,0,0,0,0,
Effectively,8,0,8,0,0,0,0,0,0,0,0,8,0,0,0,0,0,0,0,0,0,0,0,0,0,
Ein,4,0,4,0,0,0,0,0,0,0,4,0,0,0,0,0,0,0,0,0,0,0,0,0,0,
Eldest,4,0,4,0,0,0,4,0,0,0,0,0,0,0,0,0,0,0,0,0,0,0,0,0,0,
element,165,36,69,60,0,36,58,5,15,27,4,14,0,6,0,0,0,0,0,0,0,0,0,0,0,
Elements,77,0,44,33,0,0,30,8,8,11,6,2,8,0,4,0,0,0,0,0,0,0,0,0,0,
Else,18,0,16,2,0,0,0,0,16,2,0,0,0,0,0,0,0,0,0,0,0,0,0,0,0,
Emission,24,8,8,8,0,8,4,0,5,0,0,2,0,5,0,0,0,0,0,0,0,0,0,0,0,
Emissions,18,0,12,6,0,0,0,0,2,0,0,0,0,0,6,5,5,0,0,0,0,0,0,0,0,
Emit,88,42,39,7,10,42,13,12,5,0,2,4,0,0,7,3,0,0,0,0,0,0,0,0,0,
Emits,12,0,10,2,0,0,0,4,3,0,4,1,0,0,0,0,0,0,0,0,0,0,0,0,0,
Emitted,5,0,5,0,0,0,0,0,3,2,0,0,0,0,0,0,0,0,0,0,0,0,0,0,0,
Emitter,17,3,1,13,3,3,7,6,0,1,0,0,0,0,0,0,0,0,0,0,0,0,0,0,0,
Emitting,10,2,6,2,0,2,0,2,6,0,0,0,0,0,0,0,0,0,0,0,0,0,0,0,0,
empty,592,112,190,290,43,112,141,116,105,55,33,11,14,4,0,0,0,0,1,0,0,0,0,0,0,
Empty1,4,0,2,2,0,0,0,4,0,0,0,0,0,0,0,0,0,0,0,0,0,0,0,0,0,
Empty2,4,0,2,2,0,0,0,4,0,0,0,0,0,0,0,0,0,0,0,0,0,0,0,0,0,
Empty3,4,0,2,2,0,0,0,4,0,0,0,0,0,0,0,0,0,0,0,0,0,0,0,0,0,
Enabled,2,0,2,0,0,0,0,0,2,0,0,0,0,0,0,0,0,0,0,0,0,0,0,0,0,
End,32,5,19,8,0,5,2,8,10,4,3,0,0,0,0,0,0,0,0,0,0,0,0,0,0,
enqueue,1,1,0,0,1,1,0,0,0,0,0,0,0,0,0,0,0,0,0,0,0,0,0,0,0,
enter,7,5,0,2,3,5,2,0,0,0,0,0,0,0,0,0,0,0,0,0,0,0,0,0,0,
Entry,6,1,0,5,0,1,1,4,0,0,0,0,0,0,0,0,0,0,0,0,0,0,0,0,0,
Enum,19,1,0,18,0,1,5,9,2,2,0,0,0,0,0,0,0,0,0,0,0,0,0,0,0,
enums,1,1,0,0,1,1,0,0,0,0,0,0,0,0,0,0,0,0,0,0,0,0,0,0,0,
Equal,32,9,13,10,0,9,11,4,0,0,0,2,6,0,0,0,0,0,0,0,0,0,0,0,0,
Equality,4,0,4,0,0,0,0,4,0,0,0,0,0,0,0,0,0,0,0,0,0,0,0,0,0,
Equals,18,14,2,2,8,14,2,2,0,0,0,0,0,0,0,0,0,0,0,0,0,0,0,0,0,
Error,2615,244,921,1450,117,244,1169,427,388,198,111,36,22,16,2,0,2,0,0,0,0,0,0,0,0,
Error1,8,0,3,5,0,0,2,5,0,0,1,0,0,0,0,0,0,0,0,0,0,0,0,0,0,
error2,26,4,3,19,4,4,8,12,1,1,0,0,0,0,0,0,0,0,0,0,0,0,0,0,0,
Error3,13,1,4,8,1,1,0,12,0,0,0,0,0,0,0,0,0,0,0,0,0,0,0,0,0,
Error4,3,0,0,3,0,0,0,3,0,0,0,0,0,0,0,0,0,0,0,0,0,0,0,0,0,
Errored,4,0,0,4,0,0,0,0,0,0,2,0,2,0,0,0,0,0,0,0,0,0,0,0,0,
Errors,73,3,17,53,3,3,34,22,3,4,6,1,0,0,0,0,0,0,0,0,0,0,0,0,0,
Errors2,1,0,0,1,0,0,0,1,0,0,0,0,0,0,0,0,0,0,0,0,0,0,0,0,0,
Errors3,1,0,0,1,0,0,0,1,0,0,0,0,0,0,0,0,0,0,0,0,0,0,0,0,0,
Errors4,1,0,0,1,0,0,0,1,0,0,0,0,0,0,0,0,0,0,0,0,0,0,0,0,0,
Escape,2,0,2,0,0,0,2,0,0,0,0,0,0,0,0,0,0,0,0,0,0,0,0,0,0,
Eval,1,0,0,1,0,0,0,1,0,0,0,0,0,0,0,0,0,0,0,0,0,0,0,0,0,
evaluate,1,1,0,0,1,1,0,0,0,0,0,0,0,0,0,0,0,0,0,0,0,0,0,0,0,
Event,73,10,46,17,2,10,11,26,16,5,1,0,0,2,0,0,2,0,0,0,0,0,0,0,0,
Events,18,2,2,14,0,2,3,1,4,0,1,0,1,4,0,0,0,0,2,0,0,0,0,0,0,
Everything,4,0,0,4,0,0,0,2,2,0,0,0,0,0,0,0,0,0,0,0,0,0,0,0,0,
evict,1,1,0,0,0,1,0,0,0,0,0,0,0,0,0,0,0,0,0,0,0,0,0,0,0,
Evicting,3,0,3,0,0,0,2,1,0,0,0,0,0,0,0,0,0,0,0,0,0,0,0,0,0,
Eviction,2,1,1,0,0,1,0,1,0,0,0,0,0,0,0,0,0,0,0,0,0,0,0,0,0,
Ex123,1,0,0,1,0,0,0,0,0,0,1,0,0,0,0,0,0,0,0,0,0,0,0,0,0,
Exact,73,13,43,17,0,13,33,13,8,4,0,0,0,1,1,0,0,0,0,0,0,0,0,0,0,
Exactly,1,0,1,0,0,0,0,0,1,0,0,0,0,0,0,0,0,0,0,0,0,0,0,0,0,
Except,2,0,0,2,0,0,2,0,0,0,0,0,0,0,0,0,0,0,0,0,0,0,0,0,0,
Exception,118,3,65,50,0,3,26,18,30,22,10,5,2,2,0,0,0,0,0,0,0,0,0,0,0,
Exceptions,7,1,4,2,1,1,1,1,0,0,2,0,2,0,0,0,0,0,0,0,0,0,0,0,0,
execute,3,3,0,0,1,3,0,0,0,0,0,0,0,0,0,0,0,0,0,0,0,0,0,0,0,
Execution,10,0,3,7,0,0,0,2,4,0,4,0,0,0,0,0,0,0,0,0,0,0,0,0,0,
Executor,10,2,4,4,0,2,5,2,1,0,0,0,0,0,0,0,0,0,0,0,0,0,0,0,0,
Exert,1,0,1,0,0,0,0,1,0,0,0,0,0,0,0,0,0,0,0,0,0,0,0,0,0,
Existing,2,0,0,2,0,0,0,0,0,0,2,0,0,0,0,0,0,0,0,0,0,0,0,0,0,
Exists1,4,0,2,2,0,0,4,0,0,0,0,0,0,0,0,0,0,0,0,0,0,0,0,0,0,
expect,1,1,0,0,0,1,0,0,0,0,0,0,0,0,0,0,0,0,0,0,0,0,0,0,0,
Expected,3,0,1,2,0,0,0,1,0,2,0,0,0,0,0,0,0,0,0,0,0,0,0,0,0,
Expiration,2,0,2,0,0,0,2,0,0,0,0,0,0,0,0,0,0,0,0,0,0,0,0,0,0,
Expired,3,0,1,2,0,0,1,0,0,0,0,2,0,0,0,0,0,0,0,0,0,0,0,0,0,
Expiring,1,0,1,0,0,0,0,0,1,0,0,0,0,0,0,0,0,0,0,0,0,0,0,0,0,
Expiry,1,0,1,0,0,0,0,1,0,0,0,0,0,0,0,0,0,0,0,0,0,0,0,0,0,
Extend,4,0,0,4,0,0,2,2,0,0,0,0,0,0,0,0,0,0,0,0,0,0,0,0,0,
External,2,2,0,0,1,2,0,0,0,0,0,0,0,0,0,0,0,0,0,0,0,0,0,0,0,
Factory,67,1,47,19,0,1,10,12,2,16,14,12,0,0,0,0,0,0,0,0,0,0,0,0,0,
fail,107,38,46,23,10,38,33,16,18,2,0,0,0,0,0,0,0,0,0,0,0,0,0,0,0,
fail2,2,2,0,0,2,2,0,0,0,0,0,0,0,0,0,0,0,0,0,0,0,0,0,0,0,
failed,5,3,2,0,0,3,2,0,0,0,0,0,0,0,0,0,0,0,0,0,0,0,0,0,0,
failing,5,4,1,0,0,4,0,0,0,0,0,0,1,0,0,0,0,0,0,0,0,0,0,0,0,
Fails,11,0,3,8,0,0,0,8,2,1,0,0,0,0,0,0,0,0,0,0,0,0,0,0,0,
Failure,53,1,31,21,0,1,6,26,0,12,6,0,2,0,0,0,0,0,0,0,0,0,0,0,0,
Fallback,37,9,14,14,0,9,14,7,3,0,4,0,0,0,0,0,0,0,0,0,0,0,0,0,0,
False,9,0,1,8,0,0,4,3,2,0,0,0,0,0,0,0,0,0,0,0,0,0,0,0,0,
fast,54,17,30,7,0,17,19,4,7,1,1,2,0,0,0,3,0,0,0,0,0,0,0,0,0,
Faster,2,0,2,0,0,0,2,0,0,0,0,0,0,0,0,0,0,0,0,0,0,0,0,0,0,
Fastpath,4,0,1,3,0,0,2,1,0,0,1,0,0,0,0,0,0,0,0,0,0,0,0,0,0,
Fatal,6,0,4,2,0,0,1,3,1,0,0,1,0,0,0,0,0,0,0,0,0,0,0,0,0,
Few,4,0,4,0,0,0,0,0,4,0,0,0,0,0,0,0,0,0,0,0,0,0,0,0,0,
Fgnored,1,0,1,0,0,0,1,0,0,0,0,0,0,0,0,0,0,0,0,0,0,0,0,0,0,
File,4,0,0,4,0,0,4,0,0,0,0,0,0,0,0,0,0,0,0,0,0,0,0,0,0,
Files,1,0,0,1,0,0,1,0,0,0,0,0,0,0,0,0,0,0,0,0,0,0,0,0,0,
Fill,2,1,1,0,0,1,1,0,0,0,0,0,0,0,0,0,0,0,0,0,0,0,0,0,0,
filter,78,45,21,12,6,45,30,1,2,0,0,0,0,0,0,0,0,0,0,0,0,0,0,0,0,
Filtered,1,0,0,1,0,0,1,0,0,0,0,0,0,0,0,0,0,0,0,0,0,0,0,0,0,
Final,20,0,10,10,0,0,8,4,2,0,0,0,0,0,0,6,0,0,0,0,0,0,0,0,0,
Finally,25,0,10,15,0,0,20,5,0,0,0,0,0,0,0,0,0,0,0,0,0,0,0,0,0,
find,3,3,0,0,1,3,0,0,0,0,0,0,0,0,0,0,0,0,0,0,0,0,0,0,0,
Finding,1,0,1,0,0,0,0,1,0,0,0,0,0,0,0,0,0,0,0,0,0,0,0,0,0,
Finish,6,0,2,4,0,0,0,4,2,0,0,0,0,0,0,0,0,0,0,0,0,0,0,0,0,
finished,2,2,0,0,1,2,0,0,0,0,0,0,0,0,0,0,0,0,0,0,0,0,0,0,0,
Finite,6,2,2,2,0,2,0,0,0,2,2,0,0,0,0,0,0,0,0,0,0,0,0,0,0,
fire,4,4,0,0,0,4,0,0,0,0,0,0,0,0,0,0,0,0,0,0,0,0,0,0,0,
Firehose,4,2,2,0,1,2,2,0,0,0,0,0,0,0,0,0,0,0,0,0,0,0,0,0,0,
Fires,18,0,6,12,0,0,2,4,6,6,0,0,0,0,0,0,0,0,0,0,0,0,0,0,0,
First,272,38,186,48,2,38,148,31,19,29,3,4,0,0,0,0,0,0,0,0,0,0,0,0,0,
fix,8,3,5,0,0,3,5,0,0,0,0,0,0,0,0,0,0,0,0,0,0,0,0,0,0,
Fixed,2,2,0,0,0,2,0,0,0,0,0,0,0,0,0,0,0,0,0,0,0,0,0,0,0,
flat,262,165,97,0,0,165,87,7,1,2,0,0,0,0,0,0,0,0,0,0,0,0,0,0,0,
Flatten,19,7,7,5,1,7,12,0,0,0,0,0,0,0,0,0,0,0,0,0,0,0,0,0,0,
flow,20,16,1,3,0,16,2,0,0,2,0,0,0,0,0,0,0,0,0,0,0,0,0,0,0,
Flow0,3,0,0,3,0,0,0,0,0,0,3,0,0,0,0,0,0,0,0,0,0,0,0,0,0,
Flow1,3,0,0,3,0,0,0,0,0,0,3,0,0,0,0,0,0,0,0,0,0,0,0,0,0,
Flow2,1,0,0,1,0,0,1,0,0,0,0,0,0,0,0,0,0,0,0,0,0,0,0,0,0,
Flowabe,1,0,1,0,0,0,0,1,0,0,0,0,0,0,0,0,0,0,0,0,0,0,0,0,0,
flowable,612,231,125,256,9,231,84,88,67,53,28,23,8,10,11,4,3,2,0,0,0,0,0,0,0,
Flowable0,1,0,0,1,0,0,0,0,1,0,0,0,0,0,0,0,0,0,0,0,0,0,0,0,0,
Flowable1,1,0,0,1,0,0,0,0,1,0,0,0,0,0,0,0,0,0,0,0,0,0,0,0,0,
Flowable2,1,0,1,0,0,0,1,0,0,0,0,0,0,0,0,0,0,0,0,0,0,0,0,0,0,
Flowables,10,0,1,9,0,0,0,0,2,2,1,0,3,1,1,0,0,0,0,0,0,0,0,0,0,
Following,12,0,12,0,0,0,4,8,0,0,0,0,0,0,0,0,0,0,0,0,0,0,0,0,0,
For,53,20,31,2,0,20,14,5,1,2,9,0,1,1,0,0,0,0,0,0,0,0,0,0,0,
Forgotten,1,0,1,0,0,0,0,0,1,0,0,0,0,0,0,0,0,0,0,0,0,0,0,0,0,
Forwards,1,0,0,1,0,0,0,0,0,1,0,0,0,0,0,0,0,0,0,0,0,0,0,0,0,
Found,1,0,0,1,0,0,0,1,0,0,0,0,0,0,0,0,0,0,0,0,0,0,0,0,0,
Frequency,4,0,0,4,0,0,2,2,0,0,0,0,0,0,0,0,0,0,0,0,0,0,0,0,0,
from,362,206,147,9,4,206,40,70,19,5,0,16,0,2,0,1,0,2,0,1,0,0,0,0,0,
From0to,2,0,0,2,0,0,0,2,0,0,0,0,0,0,0,0,0,0,0,0,0,0,0,0,0,
From0to100,2,0,0,2,0,0,0,2,0,0,0,0,0,0,0,0,0,0,0,0,0,0,0,0,0,
Front,5,1,1,3,0,1,0,4,0,0,0,0,0,0,0,0,0,0,0,0,0,0,0,0,0,
Fruit,2,0,0,2,0,0,2,0,0,0,0,0,0,0,0,0,0,0,0,0,0,0,0,0,0,
Full,14,0,8,6,0,0,5,5,4,0,0,0,0,0,0,0,0,0,0,0,0,0,0,0,0,
Func,32,6,13,13,0,6,8,5,3,0,4,6,0,0,0,0,0,0,0,0,0,0,0,0,0,
Function,205,4,172,29,0,4,59,71,27,11,22,2,0,2,0,0,2,3,0,2,0,0,0,0,0,
Function2,1,0,0,1,0,0,1,0,0,0,0,0,0,0,0,0,0,0,0,0,0,0,0,0,0,
function3,2,1,0,1,0,1,1,0,0,0,0,0,0,0,0,0,0,0,0,0,0,0,0,0,0,
function4,2,1,0,1,0,1,1,0,0,0,0,0,0,0,0,0,0,0,0,0,0,0,0,0,0,
function5,2,1,0,1,0,1,1,0,0,0,0,0,0,0,0,0,0,0,0,0,0,0,0,0,0,
function6,2,1,0,1,0,1,1,0,0,0,0,0,0,0,0,0,0,0,0,0,0,0,0,0,0,
function7,2,1,0,1,0,1,1,0,0,0,0,0,0,0,0,0,0,0,0,0,0,0,0,0,0,
function8,2,1,0,1,0,1,1,0,0,0,0,0,0,0,0,0,0,0,0,0,0,0,0,0,0,
function9,2,1,0,1,0,1,1,0,0,0,0,0,0,0,0,0,0,0,0,0,0,0,0,0,0,
Functions,1,1,0,0,1,1,0,0,0,0,0,0,0,0,0,0,0,0,0,0,0,0,0,0,0,
Further,1,0,1,0,0,0,0,1,0,0,0,0,0,0,0,0,0,0,0,0,0,0,0,0,0,
fuse,27,27,0,0,0,27,0,0,0,0,0,0,0,0,0,0,0,0,0,0,0,0,0,0,0,
Fuseable,15,0,3,12,0,0,9,4,0,0,2,0,0,0,0,0,0,0,0,0,0,0,0,0,0,
Fused,243,109,86,48,15,109,95,26,6,1,1,3,2,0,0,0,0,0,0,0,0,0,0,0,0,
Fused2,3,0,0,3,0,0,0,2,0,0,0,1,0,0,0,0,0,0,0,0,0,0,0,0,0,
Fusion,116,29,14,73,1,29,70,13,4,0,0,0,0,0,0,0,0,0,0,0,0,0,0,0,0,
Future,79,7,45,27,0,7,53,12,5,2,0,0,0,0,0,0,0,0,0,0,0,0,0,0,0,
Gapless,4,0,4,0,0,0,0,0,0,4,0,0,0,0,0,0,0,0,0,0,0,0,0,0,0,
Gaps,4,0,0,4,0,0,0,0,0,0,0,4,0,0,0,0,0,0,0,0,0,0,0,0,0,
generate,22,20,0,2,2,20,2,0,0,0,0,0,0,0,0,0,0,0,0,0,0,0,0,0,0,
Generator,12,4,0,8,0,4,4,4,0,0,0,0,0,0,0,0,0,0,0,0,0,0,0,0,0,
Generics,9,0,9,0,0,0,8,1,0,0,0,0,0,0,0,0,0,0,0,0,0,0,0,0,0,
get,202,164,25,13,10,164,33,0,0,5,0,0,0,0,0,0,0,0,0,0,0,0,0,0,0,
Give,2,0,2,0,0,0,0,0,0,2,0,0,0,0,0,0,0,0,0,0,0,0,0,0,0,
Go,6,0,2,4,0,0,0,0,0,6,0,0,0,0,0,0,0,0,0,0,0,0,0,0,0,
group,51,19,32,0,0,19,22,1,0,2,4,0,3,0,0,0,0,0,0,0,0,0,0,0,0,
Grouped,7,4,3,0,0,4,2,0,0,1,0,0,0,0,0,0,0,0,0,0,0,0,0,0,0,
groups,19,1,16,2,0,1,4,8,0,0,0,0,0,0,0,0,6,0,0,0,0,0,0,0,0,
Grow,2,0,0,2,0,0,0,0,0,0,0,0,0,0,1,1,0,0,0,0,0,0,0,0,0,
Guava,2,0,1,1,0,0,0,0,0,2,0,0,0,0,0,0,0,0,0,0,0,0,0,0,0,
H,1,0,1,0,0,0,0,0,1,0,0,0,0,0,0,0,0,0,0,0,0,0,0,0,0,
Half,6,1,0,5,0,1,1,0,0,0,0,0,2,0,0,0,2,0,0,0,0,0,0,0,0,
Handled,5,0,5,0,0,0,5,0,0,0,0,0,0,0,0,0,0,0,0,0,0,0,0,0,0,
Handler,53,1,12,40,0,1,0,8,12,10,12,0,5,5,0,0,0,0,0,0,0,0,0,0,0,
Handles,1,0,1,0,0,0,0,0,1,0,0,0,0,0,0,0,0,0,0,0,0,0,0,0,0,
Handling,5,0,1,4,0,0,1,0,4,0,0,0,0,0,0,0,0,0,0,0,0,0,0,0,0,
Hang,2,0,2,0,0,0,0,0,2,0,0,0,0,0,0,0,0,0,0,0,0,0,0,0,0,
Happening,4,0,4,0,0,0,0,0,0,4,0,0,0,0,0,0,0,0,0,0,0,0,0,0,0,
Happens,3,0,3,0,0,0,0,1,2,0,0,0,0,0,0,0,0,0,0,0,0,0,0,0,0,
has,185,132,53,0,0,132,5,2,26,14,6,0,0,0,0,0,0,0,0,0,0,0,0,0,0,
Hash,14,11,3,0,0,11,2,0,1,0,0,0,0,0,0,0,0,0,0,0,0,0,0,0,0,
Head,31,1,22,8,1,1,30,0,0,0,0,0,0,0,0,0,0,0,0,0,0,0,0,0,0,
Hello,2,0,2,0,0,0,2,0,0,0,0,0,0,0,0,0,0,0,0,0,0,0,0,0,0,
Helper,11,0,1,10,0,0,4,6,0,1,0,0,0,0,0,0,0,0,0,0,0,0,0,0,0,
Hidden,27,2,4,21,2,2,2,11,6,6,0,0,0,0,0,0,0,0,0,0,0,0,0,0,0,
hide,16,11,0,5,6,11,5,0,0,0,0,0,0,0,0,0,0,0,0,0,0,0,0,0,0,
Hiding,6,0,3,3,0,0,6,0,0,0,0,0,0,0,0,0,0,0,0,0,0,0,0,0,0,
Hint,23,0,2,21,0,0,8,11,4,0,0,0,0,0,0,0,0,0,0,0,0,0,0,0,0,
Holder,2,0,0,2,0,0,0,2,0,0,0,0,0,0,0,0,0,0,0,0,0,0,0,0,0,
holders,1,1,0,0,1,1,0,0,0,0,0,0,0,0,0,0,0,0,0,0,0,0,0,0,0,
Honored,8,0,4,4,0,0,0,8,0,0,0,0,0,0,0,0,0,0,0,0,0,0,0,0,0,
Honors,4,0,4,0,0,0,4,0,0,0,0,0,0,0,0,0,0,0,0,0,0,0,0,0,0,
Hook,6,0,4,2,0,0,4,0,0,0,0,0,0,0,2,0,0,0,0,0,0,0,0,0,0,
Hopping,1,0,1,0,0,0,0,0,0,0,0,1,0,0,0,0,0,0,0,0,0,0,0,0,0,
Hot,3,2,1,0,0,2,1,0,0,0,0,0,0,0,0,0,0,0,0,0,0,0,0,0,0,
IAE,3,0,0,3,0,0,0,2,1,0,0,0,0,0,0,0,0,0,0,0,0,0,0,0,0,
Idempotence,3,0,1,2,0,0,0,3,0,0,0,0,0,0,0,0,0,0,0,0,0,0,0,0,0,
Idempotent,4,0,0,4,0,0,0,2,2,0,0,0,0,0,0,0,0,0,0,0,0,0,0,0,0,
identity,6,2,2,2,1,2,2,2,0,0,0,0,0,0,0,0,0,0,0,0,0,0,0,0,0,
If,91,1,90,0,0,1,23,36,12,11,0,0,0,2,2,2,0,2,0,0,0,0,0,0,0,
If1,2,0,2,0,0,0,0,0,0,0,0,0,1,0,1,0,0,0,0,0,0,0,0,0,0,
If3,1,0,1,0,0,0,0,0,0,0,0,0,0,0,1,0,0,0,0,0,0,0,0,0,0,
ignore,42,25,15,2,0,25,16,0,0,1,0,0,0,0,0,0,0,0,0,0,0,0,0,0,0,
Ignored,10,0,6,4,0,0,2,2,2,0,4,0,0,0,0,0,0,0,0,0,0,0,0,0,0,
Ignores,9,0,9,0,0,0,7,0,0,0,0,0,0,2,0,0,0,0,0,0,0,0,0,0,0,
Ignoring,3,0,3,0,0,0,3,0,0,0,0,0,0,0,0,0,0,0,0,0,0,0,0,0,0,
Illegal,2,0,1,1,0,0,0,0,0,2,0,0,0,0,0,0,0,0,0,0,0,0,0,0,0,
Immediate,18,9,6,3,0,9,2,3,0,0,4,0,0,0,0,0,0,0,0,0,0,0,0,0,0,
Immediately,18,0,6,12,0,0,2,5,4,2,1,4,0,0,0,0,0,0,0,0,0,0,0,0,0,
Impl,1,0,1,0,0,0,0,0,0,0,0,0,0,1,0,0,0,0,0,0,0,0,0,0,0,
Implementation,3,1,0,2,0,1,0,2,0,0,0,0,0,0,0,0,0,0,0,0,0,0,0,0,0,
Implemented,9,0,9,0,0,0,0,3,5,1,0,0,0,0,0,0,0,0,0,0,0,0,0,0,0,
In,96,0,91,5,0,0,10,8,15,8,20,26,2,0,0,5,1,1,0,0,0,0,0,0,0,
In1,1,0,0,1,0,0,0,0,0,0,1,0,0,0,0,0,0,0,0,0,0,0,0,0,0,
Includes,4,0,4,0,0,0,0,2,2,0,0,0,0,0,0,0,0,0,0,0,0,0,0,0,0,
Incomplete,12,0,2,10,0,0,0,0,2,0,4,4,2,0,0,0,0,0,0,0,0,0,0,0,0,
Incrementing,3,3,0,0,0,3,0,0,0,0,0,0,0,0,0,0,0,0,0,0,0,0,0,0,0,
Increments,2,0,2,0,0,0,0,0,0,0,0,2,0,0,0,0,0,0,0,0,0,0,0,0,0,
Indefinitely,2,0,0,2,0,0,0,2,0,0,0,0,0,0,0,0,0,0,0,0,0,0,0,0,0,
Independent,2,0,2,0,0,0,0,2,0,0,0,0,0,0,0,0,0,0,0,0,0,0,0,0,0,
independently,1,1,0,0,0,1,0,0,0,0,0,0,0,0,0,0,0,0,0,0,0,0,0,0,0,
index,43,3,17,23,2,3,5,8,6,6,8,4,3,0,0,0,0,0,0,0,0,0,0,0,0,
Index0,4,0,4,0,0,0,0,4,0,0,0,0,0,0,0,0,0,0,0,0,0,0,0,0,0,
Index1,8,0,8,0,0,0,0,6,0,2,0,0,0,0,0,0,0,0,0,0,0,0,0,0,0,
Indicated,2,0,0,2,0,0,2,0,0,0,0,0,0,0,0,0,0,0,0,0,0,0,0,0,0,
Indicated2,1,0,0,1,0,0,1,0,0,0,0,0,0,0,0,0,0,0,0,0,0,0,0,0,0,
Indicated3,1,0,0,1,0,0,1,0,0,0,0,0,0,0,0,0,0,0,0,0,0,0,0,0,0,
Induces,1,0,1,0,0,0,0,0,0,0,0,0,0,0,0,1,0,0,0,0,0,0,0,0,0,
Inequal,4,0,2,2,0,0,4,0,0,0,0,0,0,0,0,0,0,0,0,0,0,0,0,0,0,
Inexact,1,0,0,1,0,0,0,0,1,0,0,0,0,0,0,0,0,0,0,0,0,0,0,0,0,
Inexistence,4,0,2,2,0,0,0,0,4,0,0,0,0,0,0,0,0,0,0,0,0,0,0,0,0,
INFINITE,46,2,34,10,2,2,10,12,4,2,10,0,4,2,0,0,0,0,0,0,0,0,0,0,0,
Infinity,2,0,0,2,0,0,0,0,0,2,0,0,0,0,0,0,0,0,0,0,0,0,0,0,0,
Ingores,2,0,2,0,0,0,0,2,0,0,0,0,0,0,0,0,0,0,0,0,0,0,0,0,0,
Init,23,5,18,0,0,5,16,0,0,0,2,0,0,0,0,0,0,0,0,0,0,0,0,0,0,
Initial,49,2,47,0,0,2,14,8,13,12,0,0,0,0,0,0,0,0,0,0,0,0,0,0,0,
initialize,2,2,0,0,0,2,0,0,0,0,0,0,0,0,0,0,0,0,0,0,0,0,0,0,0,
Initialized,4,0,4,0,0,0,0,0,0,0,3,1,0,0,0,0,0,0,0,0,0,0,0,0,0,
Inline,10,0,6,4,0,0,10,0,0,0,0,0,0,0,0,0,0,0,0,0,0,0,0,0,0,
Inner,404,223,137,44,0,223,89,66,16,3,0,4,0,0,2,0,0,0,1,0,0,0,0,0,0,
Inprocess,2,2,0,0,0,2,0,0,0,0,0,0,0,0,0,0,0,0,0,0,0,0,0,0,0,
input,23,14,7,2,0,14,7,2,0,0,0,0,0,0,0,0,0,0,0,0,0,0,0,0,0,
Inside,2,0,0,2,0,0,0,0,0,0,1,1,0,0,0,0,0,0,0,0,0,0,0,0,0,
Instance,7,3,1,3,3,3,2,2,0,0,0,0,0,0,0,0,0,0,0,0,0,0,0,0,0,
Instant,1,1,0,0,0,1,0,0,0,0,0,0,0,0,0,0,0,0,0,0,0,0,0,0,0,
Instead,2,0,2,0,0,0,0,2,0,0,0,0,0,0,0,0,0,0,0,0,0,0,0,0,0,
Int,37,0,29,8,0,0,4,11,18,4,0,0,0,0,0,0,0,0,0,0,0,0,0,0,0,
Integer,16,0,16,0,0,0,0,0,14,0,0,0,0,2,0,0,0,0,0,0,0,0,0,0,0,
Integers,11,0,6,5,0,0,1,8,0,2,0,0,0,0,0,0,0,0,0,0,0,0,0,0,0,
Interleave,2,0,0,2,0,0,0,0,0,0,2,0,0,0,0,0,0,0,0,0,0,0,0,0,0,
Interleaves,2,0,2,0,0,0,0,0,2,0,0,0,0,0,0,0,0,0,0,0,0,0,0,0,0,
Interleaving,2,0,2,0,0,0,0,0,0,2,0,0,0,0,0,0,0,0,0,0,0,0,0,0,0,
Intermediate,1,0,0,1,0,0,1,0,0,0,0,0,0,0,0,0,0,0,0,0,0,0,0,0,0,
Internal,10,2,8,0,1,2,6,2,0,0,0,0,0,0,0,0,0,0,0,0,0,0,0,0,0,
Internally,2,0,2,0,0,0,0,0,0,0,2,0,0,0,0,0,0,0,0,0,0,0,0,0,0,
Internals,2,0,2,0,0,0,2,0,0,0,0,0,0,0,0,0,0,0,0,0,0,0,0,0,0,
Interop,1,0,1,0,0,0,1,0,0,0,0,0,0,0,0,0,0,0,0,0,0,0,0,0,0,
Interrupt,24,8,3,13,5,8,6,2,7,1,0,0,0,0,0,0,0,0,0,0,0,0,0,0,0,
Interrupted,6,3,0,3,3,3,2,1,0,0,0,0,0,0,0,0,0,0,0,0,0,0,0,0,0,
interruptible,6,1,0,5,1,1,5,0,0,0,0,0,0,0,0,0,0,0,0,0,0,0,0,0,0,
interval,48,20,16,12,2,20,24,4,0,0,0,0,0,0,0,0,0,0,0,0,0,0,0,0,0,
Intervals,2,0,2,0,0,0,0,0,2,0,0,0,0,0,0,0,0,0,0,0,0,0,0,0,0,
Into,21,0,17,4,0,0,14,7,0,0,0,0,0,0,0,0,0,0,0,0,0,0,0,0,0,
Ints,4,0,2,2,0,0,4,0,0,0,0,0,0,0,0,0,0,0,0,0,0,0,0,0,0,
invalid,34,8,22,4,0,8,13,0,8,3,2,0,0,0,0,0,0,0,0,0,0,0,0,0,0,
Invoke,4,1,3,0,1,1,0,3,0,0,0,0,0,0,0,0,0,0,0,0,0,0,0,0,0,
Invokes,8,0,8,0,0,0,0,6,0,2,0,0,0,0,0,0,0,0,0,0,0,0,0,0,0,
Involved,2,0,0,2,0,0,0,0,0,0,2,0,0,0,0,0,0,0,0,0,0,0,0,0,0,
Io,18,2,14,2,1,2,9,6,0,1,0,0,0,0,0,0,0,0,0,0,0,0,0,0,0,
is,590,442,148,0,0,442,25,26,48,31,9,5,2,0,0,1,0,1,0,0,0,0,0,0,0,
Issue1451,4,0,4,0,0,0,4,0,0,0,0,0,0,0,0,0,0,0,0,0,0,0,0,0,0,
Issue1522,2,0,0,2,0,0,2,0,0,0,0,0,0,0,0,0,0,0,0,0,0,0,0,0,0,
Issue1527,4,0,2,2,0,0,4,0,0,0,0,0,0,0,0,0,0,0,0,0,0,0,0,0,0,
Issue1677,2,0,0,2,0,0,2,0,0,0,0,0,0,0,0,0,0,0,0,0,0,0,0,0,0,
Issue1685,2,0,0,2,0,0,0,0,2,0,0,0,0,0,0,0,0,0,0,0,0,0,0,0,0,
Issue1717,2,0,0,2,0,0,0,0,0,2,0,0,0,0,0,0,0,0,0,0,0,0,0,0,0,
Issue1812,2,0,0,2,0,0,2,0,0,0,0,0,0,0,0,0,0,0,0,0,0,0,0,0,0,
Issue1900,4,0,2,2,0,0,4,0,0,0,0,0,0,0,0,0,0,0,0,0,0,0,0,0,0,
Issue1935,8,0,8,0,0,0,8,0,0,0,0,0,0,0,0,0,0,0,0,0,0,0,0,0,0,
Issue2191,6,0,6,0,0,0,6,0,0,0,0,0,0,0,0,0,0,0,0,0,0,0,0,0,0,
Issue2654,2,0,0,2,0,0,2,0,0,0,0,0,0,0,0,0,0,0,0,0,0,0,0,0,0,
Issue2826,2,0,0,2,0,0,2,0,0,0,0,0,0,0,0,0,0,0,0,0,0,0,0,0,0,
Issue2876,2,0,0,2,0,0,0,0,0,0,2,0,0,0,0,0,0,0,0,0,0,0,0,0,0,
Issue2890,2,0,2,0,0,0,2,0,0,0,0,0,0,0,0,0,0,0,0,0,0,0,0,0,0,
Issue3008,4,0,4,0,0,0,4,0,0,0,0,0,0,0,0,0,0,0,0,0,0,0,0,0,0,
Issue417,2,0,0,2,0,0,0,0,2,0,0,0,0,0,0,0,0,0,0,0,0,0,0,0,0,
Issue737,2,0,0,2,0,0,0,2,0,0,0,0,0,0,0,0,0,0,0,0,0,0,0,0,0,
Issue813,2,0,0,2,0,0,2,0,0,0,0,0,0,0,0,0,0,0,0,0,0,0,0,0,0,
It,8,0,6,2,0,0,0,0,0,0,1,2,5,0,0,0,0,0,0,0,0,0,0,0,0,
Item,37,8,16,13,2,8,2,8,6,6,4,2,0,0,0,0,1,0,0,0,0,0,0,0,0,
items,21,2,11,8,2,2,0,1,4,8,4,2,0,0,0,0,0,0,0,0,0,0,0,0,0,
Iterable,344,8,255,81,0,8,163,110,40,21,2,0,0,0,0,0,0,0,0,0,0,0,0,0,0,
Iterable0,2,0,0,2,0,0,0,0,2,0,0,0,0,0,0,0,0,0,0,0,0,0,0,0,0,
Iterable1,5,0,3,2,0,0,3,0,2,0,0,0,0,0,0,0,0,0,0,0,0,0,0,0,0,
Iterable2,14,0,13,1,0,0,14,0,0,0,0,0,0,0,0,0,0,0,0,0,0,0,0,0,0,
iterate,1,1,0,0,1,1,0,0,0,0,0,0,0,0,0,0,0,0,0,0,0,0,0,0,0,
iterative,2,2,0,0,0,2,0,0,0,0,0,0,0,0,0,0,0,0,0,0,0,0,0,0,0,
iterator,127,59,57,11,40,59,9,36,10,11,2,0,0,0,0,0,0,0,0,0,0,0,0,0,0,
Iterators,6,0,0,6,0,0,0,0,0,6,0,0,0,0,0,0,0,0,0,0,0,0,0,0,0,
Its,1,0,1,0,0,0,0,0,1,0,0,0,0,0,0,0,0,0,0,0,0,0,0,0,0,
Jail,1,1,0,0,1,1,0,0,0,0,0,0,0,0,0,0,0,0,0,0,0,0,0,0,0,
Java,1,0,1,0,0,0,1,0,0,0,0,0,0,0,0,0,0,0,0,0,0,0,0,0,0,
Javadoc,1,0,0,1,0,0,0,0,0,0,0,0,0,0,0,0,1,0,0,0,0,0,0,0,0,
Join,22,8,4,10,2,8,9,5,0,0,0,0,0,0,0,0,0,0,0,0,0,0,0,0,0,
Just,130,56,44,30,27,56,31,21,9,9,4,0,0,0,0,0,0,0,0,0,0,0,0,0,0,
just0,2,2,0,0,2,2,0,0,0,0,0,0,0,0,0,0,0,0,0,0,0,0,0,0,0,
just10,2,2,0,0,1,2,0,0,0,0,0,0,0,0,0,0,0,0,0,0,0,0,0,0,0,
just2,2,2,0,0,2,2,0,0,0,0,0,0,0,0,0,0,0,0,0,0,0,0,0,0,0,
Keeps,1,0,1,0,0,0,0,1,0,0,0,0,0,0,0,0,0,0,0,0,0,0,0,0,0,
Key,39,7,26,6,0,7,4,13,0,0,4,2,4,2,2,1,0,0,0,0,0,0,0,0,0,
keys,1,1,0,0,1,1,0,0,0,0,0,0,0,0,0,0,0,0,0,0,0,0,0,0,0,
Kind,5,2,0,3,2,2,1,1,1,0,0,0,0,0,0,0,0,0,0,0,0,0,0,0,0,
Lambda,4,2,2,0,0,2,2,0,0,0,0,0,0,0,0,0,0,0,0,0,0,0,0,0,0,
large,1,1,0,0,0,1,0,0,0,0,0,0,0,0,0,0,0,0,0,0,0,0,0,0,0,
Last,235,22,176,37,2,22,131,50,13,10,6,0,2,0,0,0,0,1,0,0,0,0,0,0,0,
Last1,4,0,0,4,0,0,0,4,0,0,0,0,0,0,0,0,0,0,0,0,0,0,0,0,0,
Last2,4,0,0,4,0,0,0,4,0,0,0,0,0,0,0,0,0,0,0,0,0,0,0,0,0,
Latch,2,0,0,2,0,0,0,0,0,0,0,2,0,0,0,0,0,0,0,0,0,0,0,0,0,
Latched,3,1,2,0,0,1,2,0,0,0,0,0,0,0,0,0,0,0,0,0,0,0,0,0,0,
Late,9,4,2,3,0,4,4,1,0,0,0,0,0,0,0,0,0,0,0,0,0,0,0,0,0,
Latecommer,2,0,0,2,0,0,2,0,0,0,0,0,0,0,0,0,0,0,0,0,0,0,0,0,0,
Latest,128,2,99,27,0,2,81,24,8,9,2,0,2,0,0,0,0,0,0,0,0,0,0,0,0,
Latest2,2,0,2,0,0,0,0,2,0,0,0,0,0,0,0,0,0,0,0,0,0,0,0,0,0,
Latest3,4,0,4,0,0,0,0,4,0,0,0,0,0,0,0,0,0,0,0,0,0,0,0,0,0,
Lazily,4,0,0,4,0,0,0,0,0,0,0,3,1,0,0,0,0,0,0,0,0,0,0,0,0,
Lazy,8,0,0,8,0,0,0,2,6,0,0,0,0,0,0,0,0,0,0,0,0,0,0,0,0,
Leak,14,0,6,8,0,0,0,6,2,4,2,0,0,0,0,0,0,0,0,0,0,0,0,0,0,
Leak2,4,0,0,4,0,0,0,4,0,0,0,0,0,0,0,0,0,0,0,0,0,0,0,0,0,
leave,5,5,0,0,3,5,0,0,0,0,0,0,0,0,0,0,0,0,0,0,0,0,0,0,0,
Leaves,1,0,1,0,0,0,1,0,0,0,0,0,0,0,0,0,0,0,0,0,0,0,0,0,0,
leaving,1,1,0,0,0,1,0,0,0,0,0,0,0,0,0,0,0,0,0,0,0,0,0,0,0,
Left,25,20,0,5,0,20,0,5,0,0,0,0,0,0,0,0,0,0,0,0,0,0,0,0,0,
Length,8,0,8,0,0,0,0,0,4,4,0,0,0,0,0,0,0,0,0,0,0,0,0,0,0,
Less,7,0,4,3,0,0,0,1,6,0,0,0,0,0,0,0,0,0,0,0,0,0,0,0,0,
Less2,1,0,0,1,0,0,0,1,0,0,0,0,0,0,0,0,0,0,0,0,0,0,0,0,0,
Less3,1,0,0,1,0,0,0,1,0,0,0,0,0,0,0,0,0,0,0,0,0,0,0,0,0,
library,2,2,0,0,0,2,0,0,0,0,0,0,0,0,0,0,0,0,0,0,0,0,0,0,0,
Licenses,1,0,0,1,0,0,0,0,1,0,0,0,0,0,0,0,0,0,0,0,0,0,0,0,0,
Lifecycle,11,0,6,5,0,0,0,9,2,0,0,0,0,0,0,0,0,0,0,0,0,0,0,0,0,
lift,26,19,0,7,6,19,5,0,0,0,0,2,0,0,0,0,0,0,0,0,0,0,0,0,0,
limit,13,9,2,2,5,9,1,1,2,0,0,0,0,0,0,0,0,0,0,0,0,0,0,0,0,
Limited,8,0,3,5,0,0,0,2,0,4,0,2,0,0,0,0,0,0,0,0,0,0,0,0,0,
Line,3,2,0,1,0,2,1,0,0,0,0,0,0,0,0,0,0,0,0,0,0,0,0,0,0,
Lines,1,0,0,1,0,0,0,1,0,0,0,0,0,0,0,0,0,0,0,0,0,0,0,0,0,
Linked,21,3,18,0,0,3,8,10,0,0,0,0,0,0,0,0,0,0,0,0,0,0,0,0,0,
List,114,13,64,37,9,13,40,36,13,12,0,0,0,0,0,0,0,0,0,0,0,0,0,0,0,
Lists,2,0,0,2,0,0,2,0,0,0,0,0,0,0,0,0,0,0,0,0,0,0,0,0,0,
Live,5,0,1,4,0,0,5,0,0,0,0,0,0,0,0,0,0,0,0,0,0,0,0,0,0,
load,5,5,0,0,1,5,0,0,0,0,0,0,0,0,0,0,0,0,0,0,0,0,0,0,0,
Lockdown,3,2,0,1,2,2,1,0,0,0,0,0,0,0,0,0,0,0,0,0,0,0,0,0,0,
Logic,2,0,0,2,0,0,0,0,0,2,0,0,0,0,0,0,0,0,0,0,0,0,0,0,0,
Long,50,12,19,19,0,12,28,9,0,0,0,0,1,0,0,0,0,0,0,0,0,0,0,0,0,
Long2,1,0,0,1,0,0,0,1,0,0,0,0,0,0,0,0,0,0,0,0,0,0,0,0,0,
longer,1,1,0,0,0,1,0,0,0,0,0,0,0,0,0,0,0,0,0,0,0,0,0,0,0,
Look,1,0,1,0,0,0,1,0,0,0,0,0,0,0,0,0,0,0,0,0,0,0,0,0,0,
Loop,59,0,9,50,0,0,27,8,4,8,9,1,2,0,0,0,0,0,0,0,0,0,0,0,0,
Loss,6,0,0,6,0,0,0,6,0,0,0,0,0,0,0,0,0,0,0,0,0,0,0,0,0,
Lost,5,0,0,5,0,0,0,0,1,0,4,0,0,0,0,0,0,0,0,0,0,0,0,0,0,
Lot,7,0,6,1,0,0,0,3,4,0,0,0,0,0,0,0,0,0,0,0,0,0,0,0,0,
Lots,2,0,0,2,0,0,2,0,0,0,0,0,0,0,0,0,0,0,0,0,0,0,0,0,0,
lp,4,4,0,0,0,4,0,0,0,0,0,0,0,0,0,0,0,0,0,0,0,0,0,0,0,
lv,8,8,0,0,0,8,0,0,0,0,0,0,0,0,0,0,0,0,0,0,0,0,0,0,0,
main,200,103,79,18,3,103,40,25,23,8,1,0,0,0,0,0,0,0,0,0,0,0,0,0,0,
manage,1,1,0,0,0,1,0,0,0,0,0,0,0,0,0,0,0,0,0,0,0,0,0,0,0,
manager,1,1,0,0,0,1,0,0,0,0,0,0,0,0,0,0,0,0,0,0,0,0,0,0,0,
manual,2,2,0,0,0,2,0,0,0,0,0,0,0,0,0,0,0,0,0,0,0,0,0,0,0,
Many,78,18,38,22,2,18,9,22,6,11,0,8,0,4,0,0,0,0,0,0,0,0,0,0,0,
Many2,2,0,0,2,0,0,0,2,0,0,0,0,0,0,0,0,0,0,0,0,0,0,0,0,0,
Map,627,61,501,65,6,61,367,165,20,12,2,0,0,0,0,0,0,0,0,0,0,0,0,0,0,
Map0,1,0,0,1,0,0,1,0,0,0,0,0,0,0,0,0,0,0,0,0,0,0,0,0,0,
Map2,2,0,0,2,0,0,0,0,0,2,0,0,0,0,0,0,0,0,0,0,0,0,0,0,0,
Mapped,4,1,1,2,0,1,2,1,0,0,0,0,0,0,0,0,0,0,0,0,0,0,0,0,0,
Mapper,97,57,38,2,0,57,16,2,22,0,0,0,0,0,0,0,0,0,0,0,0,0,0,0,0,
mapping,2,2,0,0,0,2,0,0,0,0,0,0,0,0,0,0,0,0,0,0,0,0,0,0,0,
maps,2,2,0,0,0,2,0,0,0,0,0,0,0,0,0,0,0,0,0,0,0,0,0,0,0,
Match,16,0,6,10,0,0,0,0,8,5,3,0,0,0,0,0,0,0,0,0,0,0,0,0,0,
Matching,26,0,26,0,0,0,0,0,4,10,3,3,2,4,0,0,0,0,0,0,0,0,0,0,0,
materialize,8,4,2,2,2,4,4,0,0,0,0,0,0,0,0,0,0,0,0,0,0,0,0,0,0,
Materialize1,2,0,0,2,0,0,2,0,0,0,0,0,0,0,0,0,0,0,0,0,0,0,0,0,0,
Materialize2,2,0,0,2,0,0,2,0,0,0,0,0,0,0,0,0,0,0,0,0,0,0,0,0,0,
Materialized,2,0,2,0,0,0,0,2,0,0,0,0,0,0,0,0,0,0,0,0,0,0,0,0,0,
Max,121,35,84,2,0,35,22,27,17,13,2,2,0,1,1,0,1,0,0,0,0,0,0,0,0,
maybe,273,91,106,76,3,91,51,82,38,7,0,4,0,0,0,0,0,0,0,0,0,0,0,0,0,
Maybe0,2,0,0,2,0,0,0,0,2,0,0,0,0,0,0,0,0,0,0,0,0,0,0,0,0,
Maybe1,2,0,0,2,0,0,0,0,2,0,0,0,0,0,0,0,0,0,0,0,0,0,0,0,0,
Maybeobervable,1,0,0,1,0,0,1,0,0,0,0,0,0,0,0,0,0,0,0,0,0,0,0,0,0,
Means,2,0,2,0,0,0,2,0,0,0,0,0,0,0,0,0,0,0,0,0,0,0,0,0,0,
Memory,3,1,1,1,0,1,2,0,0,0,0,0,0,0,0,0,0,0,0,0,0,0,0,0,0,
Mentioned,1,0,1,0,0,0,1,0,0,0,0,0,0,0,0,0,0,0,0,0,0,0,0,0,0,
merge,278,205,67,6,5,205,59,8,2,2,0,0,2,0,0,0,0,0,0,0,0,0,0,0,0,
merge0,1,1,0,0,1,1,0,0,0,0,0,0,0,0,0,0,0,0,0,0,0,0,0,0,0,
merge1,9,9,0,0,0,9,0,0,0,0,0,0,0,0,0,0,0,0,0,0,0,0,0,0,0,
merge10,2,2,0,0,0,2,0,0,0,0,0,0,0,0,0,0,0,0,0,0,0,0,0,0,0,
merge100,2,2,0,0,0,2,0,0,0,0,0,0,0,0,0,0,0,0,0,0,0,0,0,0,0,
merge1000,4,4,0,0,0,4,0,0,0,0,0,0,0,0,0,0,0,0,0,0,0,0,0,0,0,
merge10000,2,2,0,0,0,2,0,0,0,0,0,0,0,0,0,0,0,0,0,0,0,0,0,0,0,
merge1000000,2,2,0,0,0,2,0,0,0,0,0,0,0,0,0,0,0,0,0,0,0,0,0,0,0,
merge2,2,2,0,0,2,2,0,0,0,0,0,0,0,0,0,0,0,0,0,0,0,0,0,0,0,
merge2000,2,2,0,0,0,2,0,0,0,0,0,0,0,0,0,0,0,0,0,0,0,0,0,0,0,
merge3,2,2,0,0,2,2,0,0,0,0,0,0,0,0,0,0,0,0,0,0,0,0,0,0,0,
merge4,3,3,0,0,2,3,0,0,0,0,0,0,0,0,0,0,0,0,0,0,0,0,0,0,0,
Merger,1,1,0,0,0,1,0,0,0,0,0,0,0,0,0,0,0,0,0,0,0,0,0,0,0,
Merges,1,0,1,0,0,0,0,0,0,1,0,0,0,0,0,0,0,0,0,0,0,0,0,0,0,
merging,2,2,0,0,0,2,0,0,0,0,0,0,0,0,0,0,0,0,0,0,0,0,0,0,0,
Message,14,2,4,8,0,2,2,1,1,0,0,0,0,8,0,0,0,0,0,0,0,0,0,0,0,
method,10,6,0,4,0,6,0,0,2,0,0,2,0,0,0,0,0,0,0,0,0,0,0,0,0,
Methods,28,0,26,2,0,0,2,0,26,0,0,0,0,0,0,0,0,0,0,0,0,0,0,0,0,
Mid,4,0,4,0,0,0,0,4,0,0,0,0,0,0,0,0,0,0,0,0,0,0,0,0,0,
middle,12,8,0,4,0,8,0,0,0,0,0,4,0,0,0,0,0,0,0,0,0,0,0,0,0,
Min,1,0,1,0,0,0,1,0,0,0,0,0,0,0,0,0,0,0,0,0,0,0,0,0,0,
Minus,6,0,6,0,0,0,0,0,0,3,0,3,0,0,0,0,0,0,0,0,0,0,0,0,0,
Misbehave,2,0,0,2,0,0,0,2,0,0,0,0,0,0,0,0,0,0,0,0,0,0,0,0,0,
Missed,5,1,3,1,0,1,3,1,0,0,0,0,0,0,0,0,0,0,0,0,0,0,0,0,0,
Missing,33,4,23,6,0,4,7,16,6,0,0,0,0,0,0,0,0,0,0,0,0,0,0,0,0,
mix,2,1,1,0,1,1,1,0,0,0,0,0,0,0,0,0,0,0,0,0,0,0,0,0,0,
Mixed,11,6,2,3,2,6,2,1,2,0,0,0,0,0,0,0,0,0,0,0,0,0,0,0,0,
Mixed1,2,0,0,2,0,0,1,0,1,0,0,0,0,0,0,0,0,0,0,0,0,0,0,0,0,
Mixed2,2,0,0,2,0,0,1,0,1,0,0,0,0,0,0,0,0,0,0,0,0,0,0,0,0,
Mixed3,1,0,0,1,0,0,0,0,1,0,0,0,0,0,0,0,0,0,0,0,0,0,0,0,0,
Mixture,5,1,2,2,1,1,0,4,0,0,0,0,0,0,0,0,0,0,0,0,0,0,0,0,0,
Mock,11,5,2,4,0,5,0,6,0,0,0,0,0,0,0,0,0,0,0,0,0,0,0,0,0,
Mode,18,1,7,10,0,1,11,4,2,0,0,0,0,0,0,0,0,0,0,0,0,0,0,0,0,
Modified,1,0,0,1,0,0,0,0,0,0,0,1,0,0,0,0,0,0,0,0,0,0,0,0,0,
More,37,1,24,12,0,1,10,4,4,0,10,3,4,0,0,0,0,0,1,0,0,0,0,0,0,
Most,13,3,10,0,0,3,8,2,0,0,0,0,0,0,0,0,0,0,0,0,0,0,0,0,0,
move,2,2,0,0,0,2,0,0,0,0,0,0,0,0,0,0,0,0,0,0,0,0,0,0,0,
Movie,2,0,2,0,0,0,0,0,0,2,0,0,0,0,0,0,0,0,0,0,0,0,0,0,0,
Mpsc,5,5,0,0,0,5,0,0,0,0,0,0,0,0,0,0,0,0,0,0,0,0,0,0,0,
Ms,3,0,0,3,0,0,0,1,2,0,0,0,0,0,0,0,0,0,0,0,0,0,0,0,0,
Multi,30,7,23,0,0,7,21,2,0,0,0,0,0,0,0,0,0,0,0,0,0,0,0,0,0,
Multicast,8,7,0,1,0,7,0,1,0,0,0,0,0,0,0,0,0,0,0,0,0,0,0,0,0,
Multimap,48,0,44,4,0,0,16,32,0,0,0,0,0,0,0,0,0,0,0,0,0,0,0,0,0,
Multiple,81,9,70,2,0,9,21,22,21,3,0,3,2,0,0,0,0,0,0,0,0,0,0,0,0,
multiply,3,2,1,0,0,2,1,0,0,0,0,0,0,0,0,0,0,0,0,0,0,0,0,0,0,
mutable,2,2,0,0,0,2,0,0,0,0,0,0,0,0,0,0,0,0,0,0,0,0,0,0,0,
My,1,1,0,0,0,1,0,0,0,0,0,0,0,0,0,0,0,0,0,0,0,0,0,0,0,
N,24,0,14,10,0,0,8,6,0,1,7,0,2,0,0,0,0,0,0,0,0,0,0,0,0,
Na,1,0,1,0,0,0,0,0,0,0,0,1,0,0,0,0,0,0,0,0,0,0,0,0,0,
Name,2,0,0,2,0,0,0,2,0,0,0,0,0,0,0,0,0,0,0,0,0,0,0,0,0,
Naming,1,0,0,1,0,0,0,0,1,0,0,0,0,0,0,0,0,0,0,0,0,0,0,0,0,
natural,3,3,0,0,0,3,0,0,0,0,0,0,0,0,0,0,0,0,0,0,0,0,0,0,0,
nbp,3,3,0,0,0,3,0,0,0,0,0,0,0,0,0,0,0,0,0,0,0,0,0,0,0,
Near,6,0,6,0,0,0,6,0,0,0,0,0,0,0,0,0,0,0,0,0,0,0,0,0,0,
Needed,1,0,1,0,0,0,0,0,0,0,1,0,0,0,0,0,0,0,0,0,0,0,0,0,0,
Needs,6,0,6,0,0,0,0,0,0,0,0,1,0,5,0,0,0,0,0,0,0,0,0,0,0,
Negative,29,9,15,5,0,9,7,3,1,7,2,0,0,0,0,0,0,0,0,0,0,0,0,0,0,
Nepotism,1,0,0,1,0,0,0,0,0,0,1,0,0,0,0,0,0,0,0,0,0,0,0,0,0,
Nested,24,0,24,0,0,0,10,0,12,2,0,0,0,0,0,0,0,0,0,0,0,0,0,0,0,
never,50,19,28,3,10,19,15,7,1,2,4,0,0,2,0,0,0,0,0,0,0,0,0,0,0,
new,43,16,27,0,0,16,11,7,1,8,0,0,0,0,0,0,0,0,0,0,0,0,0,0,0,
Next,1092,95,336,661,45,95,655,178,78,25,25,10,9,6,3,6,0,2,0,0,0,0,0,0,0,
Next2,2,0,2,0,0,0,2,0,0,0,0,0,0,0,0,0,0,0,0,0,0,0,0,0,0,
No,301,77,224,0,0,77,102,56,35,20,7,0,2,2,0,0,0,0,0,0,0,0,0,0,0,
Node,12,4,0,8,4,4,2,6,0,0,0,0,0,0,0,0,0,0,0,0,0,0,0,0,0,
Non,83,17,66,0,0,17,24,14,15,5,4,0,0,4,0,0,0,0,0,0,0,0,0,0,0,
None,42,0,29,13,0,0,3,5,11,2,15,2,4,0,0,0,0,0,0,0,0,0,0,0,0,
None2,1,0,0,1,0,0,1,0,0,0,0,0,0,0,0,0,0,0,0,0,0,0,0,0,0,
noneager,1,1,0,0,0,1,0,0,0,0,0,0,0,0,0,0,0,0,0,0,0,0,0,0,0,
nonfused,3,3,0,0,0,3,0,0,0,0,0,0,0,0,0,0,0,0,0,0,0,0,0,0,0,
Normal,305,207,22,76,65,207,23,27,22,13,7,4,0,0,1,1,0,0,0,0,0,0,0,0,0,
normal0,1,1,0,0,1,1,0,0,0,0,0,0,0,0,0,0,0,0,0,0,0,0,0,0,0,
Normal1,18,8,0,10,6,8,0,2,4,4,0,0,0,0,0,0,0,0,0,0,0,0,0,0,0,
Normal2,3,2,0,1,2,2,1,0,0,0,0,0,0,0,0,0,0,0,0,0,0,0,0,0,0,
Normal3,1,0,0,1,0,0,1,0,0,0,0,0,0,0,0,0,0,0,0,0,0,0,0,0,0,
Normally,1,0,0,1,0,0,0,0,0,0,1,0,0,0,0,0,0,0,0,0,0,0,0,0,0,
Not,175,6,167,2,0,6,41,25,21,37,15,13,7,4,2,0,3,0,1,0,0,0,0,0,0,
Nothing,6,0,2,4,0,0,0,4,0,2,0,0,0,0,0,0,0,0,0,0,0,0,0,0,0,
Notification,53,7,32,14,1,7,12,16,1,11,1,0,0,0,5,0,0,0,0,0,0,0,0,0,0,
Notifications,5,0,3,2,0,0,0,0,2,3,0,0,0,0,0,0,0,0,0,0,0,0,0,0,0,
Notify,3,0,3,0,0,0,0,3,0,0,0,0,0,0,0,0,0,0,0,0,0,0,0,0,0,
NOTIMPLEMENTED,2,0,0,2,0,0,0,2,0,0,0,0,0,0,0,0,0,0,0,0,0,0,0,0,0,
now,5,4,0,1,4,4,0,1,0,0,0,0,0,0,0,0,0,0,0,0,0,0,0,0,0,
NP,4,0,4,0,0,0,0,0,0,4,0,0,0,0,0,0,0,0,0,0,0,0,0,0,0,
Npe,10,1,0,9,0,1,2,1,1,5,0,0,0,0,0,0,0,0,0,0,0,0,0,0,0,
Nthat,1,0,1,0,0,0,0,0,1,0,0,0,0,0,0,0,0,0,0,0,0,0,0,0,0,
null,1185,45,90,1050,0,45,107,302,343,239,110,29,8,2,0,0,0,0,0,0,0,0,0,0,0,
Null1,7,0,2,5,0,0,0,6,1,0,0,0,0,0,0,0,0,0,0,0,0,0,0,0,0,
Null2,12,0,2,10,0,0,1,8,1,2,0,0,0,0,0,0,0,0,0,0,0,0,0,0,0,
Null3,2,0,0,2,0,0,0,2,0,0,0,0,0,0,0,0,0,0,0,0,0,0,0,0,0,
Nulls,5,0,0,5,0,0,0,0,1,0,2,0,2,0,0,0,0,0,0,0,0,0,0,0,0,
Number,2,0,0,2,0,0,2,0,0,0,0,0,0,0,0,0,0,0,0,0,0,0,0,0,0,
obervable,1,1,0,0,0,1,0,0,0,0,0,0,0,0,0,0,0,0,0,0,0,0,0,0,0,
Object,8,1,0,7,0,1,0,6,1,0,0,0,0,0,0,0,0,0,0,0,0,0,0,0,0,
Objects,8,0,4,4,0,0,0,4,4,0,0,0,0,0,0,0,0,0,0,0,0,0,0,0,0,
obs,16,16,0,0,0,16,0,0,0,0,0,0,0,0,0,0,0,0,0,0,0,0,0,0,0,
Obs0,3,0,0,3,0,0,0,0,0,0,3,0,0,0,0,0,0,0,0,0,0,0,0,0,0,
Obs1,3,0,0,3,0,0,0,0,0,0,3,0,0,0,0,0,0,0,0,0,0,0,0,0,0,
observable,694,215,200,279,8,215,127,123,86,61,28,25,7,11,4,4,2,1,0,0,0,0,0,0,0,
Observable0,1,0,0,1,0,0,0,0,1,0,0,0,0,0,0,0,0,0,0,0,0,0,0,0,0,
Observable1,1,0,0,1,0,0,0,0,1,0,0,0,0,0,0,0,0,0,0,0,0,0,0,0,0,
Observable2,1,0,1,0,0,0,1,0,0,0,0,0,0,0,0,0,0,0,0,0,0,0,0,0,0,
Observables,21,0,3,18,0,0,0,0,2,10,7,0,1,1,0,0,0,0,0,0,0,0,0,0,0,
observe,84,50,34,0,0,50,23,7,0,4,0,0,0,0,0,0,0,0,0,0,0,0,0,0,0,
Observed,4,0,4,0,0,0,4,0,0,0,0,0,0,0,0,0,0,0,0,0,0,0,0,0,0,
Observer,398,35,35,328,0,35,100,137,90,28,4,4,0,0,0,0,0,0,0,0,0,0,0,0,0,
Observers,20,2,0,18,2,2,12,4,2,0,0,0,0,0,0,0,0,0,0,0,0,0,0,0,0,
Observes,2,0,2,0,0,0,0,0,0,0,0,0,0,0,0,0,0,0,0,2,0,0,0,0,0,
Occur,3,0,0,3,0,0,0,0,0,1,2,0,0,0,0,0,0,0,0,0,0,0,0,0,0,
Of,174,5,158,11,0,5,12,56,24,44,15,14,0,4,0,0,0,0,0,0,0,0,0,0,0,
Of1,11,0,2,9,0,0,0,0,8,3,0,0,0,0,0,0,0,0,0,0,0,0,0,0,0,
Of10,2,0,0,2,0,0,0,0,2,0,0,0,0,0,0,0,0,0,0,0,0,0,0,0,0,
Of100,2,0,0,2,0,0,0,0,2,0,0,0,0,0,0,0,0,0,0,0,0,0,0,0,0,
Of1000,8,0,0,8,0,0,0,0,8,0,0,0,0,0,0,0,0,0,0,0,0,0,0,0,0,
Of1000000,2,0,0,2,0,0,0,0,2,0,0,0,0,0,0,0,0,0,0,0,0,0,0,0,0,
Of2,3,0,0,3,0,0,0,3,0,0,0,0,0,0,0,0,0,0,0,0,0,0,0,0,0,
Of5,4,0,4,0,0,0,2,2,0,0,0,0,0,0,0,0,0,0,0,0,0,0,0,0,0,
offer,45,33,6,6,28,33,5,4,0,2,1,0,0,0,0,0,0,0,0,0,0,0,0,0,0,
offer2,4,2,2,0,2,2,2,0,0,0,0,0,0,0,0,0,0,0,0,0,0,0,0,0,0,
Offlie,4,0,0,4,0,0,4,0,0,0,0,0,0,0,0,0,0,0,0,0,0,0,0,0,0,
offline,6,3,2,1,0,3,2,0,1,0,0,0,0,0,0,0,0,0,0,0,0,0,0,0,0,
Offset,3,0,0,3,0,0,0,3,0,0,0,0,0,0,0,0,0,0,0,0,0,0,0,0,0,
Ok,4,0,2,2,0,0,0,4,0,0,0,0,0,0,0,0,0,0,0,0,0,0,0,0,0,
Old,2,0,0,2,0,0,0,2,0,0,0,0,0,0,0,0,0,0,0,0,0,0,0,0,0,
Oldest,1,0,0,1,0,0,0,0,0,1,0,0,0,0,0,0,0,0,0,0,0,0,0,0,0,
On,3941,2582,1299,60,0,2582,769,264,118,85,54,26,17,12,7,1,2,0,0,0,4,0,0,0,0,
On2,1,0,0,1,0,0,0,0,1,0,0,0,0,0,0,0,0,0,0,0,0,0,0,0,0,
Once,49,3,11,35,3,3,19,7,3,11,2,0,0,2,0,0,0,0,0,1,0,1,0,0,0,
ONCOMPLETED,2,0,2,0,0,0,2,0,0,0,0,0,0,0,0,0,0,0,0,0,0,0,0,0,0,
one,234,12,178,44,1,12,20,75,51,20,38,5,6,6,0,0,0,0,0,0,1,0,0,0,0,
One2,2,0,0,2,0,0,0,0,0,2,0,0,0,0,0,0,0,0,0,0,0,0,0,0,0,
ONERROR,6,0,6,0,0,0,4,2,0,0,0,0,0,0,0,0,0,0,0,0,0,0,0,0,0,
online,3,3,0,0,0,3,0,0,0,0,0,0,0,0,0,0,0,0,0,0,0,0,0,0,0,
Only,37,2,28,7,0,2,10,14,2,4,1,0,2,1,0,0,0,0,0,0,1,0,0,0,0,
ONNEXT,4,0,4,0,0,0,4,0,0,0,0,0,0,0,0,0,0,0,0,0,0,0,0,0,0,
Op,5,0,2,3,0,0,3,1,0,1,0,0,0,0,0,0,0,0,0,0,0,0,0,0,0,
Open,56,24,30,2,4,24,16,4,8,4,0,0,0,0,0,0,0,0,0,0,0,0,0,0,0,
Opener,4,0,4,0,0,0,0,0,4,0,0,0,0,0,0,0,0,0,0,0,0,0,0,0,0,
Operates,2,0,2,0,0,0,0,2,0,0,0,0,0,0,0,0,0,0,0,0,0,0,0,0,0,
Operation,2,0,0,2,0,0,2,0,0,0,0,0,0,0,0,0,0,0,0,0,0,0,0,0,0,
Operator,17,4,7,6,0,4,0,4,0,3,0,0,0,0,0,4,0,1,0,0,1,0,0,0,0,
Or,160,0,160,0,0,0,51,96,13,0,0,0,0,0,0,0,0,0,0,0,0,0,0,0,0,
Order,18,0,2,16,0,0,1,15,2,0,0,0,0,0,0,0,0,0,0,0,0,0,0,0,0,
Ordered,14,9,3,2,0,9,3,2,0,0,0,0,0,0,0,0,0,0,0,0,0,0,0,0,0,
Ordering,6,0,2,4,0,0,4,0,2,0,0,0,0,0,0,0,0,0,0,0,0,0,0,0,0,
Ordering2,2,0,0,2,0,0,2,0,0,0,0,0,0,0,0,0,0,0,0,0,0,0,0,0,0,
Origin,2,0,2,0,0,0,2,0,0,0,0,0,0,0,0,0,0,0,0,0,0,0,0,0,0,
Other,189,86,57,46,0,86,36,34,20,3,0,0,2,2,2,4,0,0,0,0,0,0,0,0,0,
Other2,1,0,1,0,0,0,1,0,0,0,0,0,0,0,0,0,0,0,0,0,0,0,0,0,0,
Others,11,0,0,11,0,0,6,0,4,0,1,0,0,0,0,0,0,0,0,0,0,0,0,0,0,
Out,12,0,12,0,0,0,4,0,0,0,4,0,4,0,0,0,0,0,0,0,0,0,0,0,0,
Outdated,4,0,4,0,0,0,0,4,0,0,0,0,0,0,0,0,0,0,0,0,0,0,0,0,0,
Outer,37,6,22,9,0,6,7,5,9,7,1,2,0,0,0,0,0,0,0,0,0,0,0,0,0,
Output,16,9,6,1,0,9,7,0,0,0,0,0,0,0,0,0,0,0,0,0,0,0,0,0,0,
Outputs,4,0,4,0,0,0,0,0,2,2,0,0,0,0,0,0,0,0,0,0,0,0,0,0,0,
Outside,1,0,0,1,0,0,0,0,0,0,1,0,0,0,0,0,0,0,0,0,0,0,0,0,0,
Outstanding,1,0,1,0,0,0,0,0,0,0,1,0,0,0,0,0,0,0,0,0,0,0,0,0,0,
Over,12,0,6,6,0,0,10,0,2,0,0,0,0,0,0,0,0,0,0,0,0,0,0,0,0,
Overflow,69,12,20,37,0,12,21,13,15,5,1,1,1,0,0,0,0,0,0,0,0,0,0,0,0,
Overflow2,4,0,0,4,0,0,0,0,4,0,0,0,0,0,0,0,0,0,0,0,0,0,0,0,0,
Overflow3,4,0,0,4,0,0,0,0,4,0,0,0,0,0,0,0,0,0,0,0,0,0,0,0,0,
Overflow4,4,0,0,4,0,0,0,0,4,0,0,0,0,0,0,0,0,0,0,0,0,0,0,0,0,
Overflow5,4,0,0,4,0,0,0,0,4,0,0,0,0,0,0,0,0,0,0,0,0,0,0,0,0,
Overflows,2,0,1,1,0,0,2,0,0,0,0,0,0,0,0,0,0,0,0,0,0,0,0,0,0,
Overlap,22,2,9,11,0,2,6,8,4,0,2,0,0,0,0,0,0,0,0,0,0,0,0,0,0,
Overlapping,21,2,11,8,0,2,4,3,4,6,0,0,2,0,0,0,0,0,0,0,0,0,0,0,0,
Overload,16,0,0,16,0,0,0,16,0,0,0,0,0,0,0,0,0,0,0,0,0,0,0,0,0,
Overrequest,1,0,0,1,0,0,1,0,0,0,0,0,0,0,0,0,0,0,0,0,0,0,0,0,0,
Overrequesting,1,0,0,1,0,0,0,0,1,0,0,0,0,0,0,0,0,0,0,0,0,0,0,0,0,
Overrequests,1,0,0,1,0,0,0,1,0,0,0,0,0,0,0,0,0,0,0,0,0,0,0,0,0,
Override,16,14,0,2,0,14,2,0,0,0,0,0,0,0,0,0,0,0,0,0,0,0,0,0,0,
Own,1,0,0,1,0,0,0,0,0,1,0,0,0,0,0,0,0,0,0,0,0,0,0,0,0,
parallel,46,38,6,2,2,38,3,3,0,2,0,0,0,0,0,0,0,0,0,0,0,0,0,0,0,
parallelism,26,18,5,3,16,18,2,4,0,2,0,0,0,0,0,0,0,0,0,0,0,0,0,0,0,
Param,2,2,0,0,0,2,0,0,0,0,0,0,0,0,0,0,0,0,0,0,0,0,0,0,0,
Parent,18,0,15,3,0,0,5,0,4,2,6,1,0,0,0,0,0,0,0,0,0,0,0,0,0,
parse,1,1,0,0,1,1,0,0,0,0,0,0,0,0,0,0,0,0,0,0,0,0,0,0,0,
Parser,1,0,0,1,0,0,0,1,0,0,0,0,0,0,0,0,0,0,0,0,0,0,0,0,0,
Pass,4,0,4,0,0,0,0,4,0,0,0,0,0,0,0,0,0,0,0,0,0,0,0,0,0,
Passes,9,0,9,0,0,0,0,9,0,0,0,0,0,0,0,0,0,0,0,0,0,0,0,0,0,
Passthrough,2,0,0,2,0,0,0,1,0,1,0,0,0,0,0,0,0,0,0,0,0,0,0,0,0,
Passthru,4,0,4,0,0,0,0,0,4,0,0,0,0,0,0,0,0,0,0,0,0,0,0,0,0,
Path,76,0,44,32,0,0,29,24,14,0,1,2,2,0,0,0,4,0,0,0,0,0,0,0,0,
Pattern,3,0,0,3,0,0,1,2,0,0,0,0,0,0,0,0,0,0,0,0,0,0,0,0,0,
pause,1,1,0,0,0,1,0,0,0,0,0,0,0,0,0,0,0,0,0,0,0,0,0,0,0,
Peek,17,10,2,5,2,10,5,1,0,1,0,0,0,0,0,0,0,0,0,0,0,0,0,0,0,
Peeking,2,0,0,2,0,0,0,0,2,0,0,0,0,0,0,0,0,0,0,0,0,0,0,0,0,
Pending,1,0,1,0,0,0,0,0,0,0,0,1,0,0,0,0,0,0,0,0,0,0,0,0,0,
Perf,6,6,0,0,0,6,0,0,0,0,0,0,0,0,0,0,0,0,0,0,0,0,0,0,0,
perform,10,10,0,0,0,10,0,0,0,0,0,0,0,0,0,0,0,0,0,0,0,0,0,0,0,
Period,8,0,5,3,0,0,4,0,1,1,2,0,0,0,0,0,0,0,0,0,0,0,0,0,0,
Periodic,31,15,12,4,0,15,8,8,0,0,0,0,0,0,0,0,0,0,0,0,0,0,0,0,0,
Periodically,15,0,11,4,0,0,12,3,0,0,0,0,0,0,0,0,0,0,0,0,0,0,0,0,0,
Person,4,4,0,0,2,4,0,0,0,0,0,0,0,0,0,0,0,0,0,0,0,0,0,0,0,
Phase,2,0,2,0,0,0,0,0,2,0,0,0,0,0,0,0,0,0,0,0,0,0,0,0,0,
pipeline,11,10,0,1,0,10,1,0,0,0,0,0,0,0,0,0,0,0,0,0,0,0,0,0,0,
Plain,25,1,0,24,0,1,24,0,0,0,0,0,0,0,0,0,0,0,0,0,0,0,0,0,0,
plugin,12,3,9,0,0,3,9,0,0,0,0,0,0,0,0,0,0,0,0,0,0,0,0,0,0,
Plugins,1,0,0,1,0,0,0,1,0,0,0,0,0,0,0,0,0,0,0,0,0,0,0,0,0,
Pointer,1,0,1,0,0,0,0,0,0,0,0,1,0,0,0,0,0,0,0,0,0,0,0,0,0,
poll,75,60,12,3,59,60,4,7,4,0,0,0,0,0,0,0,0,0,0,0,0,0,0,0,0,
Polymorphism,2,0,0,2,0,0,0,0,0,2,0,0,0,0,0,0,0,0,0,0,0,0,0,0,0,
Pool,13,1,8,4,0,1,2,4,1,0,3,0,0,2,0,0,0,0,0,0,0,0,0,0,0,
Pool1,1,0,0,1,0,0,0,0,1,0,0,0,0,0,0,0,0,0,0,0,0,0,0,0,0,
Positive,5,0,4,1,0,0,5,0,0,0,0,0,0,0,0,0,0,0,0,0,0,0,0,0,0,
Post,10,8,2,0,0,8,2,0,0,0,0,0,0,0,0,0,0,0,0,0,0,0,0,0,0,
Pow2,2,2,0,0,1,2,0,0,0,0,0,0,0,0,0,0,0,0,0,0,0,0,0,0,0,
Power,3,0,3,0,0,0,2,1,0,0,0,0,0,0,0,0,0,0,0,0,0,0,0,0,0,
Pp,1,0,0,1,0,0,0,0,1,0,0,0,0,0,0,0,0,0,0,0,0,0,0,0,0,
PPF,2,2,0,0,2,2,0,0,0,0,0,0,0,0,0,0,0,0,0,0,0,0,0,0,0,
pre,4,2,2,0,0,2,0,0,0,0,0,0,0,1,1,0,0,0,0,0,0,0,0,0,0,
Preconsume,1,0,0,1,0,0,1,0,0,0,0,0,0,0,0,0,0,0,0,0,0,0,0,0,0,
Predicate,184,11,130,43,0,11,23,35,47,12,47,0,0,3,2,4,0,0,0,0,0,0,0,0,0,
Predicate1,4,0,2,2,0,0,0,0,4,0,0,0,0,0,0,0,0,0,0,0,0,0,0,0,0,
Predicate2,4,0,2,2,0,0,0,0,4,0,0,0,0,0,0,0,0,0,0,0,0,0,0,0,0,
Predicate5,2,0,2,0,0,0,1,1,0,0,0,0,0,0,0,0,0,0,0,0,0,0,0,0,0,
Preducate,1,0,1,0,0,0,0,1,0,0,0,0,0,0,0,0,0,0,0,0,0,0,0,0,0,
Prefetch,25,4,4,17,2,4,9,6,4,1,1,0,0,0,0,0,0,0,0,0,0,0,0,0,0,
Prefetch2,1,0,0,1,0,0,1,0,0,0,0,0,0,0,0,0,0,0,0,0,0,0,0,0,0,
Premature,4,0,4,0,0,0,0,4,0,0,0,0,0,0,0,0,0,0,0,0,0,0,0,0,0,
Present,1,0,0,1,0,0,0,1,0,0,0,0,0,0,0,0,0,0,0,0,0,0,0,0,0,
Prevent,1,0,1,0,0,0,0,0,0,0,0,0,1,0,0,0,0,0,0,0,0,0,0,0,0,
Previous,4,0,4,0,0,0,0,0,0,0,0,0,4,0,0,0,0,0,0,0,0,0,0,0,0,
Primitive,2,0,0,2,0,0,1,1,0,0,0,0,0,0,0,0,0,0,0,0,0,0,0,0,0,
Print,6,3,3,0,0,3,3,0,0,0,0,0,0,0,0,0,0,0,0,0,0,0,0,0,0,
println,1,1,0,0,1,1,0,0,0,0,0,0,0,0,0,0,0,0,0,0,0,0,0,0,0,
Prior,1,0,0,1,0,0,0,0,1,0,0,0,0,0,0,0,0,0,0,0,0,0,0,0,0,
Private,4,0,0,4,0,0,0,0,4,0,0,0,0,0,0,0,0,0,0,0,0,0,0,0,0,
Process,3,1,2,0,0,1,0,0,0,0,0,2,0,0,0,0,0,0,0,0,0,0,0,0,0,
Processed,5,0,4,1,0,0,0,0,4,0,0,0,0,0,1,0,0,0,0,0,0,0,0,0,0,
Processes,4,0,4,0,0,0,0,0,0,2,2,0,0,0,0,0,0,0,0,0,0,0,0,0,0,
Processor,20,0,9,11,0,0,16,4,0,0,0,0,0,0,0,0,0,0,0,0,0,0,0,0,0,
Produce,2,0,2,0,0,0,1,1,0,0,0,0,0,0,0,0,0,0,0,0,0,0,0,0,0,
produced,11,8,0,3,5,8,0,1,1,1,0,0,0,0,0,0,0,0,0,0,0,0,0,0,0,
producer,25,1,17,7,0,1,17,3,1,0,3,0,0,0,0,0,0,0,0,0,0,0,0,0,0,
Producers,2,0,0,2,0,0,1,1,0,0,0,0,0,0,0,0,0,0,0,0,0,0,0,0,0,
Produces,4,0,0,4,0,0,0,0,4,0,0,0,0,0,0,0,0,0,0,0,0,0,0,0,0,
propagate,9,4,4,1,1,4,1,0,0,2,2,0,0,0,0,0,0,0,0,0,0,0,0,0,0,
Propagated,1,0,1,0,0,0,0,0,1,0,0,0,0,0,0,0,0,0,0,0,0,0,0,0,0,
Propagates,4,0,3,1,0,0,3,1,0,0,0,0,0,0,0,0,0,0,0,0,0,0,0,0,0,
Properties,5,1,3,1,1,1,0,4,0,0,0,0,0,0,0,0,0,0,0,0,0,0,0,0,0,
Protected,4,0,4,0,0,0,0,0,0,0,0,0,0,0,4,0,0,0,0,0,0,0,0,0,0,
Protects,2,0,2,0,0,0,0,0,2,0,0,0,0,0,0,0,0,0,0,0,0,0,0,0,0,
Protocol,1,1,0,0,0,1,0,0,0,0,0,0,0,0,0,0,0,0,0,0,0,0,0,0,0,
Provider,1,0,1,0,0,0,0,0,0,0,0,0,1,0,0,0,0,0,0,0,0,0,0,0,0,
Ps,1,0,0,1,0,0,0,0,1,0,0,0,0,0,0,0,0,0,0,0,0,0,0,0,0,
publish,64,46,12,6,2,46,16,0,0,0,0,2,0,0,0,0,0,0,0,0,0,0,0,0,0,
Published,4,0,4,0,0,0,0,0,0,4,0,0,0,0,0,0,0,0,0,0,0,0,0,0,0,
Publisher,235,5,41,189,0,5,157,28,38,5,2,0,0,0,0,0,0,0,0,0,0,0,0,0,0,
Publishers,1,0,0,1,0,0,1,0,0,0,0,0,0,0,0,0,0,0,0,0,0,0,0,0,0,
Purge,5,0,4,1,0,0,4,0,0,1,0,0,0,0,0,0,0,0,0,0,0,0,0,0,0,
push,6,6,0,0,6,6,0,0,0,0,0,0,0,0,0,0,0,0,0,0,0,0,0,0,0,
Put,5,4,1,0,1,4,1,0,0,0,0,0,0,0,0,0,0,0,0,0,0,0,0,0,0,
queue,69,15,25,29,2,15,18,12,13,4,4,0,0,0,0,0,0,1,1,1,0,0,0,0,0,
Queued,2,0,2,0,0,0,2,0,0,0,0,0,0,0,0,0,0,0,0,0,0,0,0,0,0,
Race,396,1,38,357,1,1,71,142,90,66,24,0,0,2,0,0,0,0,0,0,0,0,0,0,0,
Race2,5,0,0,5,0,0,0,3,2,0,0,0,0,0,0,0,0,0,0,0,0,0,0,0,0,
Rail,3,1,2,0,0,1,2,0,0,0,0,0,0,0,0,0,0,0,0,0,0,0,0,0,0,
Rance,4,0,0,4,0,0,0,4,0,0,0,0,0,0,0,0,0,0,0,0,0,0,0,0,0,
random,6,6,0,0,0,6,0,0,0,0,0,0,0,0,0,0,0,0,0,0,0,0,0,0,0,
Range,113,34,59,20,9,34,57,14,6,0,2,0,0,0,0,0,0,0,0,0,0,0,0,0,0,
Raw,2,0,2,0,0,0,2,0,0,0,0,0,0,0,0,0,0,0,0,0,0,0,0,0,0,
Re,2,0,2,0,0,0,2,0,0,0,0,0,0,0,0,0,0,0,0,0,0,0,0,0,0,
Reached,2,0,0,2,0,0,0,0,0,2,0,0,0,0,0,0,0,0,0,0,0,0,0,0,0,
read,4,4,0,0,0,4,0,0,0,0,0,0,0,0,0,0,0,0,0,0,0,0,0,0,0,
Ready,2,0,1,1,0,0,0,1,0,0,1,0,0,0,0,0,0,0,0,0,0,0,0,0,0,
rebatch,7,3,0,4,0,3,0,2,2,0,0,0,0,0,0,0,0,0,0,0,0,0,0,0,0,
Rebatching,1,0,0,1,0,0,1,0,0,0,0,0,0,0,0,0,0,0,0,0,0,0,0,0,0,
Received,8,0,4,4,0,0,0,6,0,0,2,0,0,0,0,0,0,0,0,0,0,0,0,0,0,
Receiver,2,0,0,2,0,0,1,1,0,0,0,0,0,0,0,0,0,0,0,0,0,0,0,0,0,
Receives,10,0,10,0,0,0,0,0,4,6,0,0,0,0,0,0,0,0,0,0,0,0,0,0,0,
Recent,13,0,6,7,0,0,3,8,2,0,0,0,0,0,0,0,0,0,0,0,0,0,0,0,0,
recursion,3,1,1,1,0,1,2,0,0,0,0,0,0,0,0,0,0,0,0,0,0,0,0,0,0,
Recursive,6,0,6,0,0,0,3,3,0,0,0,0,0,0,0,0,0,0,0,0,0,0,0,0,0,
redo,1,1,0,0,0,1,0,0,0,0,0,0,0,0,0,0,0,0,0,0,0,0,0,0,0,
reduce,68,43,21,4,3,43,25,0,0,0,0,0,0,0,0,0,0,0,0,0,0,0,0,0,0,
reducer,6,6,0,0,0,6,0,0,0,0,0,0,0,0,0,0,0,0,0,0,0,0,0,0,0,
Reduces,1,0,1,0,0,0,0,0,0,0,1,0,0,0,0,0,0,0,0,0,0,0,0,0,0,
Reentrant,59,35,8,16,4,35,10,12,2,0,0,0,0,0,0,0,0,0,0,0,0,0,0,0,0,
Reentrant2,4,0,0,4,0,0,2,2,0,0,0,0,0,0,0,0,0,0,0,0,0,0,0,0,0,
Reentry,4,0,0,4,0,0,0,4,0,0,0,0,0,0,0,0,0,0,0,0,0,0,0,0,0,
ref,18,4,14,0,0,4,10,0,0,0,0,0,4,0,0,0,0,0,0,0,0,0,0,0,0,
Reference,1,1,0,0,0,1,0,0,0,0,0,0,0,0,0,0,0,0,0,0,0,0,0,0,0,
References,1,0,0,1,0,0,0,0,1,0,0,0,0,0,0,0,0,0,0,0,0,0,0,0,0,
Refers,5,0,5,0,0,0,0,5,0,0,0,0,0,0,0,0,0,0,0,0,0,0,0,0,0,
Regression,1,0,0,1,0,0,1,0,0,0,0,0,0,0,0,0,0,0,0,0,0,0,0,0,0,
Regular,3,0,2,1,0,0,1,0,0,0,0,0,2,0,0,0,0,0,0,0,0,0,0,0,0,
rehash,1,1,0,0,1,1,0,0,0,0,0,0,0,0,0,0,0,0,0,0,0,0,0,0,0,
Reject,19,4,0,15,0,4,8,4,3,0,0,0,0,0,0,0,0,0,0,0,0,0,0,0,0,
Rejected,14,0,3,11,0,0,7,6,1,0,0,0,0,0,0,0,0,0,0,0,0,0,0,0,0,
Rejecting,3,2,0,1,0,2,0,1,0,0,0,0,0,0,0,0,0,0,0,0,0,0,0,0,0,
Rejects,6,0,1,5,0,0,4,1,0,1,0,0,0,0,0,0,0,0,0,0,0,0,0,0,0,
Relay,20,0,12,8,0,0,0,0,0,20,0,0,0,0,0,0,0,0,0,0,0,0,0,0,0,
release,2,2,0,0,1,2,0,0,0,0,0,0,0,0,0,0,0,0,0,0,0,0,0,0,0,
Removal,1,0,0,1,0,0,1,0,0,0,0,0,0,0,0,0,0,0,0,0,0,0,0,0,0,
remove,99,80,17,2,56,80,17,1,1,0,0,0,0,0,0,0,0,0,0,0,0,0,0,0,0,
Reorder,2,0,0,2,0,0,0,0,0,2,0,0,0,0,0,0,0,0,0,0,0,0,0,0,0,
Reordering,2,0,0,2,0,0,0,1,1,0,0,0,0,0,0,0,0,0,0,0,0,0,0,0,0,
repeat,84,55,25,4,7,55,29,0,0,0,0,0,0,0,0,0,0,0,0,0,0,0,0,0,0,
repeat0,1,1,0,0,0,1,0,0,0,0,0,0,0,0,0,0,0,0,0,0,0,0,0,0,0,
repeat1,1,1,0,0,0,1,0,0,0,0,0,0,0,0,0,0,0,0,0,0,0,0,0,0,0,
repeat5,1,1,0,0,0,1,0,0,0,0,0,0,0,0,0,0,0,0,0,0,0,0,0,0,0,
Repeating,1,0,0,1,0,0,0,1,0,0,0,0,0,0,0,0,0,0,0,0,0,0,0,0,0,
Repetition,2,0,0,2,0,0,2,0,0,0,0,0,0,0,0,0,0,0,0,0,0,0,0,0,0,
replace,17,11,5,1,6,11,6,0,0,0,0,0,0,0,0,0,0,0,0,0,0,0,0,0,0,
Replaced,2,0,0,2,0,0,0,0,2,0,0,0,0,0,0,0,0,0,0,0,0,0,0,0,0,
replacing,2,2,0,0,0,2,0,0,0,0,0,0,0,0,0,0,0,0,0,0,0,0,0,0,0,
replay,191,93,84,14,9,93,59,27,2,6,0,4,0,0,0,0,0,0,0,0,0,0,0,0,0,
Replay1,4,0,4,0,0,0,4,0,0,0,0,0,0,0,0,0,0,0,0,0,0,0,0,0,0,
replayc,1,1,0,0,0,1,0,0,0,0,0,0,0,0,0,0,0,0,0,0,0,0,0,0,0,
Replenish,1,0,1,0,0,0,1,0,0,0,0,0,0,0,0,0,0,0,0,0,0,0,0,0,0,
report,17,6,11,0,0,6,0,1,1,9,0,0,0,0,0,0,0,0,0,0,0,0,0,0,0,
Reported,8,0,4,4,0,0,2,1,1,0,0,0,0,0,2,0,0,1,0,1,0,0,0,0,0,
Reports,17,0,17,0,0,0,10,7,0,0,0,0,0,0,0,0,0,0,0,0,0,0,0,0,0,
Request,419,261,99,59,148,261,69,39,19,18,3,5,0,4,0,0,0,0,1,0,0,0,0,0,0,
request1,7,1,0,6,0,1,0,2,4,0,0,0,0,0,0,0,0,0,0,0,0,0,0,0,0,
Request2,2,0,0,2,0,0,0,1,0,1,0,0,0,0,0,0,0,0,0,0,0,0,0,0,0,
Request3,1,0,0,1,0,0,0,1,0,0,0,0,0,0,0,0,0,0,0,0,0,0,0,0,0,
Request4,1,0,0,1,0,0,0,1,0,0,0,0,0,0,0,0,0,0,0,0,0,0,0,0,0,
Requested,27,4,17,6,4,4,2,9,0,8,0,1,0,1,0,1,1,0,0,0,0,0,0,0,0,
Requesting,1,0,0,1,0,0,0,0,1,0,0,0,0,0,0,0,0,0,0,0,0,0,0,0,0,
Requests,26,0,19,7,0,0,6,8,8,1,1,2,0,0,0,0,0,0,0,0,0,0,0,0,0,
require,3,1,2,0,0,1,2,0,0,0,0,0,0,0,0,0,0,0,0,0,0,0,0,0,0,
Required,4,0,4,0,0,0,0,0,0,0,0,0,0,0,4,0,0,0,0,0,0,0,0,0,0,
Reschedules,1,0,1,0,0,0,0,1,0,0,0,0,0,0,0,0,0,0,0,0,0,0,0,0,0,
reset,2,2,0,0,1,2,0,0,0,0,0,0,0,0,0,0,0,0,0,0,0,0,0,0,0,
resize,1,1,0,0,1,1,0,0,0,0,0,0,0,0,0,0,0,0,0,0,0,0,0,0,0,
Resource,59,5,25,29,0,5,32,11,6,2,0,2,1,0,0,0,0,0,0,0,0,0,0,0,0,
Resource2,2,0,0,2,0,0,0,2,0,0,0,0,0,0,0,0,0,0,0,0,0,0,0,0,0,
Resources,5,0,0,5,0,0,5,0,0,0,0,0,0,0,0,0,0,0,0,0,0,0,0,0,0,
Rest,2,1,0,1,0,1,1,0,0,0,0,0,0,0,0,0,0,0,0,0,0,0,0,0,0,
restart,14,6,6,2,0,6,0,0,6,2,0,0,0,0,0,0,0,0,0,0,0,0,0,0,0,
Restarts,2,0,2,0,0,0,2,0,0,0,0,0,0,0,0,0,0,0,0,0,0,0,0,0,0,
Resubscribe,1,0,0,1,0,0,1,0,0,0,0,0,0,0,0,0,0,0,0,0,0,0,0,0,0,
Result,40,8,26,6,0,8,8,1,5,0,16,0,0,0,2,0,0,0,0,0,0,0,0,0,0,
Results,5,0,5,0,0,0,0,0,2,2,0,0,0,0,1,0,0,0,0,0,0,0,0,0,0,
Resume,72,8,64,0,0,8,19,41,4,0,0,0,0,0,0,0,0,0,0,0,0,0,0,0,0,
retain,1,1,0,0,0,1,0,0,0,0,0,0,0,0,0,0,0,0,0,0,0,0,0,0,0,
Retarget,2,0,0,2,0,0,0,2,0,0,0,0,0,0,0,0,0,0,0,0,0,0,0,0,0,
Retention,28,0,24,4,0,0,0,23,5,0,0,0,0,0,0,0,0,0,0,0,0,0,0,0,0,
Retries,3,0,0,3,0,0,0,0,0,0,3,0,0,0,0,0,0,0,0,0,0,0,0,0,0,
retry,141,73,47,21,8,73,30,6,18,4,7,3,0,0,0,0,0,0,0,0,0,0,0,0,0,
Retry0,2,0,0,2,0,0,0,0,2,0,0,0,0,0,0,0,0,0,0,0,0,0,0,0,0,
Retry1,2,0,0,2,0,0,0,0,2,0,0,0,0,0,0,0,0,0,0,0,0,0,0,0,0,
retry5,1,1,0,0,0,1,0,0,0,0,0,0,0,0,0,0,0,0,0,0,0,0,0,0,0,
Return,46,3,32,11,0,3,7,29,6,0,1,0,0,0,0,0,0,0,0,0,0,0,0,0,0,
Returned,1,0,1,0,0,0,0,0,1,0,0,0,0,0,0,0,0,0,0,0,0,0,0,0,0,
Returns,224,0,224,0,0,0,31,48,77,50,14,4,0,0,0,0,0,0,0,0,0,0,0,0,0,
Returnsd,1,0,1,0,0,0,0,1,0,0,0,0,0,0,0,0,0,0,0,0,0,0,0,0,0,
Returnset,2,0,0,2,0,0,0,0,2,0,0,0,0,0,0,0,0,0,0,0,0,0,0,0,0,
reuse,2,2,0,0,0,2,0,0,0,0,0,0,0,0,0,0,0,0,0,0,0,0,0,0,0,
Reverse,4,0,1,3,0,0,1,1,2,0,0,0,0,0,0,0,0,0,0,0,0,0,0,0,0,
Right,29,16,8,5,0,16,8,5,0,0,0,0,0,0,0,0,0,0,0,0,0,0,0,0,0,
Robot,1,1,0,0,0,1,0,0,0,0,0,0,0,0,0,0,0,0,0,0,0,0,0,0,0,
Root,5,1,4,0,0,1,4,0,0,0,0,0,0,0,0,0,0,0,0,0,0,0,0,0,0,
round,1,1,0,0,0,1,0,0,0,0,0,0,0,0,0,0,0,0,0,0,0,0,0,0,0,
run,401,376,14,11,357,376,4,9,5,4,3,0,0,0,0,0,0,0,0,0,0,0,0,0,0,
Runnable,55,11,21,23,0,11,33,5,2,2,2,0,0,0,0,0,0,0,0,0,0,0,0,0,0,
Running,5,0,0,5,0,0,1,3,0,1,0,0,0,0,0,0,0,0,0,0,0,0,0,0,0,
Runs,3,0,2,1,0,0,0,3,0,0,0,0,0,0,0,0,0,0,0,0,0,0,0,0,0,
Runtime,3,0,3,0,0,0,0,0,0,3,0,0,0,0,0,0,0,0,0,0,0,0,0,0,0,
Rx,3,3,0,0,0,3,0,0,0,0,0,0,0,0,0,0,0,0,0,0,0,0,0,0,0,
safe,25,10,2,13,0,10,2,0,7,0,6,0,0,0,0,0,0,0,0,0,0,0,0,0,0,
Safety,1,0,1,0,0,0,0,1,0,0,0,0,0,0,0,0,0,0,0,0,0,0,0,0,0,
Same,18,2,16,0,0,2,6,0,6,0,0,2,0,0,2,0,0,0,0,0,0,0,0,0,0,
sample,43,35,6,2,2,35,8,0,0,0,0,0,0,0,0,0,0,0,0,0,0,0,0,0,0,
Sampler,16,2,14,0,0,2,0,14,0,0,0,0,0,0,0,0,0,0,0,0,0,0,0,0,0,
Scalar,89,46,29,14,3,46,22,9,0,8,0,0,2,1,1,0,0,0,0,0,0,0,0,0,0,
Scalar2,2,0,0,2,0,0,2,0,0,0,0,0,0,0,0,0,0,0,0,0,0,0,0,0,0,
scan,68,33,31,4,3,33,25,2,0,0,1,0,0,0,0,2,3,0,2,0,0,0,0,0,0,
Schedule,75,54,17,4,19,54,17,1,3,0,0,0,0,0,0,0,0,0,0,0,0,0,0,0,0,
Scheduled,19,11,4,4,0,11,5,0,0,3,0,0,0,0,0,0,0,0,0,0,0,0,0,0,0,
Scheduler,247,7,122,118,0,7,43,85,66,29,9,6,0,0,2,0,0,0,0,0,0,0,0,0,0,
Scheduler1,1,0,0,1,0,0,0,0,0,0,1,0,0,0,0,0,0,0,0,0,0,0,0,0,0,
Scheduler2,2,0,0,2,0,0,0,2,0,0,0,0,0,0,0,0,0,0,0,0,0,0,0,0,0,
Schedulers,5,2,0,3,1,2,0,1,0,2,0,0,0,0,0,0,0,0,0,0,0,0,0,0,0,
Scheduling,7,0,3,4,0,0,2,3,1,0,1,0,0,0,0,0,0,0,0,0,0,0,0,0,0,
Second,58,6,50,2,0,6,15,8,12,15,2,0,0,0,0,0,0,0,0,0,0,0,0,0,0,
Secondary,3,0,3,0,0,0,3,0,0,0,0,0,0,0,0,0,0,0,0,0,0,0,0,0,0,
Seed,53,6,42,5,0,6,27,8,9,0,0,3,0,0,0,0,0,0,0,0,0,0,0,0,0,
Selector,171,15,110,46,0,15,52,38,22,7,10,6,12,4,2,2,1,0,0,0,0,0,0,0,0,
Selector2,2,0,0,2,0,0,0,0,0,0,2,0,0,0,0,0,0,0,0,0,0,0,0,0,0,
Self,2,0,2,0,0,0,2,0,0,0,0,0,0,0,0,0,0,0,0,0,0,0,0,0,0,
send,9,9,0,0,0,9,0,0,0,0,0,0,0,0,0,0,0,0,0,0,0,0,0,0,0,
Send1,2,0,0,2,0,0,0,0,0,0,2,0,0,0,0,0,0,0,0,0,0,0,0,0,0,
Sends,4,0,4,0,0,0,0,0,4,0,0,0,0,0,0,0,0,0,0,0,0,0,0,0,0,
Sent,2,0,0,2,0,0,0,0,0,0,0,2,0,0,0,0,0,0,0,0,0,0,0,0,0,
Sent2,2,0,0,2,0,0,0,0,0,0,0,2,0,0,0,0,0,0,0,0,0,0,0,0,0,
Sent3,2,0,0,2,0,0,0,0,0,0,0,2,0,0,0,0,0,0,0,0,0,0,0,0,0,
sequence,34,12,10,12,0,12,13,3,4,0,0,2,0,0,0,0,0,0,0,0,0,0,0,0,0,
Sequences,6,0,2,4,0,0,0,0,0,4,2,0,0,0,0,0,0,0,0,0,0,0,0,0,0,
Sequences1,4,0,0,4,0,0,0,0,0,0,2,2,0,0,0,0,0,0,0,0,0,0,0,0,0,
Sequences2,4,0,0,4,0,0,0,0,0,0,2,2,0,0,0,0,0,0,0,0,0,0,0,0,0,
Sequential,6,6,0,0,1,6,0,0,0,0,0,0,0,0,0,0,0,0,0,0,0,0,0,0,0,
Serial,1,1,0,0,0,1,0,0,0,0,0,0,0,0,0,0,0,0,0,0,0,0,0,0,0,
serialize,14,4,10,0,4,4,10,0,0,0,0,0,0,0,0,0,0,0,0,0,0,0,0,0,0,
Serialized,36,17,2,17,2,17,6,0,8,5,0,0,0,0,0,0,0,0,0,0,0,0,0,0,0,
serializedc,1,1,0,0,0,1,0,0,0,0,0,0,0,0,0,0,0,0,0,0,0,0,0,0,0,
Serializer,1,0,0,1,0,0,1,0,0,0,0,0,0,0,0,0,0,0,0,0,0,0,0,0,0,
Service,1,0,0,1,0,0,0,1,0,0,0,0,0,0,0,0,0,0,0,0,0,0,0,0,0,
set,140,116,12,12,8,116,15,7,2,0,0,0,0,0,0,0,0,0,0,0,0,0,0,0,0,
Sets,1,0,1,0,0,0,0,1,0,0,0,0,0,0,0,0,0,0,0,0,0,0,0,0,0,
setting,6,6,0,0,0,6,0,0,0,0,0,0,0,0,0,0,0,0,0,0,0,0,0,0,0,
setup,48,48,0,0,46,48,0,0,0,0,0,0,0,0,0,0,0,0,0,0,0,0,0,0,0,
share,5,2,1,2,2,2,3,0,0,0,0,0,0,0,0,0,0,0,0,0,0,0,0,0,0,
shorter,5,1,0,4,0,1,0,0,0,4,0,0,0,0,0,0,0,0,0,0,0,0,0,0,0,
should,106,62,44,0,0,62,7,11,14,0,1,9,1,0,0,0,1,0,0,0,0,0,0,0,0,
shutdown,13,10,1,2,6,10,2,1,0,0,0,0,0,0,0,0,0,0,0,0,0,0,0,0,0,
Shutdown2,1,0,0,1,0,0,0,1,0,0,0,0,0,0,0,0,0,0,0,0,0,0,0,0,0,
signal,7,4,0,3,0,4,0,2,1,0,0,0,0,0,0,0,0,0,0,0,0,0,0,0,0,
Signals,19,0,18,1,0,0,2,16,1,0,0,0,0,0,0,0,0,0,0,0,0,0,0,0,0,
Signature,9,0,9,0,0,0,0,8,1,0,0,0,0,0,0,0,0,0,0,0,0,0,0,0,0,
Simple,74,37,20,17,14,37,28,6,3,0,0,0,0,0,0,0,0,0,0,0,0,0,0,0,0,
Simple2,4,2,0,2,2,2,2,0,0,0,0,0,0,0,0,0,0,0,0,0,0,0,0,0,0,
Since20,1,0,1,0,0,0,1,0,0,0,0,0,0,0,0,0,0,0,0,0,0,0,0,0,0,
Singe,1,0,1,0,0,0,1,0,0,0,0,0,0,0,0,0,0,0,0,0,0,0,0,0,0,
single,479,130,233,116,7,130,164,121,36,18,1,5,3,1,0,0,0,0,0,0,0,0,0,0,0,
Single1,2,0,0,2,0,0,0,0,2,0,0,0,0,0,0,0,0,0,0,0,0,0,0,0,0,
Singleton,2,0,0,2,0,0,2,0,0,0,0,0,0,0,0,0,0,0,0,0,0,0,0,0,0,
Size,154,27,80,47,10,27,42,36,13,25,6,5,0,0,0,0,0,0,0,0,0,0,0,0,0,
Size1,2,0,0,2,0,0,0,0,0,0,0,1,1,0,0,0,0,0,0,0,0,0,0,0,0,
Size2,2,0,0,2,0,0,0,0,0,0,0,1,1,0,0,0,0,0,0,0,0,0,0,0,0,
Size3,2,0,0,2,0,0,0,0,0,0,0,1,1,0,0,0,0,0,0,0,0,0,0,0,0,
Size4,1,0,0,1,0,0,0,0,0,0,0,1,0,0,0,0,0,0,0,0,0,0,0,0,0,
sizebound,2,2,0,0,0,2,0,0,0,0,0,0,0,0,0,0,0,0,0,0,0,0,0,0,0,
Sized,10,0,10,0,0,0,4,0,6,0,0,0,0,0,0,0,0,0,0,0,0,0,0,0,0,
Sizes,3,0,3,0,0,0,1,0,0,2,0,0,0,0,0,0,0,0,0,0,0,0,0,0,0,
skip,183,48,123,12,2,48,106,13,14,0,2,0,0,0,0,0,0,0,0,0,0,0,0,0,0,
Skipping,2,0,0,2,0,0,2,0,0,0,0,0,0,0,0,0,0,0,0,0,0,0,0,0,0,
sleep,3,2,0,1,2,2,0,1,0,0,0,0,0,0,0,0,0,0,0,0,0,0,0,0,0,
Sleeping,6,4,0,2,0,4,0,0,2,0,0,0,0,0,0,0,0,0,0,0,0,0,0,0,0,
Slips,1,0,1,0,0,0,0,0,1,0,0,0,0,0,0,0,0,0,0,0,0,0,0,0,0,
Slot,2,0,0,2,0,0,1,1,0,0,0,0,0,0,0,0,0,0,0,0,0,0,0,0,0,
slow,61,19,40,2,0,19,20,12,2,2,0,6,0,0,0,0,0,0,0,0,0,0,0,0,0,
Slowpath,6,0,1,5,0,0,2,3,0,0,1,0,0,0,0,0,0,0,0,0,0,0,0,0,0,
small,4,3,1,0,0,3,0,0,1,0,0,0,0,0,0,0,0,0,0,0,0,0,0,0,0,
Smaller,1,0,1,0,0,0,0,0,0,0,0,0,1,0,0,0,0,0,0,0,0,0,0,0,0,
Sneaky,2,0,0,2,0,0,1,0,0,1,0,0,0,0,0,0,0,0,0,0,0,0,0,0,0,
so,8,8,0,0,0,8,0,0,0,0,0,0,0,0,0,0,0,0,0,0,0,0,0,0,0,
solo,1,1,0,0,0,1,0,0,0,0,0,0,0,0,0,0,0,0,0,0,0,0,0,0,0,
Some,24,0,8,16,0,0,4,4,0,2,6,4,4,0,0,0,0,0,0,0,0,0,0,0,0,
Someone,2,0,2,0,0,0,0,0,2,0,0,0,0,0,0,0,0,0,0,0,0,0,0,0,0,
Soon,1,0,1,0,0,0,0,0,1,0,0,0,0,0,0,0,0,0,0,0,0,0,0,0,0,
sort,2,2,0,0,0,2,0,0,0,0,0,0,0,0,0,0,0,0,0,0,0,0,0,0,0,
sorted,35,10,25,0,6,10,25,0,0,0,0,0,0,0,0,0,0,0,0,0,0,0,0,0,0,
Sorter,3,1,0,2,0,1,2,0,0,0,0,0,0,0,0,0,0,0,0,0,0,0,0,0,0,
Source,357,54,119,184,32,54,136,69,27,24,27,9,10,0,1,0,0,0,0,0,0,0,0,0,0,
Source2,5,0,0,5,0,0,4,1,0,0,0,0,0,0,0,0,0,0,0,0,0,0,0,0,0,
Sources,53,0,30,23,0,0,27,6,5,3,4,8,0,0,0,0,0,0,0,0,0,0,0,0,0,
sp,2,2,0,0,0,2,0,0,0,0,0,0,0,0,0,0,0,0,0,0,0,0,0,0,0,
Span,2,0,0,2,0,0,2,0,0,0,0,0,0,0,0,0,0,0,0,0,0,0,0,0,0,
Specific,4,0,4,0,0,0,0,0,4,0,0,0,0,0,0,0,0,0,0,0,0,0,0,0,0,
Spsc,9,9,0,0,0,9,0,0,0,0,0,0,0,0,0,0,0,0,0,0,0,0,0,0,0,
Spy,2,0,0,2,0,0,2,0,0,0,0,0,0,0,0,0,0,0,0,0,0,0,0,0,0,
Ss,2,0,0,2,0,0,0,0,2,0,0,0,0,0,0,0,0,0,0,0,0,0,0,0,0,
Stack,9,1,8,0,0,1,5,3,0,0,0,0,0,0,0,0,0,0,0,0,0,0,0,0,0,
Stackoverflow,2,0,0,2,0,0,0,0,2,0,0,0,0,0,0,0,0,0,0,0,0,0,0,0,0,
Stage,1,0,0,1,0,0,0,1,0,0,0,0,0,0,0,0,0,0,0,0,0,0,0,0,0,
Stage2,1,0,0,1,0,0,0,1,0,0,0,0,0,0,0,0,0,0,0,0,0,0,0,0,0,
Staggered,6,0,6,0,0,0,2,0,4,0,0,0,0,0,0,0,0,0,0,0,0,0,0,0,0,
Stall,1,0,1,0,0,0,0,0,0,0,1,0,0,0,0,0,0,0,0,0,0,0,0,0,0,
start,155,63,46,46,5,63,65,20,1,2,0,4,0,0,0,0,0,0,0,0,0,0,0,0,0,
Start2,2,0,2,0,0,0,2,0,0,0,0,0,0,0,0,0,0,0,0,0,0,0,0,0,0,
Start3,2,0,2,0,0,0,2,0,0,0,0,0,0,0,0,0,0,0,0,0,0,0,0,0,0,
Starting,4,0,4,0,0,0,0,2,0,2,0,0,0,0,0,0,0,0,0,0,0,0,0,0,0,
Startping,4,0,4,0,0,0,4,0,0,0,0,0,0,0,0,0,0,0,0,0,0,0,0,0,0,
Starvation,2,0,0,2,0,0,0,2,0,0,0,0,0,0,0,0,0,0,0,0,0,0,0,0,0,
State,77,4,52,21,2,4,17,40,6,8,0,2,0,0,0,0,0,0,0,0,0,0,0,0,0,
stateful,2,2,0,0,0,2,0,0,0,0,0,0,0,0,0,0,0,0,0,0,0,0,0,0,0,
Statement,2,1,0,1,1,1,1,0,0,0,0,0,0,0,0,0,0,0,0,0,0,0,0,0,0,
States,1,0,0,1,0,0,0,1,0,0,0,0,0,0,0,0,0,0,0,0,0,0,0,0,0,
Step,2,0,0,2,0,0,1,0,1,0,0,0,0,0,0,0,0,0,0,0,0,0,0,0,0,
Still,4,0,4,0,0,0,0,0,0,0,0,1,0,3,0,0,0,0,0,0,0,0,0,0,0,
Stop,7,0,3,4,0,0,0,1,4,0,2,0,0,0,0,0,0,0,0,0,0,0,0,0,0,
Stops,8,0,8,0,0,0,0,8,0,0,0,0,0,0,0,0,0,0,0,0,0,0,0,0,0,
Strategy,8,0,3,5,0,0,2,1,3,2,0,0,0,0,0,0,0,0,0,0,0,0,0,0,0,
Stream,49,0,26,23,0,0,3,28,6,1,4,1,0,4,2,0,0,0,0,0,0,0,0,0,0,
Streams,10,0,8,2,0,0,0,0,8,0,2,0,0,0,0,0,0,0,0,0,0,0,0,0,0,
Strict,2,2,0,0,0,2,0,0,0,0,0,0,0,0,0,0,0,0,0,0,0,0,0,0,0,
String,47,1,16,30,0,1,22,9,14,0,0,0,0,0,1,0,0,0,0,0,0,0,0,0,0,
Strings,6,0,4,2,0,0,0,6,0,0,0,0,0,0,0,0,0,0,0,0,0,0,0,0,0,
Strip,2,2,0,0,0,2,0,0,0,0,0,0,0,0,0,0,0,0,0,0,0,0,0,0,0,
sub,1,1,0,0,0,1,0,0,0,0,0,0,0,0,0,0,0,0,0,0,0,0,0,0,0,
Subject,89,8,72,9,0,8,21,56,0,2,2,0,0,0,0,0,0,0,0,0,0,0,0,0,0,
subject1,3,1,0,2,1,1,0,0,0,2,0,0,0,0,0,0,0,0,0,0,0,0,0,0,0,
subject1k,1,1,0,0,1,1,0,0,0,0,0,0,0,0,0,0,0,0,0,0,0,0,0,0,0,
subject1m,1,1,0,0,1,1,0,0,0,0,0,0,0,0,0,0,0,0,0,0,0,0,0,0,0,
subscribe,1882,921,191,770,187,921,583,220,81,44,13,6,5,6,3,0,0,0,0,0,0,0,0,0,0,
Subscribe0,5,0,0,5,0,0,5,0,0,0,0,0,0,0,0,0,0,0,0,0,0,0,0,0,0,
Subscribe1,7,0,0,7,0,0,5,2,0,0,0,0,0,0,0,0,0,0,0,0,0,0,0,0,0,
Subscribe2,4,0,0,4,0,0,0,2,2,0,0,0,0,0,0,0,0,0,0,0,0,0,0,0,0,
Subscribed,10,2,0,8,0,2,2,4,0,0,2,0,0,0,0,0,0,0,0,0,0,0,0,0,0,
Subscriber,307,24,39,244,0,24,80,109,69,13,9,2,0,0,0,0,0,0,0,1,0,0,0,0,0,
Subscribers,32,0,12,20,0,0,13,2,9,8,0,0,0,0,0,0,0,0,0,0,0,0,0,0,0,
Subscribes,6,0,4,2,0,0,0,4,0,0,0,0,0,0,0,0,0,0,0,2,0,0,0,0,0,
Subscribing,8,0,6,2,0,0,0,2,4,2,0,0,0,0,0,0,0,0,0,0,0,0,0,0,0,
Subscription,162,8,84,70,1,8,63,43,16,23,5,2,0,2,0,0,0,0,0,0,0,0,0,0,0,
Subscriptions,13,0,2,11,0,0,1,0,2,6,0,2,0,2,0,0,0,0,0,0,0,0,0,0,0,
Subsequence,4,0,4,0,0,0,0,0,4,0,0,0,0,0,0,0,0,0,0,0,0,0,0,0,0,
Subsequent,24,0,24,0,0,0,14,0,5,1,0,0,4,0,0,0,0,0,0,0,0,0,0,0,0,
Success,270,18,52,200,3,18,185,34,24,6,1,0,0,1,0,1,0,0,0,0,0,0,0,0,0,
Success2,1,0,0,1,0,0,0,0,0,1,0,0,0,0,0,0,0,0,0,0,0,0,0,0,0,
Such,3,0,1,2,0,0,1,0,2,0,0,0,0,0,0,0,0,0,0,0,0,0,0,0,0,
Sum,16,0,14,2,0,0,0,0,0,16,0,0,0,0,0,0,0,0,0,0,0,0,0,0,0,
Super,1,0,0,1,0,0,0,0,1,0,0,0,0,0,0,0,0,0,0,0,0,0,0,0,0,
Supplied,2,0,2,0,0,0,0,0,0,2,0,0,0,0,0,0,0,0,0,0,0,0,0,0,0,
Supplier,193,40,143,10,0,40,36,83,28,4,2,0,0,0,0,0,0,0,0,0,0,0,0,0,0,
Supplier2,8,0,8,0,0,0,0,8,0,0,0,0,0,0,0,0,0,0,0,0,0,0,0,0,0,
Support,15,0,10,5,0,0,10,2,2,1,0,0,0,0,0,0,0,0,0,0,0,0,0,0,0,
Supported,1,0,1,0,0,0,1,0,0,0,0,0,0,0,0,0,0,0,0,0,0,0,0,0,0,
Supporting,2,0,2,0,0,0,0,0,0,2,0,0,0,0,0,0,0,0,0,0,0,0,0,0,0,
suppress,4,1,3,0,0,1,0,3,0,0,0,0,0,0,0,0,0,0,0,0,0,0,0,0,0,
Swallow,2,0,2,0,0,0,0,0,0,0,2,0,0,0,0,0,0,0,0,0,0,0,0,0,0,
Swallowed,2,0,1,1,0,0,0,1,0,0,0,0,0,1,0,0,0,0,0,0,0,0,0,0,0,
Swap,3,0,0,3,0,0,1,2,0,0,0,0,0,0,0,0,0,0,0,0,0,0,0,0,0,
Sweep,2,0,0,2,0,0,0,0,2,0,0,0,0,0,0,0,0,0,0,0,0,0,0,0,0,
switch,133,85,48,0,0,85,44,4,0,0,0,0,0,0,0,0,0,0,0,0,0,0,0,0,0,
Sync,105,50,27,28,0,50,26,17,1,5,1,5,0,0,0,0,0,0,0,0,0,0,0,0,0,
Sync2,1,0,0,1,0,0,0,1,0,0,0,0,0,0,0,0,0,0,0,0,0,0,0,0,0,
Synchronization,4,0,4,0,0,0,4,0,0,0,0,0,0,0,0,0,0,0,0,0,0,0,0,0,0,
Synchronized,2,0,2,0,0,0,0,0,2,0,0,0,0,0,0,0,0,0,0,0,0,0,0,0,0,
Synchronous,35,4,22,9,0,4,9,0,7,5,0,2,5,2,0,1,0,0,0,0,0,0,0,0,0,
Synchronously,4,0,2,2,0,0,0,0,0,0,0,0,0,0,4,0,0,0,0,0,0,0,0,0,0,
Tag,3,0,0,3,0,0,3,0,0,0,0,0,0,0,0,0,0,0,0,0,0,0,0,0,0,
take,328,142,134,52,35,142,120,29,18,8,2,2,2,0,3,2,0,0,0,0,0,0,0,0,0,
take1,10,2,0,8,1,2,2,0,4,2,0,0,0,0,0,0,0,0,0,0,0,0,0,0,0,
Take2,11,0,0,11,0,0,5,0,2,2,2,0,0,0,0,0,0,0,0,0,0,0,0,0,0,
Takes,2,0,2,0,0,0,0,2,0,0,0,0,0,0,0,0,0,0,0,0,0,0,0,0,0,
Target,1,1,0,0,0,1,0,0,0,0,0,0,0,0,0,0,0,0,0,0,0,0,0,0,0,
Task,31,1,6,24,0,1,10,11,9,0,0,0,0,0,0,0,0,0,0,0,0,0,0,0,0,
Tasks,2,0,1,1,0,0,0,1,0,0,1,0,0,0,0,0,0,0,0,0,0,0,0,0,0,
Tck,11,0,10,1,0,0,2,3,0,3,1,2,0,0,0,0,0,0,0,0,0,0,0,0,0,
Terminal,32,0,30,2,0,0,6,13,6,1,0,0,2,0,0,2,0,2,0,0,0,0,0,0,0,
Terminals,2,0,0,2,0,0,2,0,0,0,0,0,0,0,0,0,0,0,0,0,0,0,0,0,0,
Terminate,68,7,40,21,5,7,24,32,3,0,2,0,0,0,0,0,0,0,0,0,0,0,0,0,0,
Terminated,38,0,15,23,0,0,26,12,0,0,0,0,0,0,0,0,0,0,0,0,0,0,0,0,0,
Terminated2,2,0,0,2,0,0,2,0,0,0,0,0,0,0,0,0,0,0,0,0,0,0,0,0,0,
Terminating,2,0,2,0,0,0,0,0,2,0,0,0,0,0,0,0,0,0,0,0,0,0,0,0,0,
Termination,17,1,0,16,1,1,0,2,12,2,0,0,0,0,0,0,0,0,0,0,0,0,0,0,0,
test,2864,2808,30,26,96,2808,28,7,12,1,5,1,2,0,0,0,0,0,0,0,0,0,0,0,0,
test1,8,8,0,0,2,8,0,0,0,0,0,0,0,0,0,0,0,0,0,0,0,0,0,0,0,
test2,6,6,0,0,2,6,0,0,0,0,0,0,0,0,0,0,0,0,0,0,0,0,0,0,0,
test3,6,6,0,0,2,6,0,0,0,0,0,0,0,0,0,0,0,0,0,0,0,0,0,0,0,
test4,2,2,0,0,0,2,0,0,0,0,0,0,0,0,0,0,0,0,0,0,0,0,0,0,0,
test5,2,2,0,0,0,2,0,0,0,0,0,0,0,0,0,0,0,0,0,0,0,0,0,0,0,
test6,2,2,0,0,0,2,0,0,0,0,0,0,0,0,0,0,0,0,0,0,0,0,0,0,0,
test7,2,2,0,0,0,2,0,0,0,0,0,0,0,0,0,0,0,0,0,0,0,0,0,0,0,
test8,2,2,0,0,0,2,0,0,0,0,0,0,0,0,0,0,0,0,0,0,0,0,0,0,0,
test9,2,2,0,0,0,2,0,0,0,0,0,0,0,0,0,0,0,0,0,0,0,0,0,0,0,
testgroup,4,4,0,0,0,4,0,0,0,0,0,0,0,0,0,0,0,0,0,0,0,0,0,0,0,
Testing,1,1,0,0,0,1,0,0,0,0,0,0,0,0,0,0,0,0,0,0,0,0,0,0,0,
Text,2,0,2,0,0,0,2,0,0,0,0,0,0,0,0,0,0,0,0,0,0,0,0,0,0,
Than,20,0,20,0,0,0,1,0,0,5,0,6,2,5,0,0,0,0,0,1,0,0,0,0,0,
Than1,1,0,1,0,0,0,0,0,1,0,0,0,0,0,0,0,0,0,0,0,0,0,0,0,0,
That,10,0,10,0,0,0,4,0,0,2,3,0,0,1,0,0,0,0,0,0,0,0,0,0,0,
The,19,0,19,0,0,0,0,2,1,1,0,2,3,2,4,0,2,1,1,0,0,0,0,0,0,
Them,2,0,0,2,0,0,0,0,0,0,0,0,0,0,2,0,0,0,0,0,0,0,0,0,0,
Then,82,0,80,2,0,0,21,7,25,5,2,6,0,6,0,0,0,0,6,0,0,0,0,0,4,
Then2,1,0,1,0,0,0,0,0,0,0,0,0,0,0,0,1,0,0,0,0,0,0,0,0,0,
There,4,0,4,0,0,0,0,0,0,2,0,2,0,0,0,0,0,0,0,0,0,0,0,0,0,
Thread,84,1,43,40,0,1,21,23,9,6,10,5,7,0,0,2,0,0,0,0,0,0,0,0,0,
Threaded,24,0,24,0,0,0,0,24,0,0,0,0,0,0,0,0,0,0,0,0,0,0,0,0,0,
Threading,6,0,0,6,0,0,0,0,0,6,0,0,0,0,0,0,0,0,0,0,0,0,0,0,0,
Threads,8,0,0,8,0,0,1,4,0,0,0,0,0,1,0,2,0,0,0,0,0,0,0,0,0,
Three,5,3,2,0,0,3,0,0,0,2,0,0,0,0,0,0,0,0,0,0,0,0,0,0,0,
throttle,31,23,2,6,0,23,8,0,0,0,0,0,0,0,0,0,0,0,0,0,0,0,0,0,0,
Throttling,4,0,4,0,0,0,4,0,0,0,0,0,0,0,0,0,0,0,0,0,0,0,0,0,0,
Through,18,0,14,4,0,0,0,3,8,7,0,0,0,0,0,0,0,0,0,0,0,0,0,0,0,
throw,16,4,7,5,0,4,4,1,5,1,1,0,0,0,0,0,0,0,0,0,0,0,0,0,0,
Throw0,2,0,0,2,0,0,2,0,0,0,0,0,0,0,0,0,0,0,0,0,0,0,0,0,0,
Throwable,46,0,6,40,0,0,44,2,0,0,0,0,0,0,0,0,0,0,0,0,0,0,0,0,0,
Thrower,1,0,0,1,0,0,1,0,0,0,0,0,0,0,0,0,0,0,0,0,0,0,0,0,0,
throwing,16,2,14,0,0,2,0,0,2,4,8,0,0,0,0,0,0,0,0,0,0,0,0,0,0,
Thrown,32,0,22,10,0,0,4,8,2,3,12,2,0,1,0,0,0,0,0,0,0,0,0,0,0,
Throws,535,0,104,431,0,0,132,179,101,43,34,23,12,1,1,1,2,2,2,0,2,0,0,0,0,
Throws2,18,0,1,17,0,0,2,11,5,0,0,0,0,0,0,0,0,0,0,0,0,0,0,0,0,
Throws3,2,0,0,2,0,0,2,0,0,0,0,0,0,0,0,0,0,0,0,0,0,0,0,0,0,
Throws4,2,0,0,2,0,0,2,0,0,0,0,0,0,0,0,0,0,0,0,0,0,0,0,0,0,
Throws5,2,0,0,2,0,0,2,0,0,0,0,0,0,0,0,0,0,0,0,0,0,0,0,0,0,
Throws6,2,0,0,2,0,0,2,0,0,0,0,0,0,0,0,0,0,0,0,0,0,0,0,0,0,
Thru,12,0,4,8,0,0,0,0,12,0,0,0,0,0,0,0,0,0,0,0,0,0,0,0,0,
Tick,2,0,0,2,0,0,0,0,0,2,0,0,0,0,0,0,0,0,0,0,0,0,0,0,0,
Till,3,0,3,0,0,0,0,0,1,2,0,0,0,0,0,0,0,0,0,0,0,0,0,0,0,
time,162,30,82,50,1,30,31,53,14,9,14,7,4,0,0,0,0,0,0,0,0,0,0,0,0,
Timed,246,60,146,40,2,60,73,83,25,2,3,0,0,0,0,0,0,0,0,0,0,0,0,0,0,
Timed2,1,0,0,1,0,0,0,0,1,0,0,0,0,0,0,0,0,0,0,0,0,0,0,0,0,
timeou,4,4,0,0,0,4,0,0,0,0,0,0,0,0,0,0,0,0,0,0,0,0,0,0,0,
timeout,192,59,77,56,8,59,57,28,20,5,2,2,4,4,7,0,2,0,2,0,0,0,0,0,0,
timeout0,4,4,0,0,4,4,0,0,0,0,0,0,0,0,0,0,0,0,0,0,0,0,0,0,0,
Timeout2,3,0,0,3,0,0,1,2,0,0,0,0,0,0,0,0,0,0,0,0,0,0,0,0,0,
timer,60,35,11,14,11,35,19,0,0,6,0,0,0,0,0,0,0,0,0,0,0,0,0,0,0,
Times,24,0,12,12,0,0,16,3,3,0,0,0,2,0,0,0,0,0,0,0,0,0,0,0,0,
Times5,2,0,2,0,0,0,2,0,0,0,0,0,0,0,0,0,0,0,0,0,0,0,0,0,0,
timeskip,14,8,6,0,0,8,6,0,0,0,0,0,0,0,0,0,0,0,0,0,0,0,0,0,0,
timespan,10,10,0,0,0,10,0,0,0,0,0,0,0,0,0,0,0,0,0,0,0,0,0,0,0,
timestamp,12,12,0,0,2,12,0,0,0,0,0,0,0,0,0,0,0,0,0,0,0,0,0,0,0,
Timestamped,4,0,4,0,0,0,0,4,0,0,0,0,0,0,0,0,0,0,0,0,0,0,0,0,0,
Timing,2,0,0,2,0,0,0,0,0,0,0,2,0,0,0,0,0,0,0,0,0,0,0,0,0,
to,432,170,255,7,9,170,161,43,14,5,23,7,6,0,3,0,0,0,0,0,0,0,0,0,0,
To10,2,0,2,0,0,0,0,2,0,0,0,0,0,0,0,0,0,0,0,0,0,0,0,0,0,
Tolerance,1,0,0,1,0,0,0,1,0,0,0,0,0,0,0,0,0,0,0,0,0,0,0,0,0,
Too,18,0,16,2,0,0,0,2,4,0,8,0,4,0,0,0,0,0,0,0,0,0,0,0,0,
Trace,5,0,1,4,0,0,1,3,1,0,0,0,0,0,0,0,0,0,0,0,0,0,0,0,0,
track,1,1,0,0,0,1,0,0,0,0,0,0,0,0,0,0,0,0,0,0,0,0,0,0,0,
trampoline,8,3,4,1,1,3,1,3,0,1,0,0,0,0,0,0,0,0,0,0,0,0,0,0,0,
Transform,4,0,0,4,0,0,4,0,0,0,0,0,0,0,0,0,0,0,0,0,0,0,0,0,0,
Transformer,9,0,9,0,0,0,5,4,0,0,0,0,0,0,0,0,0,0,0,0,0,0,0,0,0,
Transforms,16,0,16,0,0,0,0,0,16,0,0,0,0,0,0,0,0,0,0,0,0,0,0,0,0,
transitive,3,3,0,0,0,3,0,0,0,0,0,0,0,0,0,0,0,0,0,0,0,0,0,0,0,
trigger,10,1,4,5,0,1,0,6,3,0,0,0,0,0,0,0,0,0,0,0,0,0,0,0,0,
Trigger2,2,0,0,2,0,0,0,2,0,0,0,0,0,0,0,0,0,0,0,0,0,0,0,0,0,
Triggers,2,0,2,0,0,0,0,2,0,0,0,0,0,0,0,0,0,0,0,0,0,0,0,0,0,
trim,9,9,0,0,3,9,0,0,0,0,0,0,0,0,0,0,0,0,0,0,0,0,0,0,0,
True,4,0,0,4,0,0,2,1,1,0,0,0,0,0,0,0,0,0,0,0,0,0,0,0,0,
truncate,4,4,0,0,2,4,0,0,0,0,0,0,0,0,0,0,0,0,0,0,0,0,0,0,0,
Truncation,6,0,2,4,0,0,0,2,0,4,0,0,0,0,0,0,0,0,0,0,0,0,0,0,0,
try,54,48,3,3,0,48,1,4,0,1,0,0,0,0,0,0,0,0,0,0,0,0,0,0,0,
Ts,1,0,0,1,0,0,0,0,1,0,0,0,0,0,0,0,0,0,0,0,0,0,0,0,0,
Tuple,2,2,0,0,2,2,0,0,0,0,0,0,0,0,0,0,0,0,0,0,0,0,0,0,0,
Twice,40,0,13,27,0,0,5,14,4,4,9,0,0,2,2,0,0,0,0,0,0,0,0,0,0,
Two,44,1,36,7,0,1,9,13,9,6,0,0,4,0,0,0,2,0,0,0,0,0,0,0,0,
Type,16,0,5,11,0,0,6,4,0,3,2,1,0,0,0,0,0,0,0,0,0,0,0,0,0,
Types,19,0,4,15,0,0,0,6,8,0,5,0,0,0,0,0,0,0,0,0,0,0,0,0,0,
UI,2,2,0,0,0,2,0,0,0,0,0,0,0,0,0,0,0,0,0,0,0,0,0,0,0,
Un,7,0,7,0,0,0,3,0,4,0,0,0,0,0,0,0,0,0,0,0,0,0,0,0,0,
unblock,1,1,0,0,1,1,0,0,0,0,0,0,0,0,0,0,0,0,0,0,0,0,0,0,0,
Unbounded,53,13,22,18,1,13,7,11,4,2,0,8,8,0,0,0,0,0,0,0,0,0,0,0,0,
unbounded1,1,1,0,0,1,1,0,0,0,0,0,0,0,0,0,0,0,0,0,0,0,0,0,0,0,
unbounded1k,1,1,0,0,1,1,0,0,0,0,0,0,0,0,0,0,0,0,0,0,0,0,0,0,0,
unbounded1m,1,1,0,0,1,1,0,0,0,0,0,0,0,0,0,0,0,0,0,0,0,0,0,0,0,
uncaught,6,5,1,0,1,5,1,0,0,0,0,0,0,0,0,0,0,0,0,0,0,0,0,0,0,
Undeliverable,3,1,1,1,0,1,2,0,0,0,0,0,0,0,0,0,0,0,0,0,0,0,0,0,0,
Underlying,26,0,26,0,0,0,4,4,18,0,0,0,0,0,0,0,0,0,0,0,0,0,0,0,0,
Unexpected,2,0,2,0,0,0,0,0,0,0,2,0,0,0,0,0,0,0,0,0,0,0,0,0,0,
Unhandled,5,0,5,0,0,0,5,0,0,0,0,0,0,0,0,0,0,0,0,0,0,0,0,0,0,
Unicast,7,5,0,2,0,5,2,0,0,0,0,0,0,0,0,0,0,0,0,0,0,0,0,0,0,
unit,69,1,62,6,1,1,18,25,15,6,4,0,0,0,0,0,0,0,0,0,0,0,0,0,0,
Unlink,1,0,0,1,0,0,0,0,0,1,0,0,0,0,0,0,0,0,0,0,0,0,0,0,0,
unlock,1,1,0,0,1,1,0,0,0,0,0,0,0,0,0,0,0,0,0,0,0,0,0,0,0,
Unordered,12,7,1,4,0,7,3,2,0,0,0,0,0,0,0,0,0,0,0,0,0,0,0,0,0,
unsafe,35,23,10,2,2,23,1,5,2,0,0,2,1,1,0,0,0,0,0,0,0,0,0,0,0,
Unsub,2,0,2,0,0,0,2,0,0,0,0,0,0,0,0,0,0,0,0,0,0,0,0,0,0,
Unsubscrib,2,0,0,2,0,0,0,2,0,0,0,0,0,0,0,0,0,0,0,0,0,0,0,0,0,
unsubscribe,194,25,127,42,0,25,69,39,22,14,14,6,2,2,0,1,0,0,0,0,0,0,0,0,0,
Unsubscribe2,1,0,0,1,0,0,1,0,0,0,0,0,0,0,0,0,0,0,0,0,0,0,0,0,0,
Unsubscribed,52,10,26,16,0,10,5,14,11,2,0,5,5,0,0,0,0,0,0,0,0,0,0,0,0,
Unsubscribed1,2,0,0,2,0,0,0,0,0,2,0,0,0,0,0,0,0,0,0,0,0,0,0,0,0,
Unsubscribes,23,0,10,13,0,0,6,12,0,3,0,0,2,0,0,0,0,0,0,0,0,0,0,0,0,
Unsubscribes2,1,0,0,1,0,0,0,1,0,0,0,0,0,0,0,0,0,0,0,0,0,0,0,0,0,
unsubscribing,8,6,2,0,0,6,2,0,0,0,0,0,0,0,0,0,0,0,0,0,0,0,0,0,0,
Unsubscribing2,1,0,0,1,0,0,0,0,0,1,0,0,0,0,0,0,0,0,0,0,0,0,0,0,0,
Unsubscription,17,2,8,7,0,2,8,0,1,2,0,4,0,0,0,0,0,0,0,0,0,0,0,0,0,
Unsupported,1,0,1,0,0,0,0,0,0,1,0,0,0,0,0,0,0,0,0,0,0,0,0,0,0,
Until,120,2,86,32,0,2,67,44,4,3,0,0,0,0,0,0,0,0,0,0,0,0,0,0,0,
unwrap,6,6,0,0,0,6,0,0,0,0,0,0,0,0,0,0,0,0,0,0,0,0,0,0,0,
Up,32,0,4,28,0,0,19,0,11,0,2,0,0,0,0,0,0,0,0,0,0,0,0,0,0,
update,2,1,1,0,1,1,0,1,0,0,0,0,0,0,0,0,0,0,0,0,0,0,0,0,0,
Upfront,19,0,2,17,0,0,15,3,0,1,0,0,0,0,0,0,0,0,0,0,0,0,0,0,0,
Upstream,45,4,23,18,1,4,14,2,12,4,3,0,1,0,0,0,2,0,0,1,1,1,0,0,0,
Upstream2,4,0,2,2,0,0,0,4,0,0,0,0,0,0,0,0,0,0,0,0,0,0,0,0,0,
Use,5,0,3,2,0,0,1,3,0,0,0,0,0,0,1,0,0,0,0,0,0,0,0,0,0,
used,1,1,0,0,0,1,0,0,0,0,0,0,0,0,0,0,0,0,0,0,0,0,0,0,0,
User,2,0,2,0,0,0,2,0,0,0,0,0,0,0,0,0,0,0,0,0,0,0,0,0,0,
using,90,39,42,9,6,39,33,10,2,2,0,2,2,0,0,0,0,0,0,0,0,0,0,0,0,
utility,21,17,2,2,0,17,3,0,1,0,0,0,0,0,0,0,0,0,0,0,0,0,0,0,0,
Valid,2,0,0,2,0,0,0,0,0,0,0,0,0,2,0,0,0,0,0,0,0,0,0,0,0,
validate,7,7,0,0,4,7,0,0,0,0,0,0,0,0,0,0,0,0,0,0,0,0,0,0,0,
validation,3,1,0,2,0,1,1,0,0,0,1,0,0,0,0,0,0,0,0,0,0,0,0,0,0,
Value,305,13,195,97,3,13,69,49,59,40,50,18,2,0,3,1,0,1,0,0,0,0,0,0,0,
Values,30,2,15,13,2,2,20,6,2,0,0,0,0,0,0,0,0,0,0,0,0,0,0,0,0,
Varargs,23,0,20,3,0,0,6,8,1,8,0,0,0,0,0,0,0,0,0,0,0,0,0,0,0,
verify,16,16,0,0,1,16,0,0,0,0,0,0,0,0,0,0,0,0,0,0,0,0,0,0,0,
Very,6,1,5,0,0,1,5,0,0,0,0,0,0,0,0,0,0,0,0,0,0,0,0,0,0,
Via,39,0,39,0,0,0,1,25,1,0,12,0,0,0,0,0,0,0,0,0,0,0,0,0,0,
Violation,1,0,1,0,0,0,1,0,0,0,0,0,0,0,0,0,0,0,0,0,0,0,0,0,0,
Volatile,1,1,0,0,0,1,0,0,0,0,0,0,0,0,0,0,0,0,0,0,0,0,0,0,0,
Wait,14,9,2,3,0,9,3,2,0,0,0,0,0,0,0,0,0,0,0,0,0,0,0,0,0,
Waiting,2,0,0,2,0,0,2,0,0,0,0,0,0,0,0,0,0,0,0,0,0,0,0,0,0,
Way,2,0,2,0,0,0,0,0,0,2,0,0,0,0,0,0,0,0,0,0,0,0,0,0,0,
Weak,2,2,0,0,0,2,0,0,0,0,0,0,0,0,0,0,0,0,0,0,0,0,0,0,0,
Web,2,0,0,2,0,0,0,0,2,0,0,0,0,0,0,0,0,0,0,0,0,0,0,0,0,
What,1,0,1,0,0,0,0,0,0,1,0,0,0,0,0,0,0,0,0,0,0,0,0,0,0,
When,116,8,91,17,1,8,39,25,22,12,6,1,2,0,0,1,0,0,0,0,0,0,0,0,0,
When5,1,0,1,0,0,0,1,0,0,0,0,0,0,0,0,0,0,0,0,0,0,0,0,0,0,
Where,1,0,1,0,0,0,0,0,0,1,0,0,0,0,0,0,0,0,0,0,0,0,0,0,0,
Which,6,0,6,0,0,0,0,0,2,0,0,0,0,0,0,0,0,4,0,0,0,0,0,0,0,
While,66,3,49,14,0,3,18,24,8,2,2,0,9,0,0,0,0,0,0,0,0,0,0,0,0,
While1,2,0,0,2,0,0,0,2,0,0,0,0,0,0,0,0,0,0,0,0,0,0,0,0,0,
While2,2,0,0,2,0,0,0,2,0,0,0,0,0,0,0,0,0,0,0,0,0,0,0,0,0,
Wile,4,0,2,2,0,0,0,4,0,0,0,0,0,0,0,0,0,0,0,0,0,0,0,0,0,
win,2,2,0,0,2,2,0,0,0,0,0,0,0,0,0,0,0,0,0,0,0,0,0,0,0,
window,109,47,52,10,2,47,56,4,0,2,0,0,0,0,0,0,0,0,0,0,0,0,0,0,0,
Windowed,6,0,6,0,0,0,6,0,0,0,0,0,0,0,0,0,0,0,0,0,0,0,0,0,0,
Windows,8,0,2,6,0,0,0,2,2,2,2,0,0,0,0,0,0,0,0,0,0,0,0,0,0,
Wit,1,0,1,0,0,0,0,1,0,0,0,0,0,0,0,0,0,0,0,0,0,0,0,0,0,
With,1208,62,1097,49,0,62,361,384,228,115,27,16,13,0,0,2,0,0,0,0,0,0,0,0,0,
With1,3,0,1,2,0,0,3,0,0,0,0,0,0,0,0,0,0,0,0,0,0,0,0,0,0,
with2,3,2,1,0,0,2,1,0,0,0,0,0,0,0,0,0,0,0,0,0,0,0,0,0,0,
with3,2,2,0,0,0,2,0,0,0,0,0,0,0,0,0,0,0,0,0,0,0,0,0,0,0,
with4,2,2,0,0,0,2,0,0,0,0,0,0,0,0,0,0,0,0,0,0,0,0,0,0,0,
Within,18,0,18,0,0,0,0,0,0,0,0,4,4,6,0,2,0,2,0,0,0,0,0,0,0,
Without,29,1,28,0,0,1,4,8,11,4,1,0,0,0,0,0,0,0,0,0,0,0,0,0,0,
Work,8,0,1,7,0,0,5,3,0,0,0,0,0,0,0,0,0,0,0,0,0,0,0,0,0,
Worker,43,5,8,30,0,5,31,6,0,1,0,0,0,0,0,0,0,0,0,0,0,0,0,0,0,
Workers,4,0,0,4,0,0,1,2,1,0,0,0,0,0,0,0,0,0,0,0,0,0,0,0,0,
Works,4,0,4,0,0,0,0,0,0,0,4,0,0,0,0,0,0,0,0,0,0,0,0,0,0,
World,1,0,0,1,0,0,0,1,0,0,0,0,0,0,0,0,0,0,0,0,0,0,0,0,0,
World2,1,0,0,1,0,0,0,1,0,0,0,0,0,0,0,0,0,0,0,0,0,0,0,0,0,
Would,1,0,1,0,0,0,0,0,1,0,0,0,0,0,0,0,0,0,0,0,0,0,0,0,0,
wrap,15,13,2,0,7,13,0,2,0,0,0,0,0,0,0,0,0,0,0,0,0,0,0,0,0,
Wrapped,6,2,4,0,0,2,4,0,0,0,0,0,0,0,0,0,0,0,0,0,0,0,0,0,0,
Wrapper,3,0,0,3,0,0,1,2,0,0,0,0,0,0,0,0,0,0,0,0,0,0,0,0,0,
Wrapping,4,0,4,0,0,0,4,0,0,0,0,0,0,0,0,0,0,0,0,0,0,0,0,0,0,
write,1,1,0,0,0,1,0,0,0,0,0,0,0,0,0,0,0,0,0,0,0,0,0,0,0,
Writer,1,0,0,1,0,0,0,1,0,0,0,0,0,0,0,0,0,0,0,0,0,0,0,0,0,
Wrong,10,0,10,0,0,0,6,0,4,0,0,0,0,0,0,0,0,0,0,0,0,0,0,0,0,
X,17,1,16,0,1,1,9,7,0,0,0,0,0,0,0,0,0,0,0,0,0,0,0,0,0,
xchg,1,1,0,0,0,1,0,0,0,0,0,0,0,0,0,0,0,0,0,0,0,0,0,0,0,
Z,1,0,1,0,0,0,0,0,1,0,0,0,0,0,0,0,0,0,0,0,0,0,0,0,0,
Zero,67,5,38,24,0,5,13,23,8,12,2,0,0,0,4,0,0,0,0,0,0,0,0,0,0,
zip,143,106,32,5,4,106,35,0,2,0,0,0,0,0,0,0,0,0,0,0,0,0,0,0,0,
zip2,14,14,0,0,4,14,0,0,0,0,0,0,0,0,0,0,0,0,0,0,0,0,0,0,0,
zip3,4,4,0,0,4,4,0,0,0,0,0,0,0,0,0,0,0,0,0,0,0,0,0,0,0,
zip4,4,4,0,0,4,4,0,0,0,0,0,0,0,0,0,0,0,0,0,0,0,0,0,0,0,
zip5,4,4,0,0,4,4,0,0,0,0,0,0,0,0,0,0,0,0,0,0,0,0,0,0,0,
zip6,4,4,0,0,4,4,0,0,0,0,0,0,0,0,0,0,0,0,0,0,0,0,0,0,0,
zip7,4,4,0,0,4,4,0,0,0,0,0,0,0,0,0,0,0,0,0,0,0,0,0,0,0,
zip8,4,4,0,0,4,4,0,0,0,0,0,0,0,0,0,0,0,0,0,0,0,0,0,0,0,
zip9,4,4,0,0,4,4,0,0,0,0,0,0,0,0,0,0,0,0,0,0,0,0,0,0,0,
Zipper,14,8,6,0,0,8,2,4,0,0,0,0,0,0,0,0,0,0,0,0,0,0,0,0,0,
Zipr,8,0,0,8,0,0,0,2,2,2,0,2,0,0,0,0,0,0,0,0,0,0,0,0,0,
