About,2,1,0,1,1,1,1,0,0,0,0,0,0,0,0,0,0,0,0,0,0,0,0,0,0
abs,3,3,0,0,3,3,0,0,0,0,0,0,0,0,0,0,0,0,0,0,0,0,0,0,0
Abstract,1,1,0,0,0,1,0,0,0,0,0,0,0,0,0,0,0,0,0,0,0,0,0,0,0
Accents,1,0,0,1,0,0,1,0,0,0,0,0,0,0,0,0,0,0,0,0,0,0,0,0,0
accept,13,13,0,0,13,13,0,0,0,0,0,0,0,0,0,0,0,0,0,0,0,0,0,0,0
access,3,3,0,0,0,3,0,0,0,0,0,0,0,0,0,0,0,0,0,0,0,0,0,0,0
Accurate2,1,0,1,0,0,0,1,0,0,0,0,0,0,0,0,0,0,0,0,0,0,0,0,0,0
acos,1,1,0,0,1,1,0,0,0,0,0,0,0,0,0,0,0,0,0,0,0,0,0,0,0
Action,49,30,1,18,0,30,14,3,2,0,0,0,0,0,0,0,0,0,0,0,0,0,0,0,0
Actions,2,0,0,2,0,0,1,1,0,0,0,0,0,0,0,0,0,0,0,0,0,0,0,0,0
activate,8,8,0,0,0,8,0,0,0,0,0,0,0,0,0,0,0,0,0,0,0,0,0,0,0
Activated,3,0,0,3,0,0,3,0,0,0,0,0,0,0,0,0,0,0,0,0,0,0,0,0,0
Active,13,6,4,3,4,6,4,3,0,0,0,0,0,0,0,0,0,0,0,0,0,0,0,0,0
Actual,2,0,0,2,0,0,2,0,0,0,0,0,0,0,0,0,0,0,0,0,0,0,0,0,0
Adapter,1,0,0,1,0,0,0,0,1,0,0,0,0,0,0,0,0,0,0,0,0,0,0,0,0
add,122,118,3,1,11,118,4,0,0,0,0,0,0,0,0,0,0,0,0,0,0,0,0,0,0
Added,2,0,0,2,0,0,2,0,0,0,0,0,0,0,0,0,0,0,0,0,0,0,0,0,0
adjustment,1,1,0,0,0,1,0,0,0,0,0,0,0,0,0,0,0,0,0,0,0,0,0,0,0
Adv,1,0,1,0,0,0,1,0,0,0,0,0,0,0,0,0,0,0,0,0,0,0,0,0,0
advance,1,1,0,0,0,1,0,0,0,0,0,0,0,0,0,0,0,0,0,0,0,0,0,0,0
Advertised,1,0,1,0,0,0,1,0,0,0,0,0,0,0,0,0,0,0,0,0,0,0,0,0,0
After,6,0,3,3,0,0,1,4,1,0,0,0,0,0,0,0,0,0,0,0,0,0,0,0,0
aggregate,2,2,0,0,1,2,0,0,0,0,0,0,0,0,0,0,0,0,0,0,0,0,0,0,0
Align,3,0,1,2,0,0,2,1,0,0,0,0,0,0,0,0,0,0,0,0,0,0,0,0,0
Aligned,1,0,0,1,0,0,0,0,1,0,0,0,0,0,0,0,0,0,0,0,0,0,0,0,0
Alignment,1,0,0,1,0,0,0,1,0,0,0,0,0,0,0,0,0,0,0,0,0,0,0,0,0
All,23,0,13,10,0,0,22,1,0,0,0,0,0,0,0,0,0,0,0,0,0,0,0,0,0
allocate,13,13,0,0,4,13,0,0,0,0,0,0,0,0,0,0,0,0,0,0,0,0,0,0,0
Allowed,1,0,0,1,0,0,1,0,0,0,0,0,0,0,0,0,0,0,0,0,0,0,0,0,0
Allows,1,0,1,0,0,0,1,0,0,0,0,0,0,0,0,0,0,0,0,0,0,0,0,0,0
Alpha,4,2,0,2,2,2,2,0,0,0,0,0,0,0,0,0,0,0,0,0,0,0,0,0,0
already,1,1,0,0,0,1,0,0,0,0,0,0,0,0,0,0,0,0,0,0,0,0,0,0,0
Alt,2,0,1,1,0,0,1,0,0,1,0,0,0,0,0,0,0,0,0,0,0,0,0,0,0
Always,4,1,3,0,0,1,3,0,0,0,0,0,0,0,0,0,0,0,0,0,0,0,0,0,0
Ambient,23,8,3,12,3,8,9,5,1,0,0,0,0,0,0,0,0,0,0,0,0,0,0,0,0
Amount,1,0,0,1,0,0,1,0,0,0,0,0,0,0,0,0,0,0,0,0,0,0,0,0,0
analog,1,1,0,0,0,1,0,0,0,0,0,0,0,0,0,0,0,0,0,0,0,0,0,0,0
And,23,0,23,0,0,0,12,11,0,0,0,0,0,0,0,0,0,0,0,0,0,0,0,0,0
Android,1,0,1,0,0,0,1,0,0,0,0,0,0,0,0,0,0,0,0,0,0,0,0,0,0
angle,2,1,0,1,0,1,1,0,0,0,0,0,0,0,0,0,0,0,0,0,0,0,0,0,0
Animation,1,1,0,0,0,1,0,0,0,0,0,0,0,0,0,0,0,0,0,0,0,0,0,0,0
Animator,1,0,0,1,0,0,1,0,0,0,0,0,0,0,0,0,0,0,0,0,0,0,0,0,0
Aniso,1,0,1,0,0,0,1,0,0,0,0,0,0,0,0,0,0,0,0,0,0,0,0,0,0
annotations,1,1,0,0,1,1,0,0,0,0,0,0,0,0,0,0,0,0,0,0,0,0,0,0,0
anything,1,1,0,0,0,1,0,0,0,0,0,0,0,0,0,0,0,0,0,0,0,0,0,0,0
App,2,0,2,0,0,0,1,1,0,0,0,0,0,0,0,0,0,0,0,0,0,0,0,0,0
Appearance,2,0,0,2,0,0,2,0,0,0,0,0,0,0,0,0,0,0,0,0,0,0,0,0,0
Append,13,12,1,0,6,12,1,0,0,0,0,0,0,0,0,0,0,0,0,0,0,0,0,0,0
Appendage,1,0,0,1,0,0,1,0,0,0,0,0,0,0,0,0,0,0,0,0,0,0,0,0,0
Applet,1,0,1,0,0,0,1,0,0,0,0,0,0,0,0,0,0,0,0,0,0,0,0,0,0
Application,7,0,4,3,0,0,5,2,0,0,0,0,0,0,0,0,0,0,0,0,0,0,0,0,0
apply,25,22,0,3,4,22,3,0,0,0,0,0,0,0,0,0,0,0,0,0,0,0,0,0,0
arc,8,6,0,2,2,6,2,0,0,0,0,0,0,0,0,0,0,0,0,0,0,0,0,0,0
Arch,4,0,0,4,0,0,1,3,0,0,0,0,0,0,0,0,0,0,0,0,0,0,0,0,0
Arcto,1,0,0,1,0,0,0,1,0,0,0,0,0,0,0,0,0,0,0,0,0,0,0,0,0
Area,16,0,6,10,0,0,2,10,4,0,0,0,0,0,0,0,0,0,0,0,0,0,0,0,0
ARGB,6,0,0,6,0,0,1,3,2,0,0,0,0,0,0,0,0,0,0,0,0,0,0,0,0
Args,2,0,0,2,0,0,0,2,0,0,0,0,0,0,0,0,0,0,0,0,0,0,0,0,0
Argument,1,0,0,1,0,0,0,1,0,0,0,0,0,0,0,0,0,0,0,0,0,0,0,0,0
Arguments,1,0,0,1,0,0,1,0,0,0,0,0,0,0,0,0,0,0,0,0,0,0,0,0,0
Array,47,7,7,33,4,7,13,24,3,0,0,0,0,0,0,0,0,0,0,0,0,0,0,0,0
arraycopy,1,1,0,0,1,1,0,0,0,0,0,0,0,0,0,0,0,0,0,0,0,0,0,0,0
Arrays,2,0,1,1,0,0,2,0,0,0,0,0,0,0,0,0,0,0,0,0,0,0,0,0,0
Arrow,1,0,0,1,0,0,0,1,0,0,0,0,0,0,0,0,0,0,0,0,0,0,0,0,0
As,14,0,9,5,0,0,6,8,0,0,0,0,0,0,0,0,0,0,0,0,0,0,0,0,0
Ascent,8,1,0,7,1,1,6,1,0,0,0,0,0,0,0,0,0,0,0,0,0,0,0,0,0
ASCII,2,1,0,1,0,1,0,1,0,0,0,0,0,0,0,0,0,0,0,0,0,0,0,0,0
asin,1,1,0,0,1,1,0,0,0,0,0,0,0,0,0,0,0,0,0,0,0,0,0,0,0
Associations,2,0,0,2,0,0,2,0,0,0,0,0,0,0,0,0,0,0,0,0,0,0,0,0,0
AST,7,0,4,3,0,0,6,1,0,0,0,0,0,0,0,0,0,0,0,0,0,0,0,0,0
Async,8,2,3,3,0,2,2,1,3,0,0,0,0,0,0,0,0,0,0,0,0,0,0,0,0
At,4,0,0,4,0,0,0,1,3,0,0,0,0,0,0,0,0,0,0,0,0,0,0,0,0
atan,1,1,0,0,1,1,0,0,0,0,0,0,0,0,0,0,0,0,0,0,0,0,0,0,0
atan2,1,1,0,0,1,1,0,0,0,0,0,0,0,0,0,0,0,0,0,0,0,0,0,0,0
Atom,9,1,1,7,1,1,3,2,2,1,0,0,0,0,0,0,0,0,0,0,0,0,0,0,0
Atoms,3,0,0,3,0,0,0,1,2,0,0,0,0,0,0,0,0,0,0,0,0,0,0,0,0
attach,4,4,0,0,2,4,0,0,0,0,0,0,0,0,0,0,0,0,0,0,0,0,0,0,0
Attached,3,1,1,1,1,1,2,0,0,0,0,0,0,0,0,0,0,0,0,0,0,0,0,0,0
Attachment,1,0,1,0,0,0,0,1,0,0,0,0,0,0,0,0,0,0,0,0,0,0,0,0,0
Attrib,37,18,8,11,4,18,7,11,1,0,0,0,0,0,0,0,0,0,0,0,0,0,0,0,0
Attrib1f,1,0,0,1,0,0,1,0,0,0,0,0,0,0,0,0,0,0,0,0,0,0,0,0,0
Attrib1fv,1,0,0,1,0,0,1,0,0,0,0,0,0,0,0,0,0,0,0,0,0,0,0,0,0
Attrib2f,1,0,0,1,0,0,1,0,0,0,0,0,0,0,0,0,0,0,0,0,0,0,0,0,0
Attrib2fv,1,0,0,1,0,0,1,0,0,0,0,0,0,0,0,0,0,0,0,0,0,0,0,0,0
Attrib3f,1,0,0,1,0,0,1,0,0,0,0,0,0,0,0,0,0,0,0,0,0,0,0,0,0
Attrib3fv,1,0,0,1,0,0,1,0,0,0,0,0,0,0,0,0,0,0,0,0,0,0,0,0,0
Attrib4f,1,0,0,1,0,0,1,0,0,0,0,0,0,0,0,0,0,0,0,0,0,0,0,0,0
Attrib4fv,1,0,0,1,0,0,1,0,0,0,0,0,0,0,0,0,0,0,0,0,0,0,0,0,0
Attribfv,1,0,0,1,0,0,0,1,0,0,0,0,0,0,0,0,0,0,0,0,0,0,0,0,0
Attribiv,1,0,0,1,0,0,0,1,0,0,0,0,0,0,0,0,0,0,0,0,0,0,0,0,0
Attribs,6,0,0,6,0,0,2,4,0,0,0,0,0,0,0,0,0,0,0,0,0,0,0,0,0
Attribute,22,0,4,18,0,0,6,16,0,0,0,0,0,0,0,0,0,0,0,0,0,0,0,0,0
Attributes,10,0,0,10,0,0,3,5,2,0,0,0,0,0,0,0,0,0,0,0,0,0,0,0,0
Audio,5,1,3,1,0,1,3,0,1,0,0,0,0,0,0,0,0,0,0,0,0,0,0,0,0
Author,2,0,2,0,0,0,2,0,0,0,0,0,0,0,0,0,0,0,0,0,0,0,0,0,0
Auto,4,1,3,0,0,1,3,0,0,0,0,0,0,0,0,0,0,0,0,0,0,0,0,0,0
automate,1,1,0,0,0,1,0,0,0,0,0,0,0,0,0,0,0,0,0,0,0,0,0,0,0
Available,16,6,5,5,5,6,4,5,1,0,0,0,0,0,0,0,0,0,0,0,0,0,0,0,0
await,3,3,0,0,0,3,0,0,0,0,0,0,0,0,0,0,0,0,0,0,0,0,0,0,0
AWT,1,0,0,1,0,0,0,1,0,0,0,0,0,0,0,0,0,0,0,0,0,0,0,0,0
Axis,2,0,2,0,0,0,0,2,0,0,0,0,0,0,0,0,0,0,0,0,0,0,0,0,0
Back,4,1,2,1,1,1,3,0,0,0,0,0,0,0,0,0,0,0,0,0,0,0,0,0,0
Backed,1,0,0,1,0,0,0,1,0,0,0,0,0,0,0,0,0,0,0,0,0,0,0,0,0
Background,12,7,0,5,2,7,2,3,0,0,0,0,0,0,0,0,0,0,0,0,0,0,0,0,0
Backup,3,1,2,0,1,1,2,0,0,0,0,0,0,0,0,0,0,0,0,0,0,0,0,0,0
Bad,1,0,1,0,0,0,1,0,0,0,0,0,0,0,0,0,0,0,0,0,0,0,0,0,0
Bar,9,0,1,8,0,0,0,8,1,0,0,0,0,0,0,0,0,0,0,0,0,0,0,0,0
Bars,1,0,0,1,0,0,0,1,0,0,0,0,0,0,0,0,0,0,0,0,0,0,0,0,0
Base,11,1,3,7,1,1,9,1,0,0,0,0,0,0,0,0,0,0,0,0,0,0,0,0,0
Basic,2,0,0,2,0,0,2,0,0,0,0,0,0,0,0,0,0,0,0,0,0,0,0,0,0
BCD2,1,0,0,1,0,0,1,0,0,0,0,0,0,0,0,0,0,0,0,0,0,0,0,0,0
BCD4,1,0,0,1,0,0,1,0,0,0,0,0,0,0,0,0,0,0,0,0,0,0,0,0,0
beep,1,1,0,0,1,1,0,0,0,0,0,0,0,0,0,0,0,0,0,0,0,0,0,0,0
Before,5,1,2,2,0,1,0,4,0,0,0,0,0,0,0,0,0,0,0,0,0,0,0,0,0
begin,50,50,0,0,2,50,0,0,0,0,0,0,0,0,0,0,0,0,0,0,0,0,0,0,0
begin2,2,2,0,0,0,2,0,0,0,0,0,0,0,0,0,0,0,0,0,0,0,0,0,0,0
Benign,1,0,1,0,0,0,1,0,0,0,0,0,0,0,0,0,0,0,0,0,0,0,0,0,0
Best,1,0,1,0,0,0,1,0,0,0,0,0,0,0,0,0,0,0,0,0,0,0,0,0,0
Between,1,0,0,1,0,0,1,0,0,0,0,0,0,0,0,0,0,0,0,0,0,0,0,0,0
Bevel3,1,0,1,0,0,0,1,0,0,0,0,0,0,0,0,0,0,0,0,0,0,0,0,0,0
Bezier,26,22,4,0,2,22,4,0,0,0,0,0,0,0,0,0,0,0,0,0,0,0,0,0,0
Bin,1,0,1,0,0,0,1,0,0,0,0,0,0,0,0,0,0,0,0,0,0,0,0,0,0
Binary,5,1,1,3,1,1,4,0,0,0,0,0,0,0,0,0,0,0,0,0,0,0,0,0,0
bind,16,15,1,0,4,15,1,0,0,0,0,0,0,0,0,0,0,0,0,0,0,0,0,0,0
Binding,3,0,0,3,0,0,1,2,0,0,0,0,0,0,0,0,0,0,0,0,0,0,0,0,0
Bindings,3,0,0,3,0,0,0,0,3,0,0,0,0,0,0,0,0,0,0,0,0,0,0,0,0
Bit,2,0,2,0,0,0,2,0,0,0,0,0,0,0,0,0,0,0,0,0,0,0,0,0,0
Bitmap,2,0,0,2,0,0,2,0,0,0,0,0,0,0,0,0,0,0,0,0,0,0,0,0,0
Bits,3,0,0,3,0,0,0,3,0,0,0,0,0,0,0,0,0,0,0,0,0,0,0,0,0
blend,18,18,0,0,4,18,0,0,0,0,0,0,0,0,0,0,0,0,0,0,0,0,0,0,0
blendaddpin,1,1,0,0,1,1,0,0,0,0,0,0,0,0,0,0,0,0,0,0,0,0,0,0,0
blendblend,1,1,0,0,1,1,0,0,0,0,0,0,0,0,0,0,0,0,0,0,0,0,0,0,0
blendburn,1,1,0,0,1,1,0,0,0,0,0,0,0,0,0,0,0,0,0,0,0,0,0,0,0
blenddarkest,1,1,0,0,1,1,0,0,0,0,0,0,0,0,0,0,0,0,0,0,0,0,0,0,0
blenddifference,1,1,0,0,1,1,0,0,0,0,0,0,0,0,0,0,0,0,0,0,0,0,0,0,0
blenddodge,1,1,0,0,1,1,0,0,0,0,0,0,0,0,0,0,0,0,0,0,0,0,0,0,0
blendexclusion,1,1,0,0,1,1,0,0,0,0,0,0,0,0,0,0,0,0,0,0,0,0,0,0,0
blendhardlight,1,1,0,0,1,1,0,0,0,0,0,0,0,0,0,0,0,0,0,0,0,0,0,0,0
Blending,1,1,0,0,0,1,0,0,0,0,0,0,0,0,0,0,0,0,0,0,0,0,0,0,0
blendlightest,1,1,0,0,1,1,0,0,0,0,0,0,0,0,0,0,0,0,0,0,0,0,0,0,0
blendmultiply,1,1,0,0,1,1,0,0,0,0,0,0,0,0,0,0,0,0,0,0,0,0,0,0,0
blendoverlay,1,1,0,0,1,1,0,0,0,0,0,0,0,0,0,0,0,0,0,0,0,0,0,0,0
blendscreen,1,1,0,0,1,1,0,0,0,0,0,0,0,0,0,0,0,0,0,0,0,0,0,0,0
blendsoftlight,1,1,0,0,1,1,0,0,0,0,0,0,0,0,0,0,0,0,0,0,0,0,0,0,0
blendsubpin,1,1,0,0,1,1,0,0,0,0,0,0,0,0,0,0,0,0,0,0,0,0,0,0,0
Blink,3,1,2,0,0,1,0,2,0,0,0,0,0,0,0,0,0,0,0,0,0,0,0,0,0
blit,1,1,0,0,0,1,0,0,0,0,0,0,0,0,0,0,0,0,0,0,0,0,0,0,0
blitresize,1,1,0,0,1,1,0,0,0,0,0,0,0,0,0,0,0,0,0,0,0,0,0,0,0
Block,2,0,2,0,0,0,1,1,0,0,0,0,0,0,0,0,0,0,0,0,0,0,0,0,0
Blocking,1,0,0,1,0,0,0,1,0,0,0,0,0,0,0,0,0,0,0,0,0,0,0,0,0
Blocks,1,0,0,1,0,0,0,1,0,0,0,0,0,0,0,0,0,0,0,0,0,0,0,0,0
Blows,1,0,0,1,0,0,0,1,0,0,0,0,0,0,0,0,0,0,0,0,0,0,0,0,0
blue,2,2,0,0,2,2,0,0,0,0,0,0,0,0,0,0,0,0,0,0,0,0,0,0,0
blur,5,4,1,0,0,4,1,0,0,0,0,0,0,0,0,0,0,0,0,0,0,0,0,0,0
Body,2,0,2,0,0,0,2,0,0,0,0,0,0,0,0,0,0,0,0,0,0,0,0,0,0
Bold,1,0,0,1,0,0,1,0,0,0,0,0,0,0,0,0,0,0,0,0,0,0,0,0,0
Bool,5,0,4,1,0,0,5,0,0,0,0,0,0,0,0,0,0,0,0,0,0,0,0,0,0
Boolean,12,0,1,11,0,0,12,0,0,0,0,0,0,0,0,0,0,0,0,0,0,0,0,0,0
Booleanv,1,0,0,1,0,0,1,0,0,0,0,0,0,0,0,0,0,0,0,0,0,0,0,0,0
Border,1,0,0,1,0,0,1,0,0,0,0,0,0,0,0,0,0,0,0,0,0,0,0,0,0
Bound,3,2,0,1,2,2,0,1,0,0,0,0,0,0,0,0,0,0,0,0,0,0,0,0,0
Bounded,2,1,0,1,1,1,0,0,1,0,0,0,0,0,0,0,0,0,0,0,0,0,0,0,0
bounds,4,2,0,2,0,2,2,0,0,0,0,0,0,0,0,0,0,0,0,0,0,0,0,0,0
Box,14,6,2,6,6,6,3,4,1,0,0,0,0,0,0,0,0,0,0,0,0,0,0,0,0
Boxes,3,0,1,2,0,0,0,2,1,0,0,0,0,0,0,0,0,0,0,0,0,0,0,0,0
Brace,2,0,2,0,0,0,1,1,0,0,0,0,0,0,0,0,0,0,0,0,0,0,0,0,0
Braces,2,0,0,2,0,0,0,0,2,0,0,0,0,0,0,0,0,0,0,0,0,0,0,0,0
Bracket,7,0,5,2,0,0,5,1,0,1,0,0,0,0,0,0,0,0,0,0,0,0,0,0,0
Brackets,2,0,2,0,0,0,2,0,0,0,0,0,0,0,0,0,0,0,0,0,0,0,0,0,0
Break,5,1,1,3,0,1,3,1,0,0,0,0,0,0,0,0,0,0,0,0,0,0,0,0,0
breakpoint,9,1,2,6,0,1,8,0,0,0,0,0,0,0,0,0,0,0,0,0,0,0,0,0,0
Breakpointed,3,0,3,0,0,0,3,0,0,0,0,0,0,0,0,0,0,0,0,0,0,0,0,0,0
Breakpoints,2,0,0,2,0,0,2,0,0,0,0,0,0,0,0,0,0,0,0,0,0,0,0,0,0
Bright,1,0,1,0,0,0,1,0,0,0,0,0,0,0,0,0,0,0,0,0,0,0,0,0,0
brightness,3,3,0,0,3,3,0,0,0,0,0,0,0,0,0,0,0,0,0,0,0,0,0,0,0
buf,2,2,0,0,0,2,0,0,0,0,0,0,0,0,0,0,0,0,0,0,0,0,0,0,0
Buffer,86,7,10,69,1,7,20,30,26,3,0,0,0,0,0,0,0,0,0,0,0,0,0,0,0
Buffered,1,1,0,0,0,1,0,0,0,0,0,0,0,0,0,0,0,0,0,0,0,0,0,0,0
Buffers,22,0,2,20,0,0,7,15,0,0,0,0,0,0,0,0,0,0,0,0,0,0,0,0,0
Bug,1,0,0,1,0,0,0,1,0,0,0,0,0,0,0,0,0,0,0,0,0,0,0,0,0
bug1064,1,1,0,0,1,1,0,0,0,0,0,0,0,0,0,0,0,0,0,0,0,0,0,0,0
bug109,1,1,0,0,1,1,0,0,0,0,0,0,0,0,0,0,0,0,0,0,0,0,0,0,0
bug1145,1,1,0,0,1,1,0,0,0,0,0,0,0,0,0,0,0,0,0,0,0,0,0,0,0
bug136,1,1,0,0,1,1,0,0,0,0,0,0,0,0,0,0,0,0,0,0,0,0,0,0,0
bug1362,1,1,0,0,1,1,0,0,0,0,0,0,0,0,0,0,0,0,0,0,0,0,0,0,0
bug1390,1,1,0,0,1,1,0,0,0,0,0,0,0,0,0,0,0,0,0,0,0,0,0,0,0
bug1442,1,1,0,0,1,1,0,0,0,0,0,0,0,0,0,0,0,0,0,0,0,0,0,0,0
bug1511,1,1,0,0,1,1,0,0,0,0,0,0,0,0,0,0,0,0,0,0,0,0,0,0,0
bug1512,1,1,0,0,1,1,0,0,0,0,0,0,0,0,0,0,0,0,0,0,0,0,0,0,0
bug1514a,1,1,0,0,1,1,0,0,0,0,0,0,0,0,0,0,0,0,0,0,0,0,0,0,0
bug1514b,1,1,0,0,1,1,0,0,0,0,0,0,0,0,0,0,0,0,0,0,0,0,0,0,0
bug1515,1,1,0,0,1,1,0,0,0,0,0,0,0,0,0,0,0,0,0,0,0,0,0,0,0
bug1516,1,1,0,0,1,1,0,0,0,0,0,0,0,0,0,0,0,0,0,0,0,0,0,0,0
bug1517,1,1,0,0,1,1,0,0,0,0,0,0,0,0,0,0,0,0,0,0,0,0,0,0,0
bug1518a,1,1,0,0,1,1,0,0,0,0,0,0,0,0,0,0,0,0,0,0,0,0,0,0,0
bug1518b,1,1,0,0,1,1,0,0,0,0,0,0,0,0,0,0,0,0,0,0,0,0,0,0,0
bug1519,1,1,0,0,1,1,0,0,0,0,0,0,0,0,0,0,0,0,0,0,0,0,0,0,0
bug1525,1,1,0,0,1,1,0,0,0,0,0,0,0,0,0,0,0,0,0,0,0,0,0,0,0
bug1532,1,1,0,0,1,1,0,0,0,0,0,0,0,0,0,0,0,0,0,0,0,0,0,0,0
bug1534,1,1,0,0,1,1,0,0,0,0,0,0,0,0,0,0,0,0,0,0,0,0,0,0,0
bug16,1,1,0,0,1,1,0,0,0,0,0,0,0,0,0,0,0,0,0,0,0,0,0,0,0
bug1936,1,1,0,0,1,1,0,0,0,0,0,0,0,0,0,0,0,0,0,0,0,0,0,0,0
bug196,1,1,0,0,1,1,0,0,0,0,0,0,0,0,0,0,0,0,0,0,0,0,0,0,0
bug281,1,1,0,0,1,1,0,0,0,0,0,0,0,0,0,0,0,0,0,0,0,0,0,0,0
bug315g,1,1,0,0,1,1,0,0,0,0,0,0,0,0,0,0,0,0,0,0,0,0,0,0,0
bug4,1,1,0,0,1,1,0,0,0,0,0,0,0,0,0,0,0,0,0,0,0,0,0,0,0
bug400g,1,1,0,0,1,1,0,0,0,0,0,0,0,0,0,0,0,0,0,0,0,0,0,0,0
bug405,1,1,0,0,1,1,0,0,0,0,0,0,0,0,0,0,0,0,0,0,0,0,0,0,0
bug420,1,1,0,0,1,1,0,0,0,0,0,0,0,0,0,0,0,0,0,0,0,0,0,0,0
bug427g,1,1,0,0,1,1,0,0,0,0,0,0,0,0,0,0,0,0,0,0,0,0,0,0,0
bug481,1,1,0,0,1,1,0,0,0,0,0,0,0,0,0,0,0,0,0,0,0,0,0,0,0
bug507,1,1,0,0,1,1,0,0,0,0,0,0,0,0,0,0,0,0,0,0,0,0,0,0,0
bug598,1,1,0,0,1,1,0,0,0,0,0,0,0,0,0,0,0,0,0,0,0,0,0,0,0
bug5a,1,1,0,0,1,1,0,0,0,0,0,0,0,0,0,0,0,0,0,0,0,0,0,0,0
bug5b,1,1,0,0,1,1,0,0,0,0,0,0,0,0,0,0,0,0,0,0,0,0,0,0,0
bug6,1,1,0,0,1,1,0,0,0,0,0,0,0,0,0,0,0,0,0,0,0,0,0,0,0
bug631,1,1,0,0,1,1,0,0,0,0,0,0,0,0,0,0,0,0,0,0,0,0,0,0,0
bug763,1,1,0,0,1,1,0,0,0,0,0,0,0,0,0,0,0,0,0,0,0,0,0,0,0
bug820,1,1,0,0,1,1,0,0,0,0,0,0,0,0,0,0,0,0,0,0,0,0,0,0,0
build,34,32,0,2,3,32,2,0,0,0,0,0,0,0,0,0,0,0,0,0,0,0,0,0,0
Bundle,3,0,2,1,0,0,2,1,0,0,0,0,0,0,0,0,0,0,0,0,0,0,0,0,0
Busy,2,0,0,2,0,0,2,0,0,0,0,0,0,0,0,0,0,0,0,0,0,0,0,0,0
Button,6,0,1,5,0,0,3,3,0,0,0,0,0,0,0,0,0,0,0,0,0,0,0,0,0
Buttons,3,0,0,3,0,0,2,1,0,0,0,0,0,0,0,0,0,0,0,0,0,0,0,0,0
By,3,0,3,0,0,0,1,2,0,0,0,0,0,0,0,0,0,0,0,0,0,0,0,0,0
Byte,10,0,8,2,0,0,8,2,0,0,0,0,0,0,0,0,0,0,0,0,0,0,0,0,0
Bytes,8,0,3,5,0,0,7,1,0,0,0,0,0,0,0,0,0,0,0,0,0,0,0,0,0
C,2,0,0,2,0,0,1,1,0,0,0,0,0,0,0,0,0,0,0,0,0,0,0,0,0
Cache,16,0,0,16,0,0,9,4,3,0,0,0,0,0,0,0,0,0,0,0,0,0,0,0,0
calc,35,18,2,15,0,18,4,13,0,0,0,0,0,0,0,0,0,0,0,0,0,0,0,0,0
calculate,1,1,0,0,0,1,0,0,0,0,0,0,0,0,0,0,0,0,0,0,0,0,0,0,0
Call,3,2,1,0,0,2,1,0,0,0,0,0,0,0,0,0,0,0,0,0,0,0,0,0,0
Callback,8,0,0,8,0,0,8,0,0,0,0,0,0,0,0,0,0,0,0,0,0,0,0,0,0
Called,1,0,0,1,0,0,1,0,0,0,0,0,0,0,0,0,0,0,0,0,0,0,0,0,0
Camera,18,4,0,14,4,4,14,0,0,0,0,0,0,0,0,0,0,0,0,0,0,0,0,0,0
can,7,7,0,0,0,7,0,0,0,0,0,0,0,0,0,0,0,0,0,0,0,0,0,0,0
Cancel,6,5,1,0,3,5,0,0,1,0,0,0,0,0,0,0,0,0,0,0,0,0,0,0,0
Canceled,3,0,0,3,0,0,3,0,0,0,0,0,0,0,0,0,0,0,0,0,0,0,0,0,0
Candidate,3,0,0,3,0,0,3,0,0,0,0,0,0,0,0,0,0,0,0,0,0,0,0,0,0
Candidates,2,0,0,2,0,0,2,0,0,0,0,0,0,0,0,0,0,0,0,0,0,0,0,0,0
cannot,1,1,0,0,0,1,0,0,0,0,0,0,0,0,0,0,0,0,0,0,0,0,0,0,0
Canvas,2,0,1,1,0,0,2,0,0,0,0,0,0,0,0,0,0,0,0,0,0,0,0,0,0
Cap,10,0,0,10,0,0,6,4,0,0,0,0,0,0,0,0,0,0,0,0,0,0,0,0,0
Capable,1,0,0,1,0,0,0,0,1,0,0,0,0,0,0,0,0,0,0,0,0,0,0,0,0
Capacity,2,0,0,2,0,0,2,0,0,0,0,0,0,0,0,0,0,0,0,0,0,0,0,0,0
capitalize,1,1,0,0,0,1,0,0,0,0,0,0,0,0,0,0,0,0,0,0,0,0,0,0,0
Caps,3,0,1,2,0,0,3,0,0,0,0,0,0,0,0,0,0,0,0,0,0,0,0,0,0
Caret,26,4,18,4,0,4,18,4,0,0,0,0,0,0,0,0,0,0,0,0,0,0,0,0,0
Case,2,0,0,2,0,0,0,2,0,0,0,0,0,0,0,0,0,0,0,0,0,0,0,0,0
Categories,3,0,0,3,0,0,3,0,0,0,0,0,0,0,0,0,0,0,0,0,0,0,0,0,0
Category,10,0,5,5,0,0,7,3,0,0,0,0,0,0,0,0,0,0,0,0,0,0,0,0,0
CCW,1,0,0,1,0,0,1,0,0,0,0,0,0,0,0,0,0,0,0,0,0,0,0,0,0
ceil,1,1,0,0,1,1,0,0,0,0,0,0,0,0,0,0,0,0,0,0,0,0,0,0,0
Cell,16,0,16,0,0,0,6,10,0,0,0,0,0,0,0,0,0,0,0,0,0,0,0,0,0
Center,1,0,1,0,0,0,1,0,0,0,0,0,0,0,0,0,0,0,0,0,0,0,0,0,0
Centered,1,0,0,1,0,0,0,1,0,0,0,0,0,0,0,0,0,0,0,0,0,0,0,0,0
Change,9,3,0,6,0,3,5,0,0,1,0,0,0,0,0,0,0,0,0,0,0,0,0,0,0
Changed,38,4,0,34,1,4,18,12,4,0,0,0,0,0,0,0,0,0,0,0,0,0,0,0,0
Changes,3,0,0,3,0,0,1,0,2,0,0,0,0,0,0,0,0,0,0,0,0,0,0,0,0
Channel,2,0,2,0,0,0,2,0,0,0,0,0,0,0,0,0,0,0,0,0,0,0,0,0,0
Char,16,0,7,9,0,0,13,2,1,0,0,0,0,0,0,0,0,0,0,0,0,0,0,0,0
Character,2,2,0,0,0,2,0,0,0,0,0,0,0,0,0,0,0,0,0,0,0,0,0,0,0
Characters,1,0,0,1,0,0,1,0,0,0,0,0,0,0,0,0,0,0,0,0,0,0,0,0,0
Check,77,51,2,24,0,51,8,18,0,0,0,0,0,0,0,0,0,0,0,0,0,0,0,0,0
Checker,1,0,0,1,0,0,1,0,0,0,0,0,0,0,0,0,0,0,0,0,0,0,0,0,0
Child,22,0,7,15,0,0,22,0,0,0,0,0,0,0,0,0,0,0,0,0,0,0,0,0,0
Children,15,1,1,13,1,1,11,2,1,0,0,0,0,0,0,0,0,0,0,0,0,0,0,0,0
Chooser,2,0,0,2,0,0,1,1,0,0,0,0,0,0,0,0,0,0,0,0,0,0,0,0,0
Chunk,4,1,1,2,1,1,2,1,0,0,0,0,0,0,0,0,0,0,0,0,0,0,0,0,0
clamp,12,12,0,0,0,12,0,0,0,0,0,0,0,0,0,0,0,0,0,0,0,0,0,0,0
clamp2,1,1,0,0,0,1,0,0,0,0,0,0,0,0,0,0,0,0,0,0,0,0,0,0,0
Class,45,3,33,9,0,3,21,13,8,0,0,0,0,0,0,0,0,0,0,0,0,0,0,0,0
Classes,2,0,0,2,0,0,2,0,0,0,0,0,0,0,0,0,0,0,0,0,0,0,0,0,0
Classpath,1,0,1,0,0,0,1,0,0,0,0,0,0,0,0,0,0,0,0,0,0,0,0,0,0
Clean,1,0,0,1,0,0,1,0,0,0,0,0,0,0,0,0,0,0,0,0,0,0,0,0,0
cleanup,3,3,0,0,3,3,0,0,0,0,0,0,0,0,0,0,0,0,0,0,0,0,0,0,0
clear,40,40,0,0,16,40,0,0,0,0,0,0,0,0,0,0,0,0,0,0,0,0,0,0,0
Click,8,0,3,5,0,0,1,6,1,0,0,0,0,0,0,0,0,0,0,0,0,0,0,0,0
Clicked,11,0,0,11,0,0,11,0,0,0,0,0,0,0,0,0,0,0,0,0,0,0,0,0,0
client,7,3,0,4,1,3,3,1,0,0,0,0,0,0,0,0,0,0,0,0,0,0,0,0,0
clip,12,7,0,5,2,7,5,0,0,0,0,0,0,0,0,0,0,0,0,0,0,0,0,0,0
Clipboard,1,0,0,1,0,0,0,1,0,0,0,0,0,0,0,0,0,0,0,0,0,0,0,0,0
Clone,3,2,1,0,2,2,1,0,0,0,0,0,0,0,0,0,0,0,0,0,0,0,0,0,0
Close,24,14,3,7,12,14,7,2,1,0,0,0,0,0,0,0,0,0,0,0,0,0,0,0,0
Closed,1,0,0,1,0,0,1,0,0,0,0,0,0,0,0,0,0,0,0,0,0,0,0,0,0
Closest,3,0,3,0,0,0,3,0,0,0,0,0,0,0,0,0,0,0,0,0,0,0,0,0,0
Closing,8,0,0,8,0,0,8,0,0,0,0,0,0,0,0,0,0,0,0,0,0,0,0,0,0
Closures,1,0,0,1,0,0,0,0,1,0,0,0,0,0,0,0,0,0,0,0,0,0,0,0,0
Cmd,1,0,0,1,0,0,1,0,0,0,0,0,0,0,0,0,0,0,0,0,0,0,0,0,0
Code,64,2,22,40,0,2,33,25,4,0,0,0,0,0,0,0,0,0,0,0,0,0,0,0,0
Coded,1,0,1,0,0,0,0,1,0,0,0,0,0,0,0,0,0,0,0,0,0,0,0,0,0
Codes,5,0,0,5,0,0,2,3,0,0,0,0,0,0,0,0,0,0,0,0,0,0,0,0,0
Col,1,0,0,1,0,0,0,1,0,0,0,0,0,0,0,0,0,0,0,0,0,0,0,0,0
Collapsed,2,0,0,2,0,0,2,0,0,0,0,0,0,0,0,0,0,0,0,0,0,0,0,0,0
collect,2,2,0,0,0,2,0,0,0,0,0,0,0,0,0,0,0,0,0,0,0,0,0,0,0
Color,79,23,21,35,2,23,39,16,1,0,0,0,0,0,0,0,0,0,0,0,0,0,0,0,0
Coloring,1,0,0,1,0,0,1,0,0,0,0,0,0,0,0,0,0,0,0,0,0,0,0,0,0
Colors,21,0,3,18,0,0,4,14,3,0,0,0,0,0,0,0,0,0,0,0,0,0,0,0,0
Column,33,0,19,14,0,0,26,7,0,0,0,0,0,0,0,0,0,0,0,0,0,0,0,0,0
combine,2,2,0,0,2,2,0,0,0,0,0,0,0,0,0,0,0,0,0,0,0,0,0,0,0
Command,3,0,3,0,0,0,3,0,0,0,0,0,0,0,0,0,0,0,0,0,0,0,0,0,0
Commander,1,1,0,0,1,1,0,0,0,0,0,0,0,0,0,0,0,0,0,0,0,0,0,0,0
Commas,1,0,0,1,0,0,1,0,0,0,0,0,0,0,0,0,0,0,0,0,0,0,0,0,0
Comment,12,0,3,9,0,0,4,4,3,1,0,0,0,0,0,0,0,0,0,0,0,0,0,0,0
Comments,4,0,1,3,0,0,2,2,0,0,0,0,0,0,0,0,0,0,0,0,0,0,0,0,0
Commit,1,0,0,1,0,0,0,0,1,0,0,0,0,0,0,0,0,0,0,0,0,0,0,0,0
Committed,5,0,5,0,0,0,3,2,0,0,0,0,0,0,0,0,0,0,0,0,0,0,0,0,0
Common,3,0,3,0,0,0,3,0,0,0,0,0,0,0,0,0,0,0,0,0,0,0,0,0,0
Comp,2,0,2,0,0,0,0,1,1,0,0,0,0,0,0,0,0,0,0,0,0,0,0,0,0
compare,15,15,0,0,12,15,0,0,0,0,0,0,0,0,0,0,0,0,0,0,0,0,0,0,0
Compatibility,1,0,0,1,0,0,0,1,0,0,0,0,0,0,0,0,0,0,0,0,0,0,0,0,0
Compatible,2,0,0,2,0,0,2,0,0,0,0,0,0,0,0,0,0,0,0,0,0,0,0,0,0
compile,6,6,0,0,3,6,0,0,0,0,0,0,0,0,0,0,0,0,0,0,0,0,0,0,0
compiled,1,1,0,0,1,1,0,0,0,0,0,0,0,0,0,0,0,0,0,0,0,0,0,0,0
Compiler,3,0,1,2,0,0,2,1,0,0,0,0,0,0,0,0,0,0,0,0,0,0,0,0,0
complain,1,1,0,0,0,1,0,0,0,0,0,0,0,0,0,0,0,0,0,0,0,0,0,0,0
complete,6,5,0,1,0,5,0,0,1,0,0,0,0,0,0,0,0,0,0,0,0,0,0,0,0
Completion,8,2,2,4,0,2,3,1,2,0,0,0,0,0,0,0,0,0,0,0,0,0,0,0,0
Component,30,7,0,23,0,7,12,2,0,9,0,0,0,0,0,0,0,0,0,0,0,0,0,0,0
Components,4,0,0,4,0,0,2,2,0,0,0,0,0,0,0,0,0,0,0,0,0,0,0,0,0
compose,1,1,0,0,1,1,0,0,0,0,0,0,0,0,0,0,0,0,0,0,0,0,0,0,0
Composed,3,0,3,0,0,0,3,0,0,0,0,0,0,0,0,0,0,0,0,0,0,0,0,0,0
Composite,1,1,0,0,0,1,0,0,0,0,0,0,0,0,0,0,0,0,0,0,0,0,0,0,0
Composition,6,2,4,0,0,2,4,0,0,0,0,0,0,0,0,0,0,0,0,0,0,0,0,0,0
Compound,4,0,4,0,0,0,4,0,0,0,0,0,0,0,0,0,0,0,0,0,0,0,0,0,0
compressed,2,2,0,0,0,2,0,0,0,0,0,0,0,0,0,0,0,0,0,0,0,0,0,0,0
Compression,2,0,2,0,0,0,2,0,0,0,0,0,0,0,0,0,0,0,0,0,0,0,0,0,0
compute,3,3,0,0,0,3,0,0,0,0,0,0,0,0,0,0,0,0,0,0,0,0,0,0,0
concat,1,1,0,0,1,1,0,0,0,0,0,0,0,0,0,0,0,0,0,0,0,0,0,0,0
Config,2,0,0,2,0,0,2,0,0,0,0,0,0,0,0,0,0,0,0,0,0,0,0,0,0
Configured,7,0,7,0,0,0,7,0,0,0,0,0,0,0,0,0,0,0,0,0,0,0,0,0,0
Connector,1,0,0,1,0,0,1,0,0,0,0,0,0,0,0,0,0,0,0,0,0,0,0,0,0
Cons,1,0,0,1,0,0,1,0,0,0,0,0,0,0,0,0,0,0,0,0,0,0,0,0,0
Console,6,1,1,4,0,1,5,0,0,0,0,0,0,0,0,0,0,0,0,0,0,0,0,0,0
Const,1,0,0,1,0,0,0,0,1,0,0,0,0,0,0,0,0,0,0,0,0,0,0,0,0
Constants,1,0,1,0,0,0,1,0,0,0,0,0,0,0,0,0,0,0,0,0,0,0,0,0,0
constrain,1,1,0,0,1,1,0,0,0,0,0,0,0,0,0,0,0,0,0,0,0,0,0,0,0
Constructors,1,0,0,1,0,0,0,1,0,0,0,0,0,0,0,0,0,0,0,0,0,0,0,0,0
consume,2,2,0,0,0,2,0,0,0,0,0,0,0,0,0,0,0,0,0,0,0,0,0,0,0
Container,1,0,0,1,0,0,1,0,0,0,0,0,0,0,0,0,0,0,0,0,0,0,0,0,0
contains,11,11,0,0,6,11,0,0,0,0,0,0,0,0,0,0,0,0,0,0,0,0,0,0,0
Content,15,0,5,10,0,0,6,9,0,0,0,0,0,0,0,0,0,0,0,0,0,0,0,0,0
contents,2,1,0,1,0,1,0,1,0,0,0,0,0,0,0,0,0,0,0,0,0,0,0,0,0
Context,19,7,4,8,0,7,4,6,1,1,0,0,0,0,0,0,0,0,0,0,0,0,0,0,0
Continue,7,1,0,6,0,1,5,0,0,0,1,0,0,0,0,0,0,0,0,0,0,0,0,0,0
Contour,16,0,2,14,0,0,16,0,0,0,0,0,0,0,0,0,0,0,0,0,0,0,0,0,0
Contrib,10,2,4,4,0,2,5,2,1,0,0,0,0,0,0,0,0,0,0,0,0,0,0,0,0
Contribs,6,0,1,5,0,0,1,5,0,0,0,0,0,0,0,0,0,0,0,0,0,0,0,0,0
Contribution,25,7,5,13,0,7,15,1,2,0,0,0,0,0,0,0,0,0,0,0,0,0,0,0,0
Contributions,1,0,0,1,0,0,1,0,0,0,0,0,0,0,0,0,0,0,0,0,0,0,0,0,0
Control,3,0,3,0,0,0,3,0,0,0,0,0,0,0,0,0,0,0,0,0,0,0,0,0,0
Controller,2,2,0,0,2,2,0,0,0,0,0,0,0,0,0,0,0,0,0,0,0,0,0,0,0
convert,8,8,0,0,0,8,0,0,0,0,0,0,0,0,0,0,0,0,0,0,0,0,0,0,0
Coords,13,0,1,12,0,0,1,6,5,1,0,0,0,0,0,0,0,0,0,0,0,0,0,0,0
copy,77,73,2,2,19,73,3,1,0,0,0,0,0,0,0,0,0,0,0,0,0,0,0,0,0
Copying,1,0,1,0,0,0,0,1,0,0,0,0,0,0,0,0,0,0,0,0,0,0,0,0,0
Copyright,1,0,0,1,0,0,1,0,0,0,0,0,0,0,0,0,0,0,0,0,0,0,0,0,0
Core,7,0,7,0,0,0,7,0,0,0,0,0,0,0,0,0,0,0,0,0,0,0,0,0,0
cos,3,3,0,0,3,3,0,0,0,0,0,0,0,0,0,0,0,0,0,0,0,0,0,0,0
Count,37,4,0,33,0,4,2,28,3,0,0,0,0,0,0,0,0,0,0,0,0,0,0,0,0
Counter,1,0,0,1,0,0,1,0,0,0,0,0,0,0,0,0,0,0,0,0,0,0,0,0,0
Counts,1,0,0,1,0,0,1,0,0,0,0,0,0,0,0,0,0,0,0,0,0,0,0,0,0
Coverage,1,0,0,1,0,0,1,0,0,0,0,0,0,0,0,0,0,0,0,0,0,0,0,0,0
CRC,2,0,0,2,0,0,2,0,0,0,0,0,0,0,0,0,0,0,0,0,0,0,0,0,0
create,101,101,0,0,6,101,0,0,0,0,0,0,0,0,0,0,0,0,0,0,0,0,0,0,0
Created,1,0,0,1,0,0,1,0,0,0,0,0,0,0,0,0,0,0,0,0,0,0,0,0,0
crop,7,7,0,0,7,7,0,0,0,0,0,0,0,0,0,0,0,0,0,0,0,0,0,0,0
cross,1,1,0,0,1,1,0,0,0,0,0,0,0,0,0,0,0,0,0,0,0,0,0,0,0
Crusty,1,0,1,0,0,0,1,0,0,0,0,0,0,0,0,0,0,0,0,0,0,0,0,0,0
CSV,3,0,0,3,0,0,1,2,0,0,0,0,0,0,0,0,0,0,0,0,0,0,0,0,0
CTS,1,0,0,1,0,0,1,0,0,0,0,0,0,0,0,0,0,0,0,0,0,0,0,0,0
cull,1,1,0,0,0,1,0,0,0,0,0,0,0,0,0,0,0,0,0,0,0,0,0,0,0
Curly,3,0,3,0,0,0,1,1,0,1,0,0,0,0,0,0,0,0,0,0,0,0,0,0,0
Current,34,5,24,5,0,5,24,4,0,1,0,0,0,0,0,0,0,0,0,0,0,0,0,0,0
cursor,15,4,0,11,1,4,11,0,0,0,0,0,0,0,0,0,0,0,0,0,0,0,0,0,0
Curve,35,28,7,0,2,28,7,0,0,0,0,0,0,0,0,0,0,0,0,0,0,0,0,0,0
Curveto,1,0,0,1,0,0,0,1,0,0,0,0,0,0,0,0,0,0,0,0,0,0,0,0,0
Custom,1,0,1,0,0,0,1,0,0,0,0,0,0,0,0,0,0,0,0,0,0,0,0,0,0
Cut,3,2,0,1,1,2,1,0,0,0,0,0,0,0,0,0,0,0,0,0,0,0,0,0,0
D,56,0,2,54,0,0,20,17,17,2,0,0,0,0,0,0,0,0,0,0,0,0,0,0,0
D16,1,0,0,1,0,0,0,1,0,0,0,0,0,0,0,0,0,0,0,0,0,0,0,0,0
D30,1,0,0,1,0,0,0,1,0,0,0,0,0,0,0,0,0,0,0,0,0,0,0,0,0
D8,1,0,0,1,0,0,0,1,0,0,0,0,0,0,0,0,0,0,0,0,0,0,0,0,0
Data,27,4,13,10,0,4,12,10,1,0,0,0,0,0,0,0,0,0,0,0,0,0,0,0,0
day,1,1,0,0,1,1,0,0,0,0,0,0,0,0,0,0,0,0,0,0,0,0,0,0,0
deactivate,8,8,0,0,0,8,0,0,0,0,0,0,0,0,0,0,0,0,0,0,0,0,0,0,0
Deactivated,1,0,0,1,0,0,1,0,0,0,0,0,0,0,0,0,0,0,0,0,0,0,0,0,0
Death,2,0,0,2,0,0,0,0,2,0,0,0,0,0,0,0,0,0,0,0,0,0,0,0,0
Debug,15,8,1,6,3,8,7,0,0,0,0,0,0,0,0,0,0,0,0,0,0,0,0,0,0
Debugger,4,1,2,1,1,1,3,0,0,0,0,0,0,0,0,0,0,0,0,0,0,0,0,0,0
Decimal,1,0,1,0,0,0,0,1,0,0,0,0,0,0,0,0,0,0,0,0,0,0,0,0,0
Declaration,2,0,0,2,0,0,2,0,0,0,0,0,0,0,0,0,0,0,0,0,0,0,0,0,0
Declaration2,1,0,0,1,0,0,1,0,0,0,0,0,0,0,0,0,0,0,0,0,0,0,0,0,0
Declared,1,0,1,0,0,0,1,0,0,0,0,0,0,0,0,0,0,0,0,0,0,0,0,0,0
Declaring,1,0,1,0,0,0,1,0,0,0,0,0,0,0,0,0,0,0,0,0,0,0,0,0,0
Decode,1,0,0,1,0,0,1,0,0,0,0,0,0,0,0,0,0,0,0,0,0,0,0,0,0
Def,1,0,0,1,0,0,0,1,0,0,0,0,0,0,0,0,0,0,0,0,0,0,0,0,0
Default,41,16,23,2,0,16,24,0,1,0,0,0,0,0,0,0,0,0,0,0,0,0,0,0,0
Defaults,2,0,0,2,0,0,1,0,1,0,0,0,0,0,0,0,0,0,0,0,0,0,0,0,0
defined,2,2,0,0,0,2,0,0,0,0,0,0,0,0,0,0,0,0,0,0,0,0,0,0,0
degrees,1,1,0,0,1,1,0,0,0,0,0,0,0,0,0,0,0,0,0,0,0,0,0,0,0
dehexchar,1,1,0,0,1,1,0,0,0,0,0,0,0,0,0,0,0,0,0,0,0,0,0,0,0
delay,1,1,0,0,1,1,0,0,0,0,0,0,0,0,0,0,0,0,0,0,0,0,0,0,0
Delete,19,18,1,0,2,18,1,0,0,0,0,0,0,0,0,0,0,0,0,0,0,0,0,0,0
Deletion,3,0,3,0,0,0,3,0,0,0,0,0,0,0,0,0,0,0,0,0,0,0,0,0,0
Delta16,1,0,0,1,0,0,1,0,0,0,0,0,0,0,0,0,0,0,0,0,0,0,0,0,0
Delta24,1,0,0,1,0,0,1,0,0,0,0,0,0,0,0,0,0,0,0,0,0,0,0,0,0
Delta32,1,0,0,1,0,0,1,0,0,0,0,0,0,0,0,0,0,0,0,0,0,0,0,0,0
Density,4,0,1,3,0,0,3,1,0,0,0,0,0,0,0,0,0,0,0,0,0,0,0,0,0
deprecation,1,1,0,0,0,1,0,0,0,0,0,0,0,0,0,0,0,0,0,0,0,0,0,0,0
Depth,24,4,16,4,0,4,18,2,0,0,0,0,0,0,0,0,0,0,0,0,0,0,0,0,0
dequeue,1,1,0,0,0,1,0,0,0,0,0,0,0,0,0,0,0,0,0,0,0,0,0,0,0
Derived,1,0,1,0,0,0,1,0,0,0,0,0,0,0,0,0,0,0,0,0,0,0,0,0,0
Descent,7,1,0,6,1,1,5,1,0,0,0,0,0,0,0,0,0,0,0,0,0,0,0,0,0
Description,3,0,1,2,0,0,2,1,0,0,0,0,0,0,0,0,0,0,0,0,0,0,0,0,0
deselect,1,1,0,0,0,1,0,0,0,0,0,0,0,0,0,0,0,0,0,0,0,0,0,0,0
Deselected,2,0,0,2,0,0,2,0,0,0,0,0,0,0,0,0,0,0,0,0,0,0,0,0,0
desktop,2,2,0,0,0,2,0,0,0,0,0,0,0,0,0,0,0,0,0,0,0,0,0,0,0
Destroy,2,1,1,0,0,1,1,0,0,0,0,0,0,0,0,0,0,0,0,0,0,0,0,0,0
Destroyed,1,0,0,1,0,0,1,0,0,0,0,0,0,0,0,0,0,0,0,0,0,0,0,0,0
detach,3,3,0,0,2,3,0,0,0,0,0,0,0,0,0,0,0,0,0,0,0,0,0,0,0
Detail,10,1,0,9,0,1,9,0,0,0,0,0,0,0,0,0,0,0,0,0,0,0,0,0,0
detect,1,1,0,0,0,1,0,0,0,0,0,0,0,0,0,0,0,0,0,0,0,0,0,0,0
Detector,1,0,0,1,0,0,1,0,0,0,0,0,0,0,0,0,0,0,0,0,0,0,0,0,0
determinant,2,2,0,0,2,2,0,0,0,0,0,0,0,0,0,0,0,0,0,0,0,0,0,0,0
determinant3x3,1,1,0,0,1,1,0,0,0,0,0,0,0,0,0,0,0,0,0,0,0,0,0,0,0
Diamond,1,0,0,1,0,0,1,0,0,0,0,0,0,0,0,0,0,0,0,0,0,0,0,0,0
Dict,7,0,1,6,0,0,3,4,0,0,0,0,0,0,0,0,0,0,0,0,0,0,0,0,0
die,1,1,0,0,1,1,0,0,0,0,0,0,0,0,0,0,0,0,0,0,0,0,0,0,0
Diff,2,1,0,1,1,1,0,1,0,0,0,0,0,0,0,0,0,0,0,0,0,0,0,0,0
Different,1,0,1,0,0,0,1,0,0,0,0,0,0,0,0,0,0,0,0,0,0,0,0,0,0
Diffuse,2,0,0,2,0,0,1,1,0,0,0,0,0,0,0,0,0,0,0,0,0,0,0,0,0
digital,2,2,0,0,0,2,0,0,0,0,0,0,0,0,0,0,0,0,0,0,0,0,0,0,0
Digits,1,0,1,0,0,0,0,1,0,0,0,0,0,0,0,0,0,0,0,0,0,0,0,0,0
dilate,1,1,0,0,1,1,0,0,0,0,0,0,0,0,0,0,0,0,0,0,0,0,0,0,0
Dir,8,0,1,7,0,0,7,1,0,0,0,0,0,0,0,0,0,0,0,0,0,0,0,0,0
Direct,5,0,5,0,0,0,5,0,0,0,0,0,0,0,0,0,0,0,0,0,0,0,0,0,0
directional,4,4,0,0,0,4,0,0,0,0,0,0,0,0,0,0,0,0,0,0,0,0,0,0,0
Directions,3,0,1,2,0,0,0,3,0,0,0,0,0,0,0,0,0,0,0,0,0,0,0,0,0
Directive,1,0,0,1,0,0,0,1,0,0,0,0,0,0,0,0,0,0,0,0,0,0,0,0,0
Directory,3,0,0,3,0,0,1,2,0,0,0,0,0,0,0,0,0,0,0,0,0,0,0,0,0
disable,10,10,0,0,1,10,0,0,0,0,0,0,0,0,0,0,0,0,0,0,0,0,0,0,0
Disabled,1,0,1,0,0,0,1,0,0,0,0,0,0,0,0,0,0,0,0,0,0,0,0,0,0
disconnect,2,2,0,0,1,2,0,0,0,0,0,0,0,0,0,0,0,0,0,0,0,0,0,0,0
discover,1,1,0,0,1,1,0,0,0,0,0,0,0,0,0,0,0,0,0,0,0,0,0,0,0
Display,10,2,5,3,1,2,7,1,0,0,0,0,0,0,0,0,0,0,0,0,0,0,0,0,0
displayable,4,4,0,0,4,4,0,0,0,0,0,0,0,0,0,0,0,0,0,0,0,0,0,0,0
Disposable,1,1,0,0,1,1,0,0,0,0,0,0,0,0,0,0,0,0,0,0,0,0,0,0,0
Dispose,28,27,1,0,22,27,1,0,0,0,0,0,0,0,0,0,0,0,0,0,0,0,0,0,0
dist,2,2,0,0,2,2,0,0,0,0,0,0,0,0,0,0,0,0,0,0,0,0,0,0,0
div,5,5,0,0,5,5,0,0,0,0,0,0,0,0,0,0,0,0,0,0,0,0,0,0,0
Divider,3,0,2,1,0,0,2,1,0,0,0,0,0,0,0,0,0,0,0,0,0,0,0,0,0
do,8,7,0,1,0,7,1,0,0,0,0,0,0,0,0,0,0,0,0,0,0,0,0,0,0
dock,1,1,0,0,0,1,0,0,0,0,0,0,0,0,0,0,0,0,0,0,0,0,0,0,0
Document,15,2,3,10,0,2,9,3,1,0,0,0,0,0,0,0,0,0,0,0,0,0,0,0,0
documentend,1,1,0,0,1,1,0,0,0,0,0,0,0,0,0,0,0,0,0,0,0,0,0,0,0
documenthome,1,1,0,0,1,1,0,0,0,0,0,0,0,0,0,0,0,0,0,0,0,0,0,0,0
Documents,2,0,2,0,0,0,2,0,0,0,0,0,0,0,0,0,0,0,0,0,0,0,0,0,0
Done,7,2,1,4,2,2,5,0,0,0,0,0,0,0,0,0,0,0,0,0,0,0,0,0,0
Dot,3,2,0,1,2,2,1,0,0,0,0,0,0,0,0,0,0,0,0,0,0,0,0,0,0
Double,19,1,7,11,0,1,16,2,0,0,0,0,0,0,0,0,0,0,0,0,0,0,0,0,0
Down,6,0,0,6,0,0,1,5,0,0,0,0,0,0,0,0,0,0,0,0,0,0,0,0,0
download,10,8,2,0,2,8,0,1,1,0,0,0,0,0,0,0,0,0,0,0,0,0,0,0,0
Downloaded,1,0,1,0,0,0,1,0,0,0,0,0,0,0,0,0,0,0,0,0,0,0,0,0,0
DPI,5,0,0,5,0,0,1,4,0,0,0,0,0,0,0,0,0,0,0,0,0,0,0,0,0
Dragged,8,0,0,8,0,0,8,0,0,0,0,0,0,0,0,0,0,0,0,0,0,0,0,0,0
drain,1,1,0,0,0,1,0,0,0,0,0,0,0,0,0,0,0,0,0,0,0,0,0,0,0
Draw,65,40,4,21,11,40,18,7,0,0,0,0,0,0,0,0,0,0,0,0,0,0,0,0,0
drawing,1,1,0,0,0,1,0,0,0,0,0,0,0,0,0,0,0,0,0,0,0,0,0,0,0
Driver,1,0,1,0,0,0,1,0,0,0,0,0,0,0,0,0,0,0,0,0,0,0,0,0,0
DSR,1,0,0,1,0,0,1,0,0,0,0,0,0,0,0,0,0,0,0,0,0,0,0,0,0
DTR,1,0,0,1,0,0,1,0,0,0,0,0,0,0,0,0,0,0,0,0,0,0,0,0,0
dump,3,3,0,0,0,3,0,0,0,0,0,0,0,0,0,0,0,0,0,0,0,0,0,0,0
Dup,2,1,1,0,0,1,1,0,0,0,0,0,0,0,0,0,0,0,0,0,0,0,0,0,0
Duration,5,0,0,5,0,0,0,4,1,0,0,0,0,0,0,0,0,0,0,0,0,0,0,0,0
Each,1,0,0,1,0,0,0,1,0,0,0,0,0,0,0,0,0,0,0,0,0,0,0,0,0
Edge,8,3,3,2,2,3,2,3,0,0,0,0,0,0,0,0,0,0,0,0,0,0,0,0,0
Edges,10,0,0,10,0,0,5,2,3,0,0,0,0,0,0,0,0,0,0,0,0,0,0,0,0
Edges2,2,0,2,0,0,0,2,0,0,0,0,0,0,0,0,0,0,0,0,0,0,0,0,0,0
Edges3,1,0,1,0,0,0,1,0,0,0,0,0,0,0,0,0,0,0,0,0,0,0,0,0,0
Edit,15,3,5,7,2,3,6,6,0,0,0,0,0,0,0,0,0,0,0,0,0,0,0,0,0
Editable,6,0,0,6,0,0,2,4,0,0,0,0,0,0,0,0,0,0,0,0,0,0,0,0,0
Editor,26,10,4,12,1,10,10,5,1,0,0,0,0,0,0,0,0,0,0,0,0,0,0,0,0
Editors,1,0,0,1,0,0,1,0,0,0,0,0,0,0,0,0,0,0,0,0,0,0,0,0,0
Eldest,3,0,3,0,0,0,3,0,0,0,0,0,0,0,0,0,0,0,0,0,0,0,0,0,0
Electric,2,0,2,0,0,0,2,0,0,0,0,0,0,0,0,0,0,0,0,0,0,0,0,0,0
Element,5,0,1,4,0,0,1,2,2,0,0,0,0,0,0,0,0,0,0,0,0,0,0,0,0
Elementary,1,0,1,0,0,0,1,0,0,0,0,0,0,0,0,0,0,0,0,0,0,0,0,0,0
Elements,2,0,1,1,0,0,2,0,0,0,0,0,0,0,0,0,0,0,0,0,0,0,0,0,0
ellipse,10,7,0,3,2,7,3,0,0,0,0,0,0,0,0,0,0,0,0,0,0,0,0,0,0
Else,2,0,0,2,0,0,1,0,1,0,0,0,0,0,0,0,0,0,0,0,0,0,0,0,0
Emissive,17,4,3,10,3,4,8,4,1,0,0,0,0,0,0,0,0,0,0,0,0,0,0,0,0
emit,7,7,0,0,0,7,0,0,0,0,0,0,0,0,0,0,0,0,0,0,0,0,0,0,0
Emitter,1,0,0,1,0,0,1,0,0,0,0,0,0,0,0,0,0,0,0,0,0,0,0,0,0
Empty,6,2,2,2,2,2,4,0,0,0,0,0,0,0,0,0,0,0,0,0,0,0,0,0,0
enable,9,9,0,0,1,9,0,0,0,0,0,0,0,0,0,0,0,0,0,0,0,0,0,0,0
Enabled,13,0,0,13,0,0,1,7,5,0,0,0,0,0,0,0,0,0,0,0,0,0,0,0,0
Encode,2,0,0,2,0,0,2,0,0,0,0,0,0,0,0,0,0,0,0,0,0,0,0,0,0
end,60,52,3,5,6,52,3,3,2,0,0,0,0,0,0,0,0,0,0,0,0,0,0,0,0
end2,2,2,0,0,0,2,0,0,0,0,0,0,0,0,0,0,0,0,0,0,0,0,0,0,0
Ends,1,0,0,1,0,0,1,0,0,0,0,0,0,0,0,0,0,0,0,0,0,0,0,0,0
ensure,9,9,0,0,0,9,0,0,0,0,0,0,0,0,0,0,0,0,0,0,0,0,0,0,0
Entered,6,0,0,6,0,0,6,0,0,0,0,0,0,0,0,0,0,0,0,0,0,0,0,0,0
Entries,7,3,0,4,3,3,0,1,2,1,0,0,0,0,0,0,0,0,0,0,0,0,0,0,0
Entry,12,6,2,4,3,6,3,3,0,0,0,0,0,0,0,0,0,0,0,0,0,0,0,0,0
Epilog,1,0,0,1,0,0,1,0,0,0,0,0,0,0,0,0,0,0,0,0,0,0,0,0,0
equals,7,7,0,0,7,7,0,0,0,0,0,0,0,0,0,0,0,0,0,0,0,0,0,0,0
Equation,2,0,1,1,0,0,2,0,0,0,0,0,0,0,0,0,0,0,0,0,0,0,0,0,0
erode,1,1,0,0,1,1,0,0,0,0,0,0,0,0,0,0,0,0,0,0,0,0,0,0,0
Err,2,0,0,2,0,0,2,0,0,0,0,0,0,0,0,0,0,0,0,0,0,0,0,0,0
Error,35,9,15,11,4,9,24,2,0,0,0,0,0,0,0,0,0,0,0,0,0,0,0,0,0
Errors,1,0,0,1,0,0,0,1,0,0,0,0,0,0,0,0,0,0,0,0,0,0,0,0,0
ES,2,0,0,2,0,0,1,0,1,0,0,0,0,0,0,0,0,0,0,0,0,0,0,0,0
Event,27,1,1,25,1,1,8,16,2,0,0,0,0,0,0,0,0,0,0,0,0,0,0,0,0
Events,1,0,0,1,0,0,1,0,0,0,0,0,0,0,0,0,0,0,0,0,0,0,0,0,0
Example,4,0,4,0,0,0,4,0,0,0,0,0,0,0,0,0,0,0,0,0,0,0,0,0,0
Examples,11,2,5,4,0,2,6,3,0,0,0,0,0,0,0,0,0,0,0,0,0,0,0,0,0
Exception,15,1,1,13,0,1,11,3,0,0,0,0,0,0,0,0,0,0,0,0,0,0,0,0,0
exec,1,1,0,0,1,1,0,0,0,0,0,0,0,0,0,0,0,0,0,0,0,0,0,0,0
Executable,1,0,1,0,0,0,1,0,0,0,0,0,0,0,0,0,0,0,0,0,0,0,0,0,0
execute,5,5,0,0,4,5,0,0,0,0,0,0,0,0,0,0,0,0,0,0,0,0,0,0,0
Exist,1,0,0,1,0,0,0,1,0,0,0,0,0,0,0,0,0,0,0,0,0,0,0,0,0
Existence,1,0,0,1,0,0,1,0,0,0,0,0,0,0,0,0,0,0,0,0,0,0,0,0,0
Exists,4,0,0,4,0,0,3,0,1,0,0,0,0,0,0,0,0,0,0,0,0,0,0,0,0
exit,3,3,0,0,1,3,0,0,0,0,0,0,0,0,0,0,0,0,0,0,0,0,0,0,0
Exited,7,0,0,7,0,0,7,0,0,0,0,0,0,0,0,0,0,0,0,0,0,0,0,0,0
Exiting,1,0,0,1,0,0,0,1,0,0,0,0,0,0,0,0,0,0,0,0,0,0,0,0,0
exp,1,1,0,0,1,1,0,0,0,0,0,0,0,0,0,0,0,0,0,0,0,0,0,0,0
expand,52,50,1,1,1,50,1,1,0,0,0,0,0,0,0,0,0,0,0,0,0,0,0,0,0
Expanded,4,0,0,4,0,0,4,0,0,0,0,0,0,0,0,0,0,0,0,0,0,0,0,0,0
expect,5,5,0,0,0,5,0,0,0,0,0,0,0,0,0,0,0,0,0,0,0,0,0,0,0
Export,9,3,6,0,0,3,5,1,0,0,0,0,0,0,0,0,0,0,0,0,0,0,0,0,0
Exports,3,0,0,3,0,0,0,3,0,0,0,0,0,0,0,0,0,0,0,0,0,0,0,0,0
Expression,3,0,0,3,0,0,1,2,0,0,0,0,0,0,0,0,0,0,0,0,0,0,0,0,0
Expression3rd,1,0,1,0,0,0,1,0,0,0,0,0,0,0,0,0,0,0,0,0,0,0,0,0,0
Extended,1,1,0,0,0,1,0,0,0,0,0,0,0,0,0,0,0,0,0,0,0,0,0,0,0
Extension,13,1,0,12,0,1,7,5,0,0,0,0,0,0,0,0,0,0,0,0,0,0,0,0,0
Extensions,3,0,0,3,0,0,3,0,0,0,0,0,0,0,0,0,0,0,0,0,0,0,0,0,0
External,3,0,3,0,0,0,3,0,0,0,0,0,0,0,0,0,0,0,0,0,0,0,0,0,0
extrac,2,2,0,0,0,2,0,0,0,0,0,0,0,0,0,0,0,0,0,0,0,0,0,0,0
Face,4,0,0,4,0,0,4,0,0,0,0,0,0,0,0,0,0,0,0,0,0,0,0,0,0
Factory,1,0,0,1,0,0,0,1,0,0,0,0,0,0,0,0,0,0,0,0,0,0,0,0,0
Failed,3,0,1,2,0,0,0,2,1,0,0,0,0,0,0,0,0,0,0,0,0,0,0,0,0
Falloff,5,0,0,5,0,0,4,1,0,0,0,0,0,0,0,0,0,0,0,0,0,0,0,0,0
Families,1,0,0,1,0,0,0,0,1,0,0,0,0,0,0,0,0,0,0,0,0,0,0,0,0
Family,5,0,0,5,0,0,2,3,0,0,0,0,0,0,0,0,0,0,0,0,0,0,0,0,0
Fan,4,0,2,2,0,0,0,4,0,0,0,0,0,0,0,0,0,0,0,0,0,0,0,0,0
FB,3,0,2,1,0,0,2,1,0,0,0,0,0,0,0,0,0,0,0,0,0,0,0,0,0
FBO,12,0,11,1,0,0,12,0,0,0,0,0,0,0,0,0,0,0,0,0,0,0,0,0,0
Feel,3,0,0,3,0,0,0,0,3,0,0,0,0,0,0,0,0,0,0,0,0,0,0,0,0
fence,1,1,0,0,0,1,0,0,0,0,0,0,0,0,0,0,0,0,0,0,0,0,0,0,0
fetch,3,3,0,0,0,3,0,0,0,0,0,0,0,0,0,0,0,0,0,0,0,0,0,0,0
Few,2,0,2,0,0,0,2,0,0,0,0,0,0,0,0,0,0,0,0,0,0,0,0,0,0
ffs,1,1,0,0,1,1,0,0,0,0,0,0,0,0,0,0,0,0,0,0,0,0,0,0,0
Field,7,1,2,4,0,1,5,1,0,0,0,0,0,0,0,0,0,0,0,0,0,0,0,0,0
Fields,6,0,0,6,0,0,1,4,1,0,0,0,0,0,0,0,0,0,0,0,0,0,0,0,0
File,47,6,10,31,0,6,23,13,2,1,2,0,0,0,0,0,0,0,0,0,0,0,0,0,0
Filename,1,0,0,1,0,0,1,0,0,0,0,0,0,0,0,0,0,0,0,0,0,0,0,0,0
Files,11,0,2,9,0,0,7,3,1,0,0,0,0,0,0,0,0,0,0,0,0,0,0,0,0
fill,24,14,2,8,3,14,10,0,0,0,0,0,0,0,0,0,0,0,0,0,0,0,0,0,0
Filter,17,11,1,5,6,11,2,2,1,0,1,0,0,0,0,0,0,0,0,0,0,0,0,0,0
filterbilinear,1,1,0,0,1,1,0,0,0,0,0,0,0,0,0,0,0,0,0,0,0,0,0,0,0
Filtered,1,0,1,0,0,0,1,0,0,0,0,0,0,0,0,0,0,0,0,0,0,0,0,0,0
filternewscanline,1,1,0,0,1,1,0,0,0,0,0,0,0,0,0,0,0,0,0,0,0,0,0,0,0
finalize,3,3,0,0,3,3,0,0,0,0,0,0,0,0,0,0,0,0,0,0,0,0,0,0,0
find,48,42,6,0,1,42,4,2,0,0,0,0,0,0,0,0,0,0,0,0,0,0,0,0,0
finish,5,5,0,0,4,5,0,0,0,0,0,0,0,0,0,0,0,0,0,0,0,0,0,0,0
Finished,7,4,2,1,2,4,3,0,0,0,0,0,0,0,0,0,0,0,0,0,0,0,0,0,0
fire,4,4,0,0,0,4,0,0,0,0,0,0,0,0,0,0,0,0,0,0,0,0,0,0,0
First,13,0,10,3,0,0,13,0,0,0,0,0,0,0,0,0,0,0,0,0,0,0,0,0,0
fix,1,1,0,0,0,1,0,0,0,0,0,0,0,0,0,0,0,0,0,0,0,0,0,0,0
Fixed,1,0,1,0,0,0,1,0,0,0,0,0,0,0,0,0,0,0,0,0,0,0,0,0,0
Fixed16,1,0,1,0,0,0,1,0,0,0,0,0,0,0,0,0,0,0,0,0,0,0,0,0,0
Fixed2,1,0,1,0,0,0,1,0,0,0,0,0,0,0,0,0,0,0,0,0,0,0,0,0,0
Fixed8,1,0,1,0,0,0,1,0,0,0,0,0,0,0,0,0,0,0,0,0,0,0,0,0,0
Flag,4,0,0,4,0,0,1,3,0,0,0,0,0,0,0,0,0,0,0,0,0,0,0,0,0
Flagged,9,0,0,9,0,0,3,6,0,0,0,0,0,0,0,0,0,0,0,0,0,0,0,0,0
Flags,2,0,0,2,0,0,0,2,0,0,0,0,0,0,0,0,0,0,0,0,0,0,0,0,0
Flavor,6,0,3,3,0,0,2,4,0,0,0,0,0,0,0,0,0,0,0,0,0,0,0,0,0
Flavors,5,0,0,5,0,0,0,2,3,0,0,0,0,0,0,0,0,0,0,0,0,0,0,0,0
flip,2,2,0,0,0,2,0,0,0,0,0,0,0,0,0,0,0,0,0,0,0,0,0,0,0
Float,37,3,20,14,0,3,30,4,0,0,0,0,0,0,0,0,0,0,0,0,0,0,0,0,0
Floats,2,0,1,1,0,0,1,1,0,0,0,0,0,0,0,0,0,0,0,0,0,0,0,0,0
Floatv,1,0,0,1,0,0,1,0,0,0,0,0,0,0,0,0,0,0,0,0,0,0,0,0,0
floor,1,1,0,0,1,1,0,0,0,0,0,0,0,0,0,0,0,0,0,0,0,0,0,0,0
flush,13,12,1,0,6,12,1,0,0,0,0,0,0,0,0,0,0,0,0,0,0,0,0,0,0
Focus,13,7,0,6,0,7,1,5,0,0,0,0,0,0,0,0,0,0,0,0,0,0,0,0,0
Folder,64,0,9,55,0,0,14,38,12,0,0,0,0,0,0,0,0,0,0,0,0,0,0,0,0
Folders,3,0,0,3,0,0,0,1,2,0,0,0,0,0,0,0,0,0,0,0,0,0,0,0,0
Font,45,5,19,21,1,5,31,9,0,0,0,0,0,0,0,0,0,0,0,0,0,0,0,0,0
Fonts,3,0,0,3,0,0,3,0,0,0,0,0,0,0,0,0,0,0,0,0,0,0,0,0,0
Footer,5,0,0,5,0,0,5,0,0,0,0,0,0,0,0,0,0,0,0,0,0,0,0,0,0
For,22,0,18,4,0,0,13,5,4,0,0,0,0,0,0,0,0,0,0,0,0,0,0,0,0
Foreground,3,0,1,2,0,0,3,0,0,0,0,0,0,0,0,0,0,0,0,0,0,0,0,0,0
Format,9,4,0,5,4,4,3,1,1,0,0,0,0,0,0,0,0,0,0,0,0,0,0,0,0
Formatter,1,0,0,1,0,0,1,0,0,0,0,0,0,0,0,0,0,0,0,0,0,0,0,0,0
Forward,1,0,0,1,0,0,1,0,0,0,0,0,0,0,0,0,0,0,0,0,0,0,0,0,0
Found,2,0,1,1,0,0,2,0,0,0,0,0,0,0,0,0,0,0,0,0,0,0,0,0,0
Foundation,1,0,0,1,0,0,1,0,0,0,0,0,0,0,0,0,0,0,0,0,0,0,0,0,0
Fps,1,0,0,1,0,0,1,0,0,0,0,0,0,0,0,0,0,0,0,0,0,0,0,0,0
Fragment,6,0,6,0,0,0,6,0,0,0,0,0,0,0,0,0,0,0,0,0,0,0,0,0,0
fragmented,1,1,0,0,0,1,0,0,0,0,0,0,0,0,0,0,0,0,0,0,0,0,0,0,0
Frame,46,4,12,30,1,4,33,9,0,0,0,0,0,0,0,0,0,0,0,0,0,0,0,0,0
Framebuffer,15,2,3,10,0,2,10,3,0,0,0,0,0,0,0,0,0,0,0,0,0,0,0,0,0
Framebuffers,2,0,0,2,0,0,2,0,0,0,0,0,0,0,0,0,0,0,0,0,0,0,0,0,0
From,24,6,18,0,0,6,14,4,0,0,0,0,0,0,0,0,0,0,0,0,0,0,0,0,0
Front,6,1,5,0,0,1,5,0,0,0,0,0,0,0,0,0,0,0,0,0,0,0,0,0,0
frustum,4,4,0,0,4,4,0,0,0,0,0,0,0,0,0,0,0,0,0,0,0,0,0,0,0
Full,7,1,5,1,0,1,6,0,0,0,0,0,0,0,0,0,0,0,0,0,0,0,0,0,0
Fully,1,0,0,1,0,0,1,0,0,0,0,0,0,0,0,0,0,0,0,0,0,0,0,0,0
Func,5,0,2,3,0,0,5,0,0,0,0,0,0,0,0,0,0,0,0,0,0,0,0,0,0
Function,3,0,3,0,0,0,0,3,0,0,0,0,0,0,0,0,0,0,0,0,0,0,0,0,0
functionable,1,1,0,0,1,1,0,0,0,0,0,0,0,0,0,0,0,0,0,0,0,0,0,0,0
FX,5,3,0,2,0,3,0,2,0,0,0,0,0,0,0,0,0,0,0,0,0,0,0,0,0
Gained,6,0,3,3,0,0,6,0,0,0,0,0,0,0,0,0,0,0,0,0,0,0,0,0,0
Gamma,1,0,1,0,0,0,1,0,0,0,0,0,0,0,0,0,0,0,0,0,0,0,0,0,0
Gap,1,0,0,1,0,0,1,0,0,0,0,0,0,0,0,0,0,0,0,0,0,0,0,0,0
Gaussian,1,0,0,1,0,0,1,0,0,0,0,0,0,0,0,0,0,0,0,0,0,0,0,0,0
Gen,5,4,1,0,0,4,0,0,1,0,0,0,0,0,0,0,0,0,0,0,0,0,0,0,0
generate,2,2,0,0,0,2,0,0,0,0,0,0,0,0,0,0,0,0,0,0,0,0,0,0,0
Geo,1,0,1,0,0,0,1,0,0,0,0,0,0,0,0,0,0,0,0,0,0,0,0,0,0
Geometry,14,0,1,13,0,0,7,4,0,3,0,0,0,0,0,0,0,0,0,0,0,0,0,0,0
get,966,965,1,0,22,965,1,0,0,0,0,0,0,0,0,0,0,0,0,0,0,0,0,0,0
getenv,3,3,0,0,3,3,0,0,0,0,0,0,0,0,0,0,0,0,0,0,0,0,0,0,0
GL,21,4,8,9,0,4,14,0,3,0,0,0,0,0,0,0,0,0,0,0,0,0,0,0,0
Global,1,0,0,1,0,0,1,0,0,0,0,0,0,0,0,0,0,0,0,0,0,0,0,0,0
GLSL,1,0,1,0,0,0,1,0,0,0,0,0,0,0,0,0,0,0,0,0,0,0,0,0,0
Glu,1,0,1,0,0,0,1,0,0,0,0,0,0,0,0,0,0,0,0,0,0,0,0,0,0
Glyph,6,1,2,3,1,1,4,1,0,0,0,0,0,0,0,0,0,0,0,0,0,0,0,0,0
Glyphs,2,0,2,0,0,0,1,1,0,0,0,0,0,0,0,0,0,0,0,0,0,0,0,0,0
Golden,1,0,0,1,0,0,1,0,0,0,0,0,0,0,0,0,0,0,0,0,0,0,0,0,0
Good,2,0,0,2,0,0,2,0,0,0,0,0,0,0,0,0,0,0,0,0,0,0,0,0,0
got,1,1,0,0,0,1,0,0,0,0,0,0,0,0,0,0,0,0,0,0,0,0,0,0,0
grab,2,1,1,0,0,1,1,0,0,0,0,0,0,0,0,0,0,0,0,0,0,0,0,0,0
Gradient,9,1,4,4,1,1,7,1,0,0,0,0,0,0,0,0,0,0,0,0,0,0,0,0,0
Grady,2,2,0,0,0,2,0,0,0,0,0,0,0,0,0,0,0,0,0,0,0,0,0,0,0
Graphics,9,0,1,8,0,0,8,1,0,0,0,0,0,0,0,0,0,0,0,0,0,0,0,0,0
Graphics2,1,0,1,0,0,0,1,0,0,0,0,0,0,0,0,0,0,0,0,0,0,0,0,0,0
Graphics3,1,0,1,0,0,0,1,0,0,0,0,0,0,0,0,0,0,0,0,0,0,0,0,0,0
Gray,3,0,2,1,0,0,3,0,0,0,0,0,0,0,0,0,0,0,0,0,0,0,0,0,0
green,2,2,0,0,2,2,0,0,0,0,0,0,0,0,0,0,0,0,0,0,0,0,0,0,0
Group,8,1,0,7,1,1,5,1,1,0,0,0,0,0,0,0,0,0,0,0,0,0,0,0,0
GUI,2,0,0,2,0,0,1,0,1,0,0,0,0,0,0,0,0,0,0,0,0,0,0,0,0
Gutter,5,0,4,1,0,0,4,1,0,0,0,0,0,0,0,0,0,0,0,0,0,0,0,0,0
gzip,1,1,0,0,0,1,0,0,0,0,0,0,0,0,0,0,0,0,0,0,0,0,0,0,0
H,1,1,0,0,0,1,0,0,0,0,0,0,0,0,0,0,0,0,0,0,0,0,0,0,0
hack,1,1,0,0,0,1,0,0,0,0,0,0,0,0,0,0,0,0,0,0,0,0,0,0,0
Hacky,1,0,1,0,0,0,1,0,0,0,0,0,0,0,0,0,0,0,0,0,0,0,0,0,0
Halted,3,0,0,3,0,0,3,0,0,0,0,0,0,0,0,0,0,0,0,0,0,0,0,0,0
handle,94,94,0,0,6,94,0,0,0,0,0,0,0,0,0,0,0,0,0,0,0,0,0,0,0
Handler,7,0,1,6,0,0,0,6,0,1,0,0,0,0,0,0,0,0,0,0,0,0,0,0,0
Happened,1,0,0,1,0,0,0,1,0,0,0,0,0,0,0,0,0,0,0,0,0,0,0,0,0
has,80,78,2,0,0,78,2,0,0,0,0,0,0,0,0,0,0,0,0,0,0,0,0,0,0
Hash,9,8,0,1,0,8,1,0,0,0,0,0,0,0,0,0,0,0,0,0,0,0,0,0,0
have,1,1,0,0,0,1,0,0,0,0,0,0,0,0,0,0,0,0,0,0,0,0,0,0,0
Header,17,1,5,11,0,1,14,0,1,1,0,0,0,0,0,0,0,0,0,0,0,0,0,0,0
Headers,2,0,0,2,0,0,2,0,0,0,0,0,0,0,0,0,0,0,0,0,0,0,0,0,0
heading,1,1,0,0,1,1,0,0,0,0,0,0,0,0,0,0,0,0,0,0,0,0,0,0,0
heading2,1,1,0,0,0,1,0,0,0,0,0,0,0,0,0,0,0,0,0,0,0,0,0,0,0
Height,9,0,0,9,0,0,5,3,0,1,0,0,0,0,0,0,0,0,0,0,0,0,0,0,0
Help,1,0,1,0,0,0,1,0,0,0,0,0,0,0,0,0,0,0,0,0,0,0,0,0,0
Helper,1,0,0,1,0,0,1,0,0,0,0,0,0,0,0,0,0,0,0,0,0,0,0,0,0
Hex,7,1,5,1,1,1,5,1,0,0,0,0,0,0,0,0,0,0,0,0,0,0,0,0,0
Hidden,15,0,12,3,0,0,12,1,1,1,0,0,0,0,0,0,0,0,0,0,0,0,0,0,0
Hide,12,11,1,0,4,11,1,0,0,0,0,0,0,0,0,0,0,0,0,0,0,0,0,0,0
Hides,1,0,1,0,0,0,1,0,0,0,0,0,0,0,0,0,0,0,0,0,0,0,0,0,0
High,2,1,1,0,0,1,1,0,0,0,0,0,0,0,0,0,0,0,0,0,0,0,0,0,0
Highest,1,0,1,0,0,0,1,0,0,0,0,0,0,0,0,0,0,0,0,0,0,0,0,0,0
Highlight,8,1,2,5,1,1,2,5,0,0,0,0,0,0,0,0,0,0,0,0,0,0,0,0,0
Hint,7,6,0,1,6,6,1,0,0,0,0,0,0,0,0,0,0,0,0,0,0,0,0,0,0
History,1,0,0,1,0,0,0,0,1,0,0,0,0,0,0,0,0,0,0,0,0,0,0,0,0
Home,3,1,1,1,1,1,1,1,0,0,0,0,0,0,0,0,0,0,0,0,0,0,0,0,0
Horizontal,4,0,4,0,0,0,4,0,0,0,0,0,0,0,0,0,0,0,0,0,0,0,0,0,0
Host,1,0,0,1,0,0,0,1,0,0,0,0,0,0,0,0,0,0,0,0,0,0,0,0,0
hour,1,1,0,0,1,1,0,0,0,0,0,0,0,0,0,0,0,0,0,0,0,0,0,0,0
Hover,1,0,0,1,0,0,0,1,0,0,0,0,0,0,0,0,0,0,0,0,0,0,0,0,0
how,2,2,0,0,0,2,0,0,0,0,0,0,0,0,0,0,0,0,0,0,0,0,0,0,0
HSB,2,0,1,1,0,0,2,0,0,0,0,0,0,0,0,0,0,0,0,0,0,0,0,0,0
Html,12,1,4,7,0,1,4,5,2,0,0,0,0,0,0,0,0,0,0,0,0,0,0,0,0
hue,3,3,0,0,2,3,0,0,0,0,0,0,0,0,0,0,0,0,0,0,0,0,0,0,0
Hunt,1,0,0,1,0,0,1,0,0,0,0,0,0,0,0,0,0,0,0,0,0,0,0,0,0
hyperlink,3,3,0,0,0,3,0,0,0,0,0,0,0,0,0,0,0,0,0,0,0,0,0,0,0
hypot,1,1,0,0,1,1,0,0,0,0,0,0,0,0,0,0,0,0,0,0,0,0,0,0,0
I,2,0,2,0,0,0,2,0,0,0,0,0,0,0,0,0,0,0,0,0,0,0,0,0,0
I2,1,1,0,0,0,1,0,0,0,0,0,0,0,0,0,0,0,0,0,0,0,0,0,0,0
Icon,27,0,9,18,0,0,22,5,0,0,0,0,0,0,0,0,0,0,0,0,0,0,0,0,0
Icons,3,0,0,3,0,0,2,1,0,0,0,0,0,0,0,0,0,0,0,0,0,0,0,0,0
ID,9,0,2,7,0,0,4,3,2,0,0,0,0,0,0,0,0,0,0,0,0,0,0,0,0
Identifier,3,0,0,3,0,0,2,0,1,0,0,0,0,0,0,0,0,0,0,0,0,0,0,0,0
Identity,1,0,0,1,0,0,1,0,0,0,0,0,0,0,0,0,0,0,0,0,0,0,0,0,0
Idx,1,0,0,1,0,0,1,0,0,0,0,0,0,0,0,0,0,0,0,0,0,0,0,0,0
If,4,0,4,0,0,0,3,1,0,0,0,0,0,0,0,0,0,0,0,0,0,0,0,0,0
iflev,1,1,0,0,0,1,0,0,0,0,0,0,0,0,0,0,0,0,0,0,0,0,0,0,0
ignorable,5,4,0,1,0,4,1,0,0,0,0,0,0,0,0,0,0,0,0,0,0,0,0,0,0
Ignore,3,1,2,0,0,1,2,0,0,0,0,0,0,0,0,0,0,0,0,0,0,0,0,0,0
Image,31,9,7,15,2,9,18,3,1,0,0,0,0,0,0,0,0,0,0,0,0,0,0,0,0
Image2,6,0,6,0,0,0,1,3,2,0,0,0,0,0,0,0,0,0,0,0,0,0,0,0,0
imageio,2,2,0,0,0,2,0,0,0,0,0,0,0,0,0,0,0,0,0,0,0,0,0,0,0
Images,1,0,0,1,0,0,0,1,0,0,0,0,0,0,0,0,0,0,0,0,0,0,0,0,0
Impl,117,0,0,117,0,0,52,59,6,0,0,0,0,0,0,0,0,0,0,0,0,0,0,0,0
Import,25,2,12,11,0,2,17,4,1,1,0,0,0,0,0,0,0,0,0,0,0,0,0,0,0
Imported,1,0,1,0,0,0,1,0,0,0,0,0,0,0,0,0,0,0,0,0,0,0,0,0,0
Imports,12,0,1,11,0,0,6,4,1,1,0,0,0,0,0,0,0,0,0,0,0,0,0,0,0
In,16,3,12,1,0,3,11,1,1,0,0,0,0,0,0,0,0,0,0,0,0,0,0,0,0
In3rd,1,0,1,0,0,0,1,0,0,0,0,0,0,0,0,0,0,0,0,0,0,0,0,0,0
inc,5,5,0,0,0,5,0,0,0,0,0,0,0,0,0,0,0,0,0,0,0,0,0,0,0
Increment,4,2,0,2,2,2,0,0,2,0,0,0,0,0,0,0,0,0,0,0,0,0,0,0,0
Indent,5,1,1,3,1,1,3,1,0,0,0,0,0,0,0,0,0,0,0,0,0,0,0,0,0
Indentation,1,0,0,1,0,0,1,0,0,0,0,0,0,0,0,0,0,0,0,0,0,0,0,0,0
Indented,2,0,2,0,0,0,2,0,0,0,0,0,0,0,0,0,0,0,0,0,0,0,0,0,0
Indeterminate,4,0,0,4,0,0,4,0,0,0,0,0,0,0,0,0,0,0,0,0,0,0,0,0,0
Index,73,11,14,48,8,11,30,24,7,1,0,0,0,0,0,0,0,0,0,0,0,0,0,0,0
Indices,20,0,3,17,0,0,3,16,1,0,0,0,0,0,0,0,0,0,0,0,0,0,0,0,0
Info,15,0,6,9,0,0,5,9,1,0,0,0,0,0,0,0,0,0,0,0,0,0,0,0,0
Info2,1,0,0,1,0,0,0,1,0,0,0,0,0,0,0,0,0,0,0,0,0,0,0,0,0
Information,2,0,2,0,0,0,0,2,0,0,0,0,0,0,0,0,0,0,0,0,0,0,0,0,0
ingest,1,1,0,0,1,1,0,0,0,0,0,0,0,0,0,0,0,0,0,0,0,0,0,0,0
init,78,74,2,2,23,74,4,0,0,0,0,0,0,0,0,0,0,0,0,0,0,0,0,0,0
Initial,2,0,2,0,0,0,1,1,0,0,0,0,0,0,0,0,0,0,0,0,0,0,0,0,0
initialize,1,1,0,0,1,1,0,0,0,0,0,0,0,0,0,0,0,0,0,0,0,0,0,0,0
input,19,2,13,4,0,2,13,3,1,0,0,0,0,0,0,0,0,0,0,0,0,0,0,0,0
insert,29,26,3,0,5,26,3,0,0,0,0,0,0,0,0,0,0,0,0,0,0,0,0,0,0
Inside,4,2,1,1,0,2,1,0,1,0,0,0,0,0,0,0,0,0,0,0,0,0,0,0,0
Inspect,2,1,0,1,0,1,1,0,0,0,0,0,0,0,0,0,0,0,0,0,0,0,0,0,0
Inspector,3,0,0,3,0,0,2,1,0,0,0,0,0,0,0,0,0,0,0,0,0,0,0,0,0
Install,10,5,3,2,2,5,2,3,0,0,0,0,0,0,0,0,0,0,0,0,0,0,0,0,0
Installed,7,0,4,3,0,0,5,2,0,0,0,0,0,0,0,0,0,0,0,0,0,0,0,0,0
Instance,3,0,0,3,0,0,2,1,0,0,0,0,0,0,0,0,0,0,0,0,0,0,0,0,0
Int,38,2,20,16,0,2,32,3,1,0,0,0,0,0,0,0,0,0,0,0,0,0,0,0,0
Int24,1,0,0,1,0,0,1,0,0,0,0,0,0,0,0,0,0,0,0,0,0,0,0,0,0
Integer,5,0,0,5,0,0,5,0,0,0,0,0,0,0,0,0,0,0,0,0,0,0,0,0,0
Integerv,1,0,0,1,0,0,1,0,0,0,0,0,0,0,0,0,0,0,0,0,0,0,0,0,0
Interface,6,0,1,5,0,0,4,2,0,0,0,0,0,0,0,0,0,0,0,0,0,0,0,0,0
Internal,6,1,1,4,0,1,4,1,0,0,0,0,0,0,0,0,0,0,0,0,0,0,0,0,0
interpolate,1,1,0,0,1,1,0,0,0,0,0,0,0,0,0,0,0,0,0,0,0,0,0,0,0
Interrupt,5,0,0,5,0,0,4,1,0,0,0,0,0,0,0,0,0,0,0,0,0,0,0,0,0
Interrupts,2,1,0,1,1,1,1,0,0,0,0,0,0,0,0,0,0,0,0,0,0,0,0,0,0
intersect,1,1,0,0,1,1,0,0,0,0,0,0,0,0,0,0,0,0,0,0,0,0,0,0,0
Interval,4,0,0,4,0,0,1,3,0,0,0,0,0,0,0,0,0,0,0,0,0,0,0,0,0
Into,5,0,3,2,0,0,2,1,2,0,0,0,0,0,0,0,0,0,0,0,0,0,0,0,0
Ints,2,0,0,2,0,0,1,1,0,0,0,0,0,0,0,0,0,0,0,0,0,0,0,0,0
Ints24,1,0,0,1,0,0,1,0,0,0,0,0,0,0,0,0,0,0,0,0,0,0,0,0,0
inv,10,10,0,0,0,10,0,0,0,0,0,0,0,0,0,0,0,0,0,0,0,0,0,0,0
invalidate,5,5,0,0,1,5,0,0,0,0,0,0,0,0,0,0,0,0,0,0,0,0,0,0,0
invert,2,2,0,0,2,2,0,0,0,0,0,0,0,0,0,0,0,0,0,0,0,0,0,0,0
inverted,2,2,0,0,0,2,0,0,0,0,0,0,0,0,0,0,0,0,0,0,0,0,0,0,0
Invisible,1,0,0,1,0,0,1,0,0,0,0,0,0,0,0,0,0,0,0,0,0,0,0,0,0
invoke,1,1,0,0,0,1,0,0,0,0,0,0,0,0,0,0,0,0,0,0,0,0,0,0,0
IO,2,0,0,2,0,0,0,2,0,0,0,0,0,0,0,0,0,0,0,0,0,0,0,0,0
ip,2,2,0,0,2,2,0,0,0,0,0,0,0,0,0,0,0,0,0,0,0,0,0,0,0
Is,168,151,17,0,0,151,14,0,3,0,0,0,0,0,0,0,0,0,0,0,0,0,0,0,0
is2,6,6,0,0,0,6,0,0,0,0,0,0,0,0,0,0,0,0,0,0,0,0,0,0,0
is3,5,5,0,0,0,5,0,0,0,0,0,0,0,0,0,0,0,0,0,0,0,0,0,0,0
isqrt,1,1,0,0,1,1,0,0,0,0,0,0,0,0,0,0,0,0,0,0,0,0,0,0,0
Italic,1,0,0,1,0,0,1,0,0,0,0,0,0,0,0,0,0,0,0,0,0,0,0,0,0
Item,11,4,3,4,0,4,0,3,3,0,1,0,0,0,0,0,0,0,0,0,0,0,0,0,0
Iterator,24,8,0,16,8,8,12,4,0,0,0,0,0,0,0,0,0,0,0,0,0,0,0,0,0
J,5,1,4,0,0,1,4,0,0,0,0,0,0,0,0,0,0,0,0,0,0,0,0,0,0
Jar,3,0,3,0,0,0,3,0,0,0,0,0,0,0,0,0,0,0,0,0,0,0,0,0,0
java,32,12,19,1,0,12,13,5,2,0,0,0,0,0,0,0,0,0,0,0,0,0,0,0,0
Java2,1,0,1,0,0,0,0,1,0,0,0,0,0,0,0,0,0,0,0,0,0,0,0,0,0
JDK,1,0,0,1,0,0,1,0,0,0,0,0,0,0,0,0,0,0,0,0,0,0,0,0,0
JOGL,1,0,0,1,0,0,0,1,0,0,0,0,0,0,0,0,0,0,0,0,0,0,0,0,0
Join,18,5,0,13,5,5,7,6,0,0,0,0,0,0,0,0,0,0,0,0,0,0,0,0,0
Joins,1,0,0,1,0,0,0,1,0,0,0,0,0,0,0,0,0,0,0,0,0,0,0,0,0
JSON,23,3,14,6,0,3,20,0,0,0,0,0,0,0,0,0,0,0,0,0,0,0,0,0,0
kern,1,1,0,0,1,1,0,0,0,0,0,0,0,0,0,0,0,0,0,0,0,0,0,0,0
Kernel,1,0,0,1,0,0,0,1,0,0,0,0,0,0,0,0,0,0,0,0,0,0,0,0,0
Key,74,38,16,20,4,38,27,5,4,0,0,0,0,0,0,0,0,0,0,0,0,0,0,0,0
Key16,1,0,0,1,0,0,1,0,0,0,0,0,0,0,0,0,0,0,0,0,0,0,0,0,0
Key24,1,0,0,1,0,0,1,0,0,0,0,0,0,0,0,0,0,0,0,0,0,0,0,0,0
Key32,1,0,0,1,0,0,1,0,0,0,0,0,0,0,0,0,0,0,0,0,0,0,0,0,0
Keys,14,4,3,7,4,4,6,2,2,0,0,0,0,0,0,0,0,0,0,0,0,0,0,0,0
Keyword,4,2,1,1,1,2,2,0,0,0,0,0,0,0,0,0,0,0,0,0,0,0,0,0,0
Keywords,1,0,0,1,0,0,1,0,0,0,0,0,0,0,0,0,0,0,0,0,0,0,0,0,0
Kind,3,0,0,3,0,0,3,0,0,0,0,0,0,0,0,0,0,0,0,0,0,0,0,0,0
Label,4,0,1,3,0,0,3,1,0,0,0,0,0,0,0,0,0,0,0,0,0,0,0,0,0
Language,7,2,0,5,1,2,5,0,0,0,0,0,0,0,0,0,0,0,0,0,0,0,0,0,0
Languages,1,0,0,1,0,0,1,0,0,0,0,0,0,0,0,0,0,0,0,0,0,0,0,0,0
Last,21,5,14,2,1,5,16,0,0,0,0,0,0,0,0,0,0,0,0,0,0,0,0,0,0
Latest,4,0,4,0,0,0,3,1,0,0,0,0,0,0,0,0,0,0,0,0,0,0,0,0,0
launch,7,5,0,2,3,5,2,0,0,0,0,0,0,0,0,0,0,0,0,0,0,0,0,0,0
Launcher,1,0,0,1,0,0,0,1,0,0,0,0,0,0,0,0,0,0,0,0,0,0,0,0,0
Layer,12,0,3,9,0,0,3,9,0,0,0,0,0,0,0,0,0,0,0,0,0,0,0,0,0
Layout,12,1,4,7,0,1,6,2,3,0,0,0,0,0,0,0,0,0,0,0,0,0,0,0,0
Leading,2,0,0,2,0,0,2,0,0,0,0,0,0,0,0,0,0,0,0,0,0,0,0,0,0
Leaf,1,0,0,1,0,0,1,0,0,0,0,0,0,0,0,0,0,0,0,0,0,0,0,0,0
LED,1,1,0,0,1,1,0,0,0,0,0,0,0,0,0,0,0,0,0,0,0,0,0,0,0
Left,4,0,2,2,0,0,2,2,0,0,0,0,0,0,0,0,0,0,0,0,0,0,0,0,0
Legit,1,0,0,1,0,0,1,0,0,0,0,0,0,0,0,0,0,0,0,0,0,0,0,0,0
Length,7,0,0,7,0,0,2,4,1,0,0,0,0,0,0,0,0,0,0,0,0,0,0,0,0
lerp,4,4,0,0,2,4,0,0,0,0,0,0,0,0,0,0,0,0,0,0,0,0,0,0,0
Letter,1,0,0,1,0,0,1,0,0,0,0,0,0,0,0,0,0,0,0,0,0,0,0,0,0
Level,1,0,1,0,0,0,0,1,0,0,0,0,0,0,0,0,0,0,0,0,0,0,0,0,0
Lib,7,0,7,0,0,0,7,0,0,0,0,0,0,0,0,0,0,0,0,0,0,0,0,0,0
Libraries,9,1,4,4,0,1,6,2,0,0,0,0,0,0,0,0,0,0,0,0,0,0,0,0,0
Library,17,1,11,5,1,1,7,9,0,0,0,0,0,0,0,0,0,0,0,0,0,0,0,0,0
Libs,1,0,0,1,0,0,0,0,0,1,0,0,0,0,0,0,0,0,0,0,0,0,0,0,0
Light,35,13,6,16,0,13,22,0,0,0,0,0,0,0,0,0,0,0,0,0,0,0,0,0,0
Lighting,3,0,0,3,0,0,3,0,0,0,0,0,0,0,0,0,0,0,0,0,0,0,0,0,0
Lights,9,4,0,5,4,4,4,0,0,1,0,0,0,0,0,0,0,0,0,0,0,0,0,0,0
limit,1,1,0,0,1,1,0,0,0,0,0,0,0,0,0,0,0,0,0,0,0,0,0,0,0
Line,165,26,91,48,5,26,84,43,10,2,0,0,0,0,0,0,0,0,0,0,0,0,0,0,0
Line2,1,0,1,0,0,0,1,0,0,0,0,0,0,0,0,0,0,0,0,0,0,0,0,0,0
Linear,3,3,0,0,0,3,0,0,0,0,0,0,0,0,0,0,0,0,0,0,0,0,0,0,0
Lines,15,0,0,15,0,0,10,5,0,0,0,0,0,0,0,0,0,0,0,0,0,0,0,0,0
Lines2,2,0,2,0,0,0,2,0,0,0,0,0,0,0,0,0,0,0,0,0,0,0,0,0,0
Lines3,1,0,1,0,0,0,1,0,0,0,0,0,0,0,0,0,0,0,0,0,0,0,0,0,0
Lineto,1,0,0,1,0,0,0,1,0,0,0,0,0,0,0,0,0,0,0,0,0,0,0,0,0
link,5,3,0,2,1,3,2,0,0,0,0,0,0,0,0,0,0,0,0,0,0,0,0,0,0
linked,1,1,0,0,1,1,0,0,0,0,0,0,0,0,0,0,0,0,0,0,0,0,0,0,0
Links,1,0,0,1,0,0,0,1,0,0,0,0,0,0,0,0,0,0,0,0,0,0,0,0,0
Linux,1,0,0,1,0,0,1,0,0,0,0,0,0,0,0,0,0,0,0,0,0,0,0,0,0
List,62,23,8,31,7,23,11,23,5,0,0,0,0,0,0,0,0,0,0,0,0,0,0,0,0
Listener,16,0,0,16,0,0,5,8,3,0,0,0,0,0,0,0,0,0,0,0,0,0,0,0,0
Listeners,6,0,0,6,0,0,3,2,1,0,0,0,0,0,0,0,0,0,0,0,0,0,0,0,0
Lister,1,0,0,1,0,0,1,0,0,0,0,0,0,0,0,0,0,0,0,0,0,0,0,0,0
Listing,3,0,0,3,0,0,1,1,0,1,0,0,0,0,0,0,0,0,0,0,0,0,0,0,0
Literals,1,0,0,1,0,0,0,1,0,0,0,0,0,0,0,0,0,0,0,0,0,0,0,0,0
Load,70,67,2,1,10,67,0,3,0,0,0,0,0,0,0,0,0,0,0,0,0,0,0,0,0
Loaded,3,0,0,3,0,0,3,0,0,0,0,0,0,0,0,0,0,0,0,0,0,0,0,0,0
Loader,7,0,0,7,0,0,2,5,0,0,0,0,0,0,0,0,0,0,0,0,0,0,0,0,0
Loc,2,0,0,2,0,0,0,2,0,0,0,0,0,0,0,0,0,0,0,0,0,0,0,0,0
Local,8,3,5,0,0,3,5,0,0,0,0,0,0,0,0,0,0,0,0,0,0,0,0,0,0
Locals,2,0,0,2,0,0,2,0,0,0,0,0,0,0,0,0,0,0,0,0,0,0,0,0,0
locate,1,1,0,0,0,1,0,0,0,0,0,0,0,0,0,0,0,0,0,0,0,0,0,0,0
location,21,3,1,17,0,3,6,12,0,0,0,0,0,0,0,0,0,0,0,0,0,0,0,0,0
lock,1,1,0,0,1,1,0,0,0,0,0,0,0,0,0,0,0,0,0,0,0,0,0,0,0
Log,8,6,0,2,6,6,0,0,2,0,0,0,0,0,0,0,0,0,0,0,0,0,0,0,0
loge,2,2,0,0,2,2,0,0,0,0,0,0,0,0,0,0,0,0,0,0,0,0,0,0,0
logf,1,1,0,0,1,1,0,0,0,0,0,0,0,0,0,0,0,0,0,0,0,0,0,0,0
logitse,1,1,0,0,1,1,0,0,0,0,0,0,0,0,0,0,0,0,0,0,0,0,0,0,0
Long,17,0,5,12,0,0,16,1,0,0,0,0,0,0,0,0,0,0,0,0,0,0,0,0,0
Look,3,0,3,0,0,0,3,0,0,0,0,0,0,0,0,0,0,0,0,0,0,0,0,0,0
lookup,2,2,0,0,1,2,0,0,0,0,0,0,0,0,0,0,0,0,0,0,0,0,0,0,0
lookupcom,1,1,0,0,1,1,0,0,0,0,0,0,0,0,0,0,0,0,0,0,0,0,0,0,0
Loop,4,1,0,3,1,1,2,1,0,0,0,0,0,0,0,0,0,0,0,0,0,0,0,0,0
Loop2,2,0,2,0,0,0,0,2,0,0,0,0,0,0,0,0,0,0,0,0,0,0,0,0,0
Loop3,1,0,1,0,0,0,0,1,0,0,0,0,0,0,0,0,0,0,0,0,0,0,0,0,0
Looping,1,0,0,1,0,0,1,0,0,0,0,0,0,0,0,0,0,0,0,0,0,0,0,0,0
Lost,6,0,2,4,0,0,6,0,0,0,0,0,0,0,0,0,0,0,0,0,0,0,0,0,0
lower,1,1,0,0,1,1,0,0,0,0,0,0,0,0,0,0,0,0,0,0,0,0,0,0,0
lsqrt,1,1,0,0,1,1,0,0,0,0,0,0,0,0,0,0,0,0,0,0,0,0,0,0,0
Mac,2,0,2,0,0,0,2,0,0,0,0,0,0,0,0,0,0,0,0,0,0,0,0,0,0
Machine,2,0,1,1,0,0,1,1,0,0,0,0,0,0,0,0,0,0,0,0,0,0,0,0,0
Macro,2,0,2,0,0,0,2,0,0,0,0,0,0,0,0,0,0,0,0,0,0,0,0,0,0
mag,4,3,0,1,2,3,1,0,0,0,0,0,0,0,0,0,0,0,0,0,0,0,0,0,0
Magic,2,0,2,0,0,0,2,0,0,0,0,0,0,0,0,0,0,0,0,0,0,0,0,0,0
Main,16,9,5,2,8,9,6,1,0,0,0,0,0,0,0,0,0,0,0,0,0,0,0,0,0
make,12,12,0,0,0,12,0,0,0,0,0,0,0,0,0,0,0,0,0,0,0,0,0,0,0
Manager,4,2,0,2,0,2,0,1,0,1,0,0,0,0,0,0,0,0,0,0,0,0,0,0,0
Manifest,1,0,0,1,0,0,1,0,0,0,0,0,0,0,0,0,0,0,0,0,0,0,0,0,0
Many,4,0,4,0,0,0,4,0,0,0,0,0,0,0,0,0,0,0,0,0,0,0,0,0,0
Map,14,5,3,6,1,5,4,5,0,0,0,0,0,0,0,0,0,0,0,0,0,0,0,0,0
Mapper,3,0,0,3,0,0,2,1,0,0,0,0,0,0,0,0,0,0,0,0,0,0,0,0,0
Mapping,1,0,0,1,0,0,1,0,0,0,0,0,0,0,0,0,0,0,0,0,0,0,0,0,0
Mark,7,4,2,1,0,4,3,0,0,0,0,0,0,0,0,0,0,0,0,0,0,0,0,0,0
Marker,15,2,4,9,0,2,5,8,0,0,0,0,0,0,0,0,0,0,0,0,0,0,0,0,0
Markers,1,0,0,1,0,0,0,0,1,0,0,0,0,0,0,0,0,0,0,0,0,0,0,0,0
Markup,1,0,0,1,0,0,0,0,0,1,0,0,0,0,0,0,0,0,0,0,0,0,0,0,0
Mask,12,7,1,4,7,7,4,0,1,0,0,0,0,0,0,0,0,0,0,0,0,0,0,0,0
match,12,12,0,0,1,12,0,0,0,0,0,0,0,0,0,0,0,0,0,0,0,0,0,0,0
Matches,4,3,0,1,3,3,1,0,0,0,0,0,0,0,0,0,0,0,0,0,0,0,0,0,0
Matching,1,0,1,0,0,0,1,0,0,0,0,0,0,0,0,0,0,0,0,0,0,0,0,0,0
Material,3,0,0,3,0,0,3,0,0,0,0,0,0,0,0,0,0,0,0,0,0,0,0,0,0
Matrix,51,1,5,45,0,1,49,1,0,0,0,0,0,0,0,0,0,0,0,0,0,0,0,0,0
Matrix2,1,0,1,0,0,0,1,0,0,0,0,0,0,0,0,0,0,0,0,0,0,0,0,0,0
Matrix2fv,1,0,0,1,0,0,1,0,0,0,0,0,0,0,0,0,0,0,0,0,0,0,0,0,0
Matrix3,1,0,1,0,0,0,1,0,0,0,0,0,0,0,0,0,0,0,0,0,0,0,0,0,0
Matrix3fv,1,0,0,1,0,0,1,0,0,0,0,0,0,0,0,0,0,0,0,0,0,0,0,0,0
Matrix4fv,1,0,0,1,0,0,1,0,0,0,0,0,0,0,0,0,0,0,0,0,0,0,0,0,0
Max,29,17,3,9,6,17,3,6,3,0,0,0,0,0,0,0,0,0,0,0,0,0,0,0,0
Maximum,10,0,10,0,0,0,10,0,0,0,0,0,0,0,0,0,0,0,0,0,0,0,0,0,0
maybe,2,2,0,0,0,2,0,0,0,0,0,0,0,0,0,0,0,0,0,0,0,0,0,0,0
Media,4,0,4,0,0,0,4,0,0,0,0,0,0,0,0,0,0,0,0,0,0,0,0,0,0
Member,1,0,0,1,0,0,1,0,0,0,0,0,0,0,0,0,0,0,0,0,0,0,0,0,0
Members,1,0,1,0,0,0,1,0,0,0,0,0,0,0,0,0,0,0,0,0,0,0,0,0,0
Menu,52,6,16,30,0,6,16,25,2,1,2,0,0,0,0,0,0,0,0,0,0,0,0,0,0
Menus,3,0,1,2,0,0,0,3,0,0,0,0,0,0,0,0,0,0,0,0,0,0,0,0,0
Mess,1,0,0,1,0,0,0,1,0,0,0,0,0,0,0,0,0,0,0,0,0,0,0,0,0
Message,19,5,2,12,3,5,7,6,1,0,0,0,0,0,0,0,0,0,0,0,0,0,0,0,0
Messages,3,0,0,3,0,0,0,3,0,0,0,0,0,0,0,0,0,0,0,0,0,0,0,0,0
Meta,1,0,1,0,0,0,1,0,0,0,0,0,0,0,0,0,0,0,0,0,0,0,0,0,0
Method,15,1,7,7,1,1,11,3,0,0,0,0,0,0,0,0,0,0,0,0,0,0,0,0,0
Methods,3,0,1,2,0,0,1,2,0,0,0,0,0,0,0,0,0,0,0,0,0,0,0,0,0
Metrics,2,0,0,2,0,0,0,2,0,0,0,0,0,0,0,0,0,0,0,0,0,0,0,0,0
Millis,2,1,0,1,1,1,1,0,0,0,0,0,0,0,0,0,0,0,0,0,0,0,0,0,0
Min,23,12,6,5,4,12,5,3,3,0,0,0,0,0,0,0,0,0,0,0,0,0,0,0,0
Minimum,14,1,13,0,0,1,13,0,0,0,0,0,0,0,0,0,0,0,0,0,0,0,0,0,0
Minor,1,0,1,0,0,0,1,0,0,0,0,0,0,0,0,0,0,0,0,0,0,0,0,0,0
minute,1,1,0,0,1,1,0,0,0,0,0,0,0,0,0,0,0,0,0,0,0,0,0,0,0
Mipmap,2,0,1,1,0,0,1,1,0,0,0,0,0,0,0,0,0,0,0,0,0,0,0,0,0
Mipmaps,1,0,0,1,0,0,1,0,0,0,0,0,0,0,0,0,0,0,0,0,0,0,0,0,0
Missing,11,0,10,1,0,0,9,2,0,0,0,0,0,0,0,0,0,0,0,0,0,0,0,0,0
Miter,2,0,0,2,0,0,2,0,0,0,0,0,0,0,0,0,0,0,0,0,0,0,0,0,0
ML,1,0,1,0,0,0,1,0,0,0,0,0,0,0,0,0,0,0,0,0,0,0,0,0,0
Mnemonic,1,0,0,1,0,0,1,0,0,0,0,0,0,0,0,0,0,0,0,0,0,0,0,0,0
Mnemonics,1,0,0,1,0,0,0,1,0,0,0,0,0,0,0,0,0,0,0,0,0,0,0,0,0
Mnems,1,0,1,0,0,0,0,1,0,0,0,0,0,0,0,0,0,0,0,0,0,0,0,0,0
Mode,83,5,25,53,1,5,60,18,0,0,0,0,0,0,0,0,0,0,0,0,0,0,0,0,0
Model,16,12,2,2,0,12,0,4,0,0,0,0,0,0,0,0,0,0,0,0,0,0,0,0,0
Modelview,2,1,0,1,0,1,0,1,0,0,0,0,0,0,0,0,0,0,0,0,0,0,0,0,0
Modes,6,0,1,5,0,0,1,3,2,0,0,0,0,0,0,0,0,0,0,0,0,0,0,0,0
Modified,37,0,23,14,0,0,34,2,1,0,0,0,0,0,0,0,0,0,0,0,0,0,0,0,0
Modifiers,1,0,0,1,0,0,1,0,0,0,0,0,0,0,0,0,0,0,0,0,0,0,0,0,0
Module,1,0,1,0,0,0,1,0,0,0,0,0,0,0,0,0,0,0,0,0,0,0,0,0,0
Mono,4,0,4,0,0,0,4,0,0,0,0,0,0,0,0,0,0,0,0,0,0,0,0,0,0
month,1,1,0,0,1,1,0,0,0,0,0,0,0,0,0,0,0,0,0,0,0,0,0,0,0
more,1,1,0,0,1,1,0,0,0,0,0,0,0,0,0,0,0,0,0,0,0,0,0,0,0
mouse,83,74,6,3,0,74,9,0,0,0,0,0,0,0,0,0,0,0,0,0,0,0,0,0,0
Move,6,5,1,0,1,5,1,0,0,0,0,0,0,0,0,0,0,0,0,0,0,0,0,0,0
Moved,16,0,0,16,0,0,12,4,0,0,0,0,0,0,0,0,0,0,0,0,0,0,0,0,0
Moveto,1,0,0,1,0,0,0,1,0,0,0,0,0,0,0,0,0,0,0,0,0,0,0,0,0
Movie,5,0,3,2,0,0,4,0,1,0,0,0,0,0,0,0,0,0,0,0,0,0,0,0,0
MP3,2,2,0,0,0,2,0,0,0,0,0,0,0,0,0,0,0,0,0,0,0,0,0,0,0
MTL,1,0,0,1,0,0,1,0,0,0,0,0,0,0,0,0,0,0,0,0,0,0,0,0,0
mult,13,13,0,0,7,13,0,0,0,0,0,0,0,0,0,0,0,0,0,0,0,0,0,0,0
Multi,1,0,1,0,0,0,1,0,0,0,0,0,0,0,0,0,0,0,0,0,0,0,0,0,0
Multiline,2,0,2,0,0,0,1,0,1,0,0,0,0,0,0,0,0,0,0,0,0,0,0,0,0
Multiple,2,0,2,0,0,0,2,0,0,0,0,0,0,0,0,0,0,0,0,0,0,0,0,0,0
Multisample,3,0,1,2,0,0,0,2,1,0,0,0,0,0,0,0,0,0,0,0,0,0,0,0,0
Multisampled,1,0,0,1,0,0,1,0,0,0,0,0,0,0,0,0,0,0,0,0,0,0,0,0,0
Mutable,1,1,0,0,0,1,0,0,0,0,0,0,0,0,0,0,0,0,0,0,0,0,0,0,0
Name,64,2,4,58,0,2,24,25,12,1,0,0,0,0,0,0,0,0,0,0,0,0,0,0,0
Native,27,6,5,16,0,6,18,3,0,0,0,0,0,0,0,0,0,0,0,0,0,0,0,0,0
need,1,1,0,0,0,1,0,0,0,0,0,0,0,0,0,0,0,0,0,0,0,0,0,0,0
Needed,1,0,0,1,0,0,0,1,0,0,0,0,0,0,0,0,0,0,0,0,0,0,0,0,0
Negative,1,0,1,0,0,0,1,0,0,0,0,0,0,0,0,0,0,0,0,0,0,0,0,0,0
new,16,9,5,2,0,9,6,1,0,0,0,0,0,0,0,0,0,0,0,0,0,0,0,0,0
Newlines,1,0,0,1,0,0,1,0,0,0,0,0,0,0,0,0,0,0,0,0,0,0,0,0,0
NEWT,3,3,0,0,0,3,0,0,0,0,0,0,0,0,0,0,0,0,0,0,0,0,0,0,0
Next,35,19,6,10,10,19,14,1,1,0,0,0,0,0,0,0,0,0,0,0,0,0,0,0,0
nextchar,1,1,0,0,1,1,0,0,0,0,0,0,0,0,0,0,0,0,0,0,0,0,0,0,0
nextline,1,1,0,0,1,1,0,0,0,0,0,0,0,0,0,0,0,0,0,0,0,0,0,0,0
nextpage,1,1,0,0,1,1,0,0,0,0,0,0,0,0,0,0,0,0,0,0,0,0,0,0,0
nextword,1,1,0,0,1,1,0,0,0,0,0,0,0,0,0,0,0,0,0,0,0,0,0,0,0
nf,1,1,0,0,1,1,0,0,0,0,0,0,0,0,0,0,0,0,0,0,0,0,0,0,0
nfc,1,1,0,0,1,1,0,0,0,0,0,0,0,0,0,0,0,0,0,0,0,0,0,0,0
nfp,1,1,0,0,1,1,0,0,0,0,0,0,0,0,0,0,0,0,0,0,0,0,0,0,0
nfs,1,1,0,0,1,1,0,0,0,0,0,0,0,0,0,0,0,0,0,0,0,0,0,0,0
No,37,32,5,0,0,32,3,2,0,0,0,0,0,0,0,0,0,0,0,0,0,0,0,0,0
Node,14,0,2,12,0,0,3,8,3,0,0,0,0,0,0,0,0,0,0,0,0,0,0,0,0
Nodes,2,0,0,2,0,0,1,1,0,0,0,0,0,0,0,0,0,0,0,0,0,0,0,0,0
noise,3,3,0,0,1,3,0,0,0,0,0,0,0,0,0,0,0,0,0,0,0,0,0,0,0
noisefsc,1,1,0,0,1,1,0,0,0,0,0,0,0,0,0,0,0,0,0,0,0,0,0,0,0
Non,9,3,6,0,0,3,3,1,2,0,0,0,0,0,0,0,0,0,0,0,0,0,0,0,0
None,2,0,0,2,0,0,1,1,0,0,0,0,0,0,0,0,0,0,0,0,0,0,0,0,0
nope,2,2,0,0,2,2,0,0,0,0,0,0,0,0,0,0,0,0,0,0,0,0,0,0,0
norm,1,1,0,0,1,1,0,0,0,0,0,0,0,0,0,0,0,0,0,0,0,0,0,0,0
Normal,25,3,7,15,3,3,18,4,0,0,0,0,0,0,0,0,0,0,0,0,0,0,0,0,0
normalize,3,3,0,0,3,3,0,0,0,0,0,0,0,0,0,0,0,0,0,0,0,0,0,0,0
Normals,13,0,1,12,0,0,3,6,4,0,0,0,0,0,0,0,0,0,0,0,0,0,0,0,0
Not,3,0,3,0,0,0,2,1,0,0,0,0,0,0,0,0,0,0,0,0,0,0,0,0,0
Notations,1,0,0,1,0,0,0,0,1,0,0,0,0,0,0,0,0,0,0,0,0,0,0,0,0
Notch,2,0,0,2,0,0,0,2,0,0,0,0,0,0,0,0,0,0,0,0,0,0,0,0,0
Notice,4,1,0,3,1,1,3,0,0,0,0,0,0,0,0,0,0,0,0,0,0,0,0,0,0
Notification,2,0,0,2,0,0,2,0,0,0,0,0,0,0,0,0,0,0,0,0,0,0,0,0,0
notify,10,7,0,3,0,7,2,1,0,0,0,0,0,0,0,0,0,0,0,0,0,0,0,0,0
Npot,1,0,1,0,0,0,1,0,0,0,0,0,0,0,0,0,0,0,0,0,0,0,0,0,0
Null,3,0,0,3,0,0,2,0,1,0,0,0,0,0,0,0,0,0,0,0,0,0,0,0,0
Num,4,0,4,0,0,0,4,0,0,0,0,0,0,0,0,0,0,0,0,0,0,0,0,0,0
number,6,3,1,2,0,3,1,2,0,0,0,0,0,0,0,0,0,0,0,0,0,0,0,0,0
Numbers,4,0,0,4,0,0,0,1,2,1,0,0,0,0,0,0,0,0,0,0,0,0,0,0,0
OBJ,4,2,0,2,0,2,1,1,0,0,0,0,0,0,0,0,0,0,0,0,0,0,0,0,0
Object,12,0,0,12,0,0,3,9,0,0,0,0,0,0,0,0,0,0,0,0,0,0,0,0,0
Occurrences,1,0,0,1,0,0,0,1,0,0,0,0,0,0,0,0,0,0,0,0,0,0,0,0,0
ods,7,4,0,3,0,4,1,2,0,0,0,0,0,0,0,0,0,0,0,0,0,0,0,0,0
Of,7,1,4,2,1,1,2,4,0,0,0,0,0,0,0,0,0,0,0,0,0,0,0,0,0
Offscreen,8,1,3,4,0,1,7,0,0,0,0,0,0,0,0,0,0,0,0,0,0,0,0,0,0
Offset,49,4,7,38,0,4,10,20,9,4,0,2,0,0,0,0,0,0,0,0,0,0,0,0,0
Offsets,4,0,1,3,0,0,0,4,0,0,0,0,0,0,0,0,0,0,0,0,0,0,0,0,0
Old,2,0,2,0,0,0,2,0,0,0,0,0,0,0,0,0,0,0,0,0,0,0,0,0,0
On,15,1,14,0,0,1,4,8,2,0,0,0,0,0,0,0,0,0,0,0,0,0,0,0,0
Once,1,0,0,1,0,0,1,0,0,0,0,0,0,0,0,0,0,0,0,0,0,0,0,0,0
Only,4,0,1,3,0,0,0,4,0,0,0,0,0,0,0,0,0,0,0,0,0,0,0,0,0
Onscreen,2,0,2,0,0,0,2,0,0,0,0,0,0,0,0,0,0,0,0,0,0,0,0,0,0
Op,4,0,1,3,0,0,2,2,0,0,0,0,0,0,0,0,0,0,0,0,0,0,0,0,0
Opacity,3,0,0,3,0,0,1,2,0,0,0,0,0,0,0,0,0,0,0,0,0,0,0,0,0
opaque,1,1,0,0,1,1,0,0,0,0,0,0,0,0,0,0,0,0,0,0,0,0,0,0,0
Open,25,17,5,3,0,17,4,3,1,0,0,0,0,0,0,0,0,0,0,0,0,0,0,0,0
Operator,1,0,0,1,0,0,0,1,0,0,0,0,0,0,0,0,0,0,0,0,0,0,0,0,0
opt,2,2,0,0,2,2,0,0,0,0,0,0,0,0,0,0,0,0,0,0,0,0,0,0,0
Optimized,1,0,1,0,0,0,0,1,0,0,0,0,0,0,0,0,0,0,0,0,0,0,0,0,0
Option,1,0,0,1,0,0,0,1,0,0,0,0,0,0,0,0,0,0,0,0,0,0,0,0,0
Options,1,0,0,1,0,0,1,0,0,0,0,0,0,0,0,0,0,0,0,0,0,0,0,0,0
Or,5,0,5,0,0,0,0,4,0,1,0,0,0,0,0,0,0,0,0,0,0,0,0,0,0
Order,2,0,0,2,0,0,2,0,0,0,0,0,0,0,0,0,0,0,0,0,0,0,0,0,0
Ordering,2,0,0,2,0,0,0,2,0,0,0,0,0,0,0,0,0,0,0,0,0,0,0,0,0
Origin,1,0,0,1,0,0,1,0,0,0,0,0,0,0,0,0,0,0,0,0,0,0,0,0,0
original,2,1,1,0,0,1,0,1,0,0,0,0,0,0,0,0,0,0,0,0,0,0,0,0,0
Ortho,6,5,1,0,4,5,1,0,0,0,0,0,0,0,0,0,0,0,0,0,0,0,0,0,0
OS,4,0,0,4,0,0,0,4,0,0,0,0,0,0,0,0,0,0,0,0,0,0,0,0,0
Other,2,0,1,1,0,0,2,0,0,0,0,0,0,0,0,0,0,0,0,0,0,0,0,0,0
Out,5,0,2,3,0,0,5,0,0,0,0,0,0,0,0,0,0,0,0,0,0,0,0,0,0
Outdated,9,0,0,9,0,0,0,6,0,3,0,0,0,0,0,0,0,0,0,0,0,0,0,0,0
Outdent,3,0,0,3,0,0,2,1,0,0,0,0,0,0,0,0,0,0,0,0,0,0,0,0,0
Outline,3,1,0,2,0,1,1,1,0,0,0,0,0,0,0,0,0,0,0,0,0,0,0,0,0
Output,15,0,9,6,0,0,13,1,1,0,0,0,0,0,0,0,0,0,0,0,0,0,0,0,0
Over,1,0,0,1,0,0,1,0,0,0,0,0,0,0,0,0,0,0,0,0,0,0,0,0,0
overwrite,3,1,2,0,0,1,2,0,0,0,0,0,0,0,0,0,0,0,0,0,0,0,0,0,0
P,24,19,5,0,0,19,4,1,0,0,0,0,0,0,0,0,0,0,0,0,0,0,0,0,0
pack,2,2,0,0,0,2,0,0,0,0,0,0,0,0,0,0,0,0,0,0,0,0,0,0,0
package,9,3,3,3,0,3,5,1,0,0,0,0,0,0,0,0,0,0,0,0,0,0,0,0,0
Packed,2,0,2,0,0,0,2,0,0,0,0,0,0,0,0,0,0,0,0,0,0,0,0,0,0
Padding,2,0,1,1,0,0,2,0,0,0,0,0,0,0,0,0,0,0,0,0,0,0,0,0,0
Page,3,0,1,2,0,0,2,0,0,1,0,0,0,0,0,0,0,0,0,0,0,0,0,0,0
paint,32,29,0,3,7,29,0,3,0,0,0,0,0,0,0,0,0,0,0,0,0,0,0,0,0
Painter,9,0,0,9,0,0,4,3,2,0,0,0,0,0,0,0,0,0,0,0,0,0,0,0,0
Pane,3,0,2,1,0,0,2,1,0,0,0,0,0,0,0,0,0,0,0,0,0,0,0,0,0
Panel,19,0,2,17,0,0,11,8,0,0,0,0,0,0,0,0,0,0,0,0,0,0,0,0,0
Paragraph,1,0,0,1,0,0,1,0,0,0,0,0,0,0,0,0,0,0,0,0,0,0,0,0,0
Param,1,0,0,1,0,0,1,0,0,0,0,0,0,0,0,0,0,0,0,0,0,0,0,0,0
Parameterf,1,0,0,1,0,0,1,0,0,0,0,0,0,0,0,0,0,0,0,0,0,0,0,0,0
Parameterfv,2,0,0,2,0,0,1,1,0,0,0,0,0,0,0,0,0,0,0,0,0,0,0,0,0
Parameteri,1,0,0,1,0,0,1,0,0,0,0,0,0,0,0,0,0,0,0,0,0,0,0,0,0
Parameteriv,5,0,0,5,0,0,1,3,1,0,0,0,0,0,0,0,0,0,0,0,0,0,0,0,0
Parameters,5,1,0,4,1,1,3,1,0,0,0,0,0,0,0,0,0,0,0,0,0,0,0,0,0
Params,5,0,0,5,0,0,3,2,0,0,0,0,0,0,0,0,0,0,0,0,0,0,0,0,0
Paren,1,0,0,1,0,0,1,0,0,0,0,0,0,0,0,0,0,0,0,0,0,0,0,0,0
Parent,11,0,2,9,0,0,9,2,0,0,0,0,0,0,0,0,0,0,0,0,0,0,0,0,0
parse,56,52,2,2,6,52,4,0,0,0,0,0,0,0,0,0,0,0,0,0,0,0,0,0,0
Parser,2,0,0,2,0,0,2,0,0,0,0,0,0,0,0,0,0,0,0,0,0,0,0,0,0
partial,1,1,0,0,0,1,0,0,0,0,0,0,0,0,0,0,0,0,0,0,0,0,0,0,0
partition,1,1,0,0,1,1,0,0,0,0,0,0,0,0,0,0,0,0,0,0,0,0,0,0,0
Party,2,0,1,1,0,0,0,2,0,0,0,0,0,0,0,0,0,0,0,0,0,0,0,0,0
Paste,3,2,0,1,1,2,1,0,0,0,0,0,0,0,0,0,0,0,0,0,0,0,0,0,0
Path,75,2,13,60,0,2,31,27,8,7,0,0,0,0,0,0,0,0,0,0,0,0,0,0,0
Paths,1,0,0,1,0,0,1,0,0,0,0,0,0,0,0,0,0,0,0,0,0,0,0,0,0
Pattern,1,0,0,1,0,0,1,0,0,0,0,0,0,0,0,0,0,0,0,0,0,0,0,0,0
Pause,4,3,0,1,0,3,1,0,0,0,0,0,0,0,0,0,0,0,0,0,0,0,0,0,0
Paused,1,0,0,1,0,0,1,0,0,0,0,0,0,0,0,0,0,0,0,0,0,0,0,0,0
PB,1,0,1,0,0,0,1,0,0,0,0,0,0,0,0,0,0,0,0,0,0,0,0,0,0
Pde,13,8,5,0,0,8,4,0,1,0,0,0,0,0,0,0,0,0,0,0,0,0,0,0,0
PDEX,1,1,0,0,1,1,0,0,0,0,0,0,0,0,0,0,0,0,0,0,0,0,0,0,0
peek,1,1,0,0,1,1,0,0,0,0,0,0,0,0,0,0,0,0,0,0,0,0,0,0,0
Percent,5,0,0,5,0,0,4,0,1,0,0,0,0,0,0,0,0,0,0,0,0,0,0,0,0
Performed,29,0,0,29,0,0,29,0,0,0,0,0,0,0,0,0,0,0,0,0,0,0,0,0,0
Perspective,7,4,0,3,4,4,3,0,0,0,0,0,0,0,0,0,0,0,0,0,0,0,0,0,0
PG,3,0,0,3,0,0,0,3,0,0,0,0,0,0,0,0,0,0,0,0,0,0,0,0,0
PGL,10,1,0,9,1,1,8,1,0,0,0,0,0,0,0,0,0,0,0,0,0,0,0,0,0
Phrase,2,0,0,2,0,0,2,0,0,0,0,0,0,0,0,0,0,0,0,0,0,0,0,0,0
pick,3,3,0,0,2,3,0,0,0,0,0,0,0,0,0,0,0,0,0,0,0,0,0,0,0
Piece,1,0,0,1,0,0,1,0,0,0,0,0,0,0,0,0,0,0,0,0,0,0,0,0,0
Pin,3,1,0,2,0,1,1,1,0,0,0,0,0,0,0,0,0,0,0,0,0,0,0,0,0
Pixel,15,2,13,0,0,2,10,3,0,0,0,0,0,0,0,0,0,0,0,0,0,0,0,0,0
Pixels,29,0,3,26,0,0,25,4,0,0,0,0,0,0,0,0,0,0,0,0,0,0,0,0,0
PJOGL,1,1,0,0,1,1,0,0,0,0,0,0,0,0,0,0,0,0,0,0,0,0,0,0,0
Pkg,1,0,1,0,0,0,1,0,0,0,0,0,0,0,0,0,0,0,0,0,0,0,0,0,0
place,9,9,0,0,0,9,0,0,0,0,0,0,0,0,0,0,0,0,0,0,0,0,0,0,0
Plain,2,1,1,0,0,1,1,0,0,0,0,0,0,0,0,0,0,0,0,0,0,0,0,0,0
Platform,2,0,2,0,0,0,2,0,0,0,0,0,0,0,0,0,0,0,0,0,0,0,0,0,0
Plist,1,0,0,1,0,0,0,1,0,0,0,0,0,0,0,0,0,0,0,0,0,0,0,0,0
Plural,1,0,1,0,0,0,1,0,0,0,0,0,0,0,0,0,0,0,0,0,0,0,0,0,0
pluralize,1,1,0,0,1,1,0,0,0,0,0,0,0,0,0,0,0,0,0,0,0,0,0,0,0
Point,53,13,33,7,5,13,34,4,1,1,0,0,0,0,0,0,0,0,0,0,0,0,0,0,0
Pointer,2,0,0,2,0,0,1,1,0,0,0,0,0,0,0,0,0,0,0,0,0,0,0,0,0
Pointerv,1,0,0,1,0,0,0,0,1,0,0,0,0,0,0,0,0,0,0,0,0,0,0,0,0
Points,8,0,0,8,0,0,5,3,0,0,0,0,0,0,0,0,0,0,0,0,0,0,0,0,0
Points2,3,0,3,0,0,0,0,3,0,0,0,0,0,0,0,0,0,0,0,0,0,0,0,0,0
Points3,2,0,2,0,0,0,0,2,0,0,0,0,0,0,0,0,0,0,0,0,0,0,0,0,0
Poly,68,3,64,1,0,3,55,9,1,0,0,0,0,0,0,0,0,0,0,0,0,0,0,0,0
Polygon,6,1,1,4,0,1,5,0,0,0,0,0,0,0,0,0,0,0,0,0,0,0,0,0,0
Polys,6,0,0,6,0,0,4,2,0,0,0,0,0,0,0,0,0,0,0,0,0,0,0,0,0
pop,14,14,0,0,3,14,0,0,0,0,0,0,0,0,0,0,0,0,0,0,0,0,0,0,0
populate,3,3,0,0,0,3,0,0,0,0,0,0,0,0,0,0,0,0,0,0,0,0,0,0,0
Popup,5,0,0,5,0,0,0,3,2,0,0,0,0,0,0,0,0,0,0,0,0,0,0,0,0
Pos,5,0,0,5,0,0,3,1,1,0,0,0,0,0,0,0,0,0,0,0,0,0,0,0,0
Position,27,0,3,24,0,0,8,12,7,0,0,0,0,0,0,0,0,0,0,0,0,0,0,0,0
Positions,2,0,0,2,0,0,0,1,1,0,0,0,0,0,0,0,0,0,0,0,0,0,0,0,0
Post,5,4,1,0,2,4,1,0,0,0,0,0,0,0,0,0,0,0,0,0,0,0,0,0,0
pow,1,1,0,0,1,1,0,0,0,0,0,0,0,0,0,0,0,0,0,0,0,0,0,0,0
Power,2,0,2,0,0,0,2,0,0,0,0,0,0,0,0,0,0,0,0,0,0,0,0,0,0
pre,7,7,0,0,3,7,0,0,0,0,0,0,0,0,0,0,0,0,0,0,0,0,0,0,0
Precision,1,0,1,0,0,0,0,1,0,0,0,0,0,0,0,0,0,0,0,0,0,0,0,0,0
Predictions,2,0,0,2,0,0,2,0,0,0,0,0,0,0,0,0,0,0,0,0,0,0,0,0,0
Pref,3,2,0,1,0,2,0,1,0,0,0,0,0,0,0,0,0,0,0,0,0,0,0,0,0
Preference,1,0,0,1,0,0,1,0,0,0,0,0,0,0,0,0,0,0,0,0,0,0,0,0,0
Preferences,9,3,1,5,0,3,6,0,0,0,0,0,0,0,0,0,0,0,0,0,0,0,0,0,0
Preferred,14,1,13,0,0,1,13,0,0,0,0,0,0,0,0,0,0,0,0,0,0,0,0,0,0
Prefix,1,0,0,1,0,0,0,1,0,0,0,0,0,0,0,0,0,0,0,0,0,0,0,0,0
Prefixes,1,0,0,1,0,0,0,1,0,0,0,0,0,0,0,0,0,0,0,0,0,0,0,0,0
Prefs,2,0,1,1,0,0,2,0,0,0,0,0,0,0,0,0,0,0,0,0,0,0,0,0,0
Prepare,13,11,2,0,0,11,0,2,0,0,0,0,0,0,0,0,0,0,0,0,0,0,0,0,0
Preproc,3,0,3,0,0,0,3,0,0,0,0,0,0,0,0,0,0,0,0,0,0,0,0,0,0
preprocess,7,7,0,0,2,7,0,0,0,0,0,0,0,0,0,0,0,0,0,0,0,0,0,0,0
Preprocessed,1,1,0,0,0,1,0,0,0,0,0,0,0,0,0,0,0,0,0,0,0,0,0,0,0
Preprocessing,2,1,1,0,0,1,1,0,0,0,0,0,0,0,0,0,0,0,0,0,0,0,0,0,0
Preprocessor,3,1,0,2,0,1,2,0,0,0,0,0,0,0,0,0,0,0,0,0,0,0,0,0,0
Present,9,4,1,4,1,4,5,0,0,0,0,0,0,0,0,0,0,0,0,0,0,0,0,0,0
Presentation,1,0,1,0,0,0,1,0,0,0,0,0,0,0,0,0,0,0,0,0,0,0,0,0,0
Pressed,35,0,0,35,0,0,35,0,0,0,0,0,0,0,0,0,0,0,0,0,0,0,0,0,0
Pretty,5,0,5,0,0,0,4,1,0,0,0,0,0,0,0,0,0,0,0,0,0,0,0,0,0
Prev,2,1,1,0,0,1,1,0,0,0,0,0,0,0,0,0,0,0,0,0,0,0,0,0,0
prevchar,1,1,0,0,1,1,0,0,0,0,0,0,0,0,0,0,0,0,0,0,0,0,0,0,0
Previous,3,0,2,1,0,0,2,1,0,0,0,0,0,0,0,0,0,0,0,0,0,0,0,0,0
Previously,1,0,1,0,0,0,1,0,0,0,0,0,0,0,0,0,0,0,0,0,0,0,0,0,0
prevline,1,1,0,0,1,1,0,0,0,0,0,0,0,0,0,0,0,0,0,0,0,0,0,0,0
prevpage,1,1,0,0,1,1,0,0,0,0,0,0,0,0,0,0,0,0,0,0,0,0,0,0,0
prevword,1,1,0,0,1,1,0,0,0,0,0,0,0,0,0,0,0,0,0,0,0,0,0,0,0
Primary,7,0,3,4,0,0,7,0,0,0,0,0,0,0,0,0,0,0,0,0,0,0,0,0,0
Primitive,5,0,0,5,0,0,2,3,0,0,0,0,0,0,0,0,0,0,0,0,0,0,0,0,0
print,43,42,0,1,13,42,1,0,0,0,0,0,0,0,0,0,0,0,0,0,0,0,0,0,0
Printable,1,0,1,0,0,0,0,1,0,0,0,0,0,0,0,0,0,0,0,0,0,0,0,0,0
println,2,2,0,0,2,2,0,0,0,0,0,0,0,0,0,0,0,0,0,0,0,0,0,0,0
Priority,3,1,0,2,1,1,1,1,0,0,0,0,0,0,0,0,0,0,0,0,0,0,0,0,0
Privileged,1,0,0,1,0,0,1,0,0,0,0,0,0,0,0,0,0,0,0,0,0,0,0,0,0
Problem,9,0,1,8,0,0,5,2,2,0,0,0,0,0,0,0,0,0,0,0,0,0,0,0,0
Problems,3,0,0,3,0,0,2,1,0,0,0,0,0,0,0,0,0,0,0,0,0,0,0,0,0
process,11,10,0,1,1,10,0,0,1,0,0,0,0,0,0,0,0,0,0,0,0,0,0,0,0
Processing,2,0,2,0,0,0,2,0,0,0,0,0,0,0,0,0,0,0,0,0,0,0,0,0,0
Processor,1,0,0,1,0,0,0,1,0,0,0,0,0,0,0,0,0,0,0,0,0,0,0,0,0
Program,12,0,2,10,0,0,10,2,0,0,0,0,0,0,0,0,0,0,0,0,0,0,0,0,0
Programiv,1,0,0,1,0,0,1,0,0,0,0,0,0,0,0,0,0,0,0,0,0,0,0,0,0
Progress,10,0,5,5,0,0,9,1,0,0,0,0,0,0,0,0,0,0,0,0,0,0,0,0,0
Projection,11,0,0,11,0,0,9,2,0,0,0,0,0,0,0,0,0,0,0,0,0,0,0,0,0
Projmodelview,2,0,0,2,0,0,1,1,0,0,0,0,0,0,0,0,0,0,0,0,0,0,0,0,0
Prolog,1,0,0,1,0,0,1,0,0,0,0,0,0,0,0,0,0,0,0,0,0,0,0,0,0
prompt,8,4,0,4,0,4,1,3,0,0,0,0,0,0,0,0,0,0,0,0,0,0,0,0,0
Properties,4,0,2,2,0,0,4,0,0,0,0,0,0,0,0,0,0,0,0,0,0,0,0,0,0
Property,8,4,0,4,0,4,4,0,0,0,0,0,0,0,0,0,0,0,0,0,0,0,0,0,0
Proxy,1,0,0,1,0,0,1,0,0,0,0,0,0,0,0,0,0,0,0,0,0,0,0,0,0
Public,1,0,0,1,0,0,0,0,1,0,0,0,0,0,0,0,0,0,0,0,0,0,0,0,0
Pump,1,0,0,1,0,0,1,0,0,0,0,0,0,0,0,0,0,0,0,0,0,0,0,0,0
push,13,13,0,0,3,13,0,0,0,0,0,0,0,0,0,0,0,0,0,0,0,0,0,0,0
put,9,9,0,0,4,9,0,0,0,0,0,0,0,0,0,0,0,0,0,0,0,0,0,0,0
PWM,1,1,0,0,1,1,0,0,0,0,0,0,0,0,0,0,0,0,0,0,0,0,0,0,0
Quad,11,5,4,2,5,5,6,0,0,0,0,0,0,0,0,0,0,0,0,0,0,0,0,0,0
quadratic,11,9,2,0,0,9,2,0,0,0,0,0,0,0,0,0,0,0,0,0,0,0,0,0,0
Quads,4,0,2,2,0,0,4,0,0,0,0,0,0,0,0,0,0,0,0,0,0,0,0,0,0
Quadto,1,0,0,1,0,0,0,1,0,0,0,0,0,0,0,0,0,0,0,0,0,0,0,0,0
Quality,3,1,0,2,0,1,0,2,0,0,0,0,0,0,0,0,0,0,0,0,0,0,0,0,0
Question,3,0,0,3,0,0,0,1,1,1,0,0,0,0,0,0,0,0,0,0,0,0,0,0,0
Queue,1,0,1,0,0,0,0,1,0,0,0,0,0,0,0,0,0,0,0,0,0,0,0,0,0
Quick,1,1,0,0,0,1,0,0,0,0,0,0,0,0,0,0,0,0,0,0,0,0,0,0,0
Quit,5,0,3,2,0,0,4,1,0,0,0,0,0,0,0,0,0,0,0,0,0,0,0,0,0
Quote,2,1,0,1,1,1,0,0,0,0,1,0,0,0,0,0,0,0,0,0,0,0,0,0,0
Quotes,3,0,0,3,0,0,0,0,3,0,0,0,0,0,0,0,0,0,0,0,0,0,0,0,0
Radial,2,2,0,0,0,2,0,0,0,0,0,0,0,0,0,0,0,0,0,0,0,0,0,0,0
radians,1,1,0,0,1,1,0,0,0,0,0,0,0,0,0,0,0,0,0,0,0,0,0,0,0
random,3,3,0,0,1,3,0,0,0,0,0,0,0,0,0,0,0,0,0,0,0,0,0,0,0
random2,1,1,0,0,0,1,0,0,0,0,0,0,0,0,0,0,0,0,0,0,0,0,0,0,0
random3,1,1,0,0,0,1,0,0,0,0,0,0,0,0,0,0,0,0,0,0,0,0,0,0,0
Range,8,1,1,6,1,1,3,3,1,0,0,0,0,0,0,0,0,0,0,0,0,0,0,0,0
Rangef,1,0,0,1,0,0,1,0,0,0,0,0,0,0,0,0,0,0,0,0,0,0,0,0,0
Raster,2,0,0,2,0,0,2,0,0,0,0,0,0,0,0,0,0,0,0,0,0,0,0,0,0
Rate,9,0,2,7,0,0,1,8,0,0,0,0,0,0,0,0,0,0,0,0,0,0,0,0,0
Raw,20,7,3,10,0,7,11,2,0,0,0,0,0,0,0,0,0,0,0,0,0,0,0,0,0
Read,45,35,8,2,9,35,8,2,0,0,0,0,0,0,0,0,0,0,0,0,0,0,0,0,0
read0,1,1,0,0,1,1,0,0,0,0,0,0,0,0,0,0,0,0,0,0,0,0,0,0,0
Reader,5,0,1,4,0,0,3,2,0,0,0,0,0,0,0,0,0,0,0,0,0,0,0,0,0
reapply,1,1,0,0,0,1,0,0,0,0,0,0,0,0,0,0,0,0,0,0,0,0,0,0,0
rebuild,19,19,0,0,4,19,0,0,0,0,0,0,0,0,0,0,0,0,0,0,0,0,0,0,0
recalculate,2,2,0,0,0,2,0,0,0,0,0,0,0,0,0,0,0,0,0,0,0,0,0,0,0
Recent,2,0,2,0,0,0,0,2,0,0,0,0,0,0,0,0,0,0,0,0,0,0,0,0,0
Recognition,1,0,1,0,0,0,1,0,0,0,0,0,0,0,0,0,0,0,0,0,0,0,0,0,0
Record,5,1,0,4,1,1,3,1,0,0,0,0,0,0,0,0,0,0,0,0,0,0,0,0,0
Recorder,3,0,0,3,0,0,1,2,0,0,0,0,0,0,0,0,0,0,0,0,0,0,0,0,0
Rect,14,8,1,5,2,8,3,3,0,0,0,0,0,0,0,0,0,0,0,0,0,0,0,0,0
Rectangle,1,0,0,1,0,0,0,1,0,0,0,0,0,0,0,0,0,0,0,0,0,0,0,0,0
Recursive,3,0,0,3,0,0,0,2,0,0,0,1,0,0,0,0,0,0,0,0,0,0,0,0,0
red,2,2,0,0,2,2,0,0,0,0,0,0,0,0,0,0,0,0,0,0,0,0,0,0,0
Redirect,2,1,1,0,0,1,1,0,0,0,0,0,0,0,0,0,0,0,0,0,0,0,0,0,0
Redo,3,2,1,0,1,2,1,0,0,0,0,0,0,0,0,0,0,0,0,0,0,0,0,0,0
redraw,1,1,0,0,1,1,0,0,0,0,0,0,0,0,0,0,0,0,0,0,0,0,0,0,0
Ref,3,0,2,1,0,0,1,1,1,0,0,0,0,0,0,0,0,0,0,0,0,0,0,0,0
Reference,11,1,4,6,0,1,9,1,0,0,0,0,0,0,0,0,0,0,0,0,0,0,0,0,0
References,2,0,2,0,0,0,0,2,0,0,0,0,0,0,0,0,0,0,0,0,0,0,0,0,0
refresh,2,2,0,0,0,2,0,0,0,0,0,0,0,0,0,0,0,0,0,0,0,0,0,0,0
Regenerated,1,0,1,0,0,0,1,0,0,0,0,0,0,0,0,0,0,0,0,0,0,0,0,0,0
Regex,2,0,0,2,0,0,0,2,0,0,0,0,0,0,0,0,0,0,0,0,0,0,0,0,0
region,1,1,0,0,0,1,0,0,0,0,0,0,0,0,0,0,0,0,0,0,0,0,0,0,0
register,9,9,0,0,0,9,0,0,0,0,0,0,0,0,0,0,0,0,0,0,0,0,0,0,0
Registry,1,0,1,0,0,0,1,0,0,0,0,0,0,0,0,0,0,0,0,0,0,0,0,0,0
Relative,2,0,1,1,0,0,2,0,0,0,0,0,0,0,0,0,0,0,0,0,0,0,0,0,0
release,5,5,0,0,0,5,0,0,0,0,0,0,0,0,0,0,0,0,0,0,0,0,0,0,0
Released,12,0,0,12,0,0,12,0,0,0,0,0,0,0,0,0,0,0,0,0,0,0,0,0,0
Reload,3,2,1,0,1,2,1,0,0,0,0,0,0,0,0,0,0,0,0,0,0,0,0,0,0
remove,73,69,3,1,15,69,4,0,0,0,0,0,0,0,0,0,0,0,0,0,0,0,0,0,0
Removed,1,0,0,1,0,0,1,0,0,0,0,0,0,0,0,0,0,0,0,0,0,0,0,0,0
Rename,6,4,1,1,3,4,2,0,0,0,0,0,0,0,0,0,0,0,0,0,0,0,0,0,0
Render,9,6,1,2,2,6,2,1,0,0,0,0,0,0,0,0,0,0,0,0,0,0,0,0,0
Renderbuffer,6,2,1,3,0,2,4,0,0,0,0,0,0,0,0,0,0,0,0,0,0,0,0,0,0
Renderbuffers,2,0,0,2,0,0,2,0,0,0,0,0,0,0,0,0,0,0,0,0,0,0,0,0,0
Renderer,20,0,8,12,0,0,7,4,9,0,0,0,0,0,0,0,0,0,0,0,0,0,0,0,0
reorganize,1,1,0,0,0,1,0,0,0,0,0,0,0,0,0,0,0,0,0,0,0,0,0,0,0
repaint,4,4,0,0,1,4,0,0,0,0,0,0,0,0,0,0,0,0,0,0,0,0,0,0,0
Repeat,6,0,4,2,0,0,5,1,0,0,0,0,0,0,0,0,0,0,0,0,0,0,0,0,0
replace,19,18,0,1,3,18,1,0,0,0,0,0,0,0,0,0,0,0,0,0,0,0,0,0,0
report,2,2,0,0,1,2,0,0,0,0,0,0,0,0,0,0,0,0,0,0,0,0,0,0,0
Request,7,4,2,1,0,4,0,2,1,0,0,0,0,0,0,0,0,0,0,0,0,0,0,0,0
Requested,1,0,0,1,0,0,0,0,1,0,0,0,0,0,0,0,0,0,0,0,0,0,0,0,0
Requests,1,0,0,1,0,0,0,0,1,0,0,0,0,0,0,0,0,0,0,0,0,0,0,0,0
require,1,1,0,0,0,1,0,0,0,0,0,0,0,0,0,0,0,0,0,0,0,0,0,0,0
Requirements,1,0,0,1,0,0,0,0,1,0,0,0,0,0,0,0,0,0,0,0,0,0,0,0,0
requires,1,1,0,0,0,1,0,0,0,0,0,0,0,0,0,0,0,0,0,0,0,0,0,0,0
Res,2,1,1,0,1,1,1,0,0,0,0,0,0,0,0,0,0,0,0,0,0,0,0,0,0
reselect,1,1,0,0,0,1,0,0,0,0,0,0,0,0,0,0,0,0,0,0,0,0,0,0,0
reset,25,25,0,0,7,25,0,0,0,0,0,0,0,0,0,0,0,0,0,0,0,0,0,0,0
reshape,1,1,0,0,1,1,0,0,0,0,0,0,0,0,0,0,0,0,0,0,0,0,0,0,0
Resizable,6,1,0,5,0,1,5,0,0,0,0,0,0,0,0,0,0,0,0,0,0,0,0,0,0
Resize,10,9,1,0,9,9,0,1,0,0,0,0,0,0,0,0,0,0,0,0,0,0,0,0,0
Resized,2,0,0,2,0,0,2,0,0,0,0,0,0,0,0,0,0,0,0,0,0,0,0,0,0
Resolution,1,0,1,0,0,0,0,1,0,0,0,0,0,0,0,0,0,0,0,0,0,0,0,0,0
resolve,3,3,0,0,0,3,0,0,0,0,0,0,0,0,0,0,0,0,0,0,0,0,0,0,0
Resource,5,1,4,0,0,1,4,0,0,0,0,0,0,0,0,0,0,0,0,0,0,0,0,0,0
Resources,1,0,0,1,0,0,1,0,0,0,0,0,0,0,0,0,0,0,0,0,0,0,0,0,0
Restart,7,1,5,1,0,1,6,0,0,0,0,0,0,0,0,0,0,0,0,0,0,0,0,0,0
restore,6,5,1,0,0,5,1,0,0,0,0,0,0,0,0,0,0,0,0,0,0,0,0,0,0
Result,3,0,0,3,0,0,3,0,0,0,0,0,0,0,0,0,0,0,0,0,0,0,0,0,0
resume,4,4,0,0,0,4,0,0,0,0,0,0,0,0,0,0,0,0,0,0,0,0,0,0,0
Retina,2,0,0,2,0,0,2,0,0,0,0,0,0,0,0,0,0,0,0,0,0,0,0,0,0
return,1,1,0,0,0,1,0,0,0,0,0,0,0,0,0,0,0,0,0,0,0,0,0,0,0
Returned,1,0,1,0,0,0,1,0,0,0,0,0,0,0,0,0,0,0,0,0,0,0,0,0,0
Reverse,14,4,0,10,4,4,4,6,0,0,0,0,0,0,0,0,0,0,0,0,0,0,0,0,0
Revision,3,0,0,3,0,0,1,2,0,0,0,0,0,0,0,0,0,0,0,0,0,0,0,0,0
RGB,6,0,1,5,0,0,4,0,2,0,0,0,0,0,0,0,0,0,0,0,0,0,0,0,0
RGBA,3,1,1,1,0,1,1,1,0,0,0,0,0,0,0,0,0,0,0,0,0,0,0,0,0
Right,7,0,4,3,0,0,7,0,0,0,0,0,0,0,0,0,0,0,0,0,0,0,0,0,0
Role,2,0,0,2,0,0,2,0,0,0,0,0,0,0,0,0,0,0,0,0,0,0,0,0,0
Rollover,3,0,1,2,0,0,3,0,0,0,0,0,0,0,0,0,0,0,0,0,0,0,0,0,0
Room,1,0,0,1,0,0,1,0,0,0,0,0,0,0,0,0,0,0,0,0,0,0,0,0,0
Root,4,0,3,1,0,0,1,3,0,0,0,0,0,0,0,0,0,0,0,0,0,0,0,0,0
Rotate,48,43,3,2,11,43,5,0,0,0,0,0,0,0,0,0,0,0,0,0,0,0,0,0,0
Round,7,1,6,0,1,1,6,0,0,0,0,0,0,0,0,0,0,0,0,0,0,0,0,0,0
Row,33,3,13,17,0,3,24,6,0,0,0,0,0,0,0,0,0,0,0,0,0,0,0,0,0
Rows,6,1,0,5,1,1,5,0,0,0,0,0,0,0,0,0,0,0,0,0,0,0,0,0,0
RTS,1,0,0,1,0,0,1,0,0,0,0,0,0,0,0,0,0,0,0,0,0,0,0,0,0
Rule,3,0,0,3,0,0,0,3,0,0,0,0,0,0,0,0,0,0,0,0,0,0,0,0,0
Run,52,44,0,8,43,44,8,0,0,0,0,0,0,0,0,0,0,0,0,0,0,0,0,0,0
Runner,4,1,2,1,1,1,2,1,0,0,0,0,0,0,0,0,0,0,0,0,0,0,0,0,0
Running,1,0,0,1,0,0,1,0,0,0,0,0,0,0,0,0,0,0,0,0,0,0,0,0,0
Runtime,5,1,2,2,0,1,1,3,0,0,0,0,0,0,0,0,0,0,0,0,0,0,0,0,0
S1516,2,1,0,1,0,1,0,1,0,0,0,0,0,0,0,0,0,0,0,0,0,0,0,0,0
sadness,1,1,0,0,1,1,0,0,0,0,0,0,0,0,0,0,0,0,0,0,0,0,0,0,0
Safe,1,0,0,1,0,0,1,0,0,0,0,0,0,0,0,0,0,0,0,0,0,0,0,0,0
Same,2,1,1,0,1,1,1,0,0,0,0,0,0,0,0,0,0,0,0,0,0,0,0,0,0
Sample,17,4,10,3,1,4,11,2,0,0,0,0,0,0,0,0,0,0,0,0,0,0,0,0,0
Samples,4,0,0,4,0,0,2,2,0,0,0,0,0,0,0,0,0,0,0,0,0,0,0,0,0
Sampling,3,0,1,2,0,0,2,1,0,0,0,0,0,0,0,0,0,0,0,0,0,0,0,0,0
Sanitary,1,0,1,0,0,0,1,0,0,0,0,0,0,0,0,0,0,0,0,0,0,0,0,0,0
sanitize,3,3,0,0,0,3,0,0,0,0,0,0,0,0,0,0,0,0,0,0,0,0,0,0,0
Sans,2,0,2,0,0,0,2,0,0,0,0,0,0,0,0,0,0,0,0,0,0,0,0,0,0
sat,1,1,0,0,0,1,0,0,0,0,0,0,0,0,0,0,0,0,0,0,0,0,0,0,0
saturation,2,2,0,0,2,2,0,0,0,0,0,0,0,0,0,0,0,0,0,0,0,0,0,0,0
Save,57,46,7,4,16,46,7,3,0,1,0,0,0,0,0,0,0,0,0,0,0,0,0,0,0
Saved,2,0,2,0,0,0,2,0,0,0,0,0,0,0,0,0,0,0,0,0,0,0,0,0,0
Saving,1,0,0,1,0,0,1,0,0,0,0,0,0,0,0,0,0,0,0,0,0,0,0,0,0
Scale,23,12,0,11,10,12,4,3,4,0,0,0,0,0,0,0,0,0,0,0,0,0,0,0,0
Scheme,1,0,0,1,0,0,1,0,0,0,0,0,0,0,0,0,0,0,0,0,0,0,0,0,0
Scientific,1,0,1,0,0,0,0,1,0,0,0,0,0,0,0,0,0,0,0,0,0,0,0,0,0
scissor,1,1,0,0,1,1,0,0,0,0,0,0,0,0,0,0,0,0,0,0,0,0,0,0,0
Scope,3,1,0,2,0,1,0,1,1,0,0,0,0,0,0,0,0,0,0,0,0,0,0,0,0
Scopes,1,0,0,1,0,0,0,1,0,0,0,0,0,0,0,0,0,0,0,0,0,0,0,0,0
Screen,24,21,1,2,0,21,2,1,0,0,0,0,0,0,0,0,0,0,0,0,0,0,0,0,0
Script,1,0,1,0,0,0,0,1,0,0,0,0,0,0,0,0,0,0,0,0,0,0,0,0,0
Scroll,18,3,13,2,0,3,9,6,0,0,0,0,0,0,0,0,0,0,0,0,0,0,0,0,0
Scrollable,5,0,5,0,0,0,4,1,0,0,0,0,0,0,0,0,0,0,0,0,0,0,0,0,0
scrub,2,2,0,0,0,2,0,0,0,0,0,0,0,0,0,0,0,0,0,0,0,0,0,0,0
Search,2,0,2,0,0,0,2,0,0,0,0,0,0,0,0,0,0,0,0,0,0,0,0,0,0
second,1,1,0,0,1,1,0,0,0,0,0,0,0,0,0,0,0,0,0,0,0,0,0,0,0
Seed,2,0,0,2,0,0,2,0,0,0,0,0,0,0,0,0,0,0,0,0,0,0,0,0,0
seek,2,2,0,0,1,2,0,0,0,0,0,0,0,0,0,0,0,0,0,0,0,0,0,0,0
Seekable,1,1,0,0,0,1,0,0,0,0,0,0,0,0,0,0,0,0,0,0,0,0,0,0,0
Segment,8,1,1,6,0,1,3,3,1,0,0,0,0,0,0,0,0,0,0,0,0,0,0,0,0
Segment2,1,0,1,0,0,0,0,1,0,0,0,0,0,0,0,0,0,0,0,0,0,0,0,0,0
Segment3,1,0,1,0,0,0,0,1,0,0,0,0,0,0,0,0,0,0,0,0,0,0,0,0,0
Select,17,16,1,0,2,16,1,0,0,0,0,0,0,0,0,0,0,0,0,0,0,0,0,0,0
Selected,15,0,9,6,0,0,14,1,0,0,0,0,0,0,0,0,0,0,0,0,0,0,0,0,0
Selection,21,1,15,5,0,1,18,2,0,0,0,0,0,0,0,0,0,0,0,0,0,0,0,0,0
Selector,8,2,2,4,0,2,6,0,0,0,0,0,0,0,0,0,0,0,0,0,0,0,0,0,0
send,6,6,0,0,0,6,0,0,0,0,0,0,0,0,0,0,0,0,0,0,0,0,0,0,0
send404,1,1,0,0,1,1,0,0,0,0,0,0,0,0,0,0,0,0,0,0,0,0,0,0,0
Sentence,3,0,1,2,0,0,3,0,0,0,0,0,0,0,0,0,0,0,0,0,0,0,0,0,0
Separate,5,0,0,5,0,0,0,5,0,0,0,0,0,0,0,0,0,0,0,0,0,0,0,0,0
serial,2,2,0,0,1,2,0,0,0,0,0,0,0,0,0,0,0,0,0,0,0,0,0,0,0
Serialize,4,0,3,1,0,0,4,0,0,0,0,0,0,0,0,0,0,0,0,0,0,0,0,0,0
Server,4,1,2,1,1,1,3,0,0,0,0,0,0,0,0,0,0,0,0,0,0,0,0,0,0
Service,2,0,0,2,0,0,1,1,0,0,0,0,0,0,0,0,0,0,0,0,0,0,0,0,0
Servo,1,0,0,1,0,0,1,0,0,0,0,0,0,0,0,0,0,0,0,0,0,0,0,0,0
set,489,488,1,0,23,488,1,0,0,0,0,0,0,0,0,0,0,0,0,0,0,0,0,0,0
set3,2,2,0,0,0,2,0,0,0,0,0,0,0,0,0,0,0,0,0,0,0,0,0,0,0
setenv,3,3,0,0,3,3,0,0,0,0,0,0,0,0,0,0,0,0,0,0,0,0,0,0,0
Settings,29,3,7,19,3,3,20,2,4,0,0,0,0,0,0,0,0,0,0,0,0,0,0,0,0
setup,8,5,2,1,0,5,2,1,0,0,0,0,0,0,0,0,0,0,0,0,0,0,0,0,0
Shader,43,5,6,32,3,5,19,17,2,0,0,0,0,0,0,0,0,0,0,0,0,0,0,0,0
Shaderiv,1,0,0,1,0,0,1,0,0,0,0,0,0,0,0,0,0,0,0,0,0,0,0,0,0
Shaders,3,0,0,3,0,0,2,1,0,0,0,0,0,0,0,0,0,0,0,0,0,0,0,0,0
Shape,50,6,13,31,4,6,43,1,0,0,0,0,0,0,0,0,0,0,0,0,0,0,0,0,0
shear,14,14,0,0,0,14,0,0,0,0,0,0,0,0,0,0,0,0,0,0,0,0,0,0,0
Sheet,1,0,0,1,0,0,0,1,0,0,0,0,0,0,0,0,0,0,0,0,0,0,0,0,0
shell,1,1,0,0,1,1,0,0,0,0,0,0,0,0,0,0,0,0,0,0,0,0,0,0,0
Shift,3,0,2,1,0,0,2,0,0,1,0,0,0,0,0,0,0,0,0,0,0,0,0,0,0
Shininess,16,3,3,10,3,3,8,4,1,0,0,0,0,0,0,0,0,0,0,0,0,0,0,0,0
Short,9,0,7,2,0,0,7,2,0,0,0,0,0,0,0,0,0,0,0,0,0,0,0,0,0
shorten,1,1,0,0,1,1,0,0,0,0,0,0,0,0,0,0,0,0,0,0,0,0,0,0,0
Shorts,1,0,0,1,0,0,1,0,0,0,0,0,0,0,0,0,0,0,0,0,0,0,0,0,0
show,49,45,4,0,3,45,2,2,0,0,0,0,0,0,0,0,0,0,0,0,0,0,0,0,0
Shown,1,0,0,1,0,0,1,0,0,0,0,0,0,0,0,0,0,0,0,0,0,0,0,0,0
shrink,1,1,0,0,0,1,0,0,0,0,0,0,0,0,0,0,0,0,0,0,0,0,0,0,0
shuffle,3,3,0,0,3,3,0,0,0,0,0,0,0,0,0,0,0,0,0,0,0,0,0,0,0
Shutdown,3,2,0,1,2,2,1,0,0,0,0,0,0,0,0,0,0,0,0,0,0,0,0,0,0
Side,4,2,2,0,2,2,2,0,0,0,0,0,0,0,0,0,0,0,0,0,0,0,0,0,0
Sign,1,0,0,1,0,0,0,1,0,0,0,0,0,0,0,0,0,0,0,0,0,0,0,0,0
Signature,1,0,0,1,0,0,1,0,0,0,0,0,0,0,0,0,0,0,0,0,0,0,0,0,0
Significant,1,0,0,1,0,0,1,0,0,0,0,0,0,0,0,0,0,0,0,0,0,0,0,0,0
Simple,5,1,4,0,0,1,4,0,0,0,0,0,0,0,0,0,0,0,0,0,0,0,0,0,0
Simplified,1,0,1,0,0,0,1,0,0,0,0,0,0,0,0,0,0,0,0,0,0,0,0,0,0
Simulate,1,0,0,1,0,0,1,0,0,0,0,0,0,0,0,0,0,0,0,0,0,0,0,0,0
Simulated,1,0,0,1,0,0,1,0,0,0,0,0,0,0,0,0,0,0,0,0,0,0,0,0,0
sin,3,3,0,0,3,3,0,0,0,0,0,0,0,0,0,0,0,0,0,0,0,0,0,0,0
Single,5,1,3,1,0,1,4,0,0,0,0,0,0,0,0,0,0,0,0,0,0,0,0,0,0
Siphon,2,0,0,2,0,0,1,1,0,0,0,0,0,0,0,0,0,0,0,0,0,0,0,0,0
Size,88,13,4,71,12,13,16,57,1,1,0,0,0,0,0,0,0,0,0,0,0,0,0,0,0
Sketch,47,21,19,7,1,21,24,1,1,0,0,0,0,0,0,0,0,0,0,0,0,0,0,0,0
Sketchbook,32,4,28,0,0,4,21,7,0,0,0,0,0,0,0,0,0,0,0,0,0,0,0,0,0
Sketches,1,0,0,1,0,0,1,0,0,0,0,0,0,0,0,0,0,0,0,0,0,0,0,0,0
skip,3,3,0,0,2,3,0,0,0,0,0,0,0,0,0,0,0,0,0,0,0,0,0,0,0
Slider,2,0,0,2,0,0,1,1,0,0,0,0,0,0,0,0,0,0,0,0,0,0,0,0,0
smooth,11,5,0,6,2,5,6,0,0,0,0,0,0,0,0,0,0,0,0,0,0,0,0,0,0
Socket,1,0,0,1,0,0,1,0,0,0,0,0,0,0,0,0,0,0,0,0,0,0,0,0,0
Software,1,1,0,0,0,1,0,0,0,0,0,0,0,0,0,0,0,0,0,0,0,0,0,0,0
solid,1,1,0,0,1,1,0,0,0,0,0,0,0,0,0,0,0,0,0,0,0,0,0,0,0
sort,31,29,2,0,7,29,2,0,0,0,0,0,0,0,0,0,0,0,0,0,0,0,0,0,0
Sorted,2,0,2,0,0,0,2,0,0,0,0,0,0,0,0,0,0,0,0,0,0,0,0,0,0
Sorter,1,0,0,1,0,0,1,0,0,0,0,0,0,0,0,0,0,0,0,0,0,0,0,0,0
Source,14,0,6,8,0,0,6,7,1,0,0,0,0,0,0,0,0,0,0,0,0,0,0,0,0
Space,9,0,5,4,0,0,1,4,2,0,2,0,0,0,0,0,0,0,0,0,0,0,0,0,0
spaces,1,1,0,0,1,1,0,0,0,0,0,0,0,0,0,0,0,0,0,0,0,0,0,0,0
Span,1,0,0,1,0,0,0,1,0,0,0,0,0,0,0,0,0,0,0,0,0,0,0,0,0
Special,2,0,0,2,0,0,2,0,0,0,0,0,0,0,0,0,0,0,0,0,0,0,0,0,0
Specific,1,0,0,1,0,0,0,1,0,0,0,0,0,0,0,0,0,0,0,0,0,0,0,0,0
Specified,1,0,0,1,0,0,0,1,0,0,0,0,0,0,0,0,0,0,0,0,0,0,0,0,0
Specular,22,4,3,15,3,4,12,5,1,0,0,0,0,0,0,0,0,0,0,0,0,0,0,0,0
sphere,10,8,0,2,6,8,2,0,0,0,0,0,0,0,0,0,0,0,0,0,0,0,0,0,0
SPI,1,1,0,0,1,1,0,0,0,0,0,0,0,0,0,0,0,0,0,0,0,0,0,0,0
Splash,3,2,0,1,1,2,1,0,0,0,0,0,0,0,0,0,0,0,0,0,0,0,0,0,0
splice,1,1,0,0,1,1,0,0,0,0,0,0,0,0,0,0,0,0,0,0,0,0,0,0,0
spline,1,1,0,0,0,1,0,0,0,0,0,0,0,0,0,0,0,0,0,0,0,0,0,0,0
split,4,4,0,0,1,4,0,0,0,0,0,0,0,0,0,0,0,0,0,0,0,0,0,0,0
Spot,6,4,0,2,0,4,1,1,0,0,0,0,0,0,0,0,0,0,0,0,0,0,0,0,0
Sq,2,1,0,1,1,1,1,0,0,0,0,0,0,0,0,0,0,0,0,0,0,0,0,0,0
sqrt,1,1,0,0,1,1,0,0,0,0,0,0,0,0,0,0,0,0,0,0,0,0,0,0,0
Square,4,0,4,0,0,0,4,0,0,0,0,0,0,0,0,0,0,0,0,0,0,0,0,0,0
Squiggle,1,0,0,1,0,0,1,0,0,0,0,0,0,0,0,0,0,0,0,0,0,0,0,0,0
Src,1,0,1,0,0,0,1,0,0,0,0,0,0,0,0,0,0,0,0,0,0,0,0,0,0
Stack,7,0,6,1,0,0,6,1,0,0,0,0,0,0,0,0,0,0,0,0,0,0,0,0,0
Stage,1,0,0,1,0,0,1,0,0,0,0,0,0,0,0,0,0,0,0,0,0,0,0,0,0
Starred,1,0,1,0,0,0,1,0,0,0,0,0,0,0,0,0,0,0,0,0,0,0,0,0,0
Start,44,24,11,9,3,24,6,12,2,0,0,0,0,0,0,0,0,0,0,0,0,0,0,0,0
Started,2,0,0,2,0,0,2,0,0,0,0,0,0,0,0,0,0,0,0,0,0,0,0,0,0
starts,2,1,0,1,0,1,1,0,0,0,0,0,0,0,0,0,0,0,0,0,0,0,0,0,0
Startup,2,1,0,1,1,1,0,0,0,1,0,0,0,0,0,0,0,0,0,0,0,0,0,0,0
State,16,1,6,9,0,1,10,4,0,1,0,0,0,0,0,0,0,0,0,0,0,0,0,0,0
Statement,1,0,0,1,0,0,1,0,0,0,0,0,0,0,0,0,0,0,0,0,0,0,0,0,0
Statements,2,0,0,2,0,0,2,0,0,0,0,0,0,0,0,0,0,0,0,0,0,0,0,0,0
Static,2,0,1,1,0,0,2,0,0,0,0,0,0,0,0,0,0,0,0,0,0,0,0,0,0
Status,21,11,7,3,0,11,8,2,0,0,0,0,0,0,0,0,0,0,0,0,0,0,0,0,0
Stderr,1,0,0,1,0,0,1,0,0,0,0,0,0,0,0,0,0,0,0,0,0,0,0,0,0
Stdout,1,0,0,1,0,0,1,0,0,0,0,0,0,0,0,0,0,0,0,0,0,0,0,0,0
Stencil,16,6,7,3,0,6,6,1,3,0,0,0,0,0,0,0,0,0,0,0,0,0,0,0,0
step,11,5,1,5,1,5,6,0,0,0,0,0,0,0,0,0,0,0,0,0,0,0,0,0,0
Stop,33,18,7,8,5,18,6,8,1,0,0,0,0,0,0,0,0,0,0,0,0,0,0,0,0
Stopped,3,0,0,3,0,0,3,0,0,0,0,0,0,0,0,0,0,0,0,0,0,0,0,0,0
Storage,2,0,1,1,0,0,2,0,0,0,0,0,0,0,0,0,0,0,0,0,0,0,0,0,0
Storei,1,0,0,1,0,0,1,0,0,0,0,0,0,0,0,0,0,0,0,0,0,0,0,0,0
Str,2,1,0,1,1,1,0,1,0,0,0,0,0,0,0,0,0,0,0,0,0,0,0,0,0
Stream,21,2,5,14,0,2,7,8,3,1,0,0,0,0,0,0,0,0,0,0,0,0,0,0,0
Streams,1,0,0,1,0,0,1,0,0,0,0,0,0,0,0,0,0,0,0,0,0,0,0,0,0
String,91,4,12,75,0,4,71,8,7,1,0,0,0,0,0,0,0,0,0,0,0,0,0,0,0
Strings,3,0,0,3,0,0,2,0,1,0,0,0,0,0,0,0,0,0,0,0,0,0,0,0,0
Strip,10,1,4,5,0,1,0,9,0,0,0,0,0,0,0,0,0,0,0,0,0,0,0,0,0
Strip2,2,0,2,0,0,0,0,2,0,0,0,0,0,0,0,0,0,0,0,0,0,0,0,0,0
Strip3,1,0,1,0,0,0,0,1,0,0,0,0,0,0,0,0,0,0,0,0,0,0,0,0,0
Stroke,68,27,28,13,3,27,35,5,1,0,0,0,0,0,0,0,0,0,0,0,0,0,0,0,0
Stroked,4,1,3,0,0,1,3,0,0,0,0,0,0,0,0,0,0,0,0,0,0,0,0,0,0
Stroker,1,0,0,1,0,0,1,0,0,0,0,0,0,0,0,0,0,0,0,0,0,0,0,0,0
Strokes,1,0,0,1,0,0,0,0,1,0,0,0,0,0,0,0,0,0,0,0,0,0,0,0,0
Style,18,2,1,15,2,2,13,3,0,0,0,0,0,0,0,0,0,0,0,0,0,0,0,0,0
Styled,1,0,1,0,0,0,1,0,0,0,0,0,0,0,0,0,0,0,0,0,0,0,0,0,0
Styles,5,3,0,2,3,3,2,0,0,0,0,0,0,0,0,0,0,0,0,0,0,0,0,0,0
Sub,13,6,7,0,5,6,3,2,0,2,0,0,0,0,0,0,0,0,0,0,0,0,0,0,0
Subfolders,1,0,0,1,0,0,0,1,0,0,0,0,0,0,0,0,0,0,0,0,0,0,0,0,0
Subset,5,1,0,4,1,1,4,0,0,0,0,0,0,0,0,0,0,0,0,0,0,0,0,0,0
Subsetting,1,0,0,1,0,0,1,0,0,0,0,0,0,0,0,0,0,0,0,0,0,0,0,0,0
Subword,1,0,0,1,0,0,0,1,0,0,0,0,0,0,0,0,0,0,0,0,0,0,0,0,0
succeeded,1,1,0,0,1,1,0,0,0,0,0,0,0,0,0,0,0,0,0,0,0,0,0,0,0
Suffix,1,0,0,1,0,0,1,0,0,0,0,0,0,0,0,0,0,0,0,0,0,0,0,0,0
Suggestion,4,0,1,3,0,0,3,1,0,0,0,0,0,0,0,0,0,0,0,0,0,0,0,0,0
Suggestions,5,0,1,4,0,0,2,3,0,0,0,0,0,0,0,0,0,0,0,0,0,0,0,0,0
Sum,13,8,0,5,4,8,0,2,3,0,0,0,0,0,0,0,0,0,0,0,0,0,0,0,0
Support,7,1,0,6,0,1,0,1,3,2,0,0,0,0,0,0,0,0,0,0,0,0,0,0,0
Supported,7,0,2,5,0,0,4,0,3,0,0,0,0,0,0,0,0,0,0,0,0,0,0,0,0
supports,3,3,0,0,0,3,0,0,0,0,0,0,0,0,0,0,0,0,0,0,0,0,0,0,0
Surface,15,0,5,10,0,0,15,0,0,0,0,0,0,0,0,0,0,0,0,0,0,0,0,0,0
SVG,1,0,0,1,0,0,0,1,0,0,0,0,0,0,0,0,0,0,0,0,0,0,0,0,0
swap,11,11,0,0,8,11,0,0,0,0,0,0,0,0,0,0,0,0,0,0,0,0,0,0,0
switch,1,1,0,0,0,1,0,0,0,0,0,0,0,0,0,0,0,0,0,0,0,0,0,0,0
Sync,6,1,2,3,0,1,4,1,0,0,0,0,0,0,0,0,0,0,0,0,0,0,0,0,0
Synchronization,1,0,0,1,0,0,1,0,0,0,0,0,0,0,0,0,0,0,0,0,0,0,0,0,0
Syntax,3,1,1,1,0,1,1,1,0,0,0,0,0,0,0,0,0,0,0,0,0,0,0,0,0
synthesize,1,1,0,0,0,1,0,0,0,0,0,0,0,0,0,0,0,0,0,0,0,0,0,0,0
System,9,3,5,1,0,3,5,1,0,0,0,0,0,0,0,0,0,0,0,0,0,0,0,0,0
Tab,27,6,9,12,3,6,9,6,5,0,1,0,0,0,0,0,0,0,0,0,0,0,0,0,0
Table,20,1,10,9,1,1,11,6,2,0,0,0,0,0,0,0,0,0,0,0,0,0,0,0,0
Tabs,10,0,2,8,0,0,5,3,2,0,0,0,0,0,0,0,0,0,0,0,0,0,0,0,0
Tags,1,0,0,1,0,0,0,1,0,0,0,0,0,0,0,0,0,0,0,0,0,0,0,0,0
Tally,2,0,0,2,0,0,2,0,0,0,0,0,0,0,0,0,0,0,0,0,0,0,0,0,0
tan,2,2,0,0,2,2,0,0,0,0,0,0,0,0,0,0,0,0,0,0,0,0,0,0,0
Tangent,4,0,0,4,0,0,4,0,0,0,0,0,0,0,0,0,0,0,0,0,0,0,0,0,0
Target,5,0,1,4,0,0,2,3,0,0,0,0,0,0,0,0,0,0,0,0,0,0,0,0,0
Task,2,0,0,2,0,0,2,0,0,0,0,0,0,0,0,0,0,0,0,0,0,0,0,0,0
Temp,7,0,6,1,0,0,7,0,0,0,0,0,0,0,0,0,0,0,0,0,0,0,0,0,0
Template,3,0,2,1,0,0,2,1,0,0,0,0,0,0,0,0,0,0,0,0,0,0,0,0,0
Templates,1,0,1,0,0,0,0,1,0,0,0,0,0,0,0,0,0,0,0,0,0,0,0,0,0
Tess,6,3,2,1,0,3,2,1,0,0,0,0,0,0,0,0,0,0,0,0,0,0,0,0,0
tessellate,40,40,0,0,2,40,0,0,0,0,0,0,0,0,0,0,0,0,0,0,0,0,0,0,0
Tessellation,4,0,0,4,0,0,3,1,0,0,0,0,0,0,0,0,0,0,0,0,0,0,0,0,0
Tessellator,4,3,0,1,2,3,1,0,0,0,0,0,0,0,0,0,0,0,0,0,0,0,0,0,0
Test,3,1,0,2,0,1,0,2,0,0,0,0,0,0,0,0,0,0,0,0,0,0,0,0,0
Tex,39,7,24,8,0,7,17,14,1,0,0,0,0,0,0,0,0,0,0,0,0,0,0,0,0
Tex2,1,0,1,0,0,0,1,0,0,0,0,0,0,0,0,0,0,0,0,0,0,0,0,0,0
Texcoord,3,0,3,0,0,0,3,0,0,0,0,0,0,0,0,0,0,0,0,0,0,0,0,0,0
Texels,2,0,1,1,0,0,2,0,0,0,0,0,0,0,0,0,0,0,0,0,0,0,0,0,0
Text,127,57,37,33,3,57,34,31,5,0,0,0,0,0,0,0,0,0,0,0,0,0,0,0,0
Textpainter,1,0,0,1,0,0,0,1,0,0,0,0,0,0,0,0,0,0,0,0,0,0,0,0,0
Texture,77,15,16,46,6,15,45,16,0,1,0,0,0,0,0,0,0,0,0,0,0,0,0,0,0
Texture2,2,0,2,0,0,0,2,0,0,0,0,0,0,0,0,0,0,0,0,0,0,0,0,0,0
Textures,7,0,0,7,0,0,5,2,0,0,0,0,0,0,0,0,0,0,0,0,0,0,0,0,0
texturing,6,1,0,5,0,1,5,0,0,0,0,0,0,0,0,0,0,0,0,0,0,0,0,0,0
TGA,3,0,0,3,0,0,1,2,0,0,0,0,0,0,0,0,0,0,0,0,0,0,0,0,0
Then,2,1,1,0,0,1,0,1,0,0,0,0,0,0,0,0,0,0,0,0,0,0,0,0,0
Thin,1,0,1,0,0,0,1,0,0,0,0,0,0,0,0,0,0,0,0,0,0,0,0,0,0
think,1,1,0,0,0,1,0,0,0,0,0,0,0,0,0,0,0,0,0,0,0,0,0,0,0
This,6,1,4,1,0,1,3,2,0,0,0,0,0,0,0,0,0,0,0,0,0,0,0,0,0
Thread,26,3,0,23,1,3,19,2,2,0,0,0,0,0,0,0,0,0,0,0,0,0,0,0,0
Threads,2,0,0,2,0,0,1,1,0,0,0,0,0,0,0,0,0,0,0,0,0,0,0,0,0
Tiered,1,0,0,1,0,0,0,1,0,0,0,0,0,0,0,0,0,0,0,0,0,0,0,0,0
TIFF,2,0,0,2,0,0,2,0,0,0,0,0,0,0,0,0,0,0,0,0,0,0,0,0,0
Tightness,3,0,0,3,0,0,3,0,0,0,0,0,0,0,0,0,0,0,0,0,0,0,0,0,0
Time,6,1,4,1,0,1,2,3,0,0,0,0,0,0,0,0,0,0,0,0,0,0,0,0,0
Timer,3,0,1,2,0,0,3,0,0,0,0,0,0,0,0,0,0,0,0,0,0,0,0,0,0
Timestamp,1,0,0,1,0,0,0,1,0,0,0,0,0,0,0,0,0,0,0,0,0,0,0,0,0
tint,13,5,1,7,3,5,8,0,0,0,0,0,0,0,0,0,0,0,0,0,0,0,0,0,0
Tinted,1,0,1,0,0,0,1,0,0,0,0,0,0,0,0,0,0,0,0,0,0,0,0,0,0
Tip,2,0,1,1,0,0,0,2,0,0,0,0,0,0,0,0,0,0,0,0,0,0,0,0,0
Title,17,0,1,16,0,0,8,9,0,0,0,0,0,0,0,0,0,0,0,0,0,0,0,0,0
Titles,3,0,0,3,0,0,0,3,0,0,0,0,0,0,0,0,0,0,0,0,0,0,0,0,0
To,123,46,61,16,0,46,60,14,3,0,0,0,0,0,0,0,0,0,0,0,0,0,0,0,0
Todo,1,0,1,0,0,0,1,0,0,0,0,0,0,0,0,0,0,0,0,0,0,0,0,0,0
Toggle,4,3,0,1,0,3,0,1,0,0,0,0,0,0,0,0,0,0,0,0,0,0,0,0,0
Token,17,3,8,6,1,3,10,1,2,1,0,0,0,0,0,0,0,0,0,0,0,0,0,0,0
Tokener,1,0,0,1,0,0,1,0,0,0,0,0,0,0,0,0,0,0,0,0,0,0,0,0,0
tokenize,1,1,0,0,0,1,0,0,0,0,0,0,0,0,0,0,0,0,0,0,0,0,0,0,0
Tokens,10,0,1,9,0,0,4,3,2,0,1,0,0,0,0,0,0,0,0,0,0,0,0,0,0
Tool,12,1,10,1,0,1,10,1,0,0,0,0,0,0,0,0,0,0,0,0,0,0,0,0,0
Toolbar,9,0,5,4,0,0,9,0,0,0,0,0,0,0,0,0,0,0,0,0,0,0,0,0,0
Tools,5,0,3,2,0,0,3,2,0,0,0,0,0,0,0,0,0,0,0,0,0,0,0,0,0
Tooltip,1,0,1,0,0,0,1,0,0,0,0,0,0,0,0,0,0,0,0,0,0,0,0,0,0
Top,5,0,2,3,0,0,2,0,3,0,0,0,0,0,0,0,0,0,0,0,0,0,0,0,0
Touch,1,1,0,0,0,1,0,0,0,0,0,0,0,0,0,0,0,0,0,0,0,0,0,0,0
Trace,8,0,0,8,0,0,2,6,0,0,0,0,0,0,0,0,0,0,0,0,0,0,0,0,0
Track,8,1,3,4,1,1,4,3,0,0,0,0,0,0,0,0,0,0,0,0,0,0,0,0,0
Tracking,4,0,2,2,0,0,4,0,0,0,0,0,0,0,0,0,0,0,0,0,0,0,0,0,0
Tracks,2,0,2,0,0,0,0,2,0,0,0,0,0,0,0,0,0,0,0,0,0,0,0,0,0
Transfer,13,1,10,2,1,1,10,1,1,0,0,0,0,0,0,0,0,0,0,0,0,0,0,0,0
Transferable,4,0,0,4,0,0,3,1,0,0,0,0,0,0,0,0,0,0,0,0,0,0,0,0,0
Transfers,5,0,0,5,0,0,1,2,2,0,0,0,0,0,0,0,0,0,0,0,0,0,0,0,0
Transform,8,2,0,6,1,2,5,1,0,0,0,0,0,0,0,0,0,0,0,0,0,0,0,0,0
translate,14,12,0,2,10,12,2,0,0,0,0,0,0,0,0,0,0,0,0,0,0,0,0,0,0
Transmission,2,0,0,2,0,0,2,0,0,0,0,0,0,0,0,0,0,0,0,0,0,0,0,0,0
Transparency,1,0,0,1,0,0,1,0,0,0,0,0,0,0,0,0,0,0,0,0,0,0,0,0,0
transpose,1,1,0,0,1,1,0,0,0,0,0,0,0,0,0,0,0,0,0,0,0,0,0,0,0
traverse,1,1,0,0,0,1,0,0,0,0,0,0,0,0,0,0,0,0,0,0,0,0,0,0,0
Tree,16,5,3,8,0,5,5,4,1,1,0,0,0,0,0,0,0,0,0,0,0,0,0,0,0
Tri,2,0,2,0,0,0,2,0,0,0,0,0,0,0,0,0,0,0,0,0,0,0,0,0,0
Triangle,17,5,9,3,5,5,12,0,0,0,0,0,0,0,0,0,0,0,0,0,0,0,0,0,0
Triangles,4,0,2,2,0,0,4,0,0,0,0,0,0,0,0,0,0,0,0,0,0,0,0,0,0
trim,44,44,0,0,4,44,0,0,0,0,0,0,0,0,0,0,0,0,0,0,0,0,0,0,0
Triple,1,0,1,0,0,0,1,0,0,0,0,0,0,0,0,0,0,0,0,0,0,0,0,0,0
True,1,0,0,1,0,0,1,0,0,0,0,0,0,0,0,0,0,0,0,0,0,0,0,0,0
TSV,1,0,0,1,0,0,1,0,0,0,0,0,0,0,0,0,0,0,0,0,0,0,0,0,0
tweak,17,3,12,2,0,3,13,1,0,0,0,0,0,0,0,0,0,0,0,0,0,0,0,0,0
Tweaked,1,0,1,0,0,0,1,0,0,0,0,0,0,0,0,0,0,0,0,0,0,0,0,0,0
Two,2,0,0,2,0,0,0,0,2,0,0,0,0,0,0,0,0,0,0,0,0,0,0,0,0
Type,28,0,8,20,0,0,19,7,2,0,0,0,0,0,0,0,0,0,0,0,0,0,0,0,0
Typed,14,1,0,13,0,1,13,0,0,0,0,0,0,0,0,0,0,0,0,0,0,0,0,0,0
Types,3,0,0,3,0,0,0,3,0,0,0,0,0,0,0,0,0,0,0,0,0,0,0,0,0
U,5,0,2,3,0,0,2,3,0,0,0,0,0,0,0,0,0,0,0,0,0,0,0,0,0
unbinary,1,1,0,0,1,1,0,0,0,0,0,0,0,0,0,0,0,0,0,0,0,0,0,0,0
unbind,10,10,0,0,3,10,0,0,0,0,0,0,0,0,0,0,0,0,0,0,0,0,0,0,0
uncaught,2,2,0,0,0,2,0,0,0,0,0,0,0,0,0,0,0,0,0,0,0,0,0,0,0
unclamp,1,1,0,0,0,1,0,0,0,0,0,0,0,0,0,0,0,0,0,0,0,0,0,0,0
Uncomment,1,0,0,1,0,0,0,1,0,0,0,0,0,0,0,0,0,0,0,0,0,0,0,0,0
Undecorated,1,0,0,1,0,0,1,0,0,0,0,0,0,0,0,0,0,0,0,0,0,0,0,0,0
Undefined,1,0,1,0,0,0,1,0,0,0,0,0,0,0,0,0,0,0,0,0,0,0,0,0,0
Undo,6,3,1,2,2,3,3,0,0,0,0,0,0,0,0,0,0,0,0,0,0,0,0,0,0
undoable,1,1,0,0,0,1,0,0,0,0,0,0,0,0,0,0,0,0,0,0,0,0,0,0,0
Unedited,1,0,1,0,0,0,1,0,0,0,0,0,0,0,0,0,0,0,0,0,0,0,0,0,0
unhex,1,1,0,0,1,1,0,0,0,0,0,0,0,0,0,0,0,0,0,0,0,0,0,0,0
Uniform,12,4,7,1,0,4,7,1,0,0,0,0,0,0,0,0,0,0,0,0,0,0,0,0,0
uniform1f,1,1,0,0,1,1,0,0,0,0,0,0,0,0,0,0,0,0,0,0,0,0,0,0,0
uniform1fv,1,1,0,0,1,1,0,0,0,0,0,0,0,0,0,0,0,0,0,0,0,0,0,0,0
uniform1i,1,1,0,0,1,1,0,0,0,0,0,0,0,0,0,0,0,0,0,0,0,0,0,0,0
uniform1iv,1,1,0,0,1,1,0,0,0,0,0,0,0,0,0,0,0,0,0,0,0,0,0,0,0
uniform2f,1,1,0,0,1,1,0,0,0,0,0,0,0,0,0,0,0,0,0,0,0,0,0,0,0
uniform2fv,1,1,0,0,1,1,0,0,0,0,0,0,0,0,0,0,0,0,0,0,0,0,0,0,0
uniform2i,1,1,0,0,1,1,0,0,0,0,0,0,0,0,0,0,0,0,0,0,0,0,0,0,0
uniform2iv,1,1,0,0,1,1,0,0,0,0,0,0,0,0,0,0,0,0,0,0,0,0,0,0,0
uniform3f,1,1,0,0,1,1,0,0,0,0,0,0,0,0,0,0,0,0,0,0,0,0,0,0,0
uniform3fv,1,1,0,0,1,1,0,0,0,0,0,0,0,0,0,0,0,0,0,0,0,0,0,0,0
uniform3i,1,1,0,0,1,1,0,0,0,0,0,0,0,0,0,0,0,0,0,0,0,0,0,0,0
uniform3iv,1,1,0,0,1,1,0,0,0,0,0,0,0,0,0,0,0,0,0,0,0,0,0,0,0
uniform4f,1,1,0,0,1,1,0,0,0,0,0,0,0,0,0,0,0,0,0,0,0,0,0,0,0
uniform4fv,1,1,0,0,1,1,0,0,0,0,0,0,0,0,0,0,0,0,0,0,0,0,0,0,0
uniform4i,1,1,0,0,1,1,0,0,0,0,0,0,0,0,0,0,0,0,0,0,0,0,0,0,0
uniform4iv,1,1,0,0,1,1,0,0,0,0,0,0,0,0,0,0,0,0,0,0,0,0,0,0,0
Uniformfv,1,0,0,1,0,0,1,0,0,0,0,0,0,0,0,0,0,0,0,0,0,0,0,0,0
Uniformiv,1,0,0,1,0,0,1,0,0,0,0,0,0,0,0,0,0,0,0,0,0,0,0,0,0
Uniforms,3,0,0,3,0,0,2,1,0,0,0,0,0,0,0,0,0,0,0,0,0,0,0,0,0
Unique,6,0,1,5,0,0,6,0,0,0,0,0,0,0,0,0,0,0,0,0,0,0,0,0,0
Unit,4,0,2,2,0,0,1,1,2,0,0,0,0,0,0,0,0,0,0,0,0,0,0,0,0
Units,1,0,0,1,0,0,0,0,1,0,0,0,0,0,0,0,0,0,0,0,0,0,0,0,0
unknown,1,1,0,0,0,1,0,0,0,0,0,0,0,0,0,0,0,0,0,0,0,0,0,0,0
unlock,1,1,0,0,1,1,0,0,0,0,0,0,0,0,0,0,0,0,0,0,0,0,0,0,0
unmap,1,1,0,0,0,1,0,0,0,0,0,0,0,0,0,0,0,0,0,0,0,0,0,0,0
unregister,2,2,0,0,0,2,0,0,0,0,0,0,0,0,0,0,0,0,0,0,0,0,0,0,0
unset,1,1,0,0,1,1,0,0,0,0,0,0,0,0,0,0,0,0,0,0,0,0,0,0,0
unsetenv,3,3,0,0,3,3,0,0,0,0,0,0,0,0,0,0,0,0,0,0,0,0,0,0,0
Unterminated,1,0,1,0,0,0,0,1,0,0,0,0,0,0,0,0,0,0,0,0,0,0,0,0,0
untex,1,1,0,0,0,1,0,0,0,0,0,0,0,0,0,0,0,0,0,0,0,0,0,0,0
Until,5,0,0,5,0,0,1,4,0,0,0,0,0,0,0,0,0,0,0,0,0,0,0,0,0
Untitled,2,0,0,2,0,0,2,0,0,0,0,0,0,0,0,0,0,0,0,0,0,0,0,0,0
Unused,1,0,1,0,0,0,1,0,0,0,0,0,0,0,0,0,0,0,0,0,0,0,0,0,0
unwatch,1,1,0,0,1,1,0,0,0,0,0,0,0,0,0,0,0,0,0,0,0,0,0,0,0
unzip,2,2,0,0,1,2,0,0,0,0,0,0,0,0,0,0,0,0,0,0,0,0,0,0,0
Up,2,0,0,2,0,0,1,0,1,0,0,0,0,0,0,0,0,0,0,0,0,0,0,0,0
Updatable,1,1,0,0,0,1,0,0,0,0,0,0,0,0,0,0,0,0,0,0,0,0,0,0,0
Update,159,124,9,26,9,124,30,4,1,0,0,0,0,0,0,0,0,0,0,0,0,0,0,0,0
Updated,1,0,0,1,0,0,0,1,0,0,0,0,0,0,0,0,0,0,0,0,0,0,0,0,0
Updates,7,0,2,5,0,0,7,0,0,0,0,0,0,0,0,0,0,0,0,0,0,0,0,0,0
upper,1,1,0,0,1,1,0,0,0,0,0,0,0,0,0,0,0,0,0,0,0,0,0,0,0
Url,8,2,0,6,0,2,6,0,0,0,0,0,0,0,0,0,0,0,0,0,0,0,0,0,0
Usage,5,0,2,3,0,0,3,2,0,0,0,0,0,0,0,0,0,0,0,0,0,0,0,0,0
use,2,2,0,0,0,2,0,0,0,0,0,0,0,0,0,0,0,0,0,0,0,0,0,0,0
User,1,0,1,0,0,0,1,0,0,0,0,0,0,0,0,0,0,0,0,0,0,0,0,0,0
using,2,2,0,0,0,2,0,0,0,0,0,0,0,0,0,0,0,0,0,0,0,0,0,0,0
UT,1,1,0,0,0,1,0,0,0,0,0,0,0,0,0,0,0,0,0,0,0,0,0,0,0
UTF,1,0,0,1,0,0,1,0,0,0,0,0,0,0,0,0,0,0,0,0,0,0,0,0,0
UV,4,0,0,4,0,0,1,3,0,0,0,0,0,0,0,0,0,0,0,0,0,0,0,0,0
V,3,0,0,3,0,0,0,3,0,0,0,0,0,0,0,0,0,0,0,0,0,0,0,0,0
Valid,2,1,1,0,0,1,1,0,0,0,0,0,0,0,0,0,0,0,0,0,0,0,0,0,0
validate,5,5,0,0,2,5,0,0,0,0,0,0,0,0,0,0,0,0,0,0,0,0,0,0,0
Validity,1,0,0,1,0,0,1,0,0,0,0,0,0,0,0,0,0,0,0,0,0,0,0,0,0
Value,60,17,4,39,3,17,32,11,0,0,0,0,0,0,0,0,0,0,0,0,0,0,0,0,0
Values,18,6,3,9,6,6,12,0,0,0,0,0,0,0,0,0,0,0,0,0,0,0,0,0,0
Variable,6,3,3,0,0,3,3,0,0,0,0,0,0,0,0,0,0,0,0,0,0,0,0,0,0
Variables,1,0,0,1,0,0,0,1,0,0,0,0,0,0,0,0,0,0,0,0,0,0,0,0,0
Variant,1,0,0,1,0,0,1,0,0,0,0,0,0,0,0,0,0,0,0,0,0,0,0,0,0
Variation,2,0,2,0,0,0,2,0,0,0,0,0,0,0,0,0,0,0,0,0,0,0,0,0,0
VBO,1,0,0,1,0,0,0,1,0,0,0,0,0,0,0,0,0,0,0,0,0,0,0,0,0
Vector,3,0,0,3,0,0,1,2,0,0,0,0,0,0,0,0,0,0,0,0,0,0,0,0,0
verified,4,4,0,0,0,4,0,0,0,0,0,0,0,0,0,0,0,0,0,0,0,0,0,0,0
Version,15,0,3,12,0,0,7,7,1,0,0,0,0,0,0,0,0,0,0,0,0,0,0,0,0
Vertex,144,27,75,42,9,27,83,31,3,0,0,0,0,0,0,0,0,0,0,0,0,0,0,0,0
Vertical,3,0,3,0,0,0,3,0,0,0,0,0,0,0,0,0,0,0,0,0,0,0,0,0,0
Vertices,20,0,3,17,0,0,2,13,5,0,0,0,0,0,0,0,0,0,0,0,0,0,0,0,0
VFR,1,0,0,1,0,0,0,0,1,0,0,0,0,0,0,0,0,0,0,0,0,0,0,0,0
Video,7,2,5,0,0,2,5,0,0,0,0,0,0,0,0,0,0,0,0,0,0,0,0,0,0
View,2,0,2,0,0,0,1,0,1,0,0,0,0,0,0,0,0,0,0,0,0,0,0,0,0
Viewport,6,2,3,1,1,2,1,0,3,0,0,0,0,0,0,0,0,0,0,0,0,0,0,0,0
Virtual,1,0,1,0,0,0,1,0,0,0,0,0,0,0,0,0,0,0,0,0,0,0,0,0,0
Visible,15,0,2,13,0,0,12,3,0,0,0,0,0,0,0,0,0,0,0,0,0,0,0,0,0
Visit,4,2,1,1,2,2,1,1,0,0,0,0,0,0,0,0,0,0,0,0,0,0,0,0,0
Visit2,1,0,0,1,0,0,1,0,0,0,0,0,0,0,0,0,0,0,0,0,0,0,0,0,0
Visited,1,0,0,1,0,0,1,0,0,0,0,0,0,0,0,0,0,0,0,0,0,0,0,0,0
vm,8,8,0,0,2,8,0,0,0,0,0,0,0,0,0,0,0,0,0,0,0,0,0,0,0
Void,3,0,3,0,0,0,3,0,0,0,0,0,0,0,0,0,0,0,0,0,0,0,0,0,0
W,1,0,0,1,0,0,1,0,0,0,0,0,0,0,0,0,0,0,0,0,0,0,0,0,0
Wait,3,2,1,0,0,2,1,0,0,0,0,0,0,0,0,0,0,0,0,0,0,0,0,0,0
Warning,19,1,3,15,1,1,7,11,0,0,0,0,0,0,0,0,0,0,0,0,0,0,0,0,0
Warped,1,0,0,1,0,0,1,0,0,0,0,0,0,0,0,0,0,0,0,0,0,0,0,0,0
watch,1,1,0,0,1,1,0,0,0,0,0,0,0,0,0,0,0,0,0,0,0,0,0,0,0
Web,4,2,2,0,0,2,1,1,0,0,0,0,0,0,0,0,0,0,0,0,0,0,0,0,0
Weight,13,0,1,12,0,0,6,7,0,0,0,0,0,0,0,0,0,0,0,0,0,0,0,0,0
Weights,2,0,0,2,0,0,0,2,0,0,0,0,0,0,0,0,0,0,0,0,0,0,0,0,0
Welcome,1,1,0,0,1,1,0,0,0,0,0,0,0,0,0,0,0,0,0,0,0,0,0,0,0
Welcome2,1,1,0,0,1,1,0,0,0,0,0,0,0,0,0,0,0,0,0,0,0,0,0,0,0
Wheel,5,0,4,1,0,0,5,0,0,0,0,0,0,0,0,0,0,0,0,0,0,0,0,0,0
when,2,2,0,0,0,2,0,0,0,0,0,0,0,0,0,0,0,0,0,0,0,0,0,0,0
White,4,0,4,0,0,0,2,0,0,2,0,0,0,0,0,0,0,0,0,0,0,0,0,0,0
Whitespace,1,0,0,1,0,0,0,1,0,0,0,0,0,0,0,0,0,0,0,0,0,0,0,0,0
whole,1,1,0,0,0,1,0,0,0,0,0,0,0,0,0,0,0,0,0,0,0,0,0,0,0
Wide,1,1,0,0,0,1,0,0,0,0,0,0,0,0,0,0,0,0,0,0,0,0,0,0,0
Width,23,1,5,17,1,1,15,6,0,1,0,0,0,0,0,0,0,0,0,0,0,0,0,0,0
Will,1,0,1,0,0,0,1,0,0,0,0,0,0,0,0,0,0,0,0,0,0,0,0,0,0
Winding,3,0,3,0,0,0,3,0,0,0,0,0,0,0,0,0,0,0,0,0,0,0,0,0,0
Window,29,20,4,5,0,20,9,0,0,0,0,0,0,0,0,0,0,0,0,0,0,0,0,0,0
Windows,2,0,1,1,0,0,2,0,0,0,0,0,0,0,0,0,0,0,0,0,0,0,0,0,0
With,9,2,4,3,0,2,2,2,3,0,0,0,0,0,0,0,0,0,0,0,0,0,0,0,0
Without,1,0,1,0,0,0,0,0,1,0,0,0,0,0,0,0,0,0,0,0,0,0,0,0,0
Word,3,0,2,1,0,0,2,0,1,0,0,0,0,0,0,0,0,0,0,0,0,0,0,0,0
Worker,1,0,0,1,0,0,0,1,0,0,0,0,0,0,0,0,0,0,0,0,0,0,0,0,0
Working,1,0,1,0,0,0,1,0,0,0,0,0,0,0,0,0,0,0,0,0,0,0,0,0,0
wrap,9,6,0,3,1,6,3,0,0,0,0,0,0,0,0,0,0,0,0,0,0,0,0,0,0
Wrapped,1,0,1,0,0,0,1,0,0,0,0,0,0,0,0,0,0,0,0,0,0,0,0,0,0
write,101,98,1,2,21,98,2,1,0,0,0,0,0,0,0,0,0,0,0,0,0,0,0,0,0
writeln,1,1,0,0,1,1,0,0,0,0,0,0,0,0,0,0,0,0,0,0,0,0,0,0,0
Writer,4,1,0,3,0,1,2,1,0,0,0,0,0,0,0,0,0,0,0,0,0,0,0,0,0
X,52,2,1,49,0,2,34,13,3,0,0,0,0,0,0,0,0,0,0,0,0,0,0,0,0
X1,2,0,0,2,0,0,0,2,0,0,0,0,0,0,0,0,0,0,0,0,0,0,0,0,0
X2,2,0,0,2,0,0,0,2,0,0,0,0,0,0,0,0,0,0,0,0,0,0,0,0,0
Xcode,1,0,1,0,0,0,1,0,0,0,0,0,0,0,0,0,0,0,0,0,0,0,0,0,0
XML,9,5,0,4,1,5,3,0,1,0,0,0,0,0,0,0,0,0,0,0,0,0,0,0,0
xy,1,1,0,0,0,1,0,0,0,0,0,0,0,0,0,0,0,0,0,0,0,0,0,0,0
XYZ,2,0,0,2,0,0,0,0,2,0,0,0,0,0,0,0,0,0,0,0,0,0,0,0,0
Y,44,1,1,42,0,1,33,8,2,0,0,0,0,0,0,0,0,0,0,0,0,0,0,0,0
Y1,2,0,0,2,0,0,0,2,0,0,0,0,0,0,0,0,0,0,0,0,0,0,0,0,0
Y2,2,0,0,2,0,0,0,2,0,0,0,0,0,0,0,0,0,0,0,0,0,0,0,0,0
year,1,1,0,0,1,1,0,0,0,0,0,0,0,0,0,0,0,0,0,0,0,0,0,0,0
Yes,2,0,2,0,0,0,2,0,0,0,0,0,0,0,0,0,0,0,0,0,0,0,0,0,0
Z,30,0,1,29,0,0,22,6,2,0,0,0,0,0,0,0,0,0,0,0,0,0,0,0,0
Zero,2,1,0,1,1,1,1,0,0,0,0,0,0,0,0,0,0,0,0,0,0,0,0,0,0
Zip,5,0,3,2,0,0,1,0,2,2,0,0,0,0,0,0,0,0,0,0,0,0,0,0,0
Zoom,4,3,0,1,1,3,1,0,0,0,0,0,0,0,0,0,0,0,0,0,0,0,0,0,0
