About,3,0,3,0,0,0,2,0,1,0,0,0,0,0,0,0,0,0,0,0,0,0,0,0,0,
Absent,1,0,0,1,0,0,0,0,1,0,0,0,0,0,0,0,0,0,0,0,0,0,0,0,0,
Accelerating,1,1,0,0,0,1,0,0,0,0,0,0,0,0,0,0,0,0,0,0,0,0,0,0,0,
Access,1,0,1,0,0,0,1,0,0,0,0,0,0,0,0,0,0,0,0,0,0,0,0,0,0,
Accessibility,1,0,1,0,0,0,0,0,1,0,0,0,0,0,0,0,0,0,0,0,0,0,0,0,0,
Account,243,16,147,80,1,16,96,53,33,18,10,3,7,1,4,2,0,0,0,0,0,0,0,0,0,
Accounthas,5,0,5,0,0,0,2,0,0,3,0,0,0,0,0,0,0,0,0,0,0,0,0,0,0,
Accountlocal,1,0,1,0,0,0,0,0,0,0,0,1,0,0,0,0,0,0,0,0,0,0,0,0,0,
Accounts,53,3,25,25,0,3,30,7,7,2,3,1,0,0,0,0,0,0,0,0,0,0,0,0,0,
Accountscontains,1,0,1,0,0,0,0,0,1,0,0,0,0,0,0,0,0,0,0,0,0,0,0,0,0,
Accountsdoes,1,0,1,0,0,0,0,0,1,0,0,0,0,0,0,0,0,0,0,0,0,0,0,0,0,
Accountsincludes,2,0,2,0,0,0,0,0,2,0,0,0,0,0,0,0,0,0,0,0,0,0,0,0,0,
Accountsreturns,3,0,3,0,0,0,0,0,3,0,0,0,0,0,0,0,0,0,0,0,0,0,0,0,0,
acquire,3,3,0,0,0,3,0,0,0,0,0,0,0,0,0,0,0,0,0,0,0,0,0,0,0,
Action,58,1,34,23,0,1,19,10,14,10,4,0,0,0,0,0,0,0,0,0,0,0,0,0,0,
Actions,1,1,0,0,0,1,0,0,0,0,0,0,0,0,0,0,0,0,0,0,0,0,0,0,0,
Activated,3,0,2,1,0,0,3,0,0,0,0,0,0,0,0,0,0,0,0,0,0,0,0,0,0,
Active,1,0,0,1,0,0,0,0,0,0,1,0,0,0,0,0,0,0,0,0,0,0,0,0,0,
Activity,71,1,46,24,0,1,42,10,11,6,1,0,0,0,0,0,0,0,0,0,0,0,0,0,0,
Adapter,65,2,3,60,0,2,15,24,13,5,4,0,1,0,1,0,0,0,0,0,0,0,0,0,0,
Adaptive,1,0,1,0,0,0,1,0,0,0,0,0,0,0,0,0,0,0,0,0,0,0,0,0,0,
add,110,103,6,1,1,103,5,1,1,0,0,0,0,0,0,0,0,0,0,0,0,0,0,0,0,
Addable,1,0,0,1,0,0,0,0,1,0,0,0,0,0,0,0,0,0,0,0,0,0,0,0,0,
Added,3,0,3,0,0,0,0,3,0,0,0,0,0,0,0,0,0,0,0,0,0,0,0,0,0,
Adding,3,0,3,0,0,0,0,0,2,0,0,1,0,0,0,0,0,0,0,0,0,0,0,0,0,
Additional,1,0,1,0,0,0,1,0,0,0,0,0,0,0,0,0,0,0,0,0,0,0,0,0,0,
Addr,1,0,1,0,0,0,1,0,0,0,0,0,0,0,0,0,0,0,0,0,0,0,0,0,0,
Address,27,0,14,13,0,0,8,12,6,1,0,0,0,0,0,0,0,0,0,0,0,0,0,0,0,
Addresses,2,0,2,0,0,0,0,0,2,0,0,0,0,0,0,0,0,0,0,0,0,0,0,0,0,
Adjust,8,4,4,0,0,4,4,0,0,0,0,0,0,0,0,0,0,0,0,0,0,0,0,0,0,
Affected,1,0,0,1,0,0,0,1,0,0,0,0,0,0,0,0,0,0,0,0,0,0,0,0,0,
After,16,3,7,6,0,3,8,2,1,1,0,1,0,0,0,0,0,0,0,0,0,0,0,0,0,
Agent,1,0,0,1,0,0,0,1,0,0,0,0,0,0,0,0,0,0,0,0,0,0,0,0,0,
Aggregate,5,0,3,2,0,0,4,1,0,0,0,0,0,0,0,0,0,0,0,0,0,0,0,0,0,
Aggregation,15,3,11,1,0,3,7,4,0,0,1,0,0,0,0,0,0,0,0,0,0,0,0,0,0,
Aid,1,0,1,0,0,0,0,1,0,0,0,0,0,0,0,0,0,0,0,0,0,0,0,0,0,
Alarm,1,0,0,1,0,0,0,1,0,0,0,0,0,0,0,0,0,0,0,0,0,0,0,0,0,
Alert,2,0,1,1,0,0,1,0,1,0,0,0,0,0,0,0,0,0,0,0,0,0,0,0,0,
align,1,1,0,0,1,1,0,0,0,0,0,0,0,0,0,0,0,0,0,0,0,0,0,0,0,
Alignment,1,0,0,1,0,0,0,0,0,1,0,0,0,0,0,0,0,0,0,0,0,0,0,0,0,
All,35,0,32,3,0,0,29,4,0,2,0,0,0,0,0,0,0,0,0,0,0,0,0,0,0,
Allday,2,0,2,0,0,0,2,0,0,0,0,0,0,0,0,0,0,0,0,0,0,0,0,0,0,
Allowed,1,0,0,1,0,0,0,1,0,0,0,0,0,0,0,0,0,0,0,0,0,0,0,0,0,
Allowing,1,0,1,0,0,0,1,0,0,0,0,0,0,0,0,0,0,0,0,0,0,0,0,0,0,
Alpha,9,2,6,1,0,2,6,0,1,0,0,0,0,0,0,0,0,0,0,0,0,0,0,0,0,
Alt,1,0,1,0,0,0,1,0,0,0,0,0,0,0,0,0,0,0,0,0,0,0,0,0,0,
Alternate,7,0,7,0,0,0,7,0,0,0,0,0,0,0,0,0,0,0,0,0,0,0,0,0,0,
Alternative,6,0,0,6,0,0,0,0,0,0,2,2,0,0,2,0,0,0,0,0,0,0,0,0,0,
Am,1,0,0,1,0,0,0,0,0,0,0,0,0,1,0,0,0,0,0,0,0,0,0,0,0,
Anchor,2,0,2,0,0,0,0,2,0,0,0,0,0,0,0,0,0,0,0,0,0,0,0,0,0,
And,65,0,65,0,0,0,5,32,19,5,2,2,0,0,0,0,0,0,0,0,0,0,0,0,0,
Animate,1,0,1,0,0,0,1,0,0,0,0,0,0,0,0,0,0,0,0,0,0,0,0,0,0,
Animating,1,0,0,1,0,0,0,1,0,0,0,0,0,0,0,0,0,0,0,0,0,0,0,0,0,
Animation,16,0,10,6,0,0,9,4,2,1,0,0,0,0,0,0,0,0,0,0,0,0,0,0,0,
Annual,1,0,1,0,0,0,0,1,0,0,0,0,0,0,0,0,0,0,0,0,0,0,0,0,0,
any,6,1,5,0,0,1,5,0,0,0,0,0,0,0,0,0,0,0,0,0,0,0,0,0,0,
App,11,0,6,5,0,0,3,2,5,1,0,0,0,0,0,0,0,0,0,0,0,0,0,0,0,
append,7,7,0,0,0,7,0,0,0,0,0,0,0,0,0,0,0,0,0,0,0,0,0,0,0,
Application,1,0,1,0,0,0,1,0,0,0,0,0,0,0,0,0,0,0,0,0,0,0,0,0,0,
Apply,24,18,6,0,8,18,4,2,0,0,0,0,0,0,0,0,0,0,0,0,0,0,0,0,0,
Appropriate,1,0,0,1,0,0,0,0,1,0,0,0,0,0,0,0,0,0,0,0,0,0,0,0,0,
Arbitrary,4,0,4,0,0,0,4,0,0,0,0,0,0,0,0,0,0,0,0,0,0,0,0,0,0,
Are,32,26,6,0,0,26,5,1,0,0,0,0,0,0,0,0,0,0,0,0,0,0,0,0,0,
Args,2,0,0,2,0,0,0,2,0,0,0,0,0,0,0,0,0,0,0,0,0,0,0,0,0,
Argument,1,0,1,0,0,0,1,0,0,0,0,0,0,0,0,0,0,0,0,0,0,0,0,0,0,
Arguments,3,0,0,3,0,0,3,0,0,0,0,0,0,0,0,0,0,0,0,0,0,0,0,0,0,
Array,28,0,7,21,0,0,18,2,2,4,2,0,0,0,0,0,0,0,0,0,0,0,0,0,0,
As,6,0,6,0,0,0,5,0,1,0,0,0,0,0,0,0,0,0,0,0,0,0,0,0,0,
assert,18,13,4,1,0,13,5,0,0,0,0,0,0,0,0,0,0,0,0,0,0,0,0,0,0,
asserts,1,1,0,0,0,1,0,0,0,0,0,0,0,0,0,0,0,0,0,0,0,0,0,0,0,
Asset,2,0,2,0,0,0,1,1,0,0,0,0,0,0,0,0,0,0,0,0,0,0,0,0,0,
assign,1,1,0,0,0,1,0,0,0,0,0,0,0,0,0,0,0,0,0,0,0,0,0,0,0,
Assistant,4,0,3,1,0,0,3,0,1,0,0,0,0,0,0,0,0,0,0,0,0,0,0,0,0,
assume,4,4,0,0,0,4,0,0,0,0,0,0,0,0,0,0,0,0,0,0,0,0,0,0,0,
Async,13,0,9,4,0,0,3,5,5,0,0,0,0,0,0,0,0,0,0,0,0,0,0,0,0,
Asynchronously,1,0,0,1,0,0,0,0,0,0,0,0,1,0,0,0,0,0,0,0,0,0,0,0,0,
At,9,0,7,2,0,0,2,4,2,0,0,1,0,0,0,0,0,0,0,0,0,0,0,0,0,
Attach,11,0,2,9,0,0,11,0,0,0,0,0,0,0,0,0,0,0,0,0,0,0,0,0,0,
Attached,1,0,1,0,0,0,1,0,0,0,0,0,0,0,0,0,0,0,0,0,0,0,0,0,0,
Attaching,1,0,1,0,0,0,0,0,1,0,0,0,0,0,0,0,0,0,0,0,0,0,0,0,0,
Attendee,9,0,9,0,0,0,7,2,0,0,0,0,0,0,0,0,0,0,0,0,0,0,0,0,0,
Attr,1,0,0,1,0,0,1,0,0,0,0,0,0,0,0,0,0,0,0,0,0,0,0,0,0,
Attribute,2,0,1,1,0,0,2,0,0,0,0,0,0,0,0,0,0,0,0,0,0,0,0,0,0,
Attributes,1,0,0,1,0,0,0,1,0,0,0,0,0,0,0,0,0,0,0,0,0,0,0,0,0,
Attribution,2,0,0,2,0,0,2,0,0,0,0,0,0,0,0,0,0,0,0,0,0,0,0,0,0,
Audio,1,0,0,1,0,0,0,0,0,1,0,0,0,0,0,0,0,0,0,0,0,0,0,0,0,
Auth,2,0,2,0,0,0,2,0,0,0,0,0,0,0,0,0,0,0,0,0,0,0,0,0,0,
Authenticator,2,0,0,2,0,0,1,0,1,0,0,0,0,0,0,0,0,0,0,0,0,0,0,0,0,
Auto,5,1,4,0,0,1,0,1,0,0,3,0,0,0,0,0,0,0,0,0,0,0,0,0,0,
Availability,2,0,0,2,0,0,1,0,1,0,0,0,0,0,0,0,0,0,0,0,0,0,0,0,0,
Available,23,0,12,11,0,0,0,5,14,3,0,1,0,0,0,0,0,0,0,0,0,0,0,0,0,
Avatar,3,0,2,1,0,0,0,3,0,0,0,0,0,0,0,0,0,0,0,0,0,0,0,0,0,
await,1,1,0,0,0,1,0,0,0,0,0,0,0,0,0,0,0,0,0,0,0,0,0,0,0,
Back,9,0,9,0,0,0,8,1,0,0,0,0,0,0,0,0,0,0,0,0,0,0,0,0,0,
Background,29,0,0,29,0,0,0,22,6,1,0,0,0,0,0,0,0,0,0,0,0,0,0,0,0,
Badge,1,0,0,1,0,0,0,0,0,1,0,0,0,0,0,0,0,0,0,0,0,0,0,0,0,
Bar,26,0,20,6,0,0,2,17,4,2,1,0,0,0,0,0,0,0,0,0,0,0,0,0,0,
Base,4,2,1,1,0,2,1,1,0,0,0,0,0,0,0,0,0,0,0,0,0,0,0,0,0,
Based,5,0,5,0,0,0,1,4,0,0,0,0,0,0,0,0,0,0,0,0,0,0,0,0,0,
Baseline,1,0,0,1,0,0,1,0,0,0,0,0,0,0,0,0,0,0,0,0,0,0,0,0,0,
Batch,2,0,0,2,0,0,2,0,0,0,0,0,0,0,0,0,0,0,0,0,0,0,0,0,0,
Be,1,0,1,0,0,0,0,0,0,1,0,0,0,0,0,0,0,0,0,0,0,0,0,0,0,
Before,15,3,2,10,0,3,5,1,0,4,0,2,0,0,0,0,0,0,0,0,0,0,0,0,0,
begin,1,1,0,0,0,1,0,0,0,0,0,0,0,0,0,0,0,0,0,0,0,0,0,0,0,
Below,2,0,2,0,0,0,0,2,0,0,0,0,0,0,0,0,0,0,0,0,0,0,0,0,0,
Best,3,0,3,0,0,0,3,0,0,0,0,0,0,0,0,0,0,0,0,0,0,0,0,0,0,
Between,1,0,0,1,0,0,0,0,0,0,1,0,0,0,0,0,0,0,0,0,0,0,0,0,0,
Bigger,1,0,0,1,0,0,0,0,0,0,1,0,0,0,0,0,0,0,0,0,0,0,0,0,0,
Binary,6,0,6,0,0,0,0,4,2,0,0,0,0,0,0,0,0,0,0,0,0,0,0,0,0,
Bind,73,65,2,6,0,65,7,0,1,0,0,0,0,0,0,0,0,0,0,0,0,0,0,0,0,
Birthday,2,0,1,1,0,0,2,0,0,0,0,0,0,0,0,0,0,0,0,0,0,0,0,0,0,
Bitmap,18,1,6,11,0,1,10,4,3,0,0,0,0,0,0,0,0,0,0,0,0,0,0,0,0,
Blend,2,0,1,1,0,0,2,0,0,0,0,0,0,0,0,0,0,0,0,0,0,0,0,0,0,
Blending,1,0,1,0,0,0,0,0,0,1,0,0,0,0,0,0,0,0,0,0,0,0,0,0,0,
block,2,2,0,0,0,2,0,0,0,0,0,0,0,0,0,0,0,0,0,0,0,0,0,0,0,
Blocked,1,0,1,0,0,0,0,1,0,0,0,0,0,0,0,0,0,0,0,0,0,0,0,0,0,
Body,8,0,3,5,0,0,5,3,0,0,0,0,0,0,0,0,0,0,0,0,0,0,0,0,0,
Boolean,4,0,0,4,0,0,4,0,0,0,0,0,0,0,0,0,0,0,0,0,0,0,0,0,0,
Both,2,0,2,0,0,0,0,0,0,0,0,0,0,2,0,0,0,0,0,0,0,0,0,0,0,
Bottom,8,0,3,5,0,0,1,2,2,3,0,0,0,0,0,0,0,0,0,0,0,0,0,0,0,
Bound,2,0,0,2,0,0,0,1,0,1,0,0,0,0,0,0,0,0,0,0,0,0,0,0,0,
Bounds,6,0,4,2,0,0,0,1,4,1,0,0,0,0,0,0,0,0,0,0,0,0,0,0,0,
Box,6,0,2,4,0,0,0,5,1,0,0,0,0,0,0,0,0,0,0,0,0,0,0,0,0,
Boxes,11,0,0,11,0,0,0,2,3,6,0,0,0,0,0,0,0,0,0,0,0,0,0,0,0,
Broadcast,1,0,0,1,0,0,0,0,1,0,0,0,0,0,0,0,0,0,0,0,0,0,0,0,0,
Browse,1,0,1,0,0,0,0,1,0,0,0,0,0,0,0,0,0,0,0,0,0,0,0,0,0,
btk,1,1,0,0,1,1,0,0,0,0,0,0,0,0,0,0,0,0,0,0,0,0,0,0,0,
Bucket,1,0,0,1,0,0,0,0,1,0,0,0,0,0,0,0,0,0,0,0,0,0,0,0,0,
Buffer,6,0,3,3,0,0,0,1,2,1,2,0,0,0,0,0,0,0,0,0,0,0,0,0,0,
build,54,54,0,0,2,54,0,0,0,0,0,0,0,0,0,0,0,0,0,0,0,0,0,0,0,
builder,10,2,0,8,0,2,3,1,4,0,0,0,0,0,0,0,0,0,0,0,0,0,0,0,0,
bulk,1,1,0,0,0,1,0,0,0,0,0,0,0,0,0,0,0,0,0,0,0,0,0,0,0,
Bundle,4,0,0,4,0,0,2,0,0,0,0,0,1,1,0,0,0,0,0,0,0,0,0,0,0,
Bundledoes,1,0,1,0,0,0,0,0,1,0,0,0,0,0,0,0,0,0,0,0,0,0,0,0,0,
Bundlemedium,1,0,1,0,0,0,0,1,0,0,0,0,0,0,0,0,0,0,0,0,0,0,0,0,0,
Bundlesmall,1,0,1,0,0,0,0,1,0,0,0,0,0,0,0,0,0,0,0,0,0,0,0,0,0,
Business,3,0,2,1,0,0,2,1,0,0,0,0,0,0,0,0,0,0,0,0,0,0,0,0,0,
Busy,1,0,1,0,0,0,0,0,1,0,0,0,0,0,0,0,0,0,0,0,0,0,0,0,0,
Button,20,0,11,9,0,0,2,11,6,1,0,0,0,0,0,0,0,0,0,0,0,0,0,0,0,
Buttons,3,0,0,3,0,0,0,1,2,0,0,0,0,0,0,0,0,0,0,0,0,0,0,0,0,
By,13,0,12,1,0,0,5,6,2,0,0,0,0,0,0,0,0,0,0,0,0,0,0,0,0,
Byte,1,0,1,0,0,0,0,1,0,0,0,0,0,0,0,0,0,0,0,0,0,0,0,0,0,
Bytes,3,0,0,3,0,0,0,0,1,2,0,0,0,0,0,0,0,0,0,0,0,0,0,0,0,
Bytes1,1,0,0,1,0,0,0,0,0,0,1,0,0,0,0,0,0,0,0,0,0,0,0,0,0,
Bytes2,1,0,0,1,0,0,0,0,0,0,1,0,0,0,0,0,0,0,0,0,0,0,0,0,0,
Bytes3,1,0,0,1,0,0,0,0,0,0,1,0,0,0,0,0,0,0,0,0,0,0,0,0,0,
Cache,8,2,2,4,0,2,5,1,0,0,0,0,0,0,0,0,0,0,0,0,0,0,0,0,0,
Cached,4,0,4,0,0,0,4,0,0,0,0,0,0,0,0,0,0,0,0,0,0,0,0,0,0,
calculate,6,6,0,0,0,6,0,0,0,0,0,0,0,0,0,0,0,0,0,0,0,0,0,0,0,
Calendar,5,2,3,0,0,2,2,1,0,0,0,0,0,0,0,0,0,0,0,0,0,0,0,0,0,
Call,34,8,24,2,5,8,14,5,3,3,0,0,0,1,0,0,0,0,0,0,0,0,0,0,0,
Callable,4,0,4,0,0,0,2,2,0,0,0,0,0,0,0,0,0,0,0,0,0,0,0,0,0,
Callback,3,0,1,2,0,0,2,0,1,0,0,0,0,0,0,0,0,0,0,0,0,0,0,0,0,
Caller,2,0,2,0,0,0,2,0,0,0,0,0,0,0,0,0,0,0,0,0,0,0,0,0,0,
Calling,1,0,1,0,0,0,0,1,0,0,0,0,0,0,0,0,0,0,0,0,0,0,0,0,0,
Camera,1,0,1,0,0,0,1,0,0,0,0,0,0,0,0,0,0,0,0,0,0,0,0,0,0,
Can,10,5,5,0,0,5,2,3,0,0,0,0,0,0,0,0,0,0,0,0,0,0,0,0,0,
cancel,23,8,5,10,5,8,15,0,0,0,0,0,0,0,0,0,0,0,0,0,0,0,0,0,0,
Canceled,2,0,0,2,0,0,0,1,1,0,0,0,0,0,0,0,0,0,0,0,0,0,0,0,0,
Cancelled,4,0,0,4,0,0,4,0,0,0,0,0,0,0,0,0,0,0,0,0,0,0,0,0,0,
Capability,1,0,0,1,0,0,0,1,0,0,0,0,0,0,0,0,0,0,0,0,0,0,0,0,0,
Capable,1,0,0,1,0,0,0,1,0,0,0,0,0,0,0,0,0,0,0,0,0,0,0,0,0,
capture,3,3,0,0,0,3,0,0,0,0,0,0,0,0,0,0,0,0,0,0,0,0,0,0,0,
Card,20,0,12,8,0,0,2,13,3,2,0,0,0,0,0,0,0,0,0,0,0,0,0,0,0,
Cards,4,0,1,3,0,0,0,3,1,0,0,0,0,0,0,0,0,0,0,0,0,0,0,0,0,
Carrier,1,0,1,0,0,0,1,0,0,0,0,0,0,0,0,0,0,0,0,0,0,0,0,0,0,
case,3,1,1,1,0,1,0,1,0,0,0,1,0,0,0,0,0,0,0,0,0,0,0,0,0,
Center,1,0,0,1,0,0,0,1,0,0,0,0,0,0,0,0,0,0,0,0,0,0,0,0,0,
Change,32,7,7,18,0,7,10,8,3,4,0,0,0,0,0,0,0,0,0,0,0,0,0,0,0,
Changeable,4,0,0,4,0,0,0,0,0,3,1,0,0,0,0,0,0,0,0,0,0,0,0,0,0,
Changed,52,0,12,40,0,0,3,25,8,16,0,0,0,0,0,0,0,0,0,0,0,0,0,0,0,
Changes,8,0,4,4,0,0,1,6,0,1,0,0,0,0,0,0,0,0,0,0,0,0,0,0,0,
Channel,1,0,0,1,0,0,0,1,0,0,0,0,0,0,0,0,0,0,0,0,0,0,0,0,0,
Char,6,1,5,0,0,1,2,1,2,0,0,0,0,0,0,0,0,0,0,0,0,0,0,0,0,
Character,1,0,1,0,0,0,1,0,0,0,0,0,0,0,0,0,0,0,0,0,0,0,0,0,0,
Chat,1,0,1,0,0,0,1,0,0,0,0,0,0,0,0,0,0,0,0,0,0,0,0,0,0,
check,26,10,16,0,0,10,6,4,6,0,0,0,0,0,0,0,0,0,0,0,0,0,0,0,0,
Checkable,2,1,0,1,0,1,0,0,1,0,0,0,0,0,0,0,0,0,0,0,0,0,0,0,0,
Checked,9,0,2,7,0,0,7,1,1,0,0,0,0,0,0,0,0,0,0,0,0,0,0,0,0,
Checks,2,0,0,2,0,0,0,0,0,2,0,0,0,0,0,0,0,0,0,0,0,0,0,0,0,
Child,10,0,7,3,0,0,8,1,0,1,0,0,0,0,0,0,0,0,0,0,0,0,0,0,0,
Children,2,0,1,1,0,0,2,0,0,0,0,0,0,0,0,0,0,0,0,0,0,0,0,0,0,
Choice,1,1,0,0,0,1,0,0,0,0,0,0,0,0,0,0,0,0,0,0,0,0,0,0,0,
Choices,1,0,0,1,0,0,1,0,0,0,0,0,0,0,0,0,0,0,0,0,0,0,0,0,0,
Chosen,8,0,0,8,0,0,0,3,3,2,0,0,0,0,0,0,0,0,0,0,0,0,0,0,0,
Circular,3,0,2,1,0,0,2,1,0,0,0,0,0,0,0,0,0,0,0,0,0,0,0,0,0,
City,1,0,0,1,0,0,1,0,0,0,0,0,0,0,0,0,0,0,0,0,0,0,0,0,0,
clamp,1,1,0,0,1,1,0,0,0,0,0,0,0,0,0,0,0,0,0,0,0,0,0,0,0,
Class,21,0,15,6,0,0,1,7,1,3,9,0,0,0,0,0,0,0,0,0,0,0,0,0,0,
classify,2,2,0,0,0,2,0,0,0,0,0,0,0,0,0,0,0,0,0,0,0,0,0,0,0,
Clause,1,0,0,1,0,0,0,0,0,0,0,1,0,0,0,0,0,0,0,0,0,0,0,0,0,
Clean,3,2,1,0,0,2,1,0,0,0,0,0,0,0,0,0,0,0,0,0,0,0,0,0,0,
cleanup,3,3,0,0,1,3,0,0,0,0,0,0,0,0,0,0,0,0,0,0,0,0,0,0,0,
Clear,19,18,1,0,4,18,1,0,0,0,0,0,0,0,0,0,0,0,0,0,0,0,0,0,0,
Click,91,1,5,85,0,1,54,26,9,0,0,1,0,0,0,0,0,0,0,0,0,0,0,0,0,
Clickable,2,0,0,2,0,0,0,2,0,0,0,0,0,0,0,0,0,0,0,0,0,0,0,0,0,
Clicked,13,0,2,11,0,0,0,0,7,5,1,0,0,0,0,0,0,0,0,0,0,0,0,0,0,
Client,2,0,0,2,0,0,0,1,0,1,0,0,0,0,0,0,0,0,0,0,0,0,0,0,0,
Close,4,3,0,1,1,3,1,0,0,0,0,0,0,0,0,0,0,0,0,0,0,0,0,0,0,
Closed,2,0,0,2,0,0,0,2,0,0,0,0,0,0,0,0,0,0,0,0,0,0,0,0,0,
Code,17,0,1,16,0,0,11,4,2,0,0,0,0,0,0,0,0,0,0,0,0,0,0,0,0,
Collapse,16,3,8,5,1,3,9,2,0,1,1,0,0,0,0,0,0,0,0,0,0,0,0,0,0,
Collapsecollapses,1,0,1,0,0,0,0,1,0,0,0,0,0,0,0,0,0,0,0,0,0,0,0,0,0,
Collapsed,1,0,1,0,0,0,1,0,0,0,0,0,0,0,0,0,0,0,0,0,0,0,0,0,0,
Collapses,1,0,0,1,0,0,1,0,0,0,0,0,0,0,0,0,0,0,0,0,0,0,0,0,0,
Collapsingemail,1,0,0,1,0,0,0,0,1,0,0,0,0,0,0,0,0,0,0,0,0,0,0,0,0,
Collapsingevent,1,0,0,1,0,0,0,0,1,0,0,0,0,0,0,0,0,0,0,0,0,0,0,0,0,
Collapsinggeneric,1,0,1,0,0,0,0,0,1,0,0,0,0,0,0,0,0,0,0,0,0,0,0,0,0,
Collapsingim,1,0,0,1,0,0,0,0,1,0,0,0,0,0,0,0,0,0,0,0,0,0,0,0,0,
Collapsingnickname,1,0,0,1,0,0,0,0,1,0,0,0,0,0,0,0,0,0,0,0,0,0,0,0,0,
Collapsingnote,1,0,0,1,0,0,0,0,1,0,0,0,0,0,0,0,0,0,0,0,0,0,0,0,0,
Collapsingorganization,1,0,0,1,0,0,0,0,1,0,0,0,0,0,0,0,0,0,0,0,0,0,0,0,0,
Collapsingphone,1,0,0,1,0,0,0,0,1,0,0,0,0,0,0,0,0,0,0,0,0,0,0,0,0,
Collapsingrelation,1,0,0,1,0,0,0,0,1,0,0,0,0,0,0,0,0,0,0,0,0,0,0,0,0,
Collapsingsip,1,0,0,1,0,0,0,0,1,0,0,0,0,0,0,0,0,0,0,0,0,0,0,0,0,
Collapsingstructured,2,0,2,0,0,0,0,0,2,0,0,0,0,0,0,0,0,0,0,0,0,0,0,0,0,
Collapsingwebsite,1,0,0,1,0,0,0,0,1,0,0,0,0,0,0,0,0,0,0,0,0,0,0,0,0,
Collator,1,0,0,1,0,0,1,0,0,0,0,0,0,0,0,0,0,0,0,0,0,0,0,0,0,
Color,26,1,6,19,0,1,7,5,9,3,1,0,0,0,0,0,0,0,0,0,0,0,0,0,0,
Colors,1,0,0,1,0,0,0,0,0,0,1,0,0,0,0,0,0,0,0,0,0,0,0,0,0,
Column,14,0,4,10,0,0,3,6,3,2,0,0,0,0,0,0,0,0,0,0,0,0,0,0,0,
Columns,1,0,0,1,0,0,0,0,0,1,0,0,0,0,0,0,0,0,0,0,0,0,0,0,0,
Command,4,0,0,4,0,0,0,4,0,0,0,0,0,0,0,0,0,0,0,0,0,0,0,0,0,
Commit,3,1,2,0,1,1,0,0,2,0,0,0,0,0,0,0,0,0,0,0,0,0,0,0,0,
Common,3,0,1,2,0,0,1,0,2,0,0,0,0,0,0,0,0,0,0,0,0,0,0,0,0,
Company,3,0,1,2,0,0,3,0,0,0,0,0,0,0,0,0,0,0,0,0,0,0,0,0,0,
Comparator,5,0,0,5,0,0,2,1,2,0,0,0,0,0,0,0,0,0,0,0,0,0,0,0,0,
compare,16,16,0,0,9,16,0,0,0,0,0,0,0,0,0,0,0,0,0,0,0,0,0,0,0,
Comparison,1,0,1,0,0,0,0,0,0,0,1,0,0,0,0,0,0,0,0,0,0,0,0,0,0,
Compat,4,0,0,4,0,0,0,3,1,0,0,0,0,0,0,0,0,0,0,0,0,0,0,0,0,
Compatibility,5,0,5,0,0,0,0,4,1,0,0,0,0,0,0,0,0,0,0,0,0,0,0,0,0,
Compatible,11,0,0,11,0,0,0,5,6,0,0,0,0,0,0,0,0,0,0,0,0,0,0,0,0,
Complete,9,1,2,6,0,1,1,6,0,1,0,0,0,0,0,0,0,0,0,0,0,0,0,0,0,
Completed,7,0,1,6,0,0,1,5,0,1,0,0,0,0,0,0,0,0,0,0,0,0,0,0,0,
Component,1,0,0,1,0,0,0,1,0,0,0,0,0,0,0,0,0,0,0,0,0,0,0,0,0,
compose,1,1,0,0,0,1,0,0,0,0,0,0,0,0,0,0,0,0,0,0,0,0,0,0,0,
Composer,1,0,1,0,0,0,1,0,0,0,0,0,0,0,0,0,0,0,0,0,0,0,0,0,0,
Composite,1,1,0,0,0,1,0,0,0,0,0,0,0,0,0,0,0,0,0,0,0,0,0,0,0,
compress,1,1,0,0,0,1,0,0,0,0,0,0,0,0,0,0,0,0,0,0,0,0,0,0,0,
Compressed,4,0,4,0,0,0,3,1,0,0,0,0,0,0,0,0,0,0,0,0,0,0,0,0,0,
Compute,4,3,1,0,0,3,0,0,1,0,0,0,0,0,0,0,0,0,0,0,0,0,0,0,0,
Configuration,5,0,3,2,0,0,3,2,0,0,0,0,0,0,0,0,0,0,0,0,0,0,0,0,0,
configure,34,34,0,0,0,34,0,0,0,0,0,0,0,0,0,0,0,0,0,0,0,0,0,0,0,
confirm,2,2,0,0,0,2,0,0,0,0,0,0,0,0,0,0,0,0,0,0,0,0,0,0,0,
Confirmed,5,0,0,5,0,0,0,0,4,1,0,0,0,0,0,0,0,0,0,0,0,0,0,0,0,
connect,1,1,0,0,0,1,0,0,0,0,0,0,0,0,0,0,0,0,0,0,0,0,0,0,0,
Connected,7,0,0,7,0,0,0,6,1,0,0,0,0,0,0,0,0,0,0,0,0,0,0,0,0,
Connection,3,0,3,0,0,0,2,0,1,0,0,0,0,0,0,0,0,0,0,0,0,0,0,0,0,
Constant,1,0,1,0,0,0,1,0,0,0,0,0,0,0,0,0,0,0,0,0,0,0,0,0,0,
construct,6,6,0,0,0,6,0,0,0,0,0,0,0,0,0,0,0,0,0,0,0,0,0,0,0,
Contact,337,18,253,66,1,18,107,144,30,22,11,2,1,2,0,0,0,0,0,0,0,0,0,0,0,
Contact2,1,0,0,1,0,0,0,1,0,0,0,0,0,0,0,0,0,0,0,0,0,0,0,0,0,
Contacts,125,5,76,44,0,5,44,33,18,8,5,10,0,1,1,0,0,0,0,0,0,0,0,0,0,
Contain,1,0,1,0,0,0,0,0,0,0,1,0,0,0,0,0,0,0,0,0,0,0,0,0,0,
Container,4,0,0,4,0,0,0,4,0,0,0,0,0,0,0,0,0,0,0,0,0,0,0,0,0,
Contains,11,5,3,3,3,5,3,3,0,0,0,0,0,0,0,0,0,0,0,0,0,0,0,0,0,
Content,35,0,33,2,0,0,29,3,2,1,0,0,0,0,0,0,0,0,0,0,0,0,0,0,0,
Contents,13,0,0,13,0,0,13,0,0,0,0,0,0,0,0,0,0,0,0,0,0,0,0,0,0,
Context,25,0,9,16,0,0,18,6,1,0,0,0,0,0,0,0,0,0,0,0,0,0,0,0,0,
Controller,2,0,1,1,0,0,0,0,2,0,0,0,0,0,0,0,0,0,0,0,0,0,0,0,0,
Convert,7,6,1,0,0,6,1,0,0,0,0,0,0,0,0,0,0,0,0,0,0,0,0,0,0,
Cookie,1,1,0,0,0,1,0,0,0,0,0,0,0,0,0,0,0,0,0,0,0,0,0,0,0,
Cookies,1,0,0,1,0,0,0,0,0,1,0,0,0,0,0,0,0,0,0,0,0,0,0,0,0,
Copy,11,6,4,1,0,6,5,0,0,0,0,0,0,0,0,0,0,0,0,0,0,0,0,0,0,
Correct,4,0,4,0,0,0,0,0,2,2,0,0,0,0,0,0,0,0,0,0,0,0,0,0,0,
Correctly,1,0,0,1,0,0,0,1,0,0,0,0,0,0,0,0,0,0,0,0,0,0,0,0,0,
Count,47,2,2,43,0,2,12,17,15,1,0,0,0,0,0,0,0,0,0,0,0,0,0,0,0,
Country,11,1,9,1,0,1,2,5,3,0,0,0,0,0,0,0,0,0,0,0,0,0,0,0,0,
Cp2,2,1,0,1,0,1,1,0,0,0,0,0,0,0,0,0,0,0,0,0,0,0,0,0,0,
CPO,2,1,1,0,0,1,1,0,0,0,0,0,0,0,0,0,0,0,0,0,0,0,0,0,0,
Crash,3,0,0,3,0,0,1,0,1,1,0,0,0,0,0,0,0,0,0,0,0,0,0,0,0,
Creatable,1,0,0,1,0,0,0,1,0,0,0,0,0,0,0,0,0,0,0,0,0,0,0,0,0,
create,281,146,81,54,8,146,127,6,2,0,0,0,0,0,0,0,0,0,0,0,0,0,0,0,0,
Created,16,0,2,14,0,0,2,11,3,0,0,0,0,0,0,0,0,0,0,0,0,0,0,0,0,
creates,1,1,0,0,0,1,0,0,0,0,0,0,0,0,0,0,0,0,0,0,0,0,0,0,0,
Creation,1,0,0,1,0,0,0,0,1,0,0,0,0,0,0,0,0,0,0,0,0,0,0,0,0,
Credentials,2,0,0,2,0,0,2,0,0,0,0,0,0,0,0,0,0,0,0,0,0,0,0,0,0,
Crop,3,0,3,0,0,0,3,0,0,0,0,0,0,0,0,0,0,0,0,0,0,0,0,0,0,
Cropped,2,0,2,0,0,0,0,2,0,0,0,0,0,0,0,0,0,0,0,0,0,0,0,0,0,
Current,21,0,21,0,0,0,15,2,4,0,0,0,0,0,0,0,0,0,0,0,0,0,0,0,0,
Cursor,31,2,11,18,0,2,16,5,4,1,3,0,0,0,0,0,0,0,0,0,0,0,0,0,0,
Custom,25,3,19,3,0,3,16,2,3,0,0,0,0,1,0,0,0,0,0,0,0,0,0,0,0,
Dao,6,0,3,3,0,0,4,1,1,0,0,0,0,0,0,0,0,0,0,0,0,0,0,0,0,
Dark,2,0,2,0,0,0,2,0,0,0,0,0,0,0,0,0,0,0,0,0,0,0,0,0,0,
Data,200,7,142,51,0,7,116,41,30,5,0,1,0,0,0,0,0,0,0,0,0,0,0,0,0,
Dataset,1,0,0,1,0,0,0,0,1,0,0,0,0,0,0,0,0,0,0,0,0,0,0,0,0,
Date,27,2,13,12,0,2,14,10,1,0,0,0,0,0,0,0,0,0,0,0,0,0,0,0,0,
Datetime,1,0,0,1,0,0,0,1,0,0,0,0,0,0,0,0,0,0,0,0,0,0,0,0,0,
Day,9,0,4,5,0,0,4,3,2,0,0,0,0,0,0,0,0,0,0,0,0,0,0,0,0,
Debug,4,1,3,0,0,1,3,0,0,0,0,0,0,0,0,0,0,0,0,0,0,0,0,0,0,
Debugging,1,0,0,1,0,0,0,1,0,0,0,0,0,0,0,0,0,0,0,0,0,0,0,0,0,
Decode,6,2,4,0,0,2,4,0,0,0,0,0,0,0,0,0,0,0,0,0,0,0,0,0,0,
decoded,1,1,0,0,0,1,0,0,0,0,0,0,0,0,0,0,0,0,0,0,0,0,0,0,0,
deep,1,1,0,0,0,1,0,0,0,0,0,0,0,0,0,0,0,0,0,0,0,0,0,0,0,
Default,78,7,66,5,1,7,48,10,5,5,2,1,0,0,0,0,0,0,0,0,0,0,0,0,0,
Definition,2,1,0,1,0,1,0,0,1,0,0,0,0,0,0,0,0,0,0,0,0,0,0,0,0,
Delay,3,0,0,3,0,0,1,0,1,0,1,0,0,0,0,0,0,0,0,0,0,0,0,0,0,
Delayed,1,0,0,1,0,0,0,0,1,0,0,0,0,0,0,0,0,0,0,0,0,0,0,0,0,
Delegate,3,1,0,2,1,1,2,0,0,0,0,0,0,0,0,0,0,0,0,0,0,0,0,0,0,
Deletable,1,0,0,1,0,0,1,0,0,0,0,0,0,0,0,0,0,0,0,0,0,0,0,0,0,
Delete,52,18,24,10,5,18,23,3,3,1,1,1,2,0,0,0,0,0,0,0,0,0,0,0,0,
Deleted,7,0,1,6,0,0,4,1,0,2,0,0,0,0,0,0,0,0,0,0,0,0,0,0,0,
Deletes,1,0,0,1,0,0,1,0,0,0,0,0,0,0,0,0,0,0,0,0,0,0,0,0,0,
Deletion,7,0,5,2,0,0,6,1,0,0,0,0,0,0,0,0,0,0,0,0,0,0,0,0,0,
deliver,9,9,0,0,0,9,0,0,0,0,0,0,0,0,0,0,0,0,0,0,0,0,0,0,0,
Delta,18,0,7,11,0,0,2,5,5,5,1,0,0,0,0,0,0,0,0,0,0,0,0,0,0,
Deltas,3,0,0,3,0,0,0,1,1,1,0,0,0,0,0,0,0,0,0,0,0,0,0,0,0,
Denied,1,0,0,1,0,0,0,0,0,1,0,0,0,0,0,0,0,0,0,0,0,0,0,0,0,
Department,1,0,0,1,0,0,1,0,0,0,0,0,0,0,0,0,0,0,0,0,0,0,0,0,0,
derived,1,1,0,0,0,1,0,0,0,0,0,0,0,0,0,0,0,0,0,0,0,0,0,0,0,
describe,15,15,0,0,0,15,0,0,0,0,0,0,0,0,0,0,0,0,0,0,0,0,0,0,0,
Descrip,1,0,1,0,0,0,0,1,0,0,0,0,0,0,0,0,0,0,0,0,0,0,0,0,0,
Description,13,0,0,13,0,0,1,7,4,1,0,0,0,0,0,0,0,0,0,0,0,0,0,0,0,
Descriptor,1,0,0,1,0,0,0,0,0,1,0,0,0,0,0,0,0,0,0,0,0,0,0,0,0,
Destroy,21,3,4,14,1,3,18,0,0,0,0,0,0,0,0,0,0,0,0,0,0,0,0,0,0,
Detach,1,0,0,1,0,0,1,0,0,0,0,0,0,0,0,0,0,0,0,0,0,0,0,0,0,
Detached,2,0,2,0,0,0,2,0,0,0,0,0,0,0,0,0,0,0,0,0,0,0,0,0,0,
Detail,1,0,1,0,0,0,0,0,1,0,0,0,0,0,0,0,0,0,0,0,0,0,0,0,0,
Details,1,0,0,1,0,0,0,0,0,0,0,1,0,0,0,0,0,0,0,0,0,0,0,0,0,
Detector,1,0,0,1,0,0,1,0,0,0,0,0,0,0,0,0,0,0,0,0,0,0,0,0,0,
determine,1,1,0,0,0,1,0,0,0,0,0,0,0,0,0,0,0,0,0,0,0,0,0,0,0,
Device,28,1,24,3,0,1,18,3,2,0,1,1,1,0,0,0,1,0,0,0,0,0,0,0,0,
Devices,2,0,0,2,0,0,0,2,0,0,0,0,0,0,0,0,0,0,0,0,0,0,0,0,0,
Dialer,1,0,1,0,0,0,0,1,0,0,0,0,0,0,0,0,0,0,0,0,0,0,0,0,0,
Dialog,53,2,11,40,0,2,10,36,3,2,0,0,0,0,0,0,0,0,0,0,0,0,0,0,0,
Diff,26,2,19,5,0,2,9,11,4,0,0,0,0,0,0,0,0,0,0,0,0,0,0,0,0,
Different,1,0,1,0,0,0,0,0,0,0,0,1,0,0,0,0,0,0,0,0,0,0,0,0,0,
Digit,2,0,1,1,0,0,1,1,0,0,0,0,0,0,0,0,0,0,0,0,0,0,0,0,0,
Dimensions,1,0,0,1,0,0,1,0,0,0,0,0,0,0,0,0,0,0,0,0,0,0,0,0,0,
Direct,1,0,1,0,0,0,0,0,1,0,0,0,0,0,0,0,0,0,0,0,0,0,0,0,0,
Direction,3,1,0,2,1,1,2,0,0,0,0,0,0,0,0,0,0,0,0,0,0,0,0,0,0,
Directions,2,0,2,0,0,0,0,0,1,1,0,0,0,0,0,0,0,0,0,0,0,0,0,0,0,
Directories,5,0,2,3,0,0,3,1,1,0,0,0,0,0,0,0,0,0,0,0,0,0,0,0,0,
Directory,53,2,47,4,0,2,32,15,3,1,0,0,0,0,0,0,0,0,0,0,0,0,0,0,0,
Dirty,1,0,0,1,0,0,1,0,0,0,0,0,0,0,0,0,0,0,0,0,0,0,0,0,0,
Disable,1,0,1,0,0,0,1,0,0,0,0,0,0,0,0,0,0,0,0,0,0,0,0,0,0,
Disabled,2,0,1,1,0,0,0,1,0,1,0,0,0,0,0,0,0,0,0,0,0,0,0,0,0,
Disabledstops,1,0,1,0,0,0,0,1,0,0,0,0,0,0,0,0,0,0,0,0,0,0,0,0,0,
Disconnected,2,0,0,2,0,0,0,2,0,0,0,0,0,0,0,0,0,0,0,0,0,0,0,0,0,
Dismiss,15,5,2,8,2,5,9,0,1,0,0,0,0,0,0,0,0,0,0,0,0,0,0,0,0,
Dismissed,8,0,5,3,0,0,6,0,2,0,0,0,0,0,0,0,0,0,0,0,0,0,0,0,0,
Dismisses,5,0,5,0,0,0,0,0,5,0,0,0,0,0,0,0,0,0,0,0,0,0,0,0,0,
Dismissesfor,1,0,1,0,0,0,0,0,1,0,0,0,0,0,0,0,0,0,0,0,0,0,0,0,0,
dispatch,4,4,0,0,0,4,0,0,0,0,0,0,0,0,0,0,0,0,0,0,0,0,0,0,0,
Display,108,5,96,7,0,5,48,24,24,6,0,0,1,0,0,0,0,0,0,0,0,0,0,0,0,
Displayable,1,0,1,0,0,0,1,0,0,0,0,0,0,0,0,0,0,0,0,0,0,0,0,0,0,
Displayed,5,0,5,0,0,0,3,0,2,0,0,0,0,0,0,0,0,0,0,0,0,0,0,0,0,
Displayer,1,0,0,1,0,0,1,0,0,0,0,0,0,0,0,0,0,0,0,0,0,0,0,0,0,
Displaying,7,0,7,0,0,0,1,6,0,0,0,0,0,0,0,0,0,0,0,0,0,0,0,0,0,
Distinct,2,0,2,0,0,0,2,0,0,0,0,0,0,0,0,0,0,0,0,0,0,0,0,0,0,
Div,1,0,0,1,0,0,1,0,0,0,0,0,0,0,0,0,0,0,0,0,0,0,0,0,0,
Divider,6,1,0,5,0,1,0,0,0,5,0,0,0,0,0,0,0,0,0,0,0,0,0,0,0,
do,33,33,0,0,0,33,0,0,0,0,0,0,0,0,0,0,0,0,0,0,0,0,0,0,0,
Doc,1,0,1,0,0,0,0,1,0,0,0,0,0,0,0,0,0,0,0,0,0,0,0,0,0,
does,1,1,0,0,0,1,0,0,0,0,0,0,0,0,0,0,0,0,0,0,0,0,0,0,0,
Doesnt,1,0,1,0,0,0,0,0,1,0,0,0,0,0,0,0,0,0,0,0,0,0,0,0,0,
Done,5,0,0,5,0,0,2,1,1,1,0,0,0,0,0,0,0,0,0,0,0,0,0,0,0,
Dot,1,0,1,0,0,0,0,1,0,0,0,0,0,0,0,0,0,0,0,0,0,0,0,0,0,
Double,2,0,1,1,0,0,1,0,0,0,0,1,0,0,0,0,0,0,0,0,0,0,0,0,0,
Down,15,0,3,12,0,0,12,3,0,0,0,0,0,0,0,0,0,0,0,0,0,0,0,0,0,
Drag,7,0,3,4,0,0,3,1,1,2,0,0,0,0,0,0,0,0,0,0,0,0,0,0,0,
Draw,10,5,0,5,2,5,2,2,1,0,0,0,0,0,0,0,0,0,0,0,0,0,0,0,0,
Drawable,24,2,7,15,0,2,9,11,2,0,0,0,0,0,0,0,0,0,0,0,0,0,0,0,0,
Drawables,1,0,1,0,0,0,1,0,0,0,0,0,0,0,0,0,0,0,0,0,0,0,0,0,0,
Drawer,12,1,10,1,0,1,10,0,1,0,0,0,0,0,0,0,0,0,0,0,0,0,0,0,0,
Drop,2,0,2,0,0,0,1,0,0,1,0,0,0,0,0,0,0,0,0,0,0,0,0,0,0,
Dtend,1,0,0,1,0,0,1,0,0,0,0,0,0,0,0,0,0,0,0,0,0,0,0,0,0,
Dtstart,1,0,0,1,0,0,1,0,0,0,0,0,0,0,0,0,0,0,0,0,0,0,0,0,0,
dump,6,6,0,0,2,6,0,0,0,0,0,0,0,0,0,0,0,0,0,0,0,0,0,0,0,
Duplicate,1,0,1,0,0,0,1,0,0,0,0,0,0,0,0,0,0,0,0,0,0,0,0,0,0,
Duplicates,2,0,0,2,0,0,0,0,0,0,1,1,0,0,0,0,0,0,0,0,0,0,0,0,0,
Duplicatescontains,2,0,2,0,0,0,0,0,0,2,0,0,0,0,0,0,0,0,0,0,0,0,0,0,0,
Duration,4,0,0,4,0,0,3,1,0,0,0,0,0,0,0,0,0,0,0,0,0,0,0,0,0,
Durationhr,2,0,2,0,0,0,0,2,0,0,0,0,0,0,0,0,0,0,0,0,0,0,0,0,0,
Durationmin,2,0,2,0,0,0,0,2,0,0,0,0,0,0,0,0,0,0,0,0,0,0,0,0,0,
Durationzero,1,0,0,1,0,0,0,1,0,0,0,0,0,0,0,0,0,0,0,0,0,0,0,0,0,
During,1,0,1,0,0,0,0,0,0,1,0,0,0,0,0,0,0,0,0,0,0,0,0,0,0,
Dynamic,4,1,2,1,0,1,3,0,0,0,0,0,0,0,0,0,0,0,0,0,0,0,0,0,0,
E164,1,0,0,1,0,0,0,0,0,0,0,1,0,0,0,0,0,0,0,0,0,0,0,0,0,
Each,1,0,1,0,0,0,0,0,0,0,0,1,0,0,0,0,0,0,0,0,0,0,0,0,0,
Edge,1,0,1,0,0,0,0,0,1,0,0,0,0,0,0,0,0,0,0,0,0,0,0,0,0,
Edit,32,9,23,0,1,9,18,1,2,2,0,0,0,0,0,0,0,0,0,0,0,0,0,0,0,
Editable,14,0,0,14,0,0,1,1,12,0,0,0,0,0,0,0,0,0,0,0,0,0,0,0,0,
Editing,3,0,3,0,0,0,3,0,0,0,0,0,0,0,0,0,0,0,0,0,0,0,0,0,0,
Editor,32,1,28,3,0,1,16,12,1,1,1,0,0,0,0,0,0,0,0,0,0,0,0,0,0,
Editors,10,0,4,6,0,0,3,4,1,2,0,0,0,0,0,0,0,0,0,0,0,0,0,0,0,
Ellipsis,1,0,0,1,0,0,0,1,0,0,0,0,0,0,0,0,0,0,0,0,0,0,0,0,0,
elog,1,1,0,0,1,1,0,0,0,0,0,0,0,0,0,0,0,0,0,0,0,0,0,0,0,
Email,30,3,16,11,0,3,13,8,5,1,0,0,0,0,0,0,0,0,0,0,0,0,0,0,0,
Emails,3,0,0,3,0,0,3,0,0,0,0,0,0,0,0,0,0,0,0,0,0,0,0,0,0,
Embedded,2,0,0,2,0,0,2,0,0,0,0,0,0,0,0,0,0,0,0,0,0,0,0,0,0,
Emergency,1,0,1,0,0,0,0,0,0,1,0,0,0,0,0,0,0,0,0,0,0,0,0,0,0,
Emptiness,1,0,0,1,0,0,1,0,0,0,0,0,0,0,0,0,0,0,0,0,0,0,0,0,0,
Empty,70,3,52,15,0,3,26,16,11,7,4,1,2,0,0,0,0,0,0,0,0,0,0,0,0,
Enable,1,0,1,0,0,0,1,0,0,0,0,0,0,0,0,0,0,0,0,0,0,0,0,0,0,
Enabled,52,0,4,48,0,0,12,3,20,16,1,0,0,0,0,0,0,0,0,0,0,0,0,0,0,
Encoded,3,0,3,0,0,0,3,0,0,0,0,0,0,0,0,0,0,0,0,0,0,0,0,0,0,
End,11,1,3,7,0,1,0,7,2,1,0,0,0,0,0,0,0,0,0,0,0,0,0,0,0,
Engine,1,0,0,1,0,0,0,1,0,0,0,0,0,0,0,0,0,0,0,0,0,0,0,0,0,
English,1,0,1,0,0,0,1,0,0,0,0,0,0,0,0,0,0,0,0,0,0,0,0,0,0,
Ensure,12,11,1,0,0,11,0,0,1,0,0,0,0,0,0,0,0,0,0,0,0,0,0,0,0,
Enter,1,0,1,0,0,0,1,0,0,0,0,0,0,0,0,0,0,0,0,0,0,0,0,0,0,
Enterprise,4,0,4,0,0,0,4,0,0,0,0,0,0,0,0,0,0,0,0,0,0,0,0,0,0,
Entity,15,0,10,5,0,0,7,6,2,0,0,0,0,0,0,0,0,0,0,0,0,0,0,0,0,
Entrance,3,0,3,0,0,0,2,0,1,0,0,0,0,0,0,0,0,0,0,0,0,0,0,0,0,
Entries,12,0,3,9,0,0,2,5,3,1,1,0,0,0,0,0,0,0,0,0,0,0,0,0,0,
Entry,35,6,17,12,1,6,21,5,3,0,0,0,0,0,0,0,0,0,0,0,0,0,0,0,0,
Equal,7,0,0,7,0,0,2,1,3,1,0,0,0,0,0,0,0,0,0,0,0,0,0,0,0,
Equals,23,13,2,8,13,13,3,2,1,1,1,0,0,2,0,0,0,0,0,0,0,0,0,0,0,
Error,7,0,4,3,0,0,5,2,0,0,0,0,0,0,0,0,0,0,0,0,0,0,0,0,0,
Event,37,3,11,23,0,3,7,15,11,1,0,0,0,0,0,0,0,0,0,0,0,0,0,0,0,
Events,3,0,2,1,0,0,0,1,2,0,0,0,0,0,0,0,0,0,0,0,0,0,0,0,0,
Exact,1,0,0,1,0,0,0,0,0,0,1,0,0,0,0,0,0,0,0,0,0,0,0,0,0,
Exception,5,0,1,4,0,0,5,0,0,0,0,0,0,0,0,0,0,0,0,0,0,0,0,0,0,
Exchange,10,1,3,6,0,1,1,0,0,2,0,6,0,0,0,0,0,0,0,0,0,0,0,0,0,
Exchange1,1,0,0,1,0,0,0,0,0,0,0,1,0,0,0,0,0,0,0,0,0,0,0,0,0,
Exchange2,1,0,0,1,0,0,0,0,0,0,0,1,0,0,0,0,0,0,0,0,0,0,0,0,0,
Excluded,1,0,0,1,0,0,0,1,0,0,0,0,0,0,0,0,0,0,0,0,0,0,0,0,0,
excludes,1,1,0,0,0,1,0,0,0,0,0,0,0,0,0,0,0,0,0,0,0,0,0,0,0,
Exdate,1,0,0,1,0,0,1,0,0,0,0,0,0,0,0,0,0,0,0,0,0,0,0,0,0,
Execute,16,2,0,14,2,2,1,13,0,0,0,0,0,0,0,0,0,0,0,0,0,0,0,0,0,
Executor,5,0,1,4,0,0,1,1,2,1,0,0,0,0,0,0,0,0,0,0,0,0,0,0,0,
Exist,2,0,0,2,0,0,0,0,0,0,0,0,2,0,0,0,0,0,0,0,0,0,0,0,0,
Existent,1,0,1,0,0,0,0,0,0,0,1,0,0,0,0,0,0,0,0,0,0,0,0,0,0,
Existing,6,0,6,0,0,0,1,1,4,0,0,0,0,0,0,0,0,0,0,0,0,0,0,0,0,
Exists,10,2,0,8,1,2,2,3,0,1,1,0,0,0,1,0,0,0,0,0,0,0,0,0,0,
exit,2,1,1,0,0,1,1,0,0,0,0,0,0,0,0,0,0,0,0,0,0,0,0,0,0,
Expand,6,2,3,1,1,2,4,0,0,0,0,0,0,0,0,0,0,0,0,0,0,0,0,0,0,
Expanded,1,0,0,1,0,0,1,0,0,0,0,0,0,0,0,0,0,0,0,0,0,0,0,0,0,
Expanding,1,1,0,0,0,1,0,0,0,0,0,0,0,0,0,0,0,0,0,0,0,0,0,0,0,
Expansion,1,0,1,0,0,0,1,0,0,0,0,0,0,0,0,0,0,0,0,0,0,0,0,0,0,
expect,12,12,0,0,1,12,0,0,0,0,0,0,0,0,0,0,0,0,0,0,0,0,0,0,0,
Expected,1,0,1,0,0,0,0,1,0,0,0,0,0,0,0,0,0,0,0,0,0,0,0,0,0,
Export,12,2,10,0,0,2,7,3,0,0,0,0,0,0,0,0,0,0,0,0,0,0,0,0,0,
Exrule,1,0,0,1,0,0,1,0,0,0,0,0,0,0,0,0,0,0,0,0,0,0,0,0,0,
Extended,4,0,4,0,0,0,3,1,0,0,0,0,0,0,0,0,0,0,0,0,0,0,0,0,0,
Extension,5,0,3,2,0,0,5,0,0,0,0,0,0,0,0,0,0,0,0,0,0,0,0,0,0,
Extent,5,0,4,1,0,0,0,2,3,0,0,0,0,0,0,0,0,0,0,0,0,0,0,0,0,
External,4,1,3,0,0,1,2,1,0,0,0,0,0,0,0,0,0,0,0,0,0,0,0,0,0,
Extra,5,0,2,3,0,0,2,1,2,0,0,0,0,0,0,0,0,0,0,0,0,0,0,0,0,
extract,3,3,0,0,0,3,0,0,0,0,0,0,0,0,0,0,0,0,0,0,0,0,0,0,0,
Extras,14,0,4,10,0,0,3,9,1,1,0,0,0,0,0,0,0,0,0,0,0,0,0,0,0,
Fab,4,0,2,2,0,0,2,1,0,0,0,0,1,0,0,0,0,0,0,0,0,0,0,0,0,
Factory,4,0,2,2,0,0,2,0,1,0,1,0,0,0,0,0,0,0,0,0,0,0,0,0,0,
Fade,1,0,1,0,0,0,0,1,0,0,0,0,0,0,0,0,0,0,0,0,0,0,0,0,0,
Fading,2,0,2,0,0,0,1,1,0,0,0,0,0,0,0,0,0,0,0,0,0,0,0,0,0,
Failed,5,0,1,4,0,0,1,3,1,0,0,0,0,0,0,0,0,0,0,0,0,0,0,0,0,
Failure,4,0,3,1,0,0,3,1,0,0,0,0,0,0,0,0,0,0,0,0,0,0,0,0,0,
Fake,3,2,1,0,0,2,1,0,0,0,0,0,0,0,0,0,0,0,0,0,0,0,0,0,0,
Fallback,3,1,1,1,0,1,1,0,1,0,0,0,0,0,0,0,0,0,0,0,0,0,0,0,0,
False,1,0,0,1,0,0,0,0,0,0,0,1,0,0,0,0,0,0,0,0,0,0,0,0,0,
Family,5,0,5,0,0,0,1,4,0,0,0,0,0,0,0,0,0,0,0,0,0,0,0,0,0,
Favorite,1,0,1,0,0,0,0,1,0,0,0,0,0,0,0,0,0,0,0,0,0,0,0,0,0,
Favorites,11,1,3,7,0,1,3,6,1,0,0,0,0,0,0,0,0,0,0,0,0,0,0,0,0,
Feature,2,0,2,0,0,0,0,1,1,0,0,0,0,0,0,0,0,0,0,0,0,0,0,0,0,
Features,1,0,0,1,0,0,1,0,0,0,0,0,0,0,0,0,0,0,0,0,0,0,0,0,0,
Feedback,3,0,1,2,0,0,1,0,2,0,0,0,0,0,0,0,0,0,0,0,0,0,0,0,0,
fetch,4,4,0,0,0,4,0,0,0,0,0,0,0,0,0,0,0,0,0,0,0,0,0,0,0,
FFC,2,0,1,1,0,0,0,1,1,0,0,0,0,0,0,0,0,0,0,0,0,0,0,0,0,
Field,14,0,7,7,0,0,6,3,2,1,2,0,0,0,0,0,0,0,0,0,0,0,0,0,0,
Fields,10,0,4,6,0,0,2,5,1,1,0,1,0,0,0,0,0,0,0,0,0,0,0,0,0,
File,11,0,5,6,0,0,1,5,2,3,0,0,0,0,0,0,0,0,0,0,0,0,0,0,0,
Filename,1,0,0,1,0,0,0,0,1,0,0,0,0,0,0,0,0,0,0,0,0,0,0,0,0,
Files,1,0,0,1,0,0,0,1,0,0,0,0,0,0,0,0,0,0,0,0,0,0,0,0,0,
Filter,63,8,22,33,0,8,19,20,15,0,1,0,0,0,0,0,0,0,0,0,0,0,0,0,0,
Filters,3,0,1,2,0,0,1,1,1,0,0,0,0,0,0,0,0,0,0,0,0,0,0,0,0,
finalize,1,1,0,0,1,1,0,0,0,0,0,0,0,0,0,0,0,0,0,0,0,0,0,0,0,
Find,22,12,10,0,0,12,10,0,0,0,0,0,0,0,0,0,0,0,0,0,0,0,0,0,0,
Finish,23,3,17,3,2,3,19,0,1,0,0,0,0,0,0,0,0,0,0,0,0,0,0,0,0,
Finished,27,0,0,27,0,0,0,24,0,1,2,0,0,0,0,0,0,0,0,0,0,0,0,0,0,
First,16,0,13,3,0,0,8,3,5,0,0,0,0,0,0,0,0,0,0,0,0,0,0,0,0,
Five,1,0,1,0,0,0,1,0,0,0,0,0,0,0,0,0,0,0,0,0,0,0,0,0,0,
Fixed,3,0,2,1,0,0,0,3,0,0,0,0,0,0,0,0,0,0,0,0,0,0,0,0,0,
fixup,1,1,0,0,0,1,0,0,0,0,0,0,0,0,0,0,0,0,0,0,0,0,0,0,0,
Flag,2,0,2,0,0,0,2,0,0,0,0,0,0,0,0,0,0,0,0,0,0,0,0,0,0,
Flags,2,1,0,1,1,1,0,0,0,1,0,0,0,0,0,0,0,0,0,0,0,0,0,0,0,
Fling,2,1,1,0,1,1,1,0,0,0,0,0,0,0,0,0,0,0,0,0,0,0,0,0,0,
Float,4,0,0,4,0,0,3,1,0,0,0,0,0,0,0,0,0,0,0,0,0,0,0,0,0,
Floating,2,1,1,0,0,1,1,0,0,0,0,0,0,0,0,0,0,0,0,0,0,0,0,0,0,
flush,1,1,0,0,1,1,0,0,0,0,0,0,0,0,0,0,0,0,0,0,0,0,0,0,0,
Focus,7,0,7,0,0,0,7,0,0,0,0,0,0,0,0,0,0,0,0,0,0,0,0,0,0,
Footer,7,0,3,4,0,0,3,4,0,0,0,0,0,0,0,0,0,0,0,0,0,0,0,0,0,
For,141,4,133,4,0,4,16,62,31,22,2,2,2,0,0,0,0,0,0,0,0,0,0,0,0,
Force,1,0,1,0,0,0,1,0,0,0,0,0,0,0,0,0,0,0,0,0,0,0,0,0,0,
Foreground,1,0,1,0,0,0,0,1,0,0,0,0,0,0,0,0,0,0,0,0,0,0,0,0,0,
Form,2,0,0,2,0,0,0,2,0,0,0,0,0,0,0,0,0,0,0,0,0,0,0,0,0,
Format,17,7,10,0,1,7,8,1,1,0,0,0,0,0,0,0,0,0,0,0,0,0,0,0,0,
Formats,1,0,0,1,0,0,0,0,0,0,0,0,1,0,0,0,0,0,0,0,0,0,0,0,0,
Formatted,7,1,6,0,1,1,6,0,0,0,0,0,0,0,0,0,0,0,0,0,0,0,0,0,0,
Formatter,2,0,0,2,0,0,1,1,0,0,0,0,0,0,0,0,0,0,0,0,0,0,0,0,0,
Formatting,1,0,1,0,0,0,0,0,1,0,0,0,0,0,0,0,0,0,0,0,0,0,0,0,0,
Forms,1,0,0,1,0,0,0,0,0,1,0,0,0,0,0,0,0,0,0,0,0,0,0,0,0,
Forward,2,0,2,0,0,0,0,0,2,0,0,0,0,0,0,0,0,0,0,0,0,0,0,0,0,
Forwarding,1,1,0,0,0,1,0,0,0,0,0,0,0,0,0,0,0,0,0,0,0,0,0,0,0,
Found,5,0,1,4,0,0,0,3,2,0,0,0,0,0,0,0,0,0,0,0,0,0,0,0,0,
Fragment,40,0,7,33,0,0,9,13,9,6,3,0,0,0,0,0,0,0,0,0,0,0,0,0,0,
Fragments,1,0,0,1,0,0,0,0,1,0,0,0,0,0,0,0,0,0,0,0,0,0,0,0,0,
Frame,2,1,1,0,0,1,1,0,0,0,0,0,0,0,0,0,0,0,0,0,0,0,0,0,0,
Frequencies,1,0,0,1,0,0,0,1,0,0,0,0,0,0,0,0,0,0,0,0,0,0,0,0,0,
Frequent,1,0,1,0,0,0,1,0,0,0,0,0,0,0,0,0,0,0,0,0,0,0,0,0,0,
From,125,11,109,5,0,11,40,23,26,17,3,3,0,2,0,0,0,0,0,0,0,0,0,0,0,
Full,5,1,4,0,0,1,3,0,0,0,1,0,0,0,0,0,0,0,0,0,0,0,0,0,0,
Fullscreen,2,0,0,2,0,0,0,2,0,0,0,0,0,0,0,0,0,0,0,0,0,0,0,0,0,
Fully,2,0,2,0,0,0,1,0,0,1,0,0,0,0,0,0,0,0,0,0,0,0,0,0,0,
Future,2,0,1,1,0,0,2,0,0,0,0,0,0,0,0,0,0,0,0,0,0,0,0,0,0,
g,1,1,0,0,0,1,0,0,0,0,0,0,0,0,0,0,0,0,0,0,0,0,0,0,0,
Gallery,3,0,3,0,0,0,0,0,3,0,0,0,0,0,0,0,0,0,0,0,0,0,0,0,0,
generate,12,12,0,0,0,12,0,0,0,0,0,0,0,0,0,0,0,0,0,0,0,0,0,0,0,
Generator,1,0,0,1,0,0,0,1,0,0,0,0,0,0,0,0,0,0,0,0,0,0,0,0,0,
Generic,2,0,2,0,0,0,2,0,0,0,0,0,0,0,0,0,0,0,0,0,0,0,0,0,0,
Geocoded,1,0,1,0,0,0,1,0,0,0,0,0,0,0,0,0,0,0,0,0,0,0,0,0,0,
Get,1169,1112,57,0,4,1112,56,0,0,0,1,0,0,0,0,0,0,0,0,0,0,0,0,0,0,
Getter,2,0,0,2,0,0,0,2,0,0,0,0,0,0,0,0,0,0,0,0,0,0,0,0,0,
Given,5,0,5,0,0,0,1,4,0,0,0,0,0,0,0,0,0,0,0,0,0,0,0,0,0,
Global,2,0,2,0,0,0,2,0,0,0,0,0,0,0,0,0,0,0,0,0,0,0,0,0,0,
Gone,1,0,0,1,0,0,0,0,1,0,0,0,0,0,0,0,0,0,0,0,0,0,0,0,0,
Google,27,1,22,4,0,1,5,6,1,9,0,3,1,0,1,0,0,0,0,0,0,0,0,0,0,
Gradient,1,0,1,0,0,0,1,0,0,0,0,0,0,0,0,0,0,0,0,0,0,0,0,0,0,
Granted,2,0,0,2,0,0,0,2,0,0,0,0,0,0,0,0,0,0,0,0,0,0,0,0,0,
Graphic,5,0,4,1,0,0,1,4,0,0,0,0,0,0,0,0,0,0,0,0,0,0,0,0,0,
Greater,2,0,0,2,0,0,0,0,0,0,0,0,2,0,0,0,0,0,0,0,0,0,0,0,0,
Group,122,14,86,22,0,14,67,23,9,6,2,0,0,0,1,0,0,0,0,0,0,0,0,0,0,
Groupcreates,2,0,2,0,0,0,1,0,1,0,0,0,0,0,0,0,0,0,0,0,0,0,0,0,0,
Groupmarks,1,0,1,0,0,0,0,1,0,0,0,0,0,0,0,0,0,0,0,0,0,0,0,0,0,
Groupremoves,1,0,1,0,0,0,0,0,1,0,0,0,0,0,0,0,0,0,0,0,0,0,0,0,0,
Grouprestores,1,0,1,0,0,0,0,0,0,1,0,0,0,0,0,0,0,0,0,0,0,0,0,0,0,
Groupreturns,2,0,2,0,0,0,0,0,0,0,1,1,0,0,0,0,0,0,0,0,0,0,0,0,0,
Groups,11,3,5,3,0,3,6,1,0,0,0,1,0,0,0,0,0,0,0,0,0,0,0,0,0,
Guests,4,0,3,1,0,0,3,0,0,1,0,0,0,0,0,0,0,0,0,0,0,0,0,0,0,
Hamburger,9,0,9,0,0,0,7,1,1,0,0,0,0,0,0,0,0,0,0,0,0,0,0,0,0,
handle,25,21,4,0,0,21,4,0,0,0,0,0,0,0,0,0,0,0,0,0,0,0,0,0,0,
Handler,16,2,1,13,0,2,5,3,5,0,1,0,0,0,0,0,0,0,0,0,0,0,0,0,0,
hangouts,3,2,1,0,0,2,1,0,0,0,0,0,0,0,0,0,0,0,0,0,0,0,0,0,0,
Happened,2,0,2,0,0,0,0,0,0,0,2,0,0,0,0,0,0,0,0,0,0,0,0,0,0,
Hard,1,0,1,0,0,0,1,0,0,0,0,0,0,0,0,0,0,0,0,0,0,0,0,0,0,
has,83,73,10,0,0,73,6,1,0,2,0,1,0,0,0,0,0,0,0,0,0,0,0,0,0,
hash,11,11,0,0,0,11,0,0,0,0,0,0,0,0,0,0,0,0,0,0,0,0,0,0,0,
Have,5,0,5,0,0,0,1,1,2,0,0,0,0,0,0,1,0,0,0,0,0,0,0,0,0,
Header,79,2,55,22,0,2,24,36,14,2,1,0,0,0,0,0,0,0,0,0,0,0,0,0,0,
Headers,4,0,2,2,0,0,0,2,2,0,0,0,0,0,0,0,0,0,0,0,0,0,0,0,0,
Hearing,1,0,1,0,0,0,1,0,0,0,0,0,0,0,0,0,0,0,0,0,0,0,0,0,0,
Height,19,0,6,13,0,0,3,7,5,2,1,1,0,0,0,0,0,0,0,0,0,0,0,0,0,
Heights,1,0,0,1,0,0,0,0,1,0,0,0,0,0,0,0,0,0,0,0,0,0,0,0,0,
Help,3,0,3,0,0,0,2,1,0,0,0,0,0,0,0,0,0,0,0,0,0,0,0,0,0,
Helper,5,0,0,5,0,0,0,3,1,1,0,0,0,0,0,0,0,0,0,0,0,0,0,0,0,
Hide,16,11,5,0,0,11,4,0,1,0,0,0,0,0,0,0,0,0,0,0,0,0,0,0,0,
Highlight,11,1,3,7,0,1,2,5,2,1,0,0,0,0,0,0,0,0,0,0,0,0,0,0,0,
Highlighted,1,0,1,0,0,0,1,0,0,0,0,0,0,0,0,0,0,0,0,0,0,0,0,0,0,
Highlighter,1,0,0,1,0,0,1,0,0,0,0,0,0,0,0,0,0,0,0,0,0,0,0,0,0,
History,3,0,0,3,0,0,0,3,0,0,0,0,0,0,0,0,0,0,0,0,0,0,0,0,0,
hit,2,2,0,0,0,2,0,0,0,0,0,0,0,0,0,0,0,0,0,0,0,0,0,0,0,
Holder,1,0,0,1,0,0,1,0,0,0,0,0,0,0,0,0,0,0,0,0,0,0,0,0,0,
Home,7,0,5,2,0,0,2,3,0,0,0,0,0,2,0,0,0,0,0,0,0,0,0,0,0,
Html,1,0,1,0,0,0,1,0,0,0,0,0,0,0,0,0,0,0,0,0,0,0,0,0,0,
hue,1,1,0,0,1,1,0,0,0,0,0,0,0,0,0,0,0,0,0,0,0,0,0,0,0,
Icon,49,0,14,35,0,0,18,20,9,2,0,0,0,0,0,0,0,0,0,0,0,0,0,0,0,
Id,136,0,18,118,0,0,14,43,43,22,11,1,1,1,0,0,0,0,0,0,0,0,0,0,0,
Identity,3,1,0,2,0,1,1,1,0,0,0,0,0,0,0,0,0,0,0,0,0,0,0,0,0,
Idle,1,0,0,1,0,0,1,0,0,0,0,0,0,0,0,0,0,0,0,0,0,0,0,0,0,
Ids,24,0,7,17,0,0,0,5,17,1,1,0,0,0,0,0,0,0,0,0,0,0,0,0,0,
If,17,0,17,0,0,0,3,3,4,4,2,1,0,0,0,0,0,0,0,0,0,0,0,0,0,
Ignore,2,0,2,0,0,0,0,0,2,0,0,0,0,0,0,0,0,0,0,0,0,0,0,0,0,
ignores,1,1,0,0,0,1,0,0,0,0,0,0,0,0,0,0,0,0,0,0,0,0,0,0,0,
Im,13,1,10,2,0,1,7,3,2,0,0,0,0,0,0,0,0,0,0,0,0,0,0,0,0,
Image,22,1,18,3,0,1,5,14,1,1,0,0,0,0,0,0,0,0,0,0,0,0,0,0,0,
Images,1,0,0,1,0,0,0,1,0,0,0,0,0,0,0,0,0,0,0,0,0,0,0,0,0,
Impl,6,0,0,6,0,0,1,1,3,1,0,0,0,0,0,0,0,0,0,0,0,0,0,0,0,
import,41,11,25,5,0,11,28,2,0,0,0,0,0,0,0,0,0,0,0,0,0,0,0,0,0,
Importable,1,0,0,1,0,0,1,0,0,0,0,0,0,0,0,0,0,0,0,0,0,0,0,0,0,
Imported,4,0,3,1,0,0,3,1,0,0,0,0,0,0,0,0,0,0,0,0,0,0,0,0,0,
Importing,2,0,1,1,0,0,2,0,0,0,0,0,0,0,0,0,0,0,0,0,0,0,0,0,0,
Imports,1,0,0,1,0,0,0,0,0,0,0,0,1,0,0,0,0,0,0,0,0,0,0,0,0,
In,49,0,46,3,0,0,27,13,8,1,0,0,0,0,0,0,0,0,0,0,0,0,0,0,0,
Inactive,1,0,0,1,0,0,1,0,0,0,0,0,0,0,0,0,0,0,0,0,0,0,0,0,0,
inc,2,2,0,0,0,2,0,0,0,0,0,0,0,0,0,0,0,0,0,0,0,0,0,0,0,
Include,5,0,5,0,0,0,5,0,0,0,0,0,0,0,0,0,0,0,0,0,0,0,0,0,0,
Including,1,0,1,0,0,0,0,0,1,0,0,0,0,0,0,0,0,0,0,0,0,0,0,0,0,
Incorrect,1,0,1,0,0,0,0,0,0,0,0,0,1,0,0,0,0,0,0,0,0,0,0,0,0,
Index,13,3,7,3,0,3,7,1,1,1,0,0,0,0,0,0,0,0,0,0,0,0,0,0,0,
Indexed,2,0,2,0,0,0,2,0,0,0,0,0,0,0,0,0,0,0,0,0,0,0,0,0,0,
Indexer,6,1,1,4,0,1,3,2,0,0,0,0,0,0,0,0,0,0,0,0,0,0,0,0,0,
inflate,26,17,0,9,2,17,0,9,0,0,0,0,0,0,0,0,0,0,0,0,0,0,0,0,0,
Inflater,2,0,0,2,0,0,1,1,0,0,0,0,0,0,0,0,0,0,0,0,0,0,0,0,0,
Info,24,0,11,13,0,0,1,9,10,4,0,0,0,0,0,0,0,0,0,0,0,0,0,0,0,
Inherited,1,0,1,0,0,0,0,0,0,1,0,0,0,0,0,0,0,0,0,0,0,0,0,0,0,
init,7,7,0,0,4,7,0,0,0,0,0,0,0,0,0,0,0,0,0,0,0,0,0,0,0,
Initial,1,0,1,0,0,0,1,0,0,0,0,0,0,0,0,0,0,0,0,0,0,0,0,0,0,
initialize,11,11,0,0,5,11,0,0,0,0,0,0,0,0,0,0,0,0,0,0,0,0,0,0,0,
Initialized,1,0,0,1,0,0,1,0,0,0,0,0,0,0,0,0,0,0,0,0,0,0,0,0,0,
Initiation,1,0,1,0,0,0,0,1,0,0,0,0,0,0,0,0,0,0,0,0,0,0,0,0,0,
inject,2,2,0,0,0,2,0,0,0,0,0,0,0,0,0,0,0,0,0,0,0,0,0,0,0,
Injected,1,0,1,0,0,0,1,0,0,0,0,0,0,0,0,0,0,0,0,0,0,0,0,0,0,
Inner,1,0,0,1,0,0,0,0,1,0,0,0,0,0,0,0,0,0,0,0,0,0,0,0,0,
Input,3,0,3,0,0,0,3,0,0,0,0,0,0,0,0,0,0,0,0,0,0,0,0,0,0,
Insensitive,1,0,1,0,0,0,0,0,1,0,0,0,0,0,0,0,0,0,0,0,0,0,0,0,0,
Insert,43,9,11,23,3,9,11,7,7,5,1,2,1,0,0,0,0,0,0,0,0,0,0,0,0,
Inserted,1,0,1,0,0,0,1,0,0,0,0,0,0,0,0,0,0,0,0,0,0,0,0,0,0,
Inserts,1,0,0,1,0,0,1,0,0,0,0,0,0,0,0,0,0,0,0,0,0,0,0,0,0,
Insets,1,0,0,1,0,0,0,0,1,0,0,0,0,0,0,0,0,0,0,0,0,0,0,0,0,
Instance,71,0,48,23,0,0,25,45,0,0,1,0,0,0,0,0,0,0,0,0,0,0,0,0,0,
Int,4,0,0,4,0,0,4,0,0,0,0,0,0,0,0,0,0,0,0,0,0,0,0,0,0,
Integer,2,0,0,2,0,0,1,1,0,0,0,0,0,0,0,0,0,0,0,0,0,0,0,0,0,
Integration,1,1,0,0,0,1,0,0,0,0,0,0,0,0,0,0,0,0,0,0,0,0,0,0,0,
Intent,98,1,30,67,0,1,25,30,27,12,3,0,0,0,0,0,0,0,0,0,0,0,0,0,0,
Interaction,9,0,6,3,0,0,7,2,0,0,0,0,0,0,0,0,0,0,0,0,0,0,0,0,0,
Interactions,7,0,5,2,0,0,4,1,1,1,0,0,0,0,0,0,0,0,0,0,0,0,0,0,0,
Interactionsmax,1,0,1,0,0,0,0,0,1,0,0,0,0,0,0,0,0,0,0,0,0,0,0,0,0,
Interactionsprune,2,0,2,0,0,0,0,0,2,0,0,0,0,0,0,0,0,0,0,0,0,0,0,0,0,
Intercept,4,0,4,0,0,0,4,0,0,0,0,0,0,0,0,0,0,0,0,0,0,0,0,0,0,
Interceptor,1,0,1,0,0,0,0,1,0,0,0,0,0,0,0,0,0,0,0,0,0,0,0,0,0,
Internal,8,0,0,8,0,0,2,1,3,1,1,0,0,0,0,0,0,0,0,0,0,0,0,0,0,
Interpolated,1,0,1,0,0,0,1,0,0,0,0,0,0,0,0,0,0,0,0,0,0,0,0,0,0,
Interpolating,1,1,0,0,0,1,0,0,0,0,0,0,0,0,0,0,0,0,0,0,0,0,0,0,0,
Interpolation,1,0,0,1,0,0,1,0,0,0,0,0,0,0,0,0,0,0,0,0,0,0,0,0,0,
Interpolator,1,0,0,1,0,0,0,1,0,0,0,0,0,0,0,0,0,0,0,0,0,0,0,0,0,
Interval,1,0,1,0,0,0,0,1,0,0,0,0,0,0,0,0,0,0,0,0,0,0,0,0,0,
Into,2,0,2,0,0,0,1,1,0,0,0,0,0,0,0,0,0,0,0,0,0,0,0,0,0,
Intrinsic,2,0,2,0,0,0,2,0,0,0,0,0,0,0,0,0,0,0,0,0,0,0,0,0,0,
Invalid,5,0,5,0,0,0,3,0,0,0,2,0,0,0,0,0,0,0,0,0,0,0,0,0,0,
invalidate,6,6,0,0,2,6,0,0,0,0,0,0,0,0,0,0,0,0,0,0,0,0,0,0,0,
Invalidated,3,0,0,3,0,0,2,0,0,1,0,0,0,0,0,0,0,0,0,0,0,0,0,0,0,
Invalidation,2,0,0,2,0,0,0,0,0,1,0,1,0,0,0,0,0,0,0,0,0,0,0,0,0,
Invisible,4,0,3,1,0,0,2,2,0,0,0,0,0,0,0,0,0,0,0,0,0,0,0,0,0,
Invitable,1,0,1,0,0,0,1,0,0,0,0,0,0,0,0,0,0,0,0,0,0,0,0,0,0,
Invite,9,0,9,0,0,0,6,2,1,0,0,0,0,0,0,0,0,0,0,0,0,0,0,0,0,
Invoke,11,2,9,0,0,2,8,0,1,0,0,0,0,0,0,0,0,0,0,0,0,0,0,0,0,
Is,316,275,41,0,0,275,36,3,0,0,0,0,1,1,0,0,0,0,0,0,0,0,0,0,0,
Iso,6,0,0,6,0,0,0,0,3,3,0,0,0,0,0,0,0,0,0,0,0,0,0,0,0,
Item,155,0,108,47,0,0,64,67,20,2,1,1,0,0,0,0,0,0,0,0,0,0,0,0,0,
Item2,1,0,0,1,0,0,0,0,1,0,0,0,0,0,0,0,0,0,0,0,0,0,0,0,0,
Items,16,0,11,5,0,0,4,6,4,0,1,1,0,0,0,0,0,0,0,0,0,0,0,0,0,
Iterator,1,0,0,1,0,0,1,0,0,0,0,0,0,0,0,0,0,0,0,0,0,0,0,0,0,
Job,9,0,3,6,0,0,2,4,3,0,0,0,0,0,0,0,0,0,0,0,0,0,0,0,0,
Jobschedules,1,0,1,0,0,0,0,1,0,0,0,0,0,0,0,0,0,0,0,0,0,0,0,0,0,
Join,19,9,10,0,0,9,10,0,0,0,0,0,0,0,0,0,0,0,0,0,0,0,0,0,0,
Joining,1,0,0,1,0,0,0,0,1,0,0,0,0,0,0,0,0,0,0,0,0,0,0,0,0,
Jpeg,1,0,1,0,0,0,1,0,0,0,0,0,0,0,0,0,0,0,0,0,0,0,0,0,0,
jump,1,1,0,0,0,1,0,0,0,0,0,0,0,0,0,0,0,0,0,0,0,0,0,0,0,
Keep,2,0,2,0,0,0,1,0,1,0,0,0,0,0,0,0,0,0,0,0,0,0,0,0,0,
Key,18,1,3,14,0,1,5,7,4,1,0,0,0,0,0,0,0,0,0,0,0,0,0,0,0,
Keyboard,2,0,0,2,0,0,0,2,0,0,0,0,0,0,0,0,0,0,0,0,0,0,0,0,0,
Keys,1,0,0,1,0,0,0,0,0,0,0,1,0,0,0,0,0,0,0,0,0,0,0,0,0,
Keyshould,1,0,1,0,0,0,0,0,0,0,0,0,1,0,0,0,0,0,0,0,0,0,0,0,0,
Kind,61,3,49,9,0,3,13,45,0,0,0,0,0,0,0,0,0,0,0,0,0,0,0,0,0,
Kinds,1,0,0,1,0,0,0,0,1,0,0,0,0,0,0,0,0,0,0,0,0,0,0,0,0,
Known,3,0,3,0,0,0,0,1,1,0,0,0,0,1,0,0,0,0,0,0,0,0,0,0,0,
Label,67,0,26,41,0,0,22,28,12,3,1,0,0,0,1,0,0,0,0,0,0,0,0,0,0,
Labeled,1,1,0,0,0,1,0,0,0,0,0,0,0,0,0,0,0,0,0,0,0,0,0,0,0,
Labels,3,0,0,3,0,0,0,0,0,0,0,0,1,0,2,0,0,0,0,0,0,0,0,0,0,
Large,3,2,1,0,0,2,0,1,0,0,0,0,0,0,0,0,0,0,0,0,0,0,0,0,0,
Last,8,0,6,2,0,0,6,2,0,0,0,0,0,0,0,0,0,0,0,0,0,0,0,0,0,
Launch,4,3,1,0,0,3,1,0,0,0,0,0,0,0,0,0,0,0,0,0,0,0,0,0,0,
Launcher,3,0,3,0,0,0,2,0,0,0,1,0,0,0,0,0,0,0,0,0,0,0,0,0,0,
launching,1,1,0,0,0,1,0,0,0,0,0,0,0,0,0,0,0,0,0,0,0,0,0,0,0,
Layer,4,0,2,2,0,0,0,4,0,0,0,0,0,0,0,0,0,0,0,0,0,0,0,0,0,
Layout,36,4,11,21,0,4,16,6,8,0,1,0,0,1,0,0,0,0,0,0,0,0,0,0,0,
Least,1,0,1,0,0,0,0,0,0,0,0,0,1,0,0,0,0,0,0,0,0,0,0,0,0,
Leave,1,0,1,0,0,0,0,1,0,0,0,0,0,0,0,0,0,0,0,0,0,0,0,0,0,
Left,2,0,2,0,0,0,2,0,0,0,0,0,0,0,0,0,0,0,0,0,0,0,0,0,0,
Legacy,9,3,6,0,0,3,5,0,1,0,0,0,0,0,0,0,0,0,0,0,0,0,0,0,0,
Length,2,0,0,2,0,0,0,0,0,2,0,0,0,0,0,0,0,0,0,0,0,0,0,0,0,
Letter,6,1,3,2,0,1,3,1,1,0,0,0,0,0,0,0,0,0,0,0,0,0,0,0,0,
Level,4,0,0,4,0,0,0,2,2,0,0,0,0,0,0,0,0,0,0,0,0,0,0,0,0,
Limit,9,0,1,8,0,0,2,3,3,1,0,0,0,0,0,0,0,0,0,0,0,0,0,0,0,
Line,3,0,0,3,0,0,0,2,1,0,0,0,0,0,0,0,0,0,0,0,0,0,0,0,0,
Linear,2,0,2,0,0,0,0,2,0,0,0,0,0,0,0,0,0,0,0,0,0,0,0,0,0,
Lines,1,0,0,1,0,0,0,1,0,0,0,0,0,0,0,0,0,0,0,0,0,0,0,0,0,
Link,1,0,1,0,0,0,1,0,0,0,0,0,0,0,0,0,0,0,0,0,0,0,0,0,0,
Linked,2,0,2,0,0,0,0,1,1,0,0,0,0,0,0,0,0,0,0,0,0,0,0,0,0,
List,113,0,102,11,0,0,50,38,13,9,2,0,0,0,1,0,0,0,0,0,0,0,0,0,0,
Listenable,1,1,0,0,0,1,0,0,0,0,0,0,0,0,0,0,0,0,0,0,0,0,0,0,0,
Listener,58,0,0,58,0,0,22,11,9,6,7,3,0,0,0,0,0,0,0,0,0,0,0,0,0,
Listeners,1,0,0,1,0,0,1,0,0,0,0,0,0,0,0,0,0,0,0,0,0,0,0,0,0,
Load,100,63,33,4,1,63,33,2,1,0,0,1,0,0,0,0,0,0,0,0,0,0,0,0,0,
Loaded,15,0,2,13,0,0,3,9,2,1,0,0,0,0,0,0,0,0,0,0,0,0,0,0,0,
Loader,70,1,14,55,0,1,26,36,6,1,0,0,0,0,0,0,0,0,0,0,0,0,0,0,0,
Loaders,3,0,0,3,0,0,0,3,0,0,0,0,0,0,0,0,0,0,0,0,0,0,0,0,0,
Loading,30,1,5,24,0,1,15,14,0,0,0,0,0,0,0,0,0,0,0,0,0,0,0,0,0,
Local,36,0,34,2,0,0,9,13,7,5,0,2,0,0,0,0,0,0,0,0,0,0,0,0,0,
Locale,3,0,1,2,0,0,2,1,0,0,0,0,0,0,0,0,0,0,0,0,0,0,0,0,0,
Localized,1,0,1,0,0,0,1,0,0,0,0,0,0,0,0,0,0,0,0,0,0,0,0,0,0,
Location,4,0,2,2,0,0,1,3,0,0,0,0,0,0,0,0,0,0,0,0,0,0,0,0,0,
Locator,3,0,0,3,0,0,1,0,1,1,0,0,0,0,0,0,0,0,0,0,0,0,0,0,0,
Lock,3,0,1,2,0,0,0,1,2,0,0,0,0,0,0,0,0,0,0,0,0,0,0,0,0,
Locked,1,0,0,1,0,0,1,0,0,0,0,0,0,0,0,0,0,0,0,0,0,0,0,0,0,
Log,15,6,9,0,0,6,4,4,1,0,0,0,0,0,0,0,0,0,0,0,0,0,0,0,0,
Logger,1,0,0,1,0,0,1,0,0,0,0,0,0,0,0,0,0,0,0,0,0,0,0,0,0,
Logo,1,0,0,1,0,0,0,1,0,0,0,0,0,0,0,0,0,0,0,0,0,0,0,0,0,
Lollipop,5,0,4,1,0,0,2,0,2,0,0,1,0,0,0,0,0,0,0,0,0,0,0,0,0,
Long,17,0,12,5,0,0,7,6,1,3,0,0,0,0,0,0,0,0,0,0,0,0,0,0,0,
Lookup,20,1,17,2,0,1,10,3,1,2,3,0,0,0,0,0,0,0,0,0,0,0,0,0,0,
Loss,1,0,0,1,0,0,0,0,1,0,0,0,0,0,0,0,0,0,0,0,0,0,0,0,0,
Lower,1,0,1,0,0,0,0,0,0,0,1,0,0,0,0,0,0,0,0,0,0,0,0,0,0,
M,3,0,0,3,0,0,0,0,1,0,0,0,0,0,0,2,0,0,0,0,0,0,0,0,0,
Mail,1,0,1,0,0,0,0,1,0,0,0,0,0,0,0,0,0,0,0,0,0,0,0,0,0,
Main,1,0,1,0,0,0,1,0,0,0,0,0,0,0,0,0,0,0,0,0,0,0,0,0,0,
make,3,3,0,0,0,3,0,0,0,0,0,0,0,0,0,0,0,0,0,0,0,0,0,0,0,
Manage,1,0,1,0,0,0,1,0,0,0,0,0,0,0,0,0,0,0,0,0,0,0,0,0,0,
Managed,1,0,1,0,0,0,1,0,0,0,0,0,0,0,0,0,0,0,0,0,0,0,0,0,0,
Manager,18,0,3,15,0,0,1,9,5,3,0,0,0,0,0,0,0,0,0,0,0,0,0,0,0,
Map,3,0,3,0,0,0,1,2,0,0,0,0,0,0,0,0,0,0,0,0,0,0,0,0,0,
Mapping,1,0,0,1,0,0,0,1,0,0,0,0,0,0,0,0,0,0,0,0,0,0,0,0,0,
Margin,3,0,0,3,0,0,0,2,0,0,1,0,0,0,0,0,0,0,0,0,0,0,0,0,0,
Margins,2,0,0,2,0,0,1,0,1,0,0,0,0,0,0,0,0,0,0,0,0,0,0,0,0,
mark,6,5,0,1,0,5,0,0,1,0,0,0,0,0,0,0,0,0,0,0,0,0,0,0,0,
Marked,2,0,2,0,0,0,2,0,0,0,0,0,0,0,0,0,0,0,0,0,0,0,0,0,0,
Marker,1,0,1,0,0,0,1,0,0,0,0,0,0,0,0,0,0,0,0,0,0,0,0,0,0,
Marks,3,0,0,3,0,0,1,0,2,0,0,0,0,0,0,0,0,0,0,0,0,0,0,0,0,
Marquee,1,0,1,0,0,0,1,0,0,0,0,0,0,0,0,0,0,0,0,0,0,0,0,0,0,
Marshmallow,2,0,1,1,0,0,1,0,1,0,0,0,0,0,0,0,0,0,0,0,0,0,0,0,0,
Mask,3,0,3,0,0,0,2,1,0,0,0,0,0,0,0,0,0,0,0,0,0,0,0,0,0,
Masking,1,0,1,0,0,0,1,0,0,0,0,0,0,0,0,0,0,0,0,0,0,0,0,0,0,
Match,3,0,2,1,0,0,0,0,0,1,0,0,2,0,0,0,0,0,0,0,0,0,0,0,0,
matches,3,3,0,0,2,3,0,0,0,0,0,0,0,0,0,0,0,0,0,0,0,0,0,0,0,
Matching,15,0,13,2,0,0,1,3,2,2,4,2,1,0,0,0,0,0,0,0,0,0,0,0,0,
Material,3,2,1,0,0,2,1,0,0,0,0,0,0,0,0,0,0,0,0,0,0,0,0,0,0,
Matrix,2,0,0,2,0,0,1,1,0,0,0,0,0,0,0,0,0,0,0,0,0,0,0,0,0,
Max,5,0,4,1,0,0,1,2,2,0,0,0,0,0,0,0,0,0,0,0,0,0,0,0,0,
Maximum,2,0,2,0,0,0,2,0,0,0,0,0,0,0,0,0,0,0,0,0,0,0,0,0,0,
maybe,12,12,0,0,0,12,0,0,0,0,0,0,0,0,0,0,0,0,0,0,0,0,0,0,0,
Measure,4,0,0,4,0,0,4,0,0,0,0,0,0,0,0,0,0,0,0,0,0,0,0,0,0,
Media,3,0,3,0,0,0,3,0,0,0,0,0,0,0,0,0,0,0,0,0,0,0,0,0,0,
Member,9,0,9,0,0,0,6,2,1,0,0,0,0,0,0,0,0,0,0,0,0,0,0,0,0,
Members,12,0,9,3,0,0,5,3,1,0,0,2,1,0,0,0,0,0,0,0,0,0,0,0,0,
Membership,17,0,15,2,0,0,4,12,0,1,0,0,0,0,0,0,0,0,0,0,0,0,0,0,0,
Memory,1,0,0,1,0,0,0,1,0,0,0,0,0,0,0,0,0,0,0,0,0,0,0,0,0,
Menu,43,0,20,23,0,0,3,17,21,2,0,0,0,0,0,0,0,0,0,0,0,0,0,0,0,
Merge,13,3,10,0,0,3,10,0,0,0,0,0,0,0,0,0,0,0,0,0,0,0,0,0,0,
Message,11,0,1,10,0,0,7,2,0,2,0,0,0,0,0,0,0,0,0,0,0,0,0,0,0,
Meta,14,0,14,0,0,0,2,11,0,0,1,0,0,0,0,0,0,0,0,0,0,0,0,0,0,
Metadata,3,0,1,2,0,0,0,3,0,0,0,0,0,0,0,0,0,0,0,0,0,0,0,0,0,
Method,39,0,27,12,0,0,5,22,3,3,6,0,0,0,0,0,0,0,0,0,0,0,0,0,0,
Middle,6,0,6,0,0,0,1,4,0,0,1,0,0,0,0,0,0,0,0,0,0,0,0,0,0,
Migrate,18,6,12,0,0,6,12,0,0,0,0,0,0,0,0,0,0,0,0,0,0,0,0,0,0,
Mime,12,0,12,0,0,0,11,1,0,0,0,0,0,0,0,0,0,0,0,0,0,0,0,0,0,
Mimetype,2,0,0,2,0,0,1,0,1,0,0,0,0,0,0,0,0,0,0,0,0,0,0,0,0,
Min,3,0,3,0,0,0,1,0,1,1,0,0,0,0,0,0,0,0,0,0,0,0,0,0,0,
Minute,2,0,2,0,0,0,0,0,0,0,0,0,2,0,0,0,0,0,0,0,0,0,0,0,0,
Misc,1,1,0,0,0,1,0,0,0,0,0,0,0,0,0,0,0,0,0,0,0,0,0,0,0,
Missing,1,0,1,0,0,0,0,0,0,0,1,0,0,0,0,0,0,0,0,0,0,0,0,0,0,
Mix,1,0,1,0,0,0,1,0,0,0,0,0,0,0,0,0,0,0,0,0,0,0,0,0,0,
Mock,7,6,1,0,0,6,1,0,0,0,0,0,0,0,0,0,0,0,0,0,0,0,0,0,0,
Mode,41,0,3,38,0,0,0,22,13,2,4,0,0,0,0,0,0,0,0,0,0,0,0,0,0,
Model,3,0,1,2,0,0,0,1,1,1,0,0,0,0,0,0,0,0,0,0,0,0,0,0,0,
Modify,1,0,0,1,0,0,0,0,1,0,0,0,0,0,0,0,0,0,0,0,0,0,0,0,0,
Month,3,0,1,2,0,0,2,0,1,0,0,0,0,0,0,0,0,0,0,0,0,0,0,0,0,
More,1,0,1,0,0,0,1,0,0,0,0,0,0,0,0,0,0,0,0,0,0,0,0,0,0,
motion,1,1,0,0,0,1,0,0,0,0,0,0,0,0,0,0,0,0,0,0,0,0,0,0,0,
Move,13,12,1,0,2,12,0,1,0,0,0,0,0,0,0,0,0,0,0,0,0,0,0,0,0,
Mr1,4,0,2,2,0,0,0,2,0,1,0,0,1,0,0,0,0,0,0,0,0,0,0,0,0,
Ms,1,0,0,1,0,0,0,0,1,0,0,0,0,0,0,0,0,0,0,0,0,0,0,0,0,
Msg,2,0,0,2,0,0,0,0,2,0,0,0,0,0,0,0,0,0,0,0,0,0,0,0,0,
MSIM,1,0,1,0,0,0,1,0,0,0,0,0,0,0,0,0,0,0,0,0,0,0,0,0,0,
Multi,11,6,5,0,0,6,4,1,0,0,0,0,0,0,0,0,0,0,0,0,0,0,0,0,0,
Multiple,6,0,6,0,0,0,4,1,0,1,0,0,0,0,0,0,0,0,0,0,0,0,0,0,0,
Multiplehas,2,0,2,0,0,0,0,0,0,0,0,2,0,0,0,0,0,0,0,0,0,0,0,0,0,
multiply,2,2,0,0,0,2,0,0,0,0,0,0,0,0,0,0,0,0,0,0,0,0,0,0,0,
My,2,0,2,0,0,0,1,0,0,0,1,0,0,0,0,0,0,0,0,0,0,0,0,0,0,
N,1,0,1,0,0,0,1,0,0,0,0,0,0,0,0,0,0,0,0,0,0,0,0,0,0,
Name,221,0,84,137,0,0,40,73,49,33,10,12,2,1,1,0,0,0,0,0,0,0,0,0,0,
Named,7,1,6,0,0,1,6,0,0,0,0,0,0,0,0,0,0,0,0,0,0,0,0,0,0,
Names,7,0,3,4,0,0,1,1,4,0,1,0,0,0,0,0,0,0,0,0,0,0,0,0,0,
Namespace,2,0,0,2,0,0,1,0,1,0,0,0,0,0,0,0,0,0,0,0,0,0,0,0,0,
Nav,1,1,0,0,0,1,0,0,0,0,0,0,0,0,0,0,0,0,0,0,0,0,0,0,0,
Navigation,1,0,1,0,0,0,1,0,0,0,0,0,0,0,0,0,0,0,0,0,0,0,0,0,0,
Ndef,1,0,1,0,0,0,1,0,0,0,0,0,0,0,0,0,0,0,0,0,0,0,0,0,0,
Need,2,1,1,0,0,1,1,0,0,0,0,0,0,0,0,0,0,0,0,0,0,0,0,0,0,
Needed,5,0,1,4,0,0,0,1,1,3,0,0,0,0,0,0,0,0,0,0,0,0,0,0,0,
Neighborhood,1,0,0,1,0,0,1,0,0,0,0,0,0,0,0,0,0,0,0,0,0,0,0,0,0,
Network,3,0,3,0,0,0,3,0,0,0,0,0,0,0,0,0,0,0,0,0,0,0,0,0,0,
New,65,47,17,1,0,47,10,1,5,1,0,0,1,0,0,0,0,0,0,0,0,0,0,0,0,
Newer,1,0,1,0,0,0,1,0,0,0,0,0,0,0,0,0,0,0,0,0,0,0,0,0,0,
Newest,2,0,2,0,0,0,2,0,0,0,0,0,0,0,0,0,0,0,0,0,0,0,0,0,0,
Newly,2,0,2,0,0,0,2,0,0,0,0,0,0,0,0,0,0,0,0,0,0,0,0,0,0,
Next,8,1,5,2,0,1,4,3,0,0,0,0,0,0,0,0,0,0,0,0,0,0,0,0,0,
Nexus,1,1,0,0,0,1,0,0,0,0,0,0,0,0,0,0,0,0,0,0,0,0,0,0,0,
Nfc,1,1,0,0,0,1,0,0,0,0,0,0,0,0,0,0,0,0,0,0,0,0,0,0,0,
Nickname,4,1,0,3,0,1,1,0,2,0,0,0,0,0,0,0,0,0,0,0,0,0,0,0,0,
No,14,2,12,0,0,2,2,0,1,4,3,0,2,0,0,0,0,0,0,0,0,0,0,0,0,
Non,14,0,14,0,0,0,4,5,1,1,1,1,0,1,0,0,0,0,0,0,0,0,0,0,0,
None,6,0,2,4,0,0,0,0,5,0,1,0,0,0,0,0,0,0,0,0,0,0,0,0,0,
Nonexistent,5,0,5,0,0,0,0,0,1,4,0,0,0,0,0,0,0,0,0,0,0,0,0,0,0,
Noop,1,0,0,1,0,0,1,0,0,0,0,0,0,0,0,0,0,0,0,0,0,0,0,0,0,
Normal,1,0,0,1,0,0,0,0,0,0,0,1,0,0,0,0,0,0,0,0,0,0,0,0,0,
normalize,3,3,0,0,0,3,0,0,0,0,0,0,0,0,0,0,0,0,0,0,0,0,0,0,0,
Normalized,2,0,2,0,0,0,1,1,0,0,0,0,0,0,0,0,0,0,0,0,0,0,0,0,0,
Normally,1,0,0,1,0,0,0,1,0,0,0,0,0,0,0,0,0,0,0,0,0,0,0,0,0,
Not,16,0,15,1,0,0,6,3,2,2,1,1,0,1,0,0,0,0,0,0,0,0,0,0,0,
Note,4,1,0,3,0,1,1,0,2,0,0,0,0,0,0,0,0,0,0,0,0,0,0,0,0,
Nothing,2,0,1,1,0,0,1,0,0,1,0,0,0,0,0,0,0,0,0,0,0,0,0,0,0,
Notification,24,1,5,18,0,1,1,14,3,2,3,0,0,0,0,0,0,0,0,0,0,0,0,0,0,
Notification0,2,0,2,0,0,0,0,0,0,0,2,0,0,0,0,0,0,0,0,0,0,0,0,0,0,
Notification1,1,0,1,0,0,0,0,0,0,0,1,0,0,0,0,0,0,0,0,0,0,0,0,0,0,
Notificationnull,1,0,1,0,0,0,0,0,0,0,1,0,0,0,0,0,0,0,0,0,0,0,0,0,0,
Notifications,1,0,0,1,0,0,0,1,0,0,0,0,0,0,0,0,0,0,0,0,0,0,0,0,0,
Notificationsanitycheck,1,0,0,1,0,0,0,0,0,0,1,0,0,0,0,0,0,0,0,0,0,0,0,0,0,
Notify,21,12,9,0,0,12,4,0,5,0,0,0,0,0,0,0,0,0,0,0,0,0,0,0,0,
Notifying,2,2,0,0,0,2,0,0,0,0,0,0,0,0,0,0,0,0,0,0,0,0,0,0,0,
Nougat,1,0,1,0,0,0,1,0,0,0,0,0,0,0,0,0,0,0,0,0,0,0,0,0,0,
Now,1,0,0,1,0,0,1,0,0,0,0,0,0,0,0,0,0,0,0,0,0,0,0,0,0,
Null,44,2,30,12,0,2,8,1,7,6,11,0,0,6,3,0,0,0,0,0,0,0,0,0,0,
Nullable,1,0,1,0,0,0,0,1,0,0,0,0,0,0,0,0,0,0,0,0,0,0,0,0,0,
Num,7,0,7,0,0,0,7,0,0,0,0,0,0,0,0,0,0,0,0,0,0,0,0,0,0,
Number,57,0,25,32,0,0,16,27,8,4,2,0,0,0,0,0,0,0,0,0,0,0,0,0,0,
Numbers,6,0,4,2,0,0,0,0,5,0,1,0,0,0,0,0,0,0,0,0,0,0,0,0,0,
Numerics,1,0,0,1,0,0,0,0,1,0,0,0,0,0,0,0,0,0,0,0,0,0,0,0,0,
Objects,2,0,2,0,0,0,1,1,0,0,0,0,0,0,0,0,0,0,0,0,0,0,0,0,0,
Observer,4,0,0,4,0,0,2,2,0,0,0,0,0,0,0,0,0,0,0,0,0,0,0,0,0,
obtain,1,1,0,0,0,1,0,0,0,0,0,0,0,0,0,0,0,0,0,0,0,0,0,0,0,
Of,36,0,34,2,0,0,5,23,3,3,1,1,0,0,0,0,0,0,0,0,0,0,0,0,0,
Off,14,0,7,7,0,0,1,4,3,0,0,1,5,0,0,0,0,0,0,0,0,0,0,0,0,
Office,1,0,1,0,0,0,1,0,0,0,0,0,0,0,0,0,0,0,0,0,0,0,0,0,0,
offset,5,1,1,3,0,1,2,0,0,2,0,0,0,0,0,0,0,0,0,0,0,0,0,0,0,
Ok,1,0,1,0,0,0,0,0,1,0,0,0,0,0,0,0,0,0,0,0,0,0,0,0,0,
Old,2,0,2,0,0,0,1,0,0,1,0,0,0,0,0,0,0,0,0,0,0,0,0,0,0,
omits,1,1,0,0,0,1,0,0,0,0,0,0,0,0,0,0,0,0,0,0,0,0,0,0,0,
On,770,738,31,1,0,738,16,9,3,2,2,0,0,0,0,0,0,0,0,0,0,0,0,0,0,
One,6,0,6,0,0,0,3,1,0,0,0,0,0,1,1,0,0,0,0,0,0,0,0,0,0,
Only,20,1,12,7,0,1,1,9,6,0,0,2,1,0,0,0,0,0,0,0,0,0,0,0,0,
Op,2,0,0,2,0,0,0,2,0,0,0,0,0,0,0,0,0,0,0,0,0,0,0,0,0,
Opacity,3,0,0,3,0,0,3,0,0,0,0,0,0,0,0,0,0,0,0,0,0,0,0,0,0,
Open,5,3,1,1,0,3,1,0,0,0,1,0,0,0,0,0,0,0,0,0,0,0,0,0,0,
Openable,1,0,1,0,0,0,1,0,0,0,0,0,0,0,0,0,0,0,0,0,0,0,0,0,0,
Opened,1,0,0,1,0,0,0,1,0,0,0,0,0,0,0,0,0,0,0,0,0,0,0,0,0,
Oper,1,0,0,1,0,0,1,0,0,0,0,0,0,0,0,0,0,0,0,0,0,0,0,0,0,
Operation,3,0,0,3,0,0,2,0,1,0,0,0,0,0,0,0,0,0,0,0,0,0,0,0,0,
Operations,3,0,0,3,0,0,1,1,1,0,0,0,0,0,0,0,0,0,0,0,0,0,0,0,0,
Optimal,9,0,9,0,0,0,1,8,0,0,0,0,0,0,0,0,0,0,0,0,0,0,0,0,0,
Optional,6,0,2,4,0,0,3,3,0,0,0,0,0,0,0,0,0,0,0,0,0,0,0,0,0,
Options,36,0,35,1,0,0,17,19,0,0,0,0,0,0,0,0,0,0,0,0,0,0,0,0,0,
Or,21,0,21,0,0,0,2,8,0,3,4,2,2,0,0,0,0,0,0,0,0,0,0,0,0,
Order,28,0,6,22,0,0,2,11,11,4,0,0,0,0,0,0,0,0,0,0,0,0,0,0,0,
Organization,5,1,1,3,0,1,0,1,2,1,0,0,0,0,0,0,0,0,0,0,0,0,0,0,0,
Organizer,2,0,0,2,0,0,1,1,0,0,0,0,0,0,0,0,0,0,0,0,0,0,0,0,0,
Original,5,0,4,1,0,0,4,0,0,0,0,1,0,0,0,0,0,0,0,0,0,0,0,0,0,
Other,4,0,2,2,0,0,0,2,0,0,0,0,2,0,0,0,0,0,0,0,0,0,0,0,0,
Others,2,0,0,2,0,0,0,0,1,1,0,0,0,0,0,0,0,0,0,0,0,0,0,0,0,
Out,1,0,0,1,0,0,1,0,0,0,0,0,0,0,0,0,0,0,0,0,0,0,0,0,0,
Outline,2,0,1,1,0,0,1,1,0,0,0,0,0,0,0,0,0,0,0,0,0,0,0,0,0,
Outside,1,0,1,0,0,0,0,1,0,0,0,0,0,0,0,0,0,0,0,0,0,0,0,0,0,
Overflow,1,0,1,0,0,0,1,0,0,0,0,0,0,0,0,0,0,0,0,0,0,0,0,0,0,
Overflowing,1,0,1,0,0,0,1,0,0,0,0,0,0,0,0,0,0,0,0,0,0,0,0,0,0,
Overlap,2,1,1,0,0,1,1,0,0,0,0,0,0,0,0,0,0,0,0,0,0,0,0,0,0,
Overlay,6,0,4,2,0,0,4,0,2,0,0,0,0,0,0,0,0,0,0,0,0,0,0,0,0,
Overload,1,0,0,1,0,0,0,0,0,0,1,0,0,0,0,0,0,0,0,0,0,0,0,0,0,
Overloaded,2,1,1,0,0,1,0,0,0,1,0,0,0,0,0,0,0,0,0,0,0,0,0,0,0,
Oversized,1,0,1,0,0,0,0,1,0,0,0,0,0,0,0,0,0,0,0,0,0,0,0,0,0,
Owned,1,0,1,0,0,0,1,0,0,0,0,0,0,0,0,0,0,0,0,0,0,0,0,0,0,
Package,9,0,7,2,0,0,1,5,1,0,2,0,0,0,0,0,0,0,0,0,0,0,0,0,0,
Padding,7,0,2,5,0,0,0,3,1,3,0,0,0,0,0,0,0,0,0,0,0,0,0,0,0,
Page,1,0,1,0,0,0,1,0,0,0,0,0,0,0,0,0,0,0,0,0,0,0,0,0,0,
Palette,3,0,0,3,0,0,2,1,0,0,0,0,0,0,0,0,0,0,0,0,0,0,0,0,0,
Param,2,0,2,0,0,0,0,2,0,0,0,0,0,0,0,0,0,0,0,0,0,0,0,0,0,
Parameter,5,0,2,3,0,0,0,2,1,0,1,0,0,1,0,0,0,0,0,0,0,0,0,0,0,
Parameters,7,0,2,5,0,0,1,1,1,0,1,2,0,1,0,0,0,0,0,0,0,0,0,0,0,
Params,4,0,0,4,0,0,1,1,1,1,0,0,0,0,0,0,0,0,0,0,0,0,0,0,0,
Parcel,42,1,4,37,0,1,4,37,0,0,0,0,0,0,0,0,0,0,0,0,0,0,0,0,0,
Parcelable,4,0,1,3,0,0,3,0,0,1,0,0,0,0,0,0,0,0,0,0,0,0,0,0,0,
Parcels,1,0,1,0,0,0,1,0,0,0,0,0,0,0,0,0,0,0,0,0,0,0,0,0,0,
Parent,1,0,1,0,0,0,1,0,0,0,0,0,0,0,0,0,0,0,0,0,0,0,0,0,0,
Parse,23,19,4,0,1,19,4,0,0,0,0,0,0,0,0,0,0,0,0,0,0,0,0,0,0,
Parsed,2,0,0,2,0,0,0,2,0,0,0,0,0,0,0,0,0,0,0,0,0,0,0,0,0,
Parser,1,0,0,1,0,0,1,0,0,0,0,0,0,0,0,0,0,0,0,0,0,0,0,0,0,
Partition,16,0,7,9,0,0,4,9,3,0,0,0,0,0,0,0,0,0,0,0,0,0,0,0,0,
Partitions,4,0,1,3,0,0,3,1,0,0,0,0,0,0,0,0,0,0,0,0,0,0,0,0,0,
Path,2,1,1,0,0,1,0,1,0,0,0,0,0,0,0,0,0,0,0,0,0,0,0,0,0,
Pattern,1,0,0,1,0,0,0,1,0,0,0,0,0,0,0,0,0,0,0,0,0,0,0,0,0,
Pause,8,1,0,7,1,1,7,0,0,0,0,0,0,0,0,0,0,0,0,0,0,0,0,0,0,
Pending,6,0,5,1,0,0,4,1,1,0,0,0,0,0,0,0,0,0,0,0,0,0,0,0,0,
People,2,2,0,0,0,2,0,0,0,0,0,0,0,0,0,0,0,0,0,0,0,0,0,0,0,
Perform,1,0,1,0,0,0,1,0,0,0,0,0,0,0,0,0,0,0,0,0,0,0,0,0,0,
Performance,1,0,1,0,0,0,1,0,0,0,0,0,0,0,0,0,0,0,0,0,0,0,0,0,0,
Periodic,1,0,0,1,0,0,1,0,0,0,0,0,0,0,0,0,0,0,0,0,0,0,0,0,0,
Permission,9,0,8,1,0,0,9,0,0,0,0,0,0,0,0,0,0,0,0,0,0,0,0,0,0,
Permissions,14,0,2,12,0,0,6,8,0,0,0,0,0,0,0,0,0,0,0,0,0,0,0,0,0,
Persist,13,8,1,4,0,8,5,0,0,0,0,0,0,0,0,0,0,0,0,0,0,0,0,0,0,
Persisted,2,0,1,1,0,0,1,0,1,0,0,0,0,0,0,0,0,0,0,0,0,0,0,0,0,
Persistent,1,0,1,0,0,0,1,0,0,0,0,0,0,0,0,0,0,0,0,0,0,0,0,0,0,
Person,2,0,1,1,0,0,2,0,0,0,0,0,0,0,0,0,0,0,0,0,0,0,0,0,0,
Phone,83,5,58,20,0,5,43,21,8,3,1,1,0,1,0,0,0,0,0,0,0,0,0,0,0,
Phones,1,0,0,1,0,0,0,0,0,1,0,0,0,0,0,0,0,0,0,0,0,0,0,0,0,
Phonetic,41,1,37,3,0,1,33,5,2,0,0,0,0,0,0,0,0,0,0,0,0,0,0,0,0,
Phonetics,1,0,1,0,0,0,1,0,0,0,0,0,0,0,0,0,0,0,0,0,0,0,0,0,0,
Photo,107,3,66,38,0,3,70,25,7,1,1,0,0,0,0,0,0,0,0,0,0,0,0,0,0,
Photos,9,0,3,6,0,0,3,4,1,0,1,0,0,0,0,0,0,0,0,0,0,0,0,0,0,
Pick,20,7,13,0,0,7,11,2,0,0,0,0,0,0,0,0,0,0,0,0,0,0,0,0,0,
Picked,1,0,0,1,0,0,0,1,0,0,0,0,0,0,0,0,0,0,0,0,0,0,0,0,0,
Picker,24,0,23,1,0,0,8,6,4,6,0,0,0,0,0,0,0,0,0,0,0,0,0,0,0,
Pickers,1,0,0,1,0,0,1,0,0,0,0,0,0,0,0,0,0,0,0,0,0,0,0,0,0,
Picture,1,0,1,0,0,0,0,1,0,0,0,0,0,0,0,0,0,0,0,0,0,0,0,0,0,
Pinned,20,2,17,1,0,2,14,3,1,0,0,0,0,0,0,0,0,0,0,0,0,0,0,0,0,
Pinneddisables,1,0,1,0,0,0,1,0,0,0,0,0,0,0,0,0,0,0,0,0,0,0,0,0,0,
Pinnedupdates,1,0,1,0,0,0,1,0,0,0,0,0,0,0,0,0,0,0,0,0,0,0,0,0,0,
place,2,2,0,0,0,2,0,0,0,0,0,0,0,0,0,0,0,0,0,0,0,0,0,0,0,
Placement,1,0,1,0,0,0,0,1,0,0,0,0,0,0,0,0,0,0,0,0,0,0,0,0,0,
Plus,1,0,1,0,0,0,1,0,0,0,0,0,0,0,0,0,0,0,0,0,0,0,0,0,0,
Pm,1,0,0,1,0,0,0,0,0,0,0,0,0,1,0,0,0,0,0,0,0,0,0,0,0,
Png,1,0,1,0,0,0,1,0,0,0,0,0,0,0,0,0,0,0,0,0,0,0,0,0,0,
PO,1,0,1,0,0,0,1,0,0,0,0,0,0,0,0,0,0,0,0,0,0,0,0,0,0,
point,6,1,0,5,0,1,3,2,0,0,0,0,0,0,0,0,0,0,0,0,0,0,0,0,0,
Pool,1,0,1,0,0,0,0,0,1,0,0,0,0,0,0,0,0,0,0,0,0,0,0,0,0,
pop,1,1,0,0,0,1,0,0,0,0,0,0,0,0,0,0,0,0,0,0,0,0,0,0,0,
populate,3,3,0,0,0,3,0,0,0,0,0,0,0,0,0,0,0,0,0,0,0,0,0,0,0,
Popup,2,0,1,1,0,0,2,0,0,0,0,0,0,0,0,0,0,0,0,0,0,0,0,0,0,
Position,31,0,6,25,0,0,8,11,10,2,0,0,0,0,0,0,0,0,0,0,0,0,0,0,0,
Positions,1,0,0,1,0,0,1,0,0,0,0,0,0,0,0,0,0,0,0,0,0,0,0,0,0,
Possible,5,3,1,1,0,3,1,0,0,0,1,0,0,0,0,0,0,0,0,0,0,0,0,0,0,
post,15,1,14,0,0,1,14,0,0,0,0,0,0,0,0,0,0,0,0,0,0,0,0,0,0,
Postal,22,2,15,5,0,2,9,7,0,4,0,0,0,0,0,0,0,0,0,0,0,0,0,0,0,
Postcode,1,0,0,1,0,0,1,0,0,0,0,0,0,0,0,0,0,0,0,0,0,0,0,0,0,
Pre,7,0,7,0,0,0,4,2,0,0,1,0,0,0,0,0,0,0,0,0,0,0,0,0,0,
Precedence,3,0,1,2,0,0,0,3,0,0,0,0,0,0,0,0,0,0,0,0,0,0,0,0,0,
Preference,23,0,12,11,0,0,3,4,5,3,1,5,2,0,0,0,0,0,0,0,0,0,0,0,0,
Preferences,24,0,7,17,0,0,4,12,0,0,0,0,8,0,0,0,0,0,0,0,0,0,0,0,0,
Preferred,18,0,18,0,0,0,2,16,0,0,0,0,0,0,0,0,0,0,0,0,0,0,0,0,0,
Prefix,23,0,10,13,0,0,4,2,4,7,3,2,1,0,0,0,0,0,0,0,0,0,0,0,0,
Prefs,1,0,1,0,0,0,0,1,0,0,0,0,0,0,0,0,0,0,0,0,0,0,0,0,0,
preload,2,1,0,1,0,1,0,0,1,0,0,0,0,0,0,0,0,0,0,0,0,0,0,0,0,
Preloading,1,0,0,1,0,0,1,0,0,0,0,0,0,0,0,0,0,0,0,0,0,0,0,0,0,
prepare,19,7,12,0,4,7,12,0,0,0,0,0,0,0,0,0,0,0,0,0,0,0,0,0,0,
Presence,11,0,4,7,0,0,9,2,0,0,0,0,0,0,0,0,0,0,0,0,0,0,0,0,0,
Present,1,0,0,1,0,0,0,0,1,0,0,0,0,0,0,0,0,0,0,0,0,0,0,0,0,
Presentation,1,0,0,1,0,0,0,1,0,0,0,0,0,0,0,0,0,0,0,0,0,0,0,0,0,
Presenter,1,0,0,1,0,0,0,1,0,0,0,0,0,0,0,0,0,0,0,0,0,0,0,0,0,
Pressed,11,0,2,9,0,0,0,8,3,0,0,0,0,0,0,0,0,0,0,0,0,0,0,0,0,
Previous,3,1,0,2,0,1,0,2,0,0,0,0,0,0,0,0,0,0,0,0,0,0,0,0,0,
Primary,30,1,13,16,0,1,10,14,1,0,2,0,0,0,2,0,0,0,0,0,0,0,0,0,0,
Prioritized,1,0,1,0,0,0,1,0,0,0,0,0,0,0,0,0,0,0,0,0,0,0,0,0,0,
Priority,2,0,2,0,0,0,2,0,0,0,0,0,0,0,0,0,0,0,0,0,0,0,0,0,0,
process,4,4,0,0,0,4,0,0,0,0,0,0,0,0,0,0,0,0,0,0,0,0,0,0,0,
Processed,4,0,0,4,0,0,0,4,0,0,0,0,0,0,0,0,0,0,0,0,0,0,0,0,0,
Processor,2,0,0,2,0,0,2,0,0,0,0,0,0,0,0,0,0,0,0,0,0,0,0,0,0,
Profile,11,0,7,4,0,0,2,6,2,0,0,1,0,0,0,0,0,0,0,0,0,0,0,0,0,
Progress,7,0,6,1,0,0,3,4,0,0,0,0,0,0,0,0,0,0,0,0,0,0,0,0,0,
Projection,11,0,1,10,0,0,7,4,0,0,0,0,0,0,0,0,0,0,0,0,0,0,0,0,0,
Promo,5,0,4,1,0,0,0,4,0,1,0,0,0,0,0,0,0,0,0,0,0,0,0,0,0,
Propagated,1,0,0,1,0,0,0,0,0,0,1,0,0,0,0,0,0,0,0,0,0,0,0,0,0,
Properties,2,0,0,2,0,0,1,0,1,0,0,0,0,0,0,0,0,0,0,0,0,0,0,0,0,
Proportional,1,1,0,0,0,1,0,0,0,0,0,0,0,0,0,0,0,0,0,0,0,0,0,0,0,
Protocol,4,0,1,3,0,0,3,1,0,0,0,0,0,0,0,0,0,0,0,0,0,0,0,0,0,
Provider,13,1,4,8,0,1,4,5,2,1,0,0,0,0,0,0,0,0,0,0,0,0,0,0,0,
prune,1,1,0,0,0,1,0,0,0,0,0,0,0,0,0,0,0,0,0,0,0,0,0,0,0,
pull,2,1,0,1,0,1,1,0,0,0,0,0,0,0,0,0,0,0,0,0,0,0,0,0,0,
Punctuation,1,0,0,1,0,0,0,0,1,0,0,0,0,0,0,0,0,0,0,0,0,0,0,0,0,
put,15,15,0,0,2,15,0,0,0,0,0,0,0,0,0,0,0,0,0,0,0,0,0,0,0,
Quantity,1,0,1,0,0,0,1,0,0,0,0,0,0,0,0,0,0,0,0,0,0,0,0,0,0,
Queries,2,0,0,2,0,0,1,0,1,0,0,0,0,0,0,0,0,0,0,0,0,0,0,0,0,
Query,65,19,32,14,6,19,23,8,9,1,1,2,2,0,0,0,0,0,0,0,0,0,0,0,0,
Question,4,1,3,0,0,1,0,3,0,0,0,0,0,0,0,0,0,0,0,0,0,0,0,0,0,
Quick,15,1,14,0,0,1,12,1,1,0,0,0,0,0,0,0,0,0,0,0,0,0,0,0,0,
Quietly,1,0,0,1,0,0,1,0,0,0,0,0,0,0,0,0,0,0,0,0,0,0,0,0,0,
quit,1,1,0,0,1,1,0,0,0,0,0,0,0,0,0,0,0,0,0,0,0,0,0,0,0,
random,2,2,0,0,0,2,0,0,0,0,0,0,0,0,0,0,0,0,0,0,0,0,0,0,0,
Range,1,0,0,1,0,0,0,1,0,0,0,0,0,0,0,0,0,0,0,0,0,0,0,0,0,
Rate,2,0,0,2,0,0,0,1,1,0,0,0,0,0,0,0,0,0,0,0,0,0,0,0,0,
Ratio,6,0,2,4,0,0,2,2,1,1,0,0,0,0,0,0,0,0,0,0,0,0,0,0,0,
Raw,87,10,77,0,0,10,35,22,12,4,1,1,1,1,0,0,0,0,0,0,0,0,0,0,0,
Rdate,1,0,0,1,0,0,1,0,0,0,0,0,0,0,0,0,0,0,0,0,0,0,0,0,0,
Re,1,0,1,0,0,0,0,0,0,0,0,0,1,0,0,0,0,0,0,0,0,0,0,0,0,
Reachability,1,0,0,1,0,0,1,0,0,0,0,0,0,0,0,0,0,0,0,0,0,0,0,0,0,
Reachable,4,0,2,2,0,0,2,2,0,0,0,0,0,0,0,0,0,0,0,0,0,0,0,0,0,
Read,28,10,16,2,0,10,12,5,0,0,1,0,0,0,0,0,0,0,0,0,0,0,0,0,0,
Ready,5,0,1,4,0,0,1,4,0,0,0,0,0,0,0,0,0,0,0,0,0,0,0,0,0,
Reason,1,0,1,0,0,0,1,0,0,0,0,0,0,0,0,0,0,0,0,0,0,0,0,0,0,
Rebind,2,1,1,0,0,1,1,0,0,0,0,0,0,0,0,0,0,0,0,0,0,0,0,0,0,
Rebuild,6,5,1,0,0,5,0,0,1,0,0,0,0,0,0,0,0,0,0,0,0,0,0,0,0,
Rebuilt,1,0,0,1,0,0,0,1,0,0,0,0,0,0,0,0,0,0,0,0,0,0,0,0,0,
Receive,11,0,1,10,0,0,11,0,0,0,0,0,0,0,0,0,0,0,0,0,0,0,0,0,0,
Receiver,2,0,0,2,0,0,0,2,0,0,0,0,0,0,0,0,0,0,0,0,0,0,0,0,0,
Recent,2,0,2,0,0,0,1,1,0,0,0,0,0,0,0,0,0,0,0,0,0,0,0,0,0,
Record,1,0,0,1,0,0,0,1,0,0,0,0,0,0,0,0,0,0,0,0,0,0,0,0,0,
Records,1,0,0,1,0,0,0,1,0,0,0,0,0,0,0,0,0,0,0,0,0,0,0,0,0,
Recreate,1,0,1,0,0,0,0,0,0,0,0,0,0,1,0,0,0,0,0,0,0,0,0,0,0,
Rect,1,0,1,0,0,0,0,1,0,0,0,0,0,0,0,0,0,0,0,0,0,0,0,0,0,
Rectangular,1,0,1,0,0,0,1,0,0,0,0,0,0,0,0,0,0,0,0,0,0,0,0,0,0,
Recursive,1,0,0,1,0,0,0,0,0,1,0,0,0,0,0,0,0,0,0,0,0,0,0,0,0,
Refresh,13,4,8,1,1,4,6,3,0,0,0,0,0,0,0,0,0,0,0,0,0,0,0,0,0,
Region,1,0,0,1,0,0,1,0,0,0,0,0,0,0,0,0,0,0,0,0,0,0,0,0,0,
register,5,5,0,0,1,5,0,0,0,0,0,0,0,0,0,0,0,0,0,0,0,0,0,0,0,
Registered,2,0,0,2,0,0,0,1,1,0,0,0,0,0,0,0,0,0,0,0,0,0,0,0,0,
Relation,4,1,1,2,0,1,1,0,2,0,0,0,0,0,0,0,0,0,0,0,0,0,0,0,0,
Relationship,1,0,0,1,0,0,0,1,0,0,0,0,0,0,0,0,0,0,0,0,0,0,0,0,0,
release,1,1,0,0,0,1,0,0,0,0,0,0,0,0,0,0,0,0,0,0,0,0,0,0,0,
reload,7,6,0,1,0,6,0,1,0,0,0,0,0,0,0,0,0,0,0,0,0,0,0,0,0,
Remain,1,0,0,1,0,0,0,0,1,0,0,0,0,0,0,0,0,0,0,0,0,0,0,0,0,
remember,1,1,0,0,0,1,0,0,0,0,0,0,0,0,0,0,0,0,0,0,0,0,0,0,0,
Remote,10,0,10,0,0,0,2,0,1,0,4,3,0,0,0,0,0,0,0,0,0,0,0,0,0,
Remove,29,24,5,0,1,24,4,0,1,0,0,0,0,0,0,0,0,0,0,0,0,0,0,0,0,
Removed,2,0,1,1,0,0,1,0,0,1,0,0,0,0,0,0,0,0,0,0,0,0,0,0,0,
Rename,2,1,1,0,0,1,0,1,0,0,0,0,0,0,0,0,0,0,0,0,0,0,0,0,0,
reorder,1,1,0,0,0,1,0,0,0,0,0,0,0,0,0,0,0,0,0,0,0,0,0,0,0,
replace,1,1,0,0,0,1,0,0,0,0,0,0,0,0,0,0,0,0,0,0,0,0,0,0,0,
Reply,1,0,1,0,0,0,1,0,0,0,0,0,0,0,0,0,0,0,0,0,0,0,0,0,0,
report,1,1,0,0,0,1,0,0,0,0,0,0,0,0,0,0,0,0,0,0,0,0,0,0,0,
Request,35,12,5,18,1,12,8,10,4,0,1,0,0,0,0,0,0,0,0,0,0,0,0,0,0,
Requested,6,0,2,4,0,0,2,3,0,0,1,0,0,0,0,0,0,0,0,0,0,0,0,0,0,
Requests,3,0,1,2,0,0,0,2,0,1,0,0,0,0,0,0,0,0,0,0,0,0,0,0,0,
Required,6,0,3,3,0,0,3,3,0,0,0,0,0,0,0,0,0,0,0,0,0,0,0,0,0,
Res,7,0,7,0,0,0,0,1,1,5,0,0,0,0,0,0,0,0,0,0,0,0,0,0,0,
reset,18,9,0,9,3,9,6,3,0,0,0,0,0,0,0,0,0,0,0,0,0,0,0,0,0,
resize,1,1,0,0,1,1,0,0,0,0,0,0,0,0,0,0,0,0,0,0,0,0,0,0,0,
resolve,14,10,2,2,0,10,2,2,0,0,0,0,0,0,0,0,0,0,0,0,0,0,0,0,0,
Resolver,12,2,2,8,0,2,1,9,0,0,0,0,0,0,0,0,0,0,0,0,0,0,0,0,0,
Resource,18,0,15,3,0,0,2,7,5,4,0,0,0,0,0,0,0,0,0,0,0,0,0,0,0,
Resources,1,0,1,0,0,0,1,0,0,0,0,0,0,0,0,0,0,0,0,0,0,0,0,0,0,
restart,1,1,0,0,0,1,0,0,0,0,0,0,0,0,0,0,0,0,0,0,0,0,0,0,0,
Restore,25,13,12,0,1,13,12,0,0,0,0,0,0,0,0,0,0,0,0,0,0,0,0,0,0,
Restored,2,0,2,0,0,0,2,0,0,0,0,0,0,0,0,0,0,0,0,0,0,0,0,0,0,
Result,60,0,11,49,0,0,13,30,7,4,4,1,1,0,0,0,0,0,0,0,0,0,0,0,0,
Resume,12,1,0,11,1,1,10,1,0,0,0,0,0,0,0,0,0,0,0,0,0,0,0,0,0,
Retrieve,1,0,0,1,0,0,0,0,0,0,1,0,0,0,0,0,0,0,0,0,0,0,0,0,0,
Return,9,5,4,0,0,5,0,0,2,1,1,0,0,0,0,0,0,0,0,0,0,0,0,0,0,
Returns,13,3,10,0,0,3,0,0,0,0,2,4,3,1,0,0,0,0,0,0,0,0,0,0,0,
Reversed,1,0,0,1,0,0,0,0,0,0,0,1,0,0,0,0,0,0,0,0,0,0,0,0,0,
revert,1,1,0,0,1,1,0,0,0,0,0,0,0,0,0,0,0,0,0,0,0,0,0,0,0,
Reverted,1,0,0,1,0,0,1,0,0,0,0,0,0,0,0,0,0,0,0,0,0,0,0,0,0,
Right,2,0,2,0,0,0,2,0,0,0,0,0,0,0,0,0,0,0,0,0,0,0,0,0,0,
Ringtone,9,0,5,4,0,0,4,5,0,0,0,0,0,0,0,0,0,0,0,0,0,0,0,0,0,
Ringtong,4,0,4,0,0,0,0,4,0,0,0,0,0,0,0,0,0,0,0,0,0,0,0,0,0,
Root,2,0,2,0,0,0,1,1,0,0,0,0,0,0,0,0,0,0,0,0,0,0,0,0,0,
Rotate,2,0,2,0,0,0,2,0,0,0,0,0,0,0,0,0,0,0,0,0,0,0,0,0,0,
Rotated,1,0,1,0,0,0,1,0,0,0,0,0,0,0,0,0,0,0,0,0,0,0,0,0,0,
Rounded,1,0,1,0,0,0,1,0,0,0,0,0,0,0,0,0,0,0,0,0,0,0,0,0,0,
Roundtrip,1,0,0,1,0,0,1,0,0,0,0,0,0,0,0,0,0,0,0,0,0,0,0,0,0,
Row,14,0,8,6,0,0,6,4,4,0,0,0,0,0,0,0,0,0,0,0,0,0,0,0,0,
Rowhas,1,0,1,0,0,0,0,0,1,0,0,0,0,0,0,0,0,0,0,0,0,0,0,0,0,
Rows,4,0,3,1,0,0,3,1,0,0,0,0,0,0,0,0,0,0,0,0,0,0,0,0,0,
Rrule,1,0,0,1,0,0,1,0,0,0,0,0,0,0,0,0,0,0,0,0,0,0,0,0,0,
Rtl,2,0,0,2,0,0,0,1,1,0,0,0,0,0,0,0,0,0,0,0,0,0,0,0,0,
run,30,30,0,0,25,30,0,0,0,0,0,0,0,0,0,0,0,0,0,0,0,0,0,0,0,
Runnable,1,0,0,1,0,0,1,0,0,0,0,0,0,0,0,0,0,0,0,0,0,0,0,0,0,
Running,1,0,0,1,0,0,1,0,0,0,0,0,0,0,0,0,0,0,0,0,0,0,0,0,0,
Safe,3,1,2,0,0,1,2,0,0,0,0,0,0,0,0,0,0,0,0,0,0,0,0,0,0,
Same,4,1,3,0,0,1,2,0,1,0,0,0,0,0,0,0,0,0,0,0,0,0,0,0,0,
Sample,13,0,13,0,0,0,0,1,12,0,0,0,0,0,0,0,0,0,0,0,0,0,0,0,0,
Samsung,2,1,1,0,0,1,1,0,0,0,0,0,0,0,0,0,0,0,0,0,0,0,0,0,0,
save,55,13,42,0,1,13,40,2,0,0,0,0,0,0,0,0,0,0,0,0,0,0,0,0,0,
Saved,10,4,5,1,0,4,5,0,0,0,0,0,0,0,1,0,0,0,0,0,0,0,0,0,0,
Scale,4,2,0,2,0,2,1,0,1,0,0,0,0,0,0,0,0,0,0,0,0,0,0,0,0,
Scan,1,0,1,0,0,0,1,0,0,0,0,0,0,0,0,0,0,0,0,0,0,0,0,0,0,
Scanner,3,0,2,1,0,0,0,3,0,0,0,0,0,0,0,0,0,0,0,0,0,0,0,0,0,
schedule,5,5,0,0,1,5,0,0,0,0,0,0,0,0,0,0,0,0,0,0,0,0,0,0,0,
Scheduled,1,0,0,1,0,0,0,1,0,0,0,0,0,0,0,0,0,0,0,0,0,0,0,0,0,
Schema,2,0,0,2,0,0,0,2,0,0,0,0,0,0,0,0,0,0,0,0,0,0,0,0,0,
Schemafallback,1,0,0,1,0,0,0,1,0,0,0,0,0,0,0,0,0,0,0,0,0,0,0,0,0,
Schemamust,2,0,2,0,0,0,0,2,0,0,0,0,0,0,0,0,0,0,0,0,0,0,0,0,0,
Screen,8,0,5,3,0,0,4,0,2,0,1,1,0,0,0,0,0,0,0,0,0,0,0,0,0,
Scrim,1,1,0,0,0,1,0,0,0,0,0,0,0,0,0,0,0,0,0,0,0,0,0,0,0,
Scroll,30,7,16,7,0,7,17,4,2,0,0,0,0,0,0,0,0,0,0,0,0,0,0,0,0,
Scrollable,1,0,1,0,0,0,0,1,0,0,0,0,0,0,0,0,0,0,0,0,0,0,0,0,0,
Scrollbar,7,0,6,1,0,0,0,6,1,0,0,0,0,0,0,0,0,0,0,0,0,0,0,0,0,
Scrolled,2,0,1,1,0,0,1,1,0,0,0,0,0,0,0,0,0,0,0,0,0,0,0,0,0,
Scroller,1,0,0,1,0,0,0,1,0,0,0,0,0,0,0,0,0,0,0,0,0,0,0,0,0,
Scrollignore,1,0,1,0,0,0,1,0,0,0,0,0,0,0,0,0,0,0,0,0,0,0,0,0,0,
Sdk,1,0,1,0,0,0,1,0,0,0,0,0,0,0,0,0,0,0,0,0,0,0,0,0,0,
Search,44,1,42,1,0,1,26,9,2,4,1,1,0,0,0,0,0,0,0,0,0,0,0,0,0,
Sec,4,0,0,4,0,0,0,0,1,2,0,1,0,0,0,0,0,0,0,0,0,0,0,0,0,
Second,2,0,2,0,0,0,1,1,0,0,0,0,0,0,0,0,0,0,0,0,0,0,0,0,0,
Secondary,4,0,3,1,0,0,1,1,1,1,0,0,0,0,0,0,0,0,0,0,0,0,0,0,0,
Section,30,0,25,5,0,0,18,6,5,1,0,0,0,0,0,0,0,0,0,0,0,0,0,0,0,
Sections,2,0,0,2,0,0,2,0,0,0,0,0,0,0,0,0,0,0,0,0,0,0,0,0,0,
See,1,0,1,0,0,0,0,0,1,0,0,0,0,0,0,0,0,0,0,0,0,0,0,0,0,
seed,1,1,0,0,0,1,0,0,0,0,0,0,0,0,0,0,0,0,0,0,0,0,0,0,0,
Seen,1,0,0,1,0,0,1,0,0,0,0,0,0,0,0,0,0,0,0,0,0,0,0,0,0,
select,17,9,8,0,0,9,7,1,0,0,0,0,0,0,0,0,0,0,0,0,0,0,0,0,0,
Selectable,2,0,1,1,0,0,1,1,0,0,0,0,0,0,0,0,0,0,0,0,0,0,0,0,0,
Selected,66,0,43,23,0,0,37,8,19,1,1,0,0,0,0,0,0,0,0,0,0,0,0,0,0,
Selection,51,0,38,13,0,0,24,18,7,2,0,0,0,0,0,0,0,0,0,0,0,0,0,0,0,
selections,5,1,2,2,0,1,2,1,0,1,0,0,0,0,0,0,0,0,0,0,0,0,0,0,0,
Selector,3,0,0,3,0,0,0,2,1,0,0,0,0,0,0,0,0,0,0,0,0,0,0,0,0,
Self,3,0,2,1,0,0,2,1,0,0,0,0,0,0,0,0,0,0,0,0,0,0,0,0,0,
Send,11,3,8,0,0,3,6,2,0,0,0,0,0,0,0,0,0,0,0,0,0,0,0,0,0,
Sent,1,0,0,1,0,0,0,1,0,0,0,0,0,0,0,0,0,0,0,0,0,0,0,0,0,
Separated,1,0,1,0,0,0,1,0,0,0,0,0,0,0,0,0,0,0,0,0,0,0,0,0,0,
Separator,2,0,0,2,0,0,2,0,0,0,0,0,0,0,0,0,0,0,0,0,0,0,0,0,0,
Sequence,3,0,0,3,0,0,1,0,2,0,0,0,0,0,0,0,0,0,0,0,0,0,0,0,0,
Sequences,1,0,0,1,0,0,0,1,0,0,0,0,0,0,0,0,0,0,0,0,0,0,0,0,0,
Service,32,0,16,16,0,0,15,9,3,5,0,0,0,0,0,0,0,0,0,0,0,0,0,0,0,
Services,2,0,0,2,0,0,1,1,0,0,0,0,0,0,0,0,0,0,0,0,0,0,0,0,0,
Set,473,425,21,27,1,425,15,10,10,6,2,0,3,2,0,0,0,0,0,0,0,0,0,0,0,
Sets,1,0,0,1,0,0,0,0,0,1,0,0,0,0,0,0,0,0,0,0,0,0,0,0,0,
Setter,1,0,0,1,0,0,0,0,1,0,0,0,0,0,0,0,0,0,0,0,0,0,0,0,0,
Settings,5,0,1,4,0,0,2,1,1,0,0,1,0,0,0,0,0,0,0,0,0,0,0,0,0,
setup,8,8,0,0,0,8,0,0,0,0,0,0,0,0,0,0,0,0,0,0,0,0,0,0,0,
Several,2,0,2,0,0,0,1,1,0,0,0,0,0,0,0,0,0,0,0,0,0,0,0,0,0,
Shadow,1,0,0,1,0,0,0,0,0,0,1,0,0,0,0,0,0,0,0,0,0,0,0,0,0,
Share,4,2,2,0,0,2,1,0,0,1,0,0,0,0,0,0,0,0,0,0,0,0,0,0,0,
Shareable,1,0,0,1,0,0,0,1,0,0,0,0,0,0,0,0,0,0,0,0,0,0,0,0,0,
Shared,13,0,13,0,0,0,11,2,0,0,0,0,0,0,0,0,0,0,0,0,0,0,0,0,0,
Short,4,0,3,1,0,0,4,0,0,0,0,0,0,0,0,0,0,0,0,0,0,0,0,0,0,
Shortcut,25,3,19,3,0,3,11,4,6,0,0,1,0,0,0,0,0,0,0,0,0,0,0,0,0,
Shortcutellipsizes,1,0,1,0,0,0,0,0,1,0,0,0,0,0,0,0,0,0,0,0,0,0,0,0,0,
Shortcutreturns,1,0,1,0,0,0,0,0,1,0,0,0,0,0,0,0,0,0,0,0,0,0,0,0,0,
Shortcuts,7,0,3,4,0,0,1,5,1,0,0,0,0,0,0,0,0,0,0,0,0,0,0,0,0,
Should,47,31,16,0,0,31,16,0,0,0,0,0,0,0,0,0,0,0,0,0,0,0,0,0,0,
Show,80,50,27,3,13,50,21,9,0,0,0,0,0,0,0,0,0,0,0,0,0,0,0,0,0,
Showing,1,0,0,1,0,0,0,1,0,0,0,0,0,0,0,0,0,0,0,0,0,0,0,0,0,
Shrink,1,0,1,0,0,0,1,0,0,0,0,0,0,0,0,0,0,0,0,0,0,0,0,0,0,
Shrinking,1,0,1,0,0,0,0,1,0,0,0,0,0,0,0,0,0,0,0,0,0,0,0,0,0,
Shutdown,3,1,0,2,0,1,1,0,0,1,0,0,0,0,0,0,0,0,0,0,0,0,0,0,0,
Sim,67,7,50,10,0,7,40,8,7,5,0,0,0,0,0,0,0,0,0,0,0,0,0,0,0,
Simple,3,1,1,1,0,1,0,0,0,2,0,0,0,0,0,0,0,0,0,0,0,0,0,0,0,
Sims,2,0,0,2,0,0,0,2,0,0,0,0,0,0,0,0,0,0,0,0,0,0,0,0,0,
Single,8,2,5,1,0,2,2,1,1,0,0,2,0,0,0,0,0,0,0,0,0,0,0,0,0,
Sip,4,1,3,0,0,1,2,0,1,0,0,0,0,0,0,0,0,0,0,0,0,0,0,0,0,
Size,19,1,10,8,0,1,0,3,5,10,0,0,0,0,0,0,0,0,0,0,0,0,0,0,0,
Size1,1,0,0,1,0,0,0,0,0,1,0,0,0,0,0,0,0,0,0,0,0,0,0,0,0,
Size2,1,0,0,1,0,0,0,0,0,1,0,0,0,0,0,0,0,0,0,0,0,0,0,0,0,
Size2a,1,0,0,1,0,0,0,0,0,1,0,0,0,0,0,0,0,0,0,0,0,0,0,0,0,
Size4,1,0,0,1,0,0,0,0,0,1,0,0,0,0,0,0,0,0,0,0,0,0,0,0,0,
Sized,1,0,1,0,0,0,0,1,0,0,0,0,0,0,0,0,0,0,0,0,0,0,0,0,0,
Sleep,2,1,1,0,0,1,1,0,0,0,0,0,0,0,0,0,0,0,0,0,0,0,0,0,0,
slide,1,1,0,0,0,1,0,0,0,0,0,0,0,0,0,0,0,0,0,0,0,0,0,0,0,
Smaller,4,0,4,0,0,0,1,3,0,0,0,0,0,0,0,0,0,0,0,0,0,0,0,0,0,
Smaller1,1,0,0,1,0,0,0,0,0,0,1,0,0,0,0,0,0,0,0,0,0,0,0,0,0,
Smaller2,1,0,0,1,0,0,0,0,0,0,1,0,0,0,0,0,0,0,0,0,0,0,0,0,0,
Smaller3,1,0,0,1,0,0,0,0,0,0,1,0,0,0,0,0,0,0,0,0,0,0,0,0,0,
Smaller4,1,0,0,1,0,0,0,0,0,0,1,0,0,0,0,0,0,0,0,0,0,0,0,0,0,
smoke,2,2,0,0,0,2,0,0,0,0,0,0,0,0,0,0,0,0,0,0,0,0,0,0,0,
smooth,2,2,0,0,0,2,0,0,0,0,0,0,0,0,0,0,0,0,0,0,0,0,0,0,0,
Sms,12,2,9,1,0,2,3,2,0,0,1,3,0,1,0,0,0,0,0,0,0,0,0,0,0,
snap,2,2,0,0,0,2,0,0,0,0,0,0,0,0,0,0,0,0,0,0,0,0,0,0,0,
Snapping,1,0,0,1,0,0,0,0,0,0,1,0,0,0,0,0,0,0,0,0,0,0,0,0,0,
Snapshot,1,0,0,1,0,0,0,1,0,0,0,0,0,0,0,0,0,0,0,0,0,0,0,0,0,
Snippet,6,0,2,4,0,0,4,2,0,0,0,0,0,0,0,0,0,0,0,0,0,0,0,0,0,
snippetize,1,1,0,0,1,1,0,0,0,0,0,0,0,0,0,0,0,0,0,0,0,0,0,0,0,
Soft,2,0,2,0,0,0,2,0,0,0,0,0,0,0,0,0,0,0,0,0,0,0,0,0,0,
soften,1,1,0,0,0,1,0,0,0,0,0,0,0,0,0,0,0,0,0,0,0,0,0,0,0,
Some,3,2,1,0,0,2,1,0,0,0,0,0,0,0,0,0,0,0,0,0,0,0,0,0,0,
Sort,25,2,23,0,0,2,8,7,8,0,0,0,0,0,0,0,0,0,0,0,0,0,0,0,0,
Sorted,1,0,1,0,0,0,1,0,0,0,0,0,0,0,0,0,0,0,0,0,0,0,0,0,0,
Source,7,1,3,3,0,1,3,2,1,0,0,0,0,0,0,0,0,0,0,0,0,0,0,0,0,
Spacer,2,0,2,0,0,0,1,1,0,0,0,0,0,0,0,0,0,0,0,0,0,0,0,0,0,
Spaces,2,0,0,2,0,0,0,0,2,0,0,0,0,0,0,0,0,0,0,0,0,0,0,0,0,
Span,7,0,2,5,0,0,0,6,1,0,0,0,0,0,0,0,0,0,0,0,0,0,0,0,0,
Spannable,3,0,1,2,0,0,0,2,1,0,0,0,0,0,0,0,0,0,0,0,0,0,0,0,0,
Spanned,2,0,1,1,0,0,0,2,0,0,0,0,0,0,0,0,0,0,0,0,0,0,0,0,0,
Spans,1,0,1,0,0,0,0,0,0,1,0,0,0,0,0,0,0,0,0,0,0,0,0,0,0,
Spec,1,0,0,1,0,0,0,1,0,0,0,0,0,0,0,0,0,0,0,0,0,0,0,0,0,
Specific,1,0,1,0,0,0,1,0,0,0,0,0,0,0,0,0,0,0,0,0,0,0,0,0,0,
Spinner,2,0,0,2,0,0,1,1,0,0,0,0,0,0,0,0,0,0,0,0,0,0,0,0,0,
Spinners,1,0,0,1,0,0,1,0,0,0,0,0,0,0,0,0,0,0,0,0,0,0,0,0,0,
Split,16,5,10,1,1,5,9,2,0,0,0,0,0,0,0,0,0,0,0,0,0,0,0,0,0,
Splitting,2,0,0,2,0,0,0,0,1,1,0,0,0,0,0,0,0,0,0,0,0,0,0,0,0,
Stable,3,0,3,0,0,0,3,0,0,0,0,0,0,0,0,0,0,0,0,0,0,0,0,0,0,
Stack,1,0,1,0,0,0,0,0,1,0,0,0,0,0,0,0,0,0,0,0,0,0,0,0,0,
Star,2,0,1,1,0,0,2,0,0,0,0,0,0,0,0,0,0,0,0,0,0,0,0,0,0,
Starred,6,0,3,3,0,0,5,1,0,0,0,0,0,0,0,0,0,0,0,0,0,0,0,0,0,
Start,94,53,23,18,6,53,33,4,2,1,1,0,0,0,0,0,0,0,0,0,0,0,0,0,0,
Started,3,0,0,3,0,0,3,0,0,0,0,0,0,0,0,0,0,0,0,0,0,0,0,0,0,
Starting,3,0,3,0,0,0,1,2,0,0,0,0,0,0,0,0,0,0,0,0,0,0,0,0,0,
State,87,1,14,72,1,1,17,19,46,2,2,0,0,0,0,0,0,0,0,0,0,0,0,0,0,
States,7,0,0,7,0,0,0,4,2,1,0,0,0,0,0,0,0,0,0,0,0,0,0,0,0,
Stats,1,0,0,1,0,0,1,0,0,0,0,0,0,0,0,0,0,0,0,0,0,0,0,0,0,
Status,32,1,17,14,0,1,19,6,4,2,0,0,0,0,0,0,0,0,0,0,0,0,0,0,0,
Statuses,2,0,0,2,0,0,2,0,0,0,0,0,0,0,0,0,0,0,0,0,0,0,0,0,0,
Stop,26,6,12,8,1,6,19,1,0,0,0,0,0,0,0,0,0,0,0,0,0,0,0,0,0,
Storage,1,0,1,0,0,0,1,0,0,0,0,0,0,0,0,0,0,0,0,0,0,0,0,0,0,
store,1,1,0,0,0,1,0,0,0,0,0,0,0,0,0,0,0,0,0,0,0,0,0,0,0,
Str,2,0,2,0,0,0,0,0,2,0,0,0,0,0,0,0,0,0,0,0,0,0,0,0,0,
Stream,2,0,2,0,0,0,2,0,0,0,0,0,0,0,0,0,0,0,0,0,0,0,0,0,0,
Street,1,0,0,1,0,0,1,0,0,0,0,0,0,0,0,0,0,0,0,0,0,0,0,0,0,
Strength,1,0,0,1,0,0,0,0,0,1,0,0,0,0,0,0,0,0,0,0,0,0,0,0,0,
Strequent,4,0,4,0,0,0,3,0,0,1,0,0,0,0,0,0,0,0,0,0,0,0,0,0,0,
String,81,0,12,69,0,0,39,29,7,4,2,0,0,0,0,0,0,0,0,0,0,0,0,0,0,
Stringable,1,1,0,0,0,1,0,0,0,0,0,0,0,0,0,0,0,0,0,0,0,0,0,0,0,
Stringified,1,0,0,1,0,0,1,0,0,0,0,0,0,0,0,0,0,0,0,0,0,0,0,0,0,
Stringify,6,3,3,0,1,3,3,0,0,0,0,0,0,0,0,0,0,0,0,0,0,0,0,0,0,
Strless,1,0,1,0,0,0,0,0,0,0,1,0,0,0,0,0,0,0,0,0,0,0,0,0,0,
Strn,1,0,1,0,0,0,0,0,0,0,1,0,0,0,0,0,0,0,0,0,0,0,0,0,0,
Structured,17,6,11,0,0,6,5,0,6,0,0,0,0,0,0,0,0,0,0,0,0,0,0,0,0,
Stub,1,0,1,0,0,0,1,0,0,0,0,0,0,0,0,0,0,0,0,0,0,0,0,0,0,
Style,4,0,3,1,0,0,2,0,1,0,1,0,0,0,0,0,0,0,0,0,0,0,0,0,0,
Sub,3,0,3,0,0,0,2,1,0,0,0,0,0,0,0,0,0,0,0,0,0,0,0,0,0,
Subject,6,0,5,1,0,0,3,1,2,0,0,0,0,0,0,0,0,0,0,0,0,0,0,0,0,
Subscription,7,0,6,1,0,0,1,1,5,0,0,0,0,0,0,0,0,0,0,0,0,0,0,0,0,
Subscriptions,1,0,0,1,0,0,0,0,0,1,0,0,0,0,0,0,0,0,0,0,0,0,0,0,0,
Subsequent,1,0,1,0,0,0,0,0,0,0,0,1,0,0,0,0,0,0,0,0,0,0,0,0,0,
Subset,2,1,0,1,0,1,0,1,0,0,0,0,0,0,0,0,0,0,0,0,0,0,0,0,0,
Subtitle,1,0,0,1,0,0,1,0,0,0,0,0,0,0,0,0,0,0,0,0,0,0,0,0,0,
Success,2,0,0,2,0,0,2,0,0,0,0,0,0,0,0,0,0,0,0,0,0,0,0,0,0,
Suffix,1,0,0,1,0,0,1,0,0,0,0,0,0,0,0,0,0,0,0,0,0,0,0,0,0,
Suggested,4,0,4,0,0,0,2,2,0,0,0,0,0,0,0,0,0,0,0,0,0,0,0,0,0,
Suggestion,9,1,7,1,0,1,6,2,0,0,0,0,0,0,0,0,0,0,0,0,0,0,0,0,0,
Suggestions,4,0,1,3,0,0,2,2,0,0,0,0,0,0,0,0,0,0,0,0,0,0,0,0,0,
Summary,7,0,1,6,0,0,6,0,0,1,0,0,0,0,0,0,0,0,0,0,0,0,0,0,0,
Super,14,1,13,0,0,1,12,1,0,0,0,0,0,0,0,0,0,0,0,0,0,0,0,0,0,
Support,3,0,2,1,0,0,2,0,1,0,0,0,0,0,0,0,0,0,0,0,0,0,0,0,0,
Supported,7,0,0,7,0,0,0,3,2,2,0,0,0,0,0,0,0,0,0,0,0,0,0,0,0,
supports,1,1,0,0,0,1,0,0,0,0,0,0,0,0,0,0,0,0,0,0,0,0,0,0,0,
Suppress,2,1,1,0,0,1,0,0,0,1,0,0,0,0,0,0,0,0,0,0,0,0,0,0,0,
Suppressing,2,0,2,0,0,0,2,0,0,0,0,0,0,0,0,0,0,0,0,0,0,0,0,0,0,
Suspended,1,0,0,1,0,0,0,0,1,0,0,0,0,0,0,0,0,0,0,0,0,0,0,0,0,
Swipe,3,0,3,0,0,0,3,0,0,0,0,0,0,0,0,0,0,0,0,0,0,0,0,0,0,
switch,3,3,0,0,0,3,0,0,0,0,0,0,0,0,0,0,0,0,0,0,0,0,0,0,0,
Symbol,1,0,0,1,0,0,1,0,0,0,0,0,0,0,0,0,0,0,0,0,0,0,0,0,0,
Sync,28,2,18,8,0,2,7,10,2,1,1,5,0,0,0,0,0,0,0,0,0,0,0,0,0,
Sync1,1,0,0,1,0,0,1,0,0,0,0,0,0,0,0,0,0,0,0,0,0,0,0,0,0,
Sync2,1,0,0,1,0,0,1,0,0,0,0,0,0,0,0,0,0,0,0,0,0,0,0,0,0,
Sync3,1,0,0,1,0,0,1,0,0,0,0,0,0,0,0,0,0,0,0,0,0,0,0,0,0,
Sync4,1,0,0,1,0,0,1,0,0,0,0,0,0,0,0,0,0,0,0,0,0,0,0,0,0,
Syncable,4,0,2,2,0,0,3,1,0,0,0,0,0,0,0,0,0,0,0,0,0,0,0,0,0,
Synced,1,0,0,1,0,0,0,1,0,0,0,0,0,0,0,0,0,0,0,0,0,0,0,0,0,
Syncing,2,0,0,2,0,0,0,2,0,0,0,0,0,0,0,0,0,0,0,0,0,0,0,0,0,
System,10,0,10,0,0,0,9,1,0,0,0,0,0,0,0,0,0,0,0,0,0,0,0,0,0,
Tachyon,3,0,3,0,0,0,3,0,0,0,0,0,0,0,0,0,0,0,0,0,0,0,0,0,0,
Tag,7,0,1,6,0,0,2,1,1,2,1,0,0,0,0,0,0,0,0,0,0,0,0,0,0,
Take,4,0,4,0,0,0,4,0,0,0,0,0,0,0,0,0,0,0,0,0,0,0,0,0,0,
Talkback,1,0,1,0,0,0,1,0,0,0,0,0,0,0,0,0,0,0,0,0,0,0,0,0,0,
Target,8,0,5,3,0,0,7,0,0,0,0,1,0,0,0,0,0,0,0,0,0,0,0,0,0,
Task,12,0,1,11,0,0,4,4,1,3,0,0,0,0,0,0,0,0,0,0,0,0,0,0,0,
tear,11,11,0,0,0,11,0,0,0,0,0,0,0,0,0,0,0,0,0,0,0,0,0,0,0,
Telephone,1,0,1,0,0,0,1,0,0,0,0,0,0,0,0,0,0,0,0,0,0,0,0,0,0,
Telephony,1,0,0,1,0,0,1,0,0,0,0,0,0,0,0,0,0,0,0,0,0,0,0,0,0,
Temp,5,0,5,0,0,0,4,1,0,0,0,0,0,0,0,0,0,0,0,0,0,0,0,0,0,
Template,2,0,0,2,0,0,0,2,0,0,0,0,0,0,0,0,0,0,0,0,0,0,0,0,0,
Terminated,1,0,0,1,0,0,1,0,0,0,0,0,0,0,0,0,0,0,0,0,0,0,0,0,0,
Termination,1,0,0,1,0,0,1,0,0,0,0,0,0,0,0,0,0,0,0,0,0,0,0,0,0,
test,303,279,14,10,0,279,9,6,5,2,2,0,0,0,0,0,0,0,0,0,0,0,0,0,0,
testbuilder,2,2,0,0,0,2,0,0,0,0,0,0,0,0,0,0,0,0,0,0,0,0,0,0,0,
testcapture,2,2,0,0,0,2,0,0,0,0,0,0,0,0,0,0,0,0,0,0,0,0,0,0,0,
testcreate,2,2,0,0,0,2,0,0,0,0,0,0,0,0,0,0,0,0,0,0,0,0,0,0,0,
testdelete,2,2,0,0,0,2,0,0,0,0,0,0,0,0,0,0,0,0,0,0,0,0,0,0,0,
testdisplayable,7,7,0,0,0,7,0,0,0,0,0,0,0,0,0,0,0,0,0,0,0,0,0,0,0,
testget,7,7,0,0,0,7,0,0,0,0,0,0,0,0,0,0,0,0,0,0,0,0,0,0,0,
testhandle,1,1,0,0,0,1,0,0,0,0,0,0,0,0,0,0,0,0,0,0,0,0,0,0,0,
Testing,1,0,0,1,0,0,0,0,0,0,1,0,0,0,0,0,0,0,0,0,0,0,0,0,0,
testrefreshdoesnt,1,1,0,0,0,1,0,0,0,0,0,0,0,0,0,0,0,0,0,0,0,0,0,0,0,
testrefreshsets,1,1,0,0,0,1,0,0,0,0,0,0,0,0,0,0,0,0,0,0,0,0,0,0,0,
testrefreshskips,1,1,0,0,0,1,0,0,0,0,0,0,0,0,0,0,0,0,0,0,0,0,0,0,0,
Tests,3,0,0,3,0,0,0,1,1,1,0,0,0,0,0,0,0,0,0,0,0,0,0,0,0,
testschedule,1,1,0,0,0,1,0,0,0,0,0,0,0,0,0,0,0,0,0,0,0,0,0,0,0,
testundo,4,4,0,0,0,4,0,0,0,0,0,0,0,0,0,0,0,0,0,0,0,0,0,0,0,
testupdate,2,2,0,0,0,2,0,0,0,0,0,0,0,0,0,0,0,0,0,0,0,0,0,0,0,
Text,43,3,20,20,0,3,14,14,9,2,0,1,0,0,0,0,0,0,0,0,0,0,0,0,0,
Than,3,0,3,0,0,0,0,1,0,0,0,2,0,0,0,0,0,0,0,0,0,0,0,0,0,
The,1,0,1,0,0,0,0,0,0,0,0,1,0,0,0,0,0,0,0,0,0,0,0,0,0,
Theme,3,0,1,2,0,0,1,2,0,0,0,0,0,0,0,0,0,0,0,0,0,0,0,0,0,
Then,1,0,1,0,0,0,0,0,1,0,0,0,0,0,0,0,0,0,0,0,0,0,0,0,0,
There,1,0,1,0,0,0,0,0,0,0,0,0,1,0,0,0,0,0,0,0,0,0,0,0,0,
Third,8,0,8,0,0,0,6,2,0,0,0,0,0,0,0,0,0,0,0,0,0,0,0,0,0,
Thread,10,0,6,4,0,0,2,3,4,1,0,0,0,0,0,0,0,0,0,0,0,0,0,0,0,
Threads,1,0,0,1,0,0,0,0,0,1,0,0,0,0,0,0,0,0,0,0,0,0,0,0,0,
throw,1,1,0,0,0,1,0,0,0,0,0,0,0,0,0,0,0,0,0,0,0,0,0,0,0,
Thumbnail,8,0,6,2,0,0,6,2,0,0,0,0,0,0,0,0,0,0,0,0,0,0,0,0,0,
Thumbnails,1,0,0,1,0,0,1,0,0,0,0,0,0,0,0,0,0,0,0,0,0,0,0,0,0,
Tile,3,0,1,2,0,0,1,1,0,1,0,0,0,0,0,0,0,0,0,0,0,0,0,0,0,
Time,3,0,2,1,0,0,0,2,1,0,0,0,0,0,0,0,0,0,0,0,0,0,0,0,0,
Timeout,1,0,0,1,0,0,1,0,0,0,0,0,0,0,0,0,0,0,0,0,0,0,0,0,0,
Times,3,0,2,1,0,0,2,0,1,0,0,0,0,0,0,0,0,0,0,0,0,0,0,0,0,
Timestamp,3,0,1,2,0,0,2,0,0,1,0,0,0,0,0,0,0,0,0,0,0,0,0,0,0,
Timestampother,1,0,0,1,0,0,0,0,0,0,1,0,0,0,0,0,0,0,0,0,0,0,0,0,0,
Timestamptoday,2,0,2,0,0,0,0,0,0,0,2,0,0,0,0,0,0,0,0,0,0,0,0,0,0,
Timezone,1,0,0,1,0,0,0,0,1,0,0,0,0,0,0,0,0,0,0,0,0,0,0,0,0,
Tint,4,0,3,1,0,0,1,2,1,0,0,0,0,0,0,0,0,0,0,0,0,0,0,0,0,
Title,26,0,6,20,0,0,9,5,8,2,1,0,1,0,0,0,0,0,0,0,0,0,0,0,0,
To,161,32,122,7,0,32,54,39,15,6,13,0,0,0,2,0,0,0,0,0,0,0,0,0,0,
toast,5,4,0,1,2,4,1,0,0,0,0,0,0,0,0,0,0,0,0,0,0,0,0,0,0,
Today,1,0,1,0,0,0,1,0,0,0,0,0,0,0,0,0,0,0,0,0,0,0,0,0,0,
Together,2,0,0,2,0,0,0,1,0,1,0,0,0,0,0,0,0,0,0,0,0,0,0,0,0,
Toggle,4,3,0,1,1,3,0,0,0,1,0,0,0,0,0,0,0,0,0,0,0,0,0,0,0,
Token,4,0,3,1,0,0,0,3,1,0,0,0,0,0,0,0,0,0,0,0,0,0,0,0,0,
Tomorrow,1,0,0,1,0,0,0,0,1,0,0,0,0,0,0,0,0,0,0,0,0,0,0,0,0,
Tool,2,0,2,0,0,0,2,0,0,0,0,0,0,0,0,0,0,0,0,0,0,0,0,0,0,
Toolbar,5,0,3,2,0,0,5,0,0,0,0,0,0,0,0,0,0,0,0,0,0,0,0,0,0,
Top,9,0,5,4,0,0,1,4,2,2,0,0,0,0,0,0,0,0,0,0,0,0,0,0,0,
Total,1,0,1,0,0,0,1,0,0,0,0,0,0,0,0,0,0,0,0,0,0,0,0,0,0,
Touch,15,0,12,3,0,0,10,4,0,0,0,1,0,0,0,0,0,0,0,0,0,0,0,0,0,
Touches,1,0,1,0,0,0,0,1,0,0,0,0,0,0,0,0,0,0,0,0,0,0,0,0,0,
Touchless,1,1,0,0,0,1,0,0,0,0,0,0,0,0,0,0,0,0,0,0,0,0,0,0,0,
Transactions,2,0,0,2,0,0,0,0,0,2,0,0,0,0,0,0,0,0,0,0,0,0,0,0,0,
Transient,1,0,0,1,0,0,1,0,0,0,0,0,0,0,0,0,0,0,0,0,0,0,0,0,0,
Transition,6,1,3,2,0,1,3,2,0,0,0,0,0,0,0,0,0,0,0,0,0,0,0,0,0,
translate,2,2,0,0,0,2,0,0,0,0,0,0,0,0,0,0,0,0,0,0,0,0,0,0,0,
Translation,1,0,1,0,0,0,1,0,0,0,0,0,0,0,0,0,0,0,0,0,0,0,0,0,0,
Transparent,5,0,5,0,0,0,4,1,0,0,0,0,0,0,0,0,0,0,0,0,0,0,0,0,0,
Trigger,2,0,2,0,0,0,0,0,2,0,0,0,0,0,0,0,0,0,0,0,0,0,0,0,0,
Trim,14,2,11,1,0,2,11,0,0,0,1,0,0,0,0,0,0,0,0,0,0,0,0,0,0,
Trimming,2,0,0,2,0,0,1,1,0,0,0,0,0,0,0,0,0,0,0,0,0,0,0,0,0,
True,2,0,0,2,0,0,0,1,0,0,0,1,0,0,0,0,0,0,0,0,0,0,0,0,0,
try,2,2,0,0,0,2,0,0,0,0,0,0,0,0,0,0,0,0,0,0,0,0,0,0,0,
Tts,8,0,8,0,0,0,7,1,0,0,0,0,0,0,0,0,0,0,0,0,0,0,0,0,0,
Tty,1,0,1,0,0,0,1,0,0,0,0,0,0,0,0,0,0,0,0,0,0,0,0,0,0,
turn,1,1,0,0,0,1,0,0,0,0,0,0,0,0,0,0,0,0,0,0,0,0,0,0,0,
Two,3,1,2,0,0,1,1,1,0,0,0,0,0,0,0,0,0,0,0,0,0,0,0,0,0,
Type,168,1,59,108,0,1,44,74,31,9,4,0,0,3,0,0,1,1,0,0,0,0,0,0,0,
Typed,2,0,2,0,0,0,2,0,0,0,0,0,0,0,0,0,0,0,0,0,0,0,0,0,0,
Types,18,0,2,16,0,0,2,14,0,1,0,0,0,0,0,1,0,0,0,0,0,0,0,0,0,
Ui,3,0,3,0,0,0,1,1,1,0,0,0,0,0,0,0,0,0,0,0,0,0,0,0,0,
Uid2445,1,0,0,1,0,0,1,0,0,0,0,0,0,0,0,0,0,0,0,0,0,0,0,0,0,
Un,1,0,1,0,0,0,1,0,0,0,0,0,0,0,0,0,0,0,0,0,0,0,0,0,0,
Unavailable,1,0,0,1,0,0,0,0,0,0,0,1,0,0,0,0,0,0,0,0,0,0,0,0,0,
unbind,4,4,0,0,0,4,0,0,0,0,0,0,0,0,0,0,0,0,0,0,0,0,0,0,0,
undemote,1,1,0,0,1,1,0,0,0,0,0,0,0,0,0,0,0,0,0,0,0,0,0,0,0,
Undo,9,3,5,1,1,3,4,2,0,0,0,0,0,0,0,0,0,0,0,0,0,0,0,0,0,
Ungrouped,1,0,0,1,0,0,1,0,0,0,0,0,0,0,0,0,0,0,0,0,0,0,0,0,0,
Unhandled,1,0,0,1,0,0,0,0,0,1,0,0,0,0,0,0,0,0,0,0,0,0,0,0,0,
Unique,1,0,1,0,0,0,1,0,0,0,0,0,0,0,0,0,0,0,0,0,0,0,0,0,0,
Unknown,7,0,6,1,0,0,3,0,0,1,2,0,0,1,0,0,0,0,0,0,0,0,0,0,0,
Unlink,1,0,1,0,0,0,1,0,0,0,0,0,0,0,0,0,0,0,0,0,0,0,0,0,0,
unregister,5,5,0,0,0,5,0,0,0,0,0,0,0,0,0,0,0,0,0,0,0,0,0,0,0,
Unsaved,1,0,1,0,0,0,1,0,0,0,0,0,0,0,0,0,0,0,0,0,0,0,0,0,0,
unset,1,1,0,0,0,1,0,0,0,0,0,0,0,0,0,0,0,0,0,0,0,0,0,0,0,
Unstringify,6,2,1,3,1,2,0,0,3,1,0,0,0,0,0,0,0,0,0,0,0,0,0,0,0,
Unsupported,1,0,1,0,0,0,1,0,0,0,0,0,0,0,0,0,0,0,0,0,0,0,0,0,0,
Unsyncable,2,0,2,0,0,0,1,1,0,0,0,0,0,0,0,0,0,0,0,0,0,0,0,0,0,
Until,1,0,1,0,0,0,0,1,0,0,0,0,0,0,0,0,0,0,0,0,0,0,0,0,0,
Untouched,1,0,0,1,0,0,0,0,1,0,0,0,0,0,0,0,0,0,0,0,0,0,0,0,0,
Up,32,0,8,24,0,0,31,0,0,1,0,0,0,0,0,0,0,0,0,0,0,0,0,0,0,
Update,100,61,22,17,4,61,18,7,8,4,1,1,0,0,0,0,0,0,0,0,0,0,0,0,0,
Updated,5,0,2,3,0,0,1,2,2,0,0,0,0,0,0,0,0,0,0,0,0,0,0,0,0,
Updates,1,0,0,1,0,0,0,1,0,0,0,0,0,0,0,0,0,0,0,0,0,0,0,0,0,
Updating,1,0,0,1,0,0,0,0,0,1,0,0,0,0,0,0,0,0,0,0,0,0,0,0,0,
Upper,1,0,1,0,0,0,1,0,0,0,0,0,0,0,0,0,0,0,0,0,0,0,0,0,0,
Upwards,1,0,0,1,0,0,0,0,1,0,0,0,0,0,0,0,0,0,0,0,0,0,0,0,0,
Uri,109,2,14,93,0,2,11,44,33,6,5,4,1,2,1,0,0,0,0,0,0,0,0,0,0,
Uriless,1,0,1,0,0,0,0,0,0,0,1,0,0,0,0,0,0,0,0,0,0,0,0,0,0,
Urin,1,0,1,0,0,0,0,0,0,0,1,0,0,0,0,0,0,0,0,0,0,0,0,0,0,
Uris,3,0,2,1,0,0,1,1,0,1,0,0,0,0,0,0,0,0,0,0,0,0,0,0,0,
Url,3,0,0,3,0,0,1,0,1,0,1,0,0,0,0,0,0,0,0,0,0,0,0,0,0,
Use,3,0,3,0,0,0,3,0,0,0,0,0,0,0,0,0,0,0,0,0,0,0,0,0,0,
Used,5,0,0,5,0,0,0,3,2,0,0,0,0,0,0,0,0,0,0,0,0,0,0,0,0,
User,9,0,9,0,0,0,3,3,3,0,0,0,0,0,0,0,0,0,0,0,0,0,0,0,0,
Username,1,0,1,0,0,0,1,0,0,0,0,0,0,0,0,0,0,0,0,0,0,0,0,0,0,
uses,4,3,1,0,0,3,0,1,0,0,0,0,0,0,0,0,0,0,0,0,0,0,0,0,0,
Using,1,0,0,1,0,0,1,0,0,0,0,0,0,0,0,0,0,0,0,0,0,0,0,0,0,
UTC,3,0,2,1,0,0,1,1,0,1,0,0,0,0,0,0,0,0,0,0,0,0,0,0,0,
Util,1,0,1,0,0,0,1,0,0,0,0,0,0,0,0,0,0,0,0,0,0,0,0,0,0,
Utilformat,1,0,0,1,0,0,0,0,1,0,0,0,0,0,0,0,0,0,0,0,0,0,0,0,0,
Utils,3,0,0,3,0,0,0,2,1,0,0,0,0,0,0,0,0,0,0,0,0,0,0,0,0,
Utilsformat,1,0,1,0,0,0,0,0,1,0,0,0,0,0,0,0,0,0,0,0,0,0,0,0,0,
V,7,1,6,0,0,1,3,3,0,0,0,0,0,0,0,0,0,0,0,0,0,0,0,0,0,
Valid,17,0,10,7,0,0,12,4,1,0,0,0,0,0,0,0,0,0,0,0,0,0,0,0,0,
validate,1,1,0,0,0,1,0,0,0,0,0,0,0,0,0,0,0,0,0,0,0,0,0,0,0,
Validation,1,0,1,0,0,0,1,0,0,0,0,0,0,0,0,0,0,0,0,0,0,0,0,0,0,
Validity,1,0,0,1,0,0,0,1,0,0,0,0,0,0,0,0,0,0,0,0,0,0,0,0,0,
Value,9,0,2,7,0,0,6,0,3,0,0,0,0,0,0,0,0,0,0,0,0,0,0,0,0,
Values,31,0,10,21,0,0,16,7,4,4,0,0,0,0,0,0,0,0,0,0,0,0,0,0,0,
Vcf,1,0,1,0,0,0,0,0,1,0,0,0,0,0,0,0,0,0,0,0,0,0,0,0,0,
Velocity,1,0,0,1,0,0,0,1,0,0,0,0,0,0,0,0,0,0,0,0,0,0,0,0,0,
verify,6,6,0,0,2,6,0,0,0,0,0,0,0,0,0,0,0,0,0,0,0,0,0,0,0,
Version,4,0,0,4,0,0,1,2,0,1,0,0,0,0,0,0,0,0,0,0,0,0,0,0,0,
Vertical,3,0,3,0,0,0,2,1,0,0,0,0,0,0,0,0,0,0,0,0,0,0,0,0,0,
Vibration,2,0,2,0,0,0,0,2,0,0,0,0,0,0,0,0,0,0,0,0,0,0,0,0,0,
Video,9,0,8,1,0,0,6,2,0,1,0,0,0,0,0,0,0,0,0,0,0,0,0,0,0,
View,247,3,74,170,0,3,109,77,46,9,2,1,0,0,0,0,0,0,0,0,0,0,0,0,0,
Views,13,0,7,6,0,0,7,2,2,1,0,1,0,0,0,0,0,0,0,0,0,0,0,0,0,
Visibility,7,0,1,6,0,0,0,4,3,0,0,0,0,0,0,0,0,0,0,0,0,0,0,0,0,
Visible,25,0,6,19,0,0,14,6,4,1,0,0,0,0,0,0,0,0,0,0,0,0,0,0,0,
Voice,2,0,2,0,0,0,2,0,0,0,0,0,0,0,0,0,0,0,0,0,0,0,0,0,0,
Voicemail,7,0,4,3,0,0,4,0,2,1,0,0,0,0,0,0,0,0,0,0,0,0,0,0,0,
wait,2,2,0,0,0,2,0,0,0,0,0,0,0,0,0,0,0,0,0,0,0,0,0,0,0,
Wake,2,0,2,0,0,0,0,2,0,0,0,0,0,0,0,0,0,0,0,0,0,0,0,0,0,
was,2,2,0,0,0,2,0,0,0,0,0,0,0,0,0,0,0,0,0,0,0,0,0,0,0,
Watch,3,0,0,3,0,0,1,1,1,0,0,0,0,0,0,0,0,0,0,0,0,0,0,0,0,
Watcher,3,0,1,2,0,0,1,1,0,0,1,0,0,0,0,0,0,0,0,0,0,0,0,0,0,
Weak,1,1,0,0,0,1,0,0,0,0,0,0,0,0,0,0,0,0,0,0,0,0,0,0,0,
Web,1,1,0,0,0,1,0,0,0,0,0,0,0,0,0,0,0,0,0,0,0,0,0,0,0,
Website,3,1,0,2,0,1,0,0,2,0,0,0,0,0,0,0,0,0,0,0,0,0,0,0,0,
Welcome,4,1,3,0,0,1,3,0,0,0,0,0,0,0,0,0,0,0,0,0,0,0,0,0,0,
When,14,0,14,0,0,0,1,1,5,0,4,3,0,0,0,0,0,0,0,0,0,0,0,0,0,
Which,2,0,2,0,0,0,0,2,0,0,0,0,0,0,0,0,0,0,0,0,0,0,0,0,0,
Width,3,0,0,3,0,0,1,1,0,1,0,0,0,0,0,0,0,0,0,0,0,0,0,0,0,
Window,7,0,4,3,0,0,0,3,4,0,0,0,0,0,0,0,0,0,0,0,0,0,0,0,0,
With,101,20,75,6,0,20,12,33,21,7,4,3,1,0,0,0,0,0,0,0,0,0,0,0,0,
Without,3,0,3,0,0,0,0,1,0,1,0,1,0,0,0,0,0,0,0,0,0,0,0,0,0,
wlog,1,1,0,0,1,1,0,0,0,0,0,0,0,0,0,0,0,0,0,0,0,0,0,0,0,
Word,8,0,7,1,0,0,0,1,6,0,0,0,1,0,0,0,0,0,0,0,0,0,0,0,0,
Work,3,0,3,0,0,0,3,0,0,0,0,0,0,0,0,0,0,0,0,0,0,0,0,0,0,
wrap,4,4,0,0,0,4,0,0,0,0,0,0,0,0,0,0,0,0,0,0,0,0,0,0,0,
Wrapper,13,0,0,13,0,0,2,9,1,1,0,0,0,0,0,0,0,0,0,0,0,0,0,0,0,
Writable,37,1,18,18,0,1,9,24,2,1,0,0,0,0,0,0,0,0,0,0,0,0,0,0,0,
write,17,16,1,0,0,16,1,0,0,0,0,0,0,0,0,0,0,0,0,0,0,0,0,0,0,
X,1,0,1,0,0,0,0,1,0,0,0,0,0,0,0,0,0,0,0,0,0,0,0,0,0,
Xml,3,0,0,3,0,0,0,2,0,0,1,0,0,0,0,0,0,0,0,0,0,0,0,0,0,
Year,9,0,4,5,0,0,6,1,1,0,1,0,0,0,0,0,0,0,0,0,0,0,0,0,0,
Zero,4,0,4,0,0,0,1,0,2,0,1,0,0,0,0,0,0,0,0,0,0,0,0,0,0,
Zeros,1,0,0,1,0,0,1,0,0,0,0,0,0,0,0,0,0,0,0,0,0,0,0,0,0,
