A,2,0,2,0,0,0,0,0,0,2,0,0,0,0,0,0,0,0,0,0,0,0,0,0,0,
Abnormal,1,0,1,0,0,0,1,0,0,0,0,0,0,0,0,0,0,0,0,0,0,0,0,0,0,
About,1,0,1,0,0,0,0,1,0,0,0,0,0,0,0,0,0,0,0,0,0,0,0,0,0,
Above,1,0,1,0,0,0,0,0,0,1,0,0,0,0,0,0,0,0,0,0,0,0,0,0,0,
Abrupt,1,0,1,0,0,0,1,0,0,0,0,0,0,0,0,0,0,0,0,0,0,0,0,0,0,
Absent,1,0,0,1,0,0,0,1,0,0,0,0,0,0,0,0,0,0,0,0,0,0,0,0,0,
Absolut,1,0,1,0,0,0,0,0,0,0,1,0,0,0,0,0,0,0,0,0,0,0,0,0,0,
Absolute,8,0,6,2,0,0,2,5,0,0,0,0,0,0,1,0,0,0,0,0,0,0,0,0,0,
Abstract,17,17,0,0,0,17,0,0,0,0,0,0,0,0,0,0,0,0,0,0,0,0,0,0,0,
accept,13,5,7,1,3,5,8,0,0,0,0,0,0,0,0,0,0,0,0,0,0,0,0,0,0,
Acceptable,2,0,0,2,0,0,2,0,0,0,0,0,0,0,0,0,0,0,0,0,0,0,0,0,0,
Accepted,3,0,1,2,0,0,0,0,3,0,0,0,0,0,0,0,0,0,0,0,0,0,0,0,0,
Accepting,3,0,2,1,0,0,1,2,0,0,0,0,0,0,0,0,0,0,0,0,0,0,0,0,0,
Accepts,6,0,0,6,0,0,6,0,0,0,0,0,0,0,0,0,0,0,0,0,0,0,0,0,0,
Access,21,2,17,2,0,2,7,11,1,0,0,0,0,0,0,0,0,0,0,0,0,0,0,0,0,
Accessed,2,0,2,0,0,0,0,2,0,0,0,0,0,0,0,0,0,0,0,0,0,0,0,0,0,
Account,7,0,0,7,0,0,6,1,0,0,0,0,0,0,0,0,0,0,0,0,0,0,0,0,0,
Accumulator,2,0,0,2,0,0,2,0,0,0,0,0,0,0,0,0,0,0,0,0,0,0,0,0,0,
Ack,2,0,0,2,0,0,1,1,0,0,0,0,0,0,0,0,0,0,0,0,0,0,0,0,0,
acknowledged,1,1,0,0,1,1,0,0,0,0,0,0,0,0,0,0,0,0,0,0,0,0,0,0,0,
acl,2,2,0,0,1,2,0,0,0,0,0,0,0,0,0,0,0,0,0,0,0,0,0,0,0,
Action,10,0,1,9,0,0,4,2,3,1,0,0,0,0,0,0,0,0,0,0,0,0,0,0,0,
Actions,3,0,0,3,0,0,1,0,2,0,0,0,0,0,0,0,0,0,0,0,0,0,0,0,0,
Active,16,0,15,1,0,0,10,6,0,0,0,0,0,0,0,0,0,0,0,0,0,0,0,0,0,
activity,6,6,0,0,6,6,0,0,0,0,0,0,0,0,0,0,0,0,0,0,0,0,0,0,0,
Actual,1,0,1,0,0,0,1,0,0,0,0,0,0,0,0,0,0,0,0,0,0,0,0,0,0,
Adapter,3,0,0,3,0,0,0,1,2,0,0,0,0,0,0,0,0,0,0,0,0,0,0,0,0,
Adaptor,3,0,0,3,0,0,1,1,1,0,0,0,0,0,0,0,0,0,0,0,0,0,0,0,0,
add,231,228,2,1,15,228,1,0,2,0,0,0,0,0,0,0,0,0,0,0,0,0,0,0,0,
Added,11,0,1,10,0,0,7,0,3,0,1,0,0,0,0,0,0,0,0,0,0,0,0,0,0,
adding,3,1,1,1,0,1,1,0,0,0,0,0,0,0,1,0,0,0,0,0,0,0,0,0,0,
Addr,6,0,0,6,0,0,0,6,0,0,0,0,0,0,0,0,0,0,0,0,0,0,0,0,0,
Address,68,1,15,52,0,1,5,43,18,1,0,0,0,0,0,0,0,0,0,0,0,0,0,0,0,
adjusted,1,1,0,0,0,1,0,0,0,0,0,0,0,0,0,0,0,0,0,0,0,0,0,0,0,
advance,5,3,0,2,3,3,2,0,0,0,0,0,0,0,0,0,0,0,0,0,0,0,0,0,0,
Advertise,17,4,12,1,2,4,13,0,0,0,0,0,0,0,0,0,0,0,0,0,0,0,0,0,0,
After,39,27,11,1,15,27,3,0,1,0,3,5,0,0,0,0,0,0,0,0,0,0,0,0,0,
Age,11,0,0,11,0,0,0,11,0,0,0,0,0,0,0,0,0,0,0,0,0,0,0,0,0,
Agent,3,0,2,1,0,0,0,2,1,0,0,0,0,0,0,0,0,0,0,0,0,0,0,0,0,
Agents,1,0,0,1,0,0,0,0,1,0,0,0,0,0,0,0,0,0,0,0,0,0,0,0,0,
Aggregate,1,1,0,0,0,1,0,0,0,0,0,0,0,0,0,0,0,0,0,0,0,0,0,0,0,
Aggregated,1,0,1,0,0,0,1,0,0,0,0,0,0,0,0,0,0,0,0,0,0,0,0,0,0,
Aggregates,2,0,2,0,0,0,0,2,0,0,0,0,0,0,0,0,0,0,0,0,0,0,0,0,0,
Ajp,21,13,7,1,0,13,7,0,0,1,0,0,0,0,0,0,0,0,0,0,0,0,0,0,0,
Algorithm,5,0,0,5,0,0,4,1,0,0,0,0,0,0,0,0,0,0,0,0,0,0,0,0,0,
Alias,2,0,0,2,0,0,0,2,0,0,0,0,0,0,0,0,0,0,0,0,0,0,0,0,0,
Aliases,2,0,0,2,0,0,2,0,0,0,0,0,0,0,0,0,0,0,0,0,0,0,0,0,0,
Alive,4,0,4,0,0,0,0,2,2,0,0,0,0,0,0,0,0,0,0,0,0,0,0,0,0,
All,25,0,9,16,0,0,19,5,0,0,0,1,0,0,0,0,0,0,0,0,0,0,0,0,0,
allocate,12,11,0,1,8,11,1,0,0,0,0,0,0,0,0,0,0,0,0,0,0,0,0,0,0,
Allocation,1,0,1,0,0,0,1,0,0,0,0,0,0,0,0,0,0,0,0,0,0,0,0,0,0,
Allow,16,0,10,6,0,0,12,4,0,0,0,0,0,0,0,0,0,0,0,0,0,0,0,0,0,
Allowed,34,2,8,24,0,2,14,7,6,2,2,1,0,0,0,0,0,0,0,0,0,0,0,0,0,
Alphabet,1,0,0,1,0,0,1,0,0,0,0,0,0,0,0,0,0,0,0,0,0,0,0,0,0,
ALPN,20,10,8,2,0,10,9,0,1,0,0,0,0,0,0,0,0,0,0,0,0,0,0,0,0,
already,1,1,0,0,0,1,0,0,0,0,0,0,0,0,0,0,0,0,0,0,0,0,0,0,0,
Amount,1,0,0,1,0,0,0,1,0,0,0,0,0,0,0,0,0,0,0,0,0,0,0,0,0,
And,30,3,27,0,1,3,3,14,4,1,1,2,1,1,0,0,0,0,0,0,0,0,0,0,0,
Annotated,9,3,6,0,0,3,5,1,0,0,0,0,0,0,0,0,0,0,0,0,0,0,0,0,0,
Annotation,1,0,0,1,0,0,1,0,0,0,0,0,0,0,0,0,0,0,0,0,0,0,0,0,0,
Annotations,2,0,1,1,0,0,0,2,0,0,0,0,0,0,0,0,0,0,0,0,0,0,0,0,0,
Another,1,0,1,0,0,0,1,0,0,0,0,0,0,0,0,0,0,0,0,0,0,0,0,0,0,
Apache,1,0,1,0,0,0,1,0,0,0,0,0,0,0,0,0,0,0,0,0,0,0,0,0,0,
App,11,1,5,5,1,1,8,1,0,0,1,0,0,0,0,0,0,0,0,0,0,0,0,0,0,
append,3,3,0,0,2,3,0,0,0,0,0,0,0,0,0,0,0,0,0,0,0,0,0,0,0,
Applicable,1,0,0,1,0,0,0,1,0,0,0,0,0,0,0,0,0,0,0,0,0,0,0,0,0,
Application,11,1,10,0,0,1,9,1,0,0,0,0,0,0,0,0,0,0,0,0,0,0,0,0,0,
are,10,5,5,0,0,5,2,2,0,0,0,0,1,0,0,0,0,0,0,0,0,0,0,0,0,
Args,1,0,1,0,0,0,0,0,1,0,0,0,0,0,0,0,0,0,0,0,0,0,0,0,0,
Array,26,1,14,11,0,1,15,4,2,4,0,0,0,0,0,0,0,0,0,0,0,0,0,0,0,
As,12,1,9,2,0,1,2,8,0,0,0,0,0,1,0,0,0,0,0,0,0,0,0,0,0,
ASCII,4,0,3,1,0,0,0,0,2,1,0,0,0,1,0,0,0,0,0,0,0,0,0,0,0,
assert,7,7,0,0,0,7,0,0,0,0,0,0,0,0,0,0,0,0,0,0,0,0,0,0,0,
Assertions,2,0,0,2,0,0,2,0,0,0,0,0,0,0,0,0,0,0,0,0,0,0,0,0,0,
Associated,1,0,1,0,0,0,1,0,0,0,0,0,0,0,0,0,0,0,0,0,0,0,0,0,0,
Association,2,0,2,0,0,0,0,1,1,0,0,0,0,0,0,0,0,0,0,0,0,0,0,0,0,
assume,1,1,0,0,0,1,0,0,0,0,0,0,0,0,0,0,0,0,0,0,0,0,0,0,0,
Ast,3,0,3,0,0,0,3,0,0,0,0,0,0,0,0,0,0,0,0,0,0,0,0,0,0,
Async,80,7,59,14,0,7,61,10,1,0,1,0,0,0,0,0,0,0,0,0,0,0,0,0,0,
At,4,0,3,1,0,0,1,0,3,0,0,0,0,0,0,0,0,0,0,0,0,0,0,0,0,
Atch,1,0,1,0,0,0,0,0,0,1,0,0,0,0,0,0,0,0,0,0,0,0,0,0,0,
Attach,1,0,1,0,0,0,1,0,0,0,0,0,0,0,0,0,0,0,0,0,0,0,0,0,0,
Attachment,30,2,12,16,0,2,24,4,0,0,0,0,0,0,0,0,0,0,0,0,0,0,0,0,0,
Attachments,3,0,0,3,0,0,0,0,3,0,0,0,0,0,0,0,0,0,0,0,0,0,0,0,0,
attempt,1,1,0,0,0,1,0,0,0,0,0,0,0,0,0,0,0,0,0,0,0,0,0,0,0,
Attempter,1,0,0,1,0,0,1,0,0,0,0,0,0,0,0,0,0,0,0,0,0,0,0,0,0,
Attempts,1,0,0,1,0,0,0,1,0,0,0,0,0,0,0,0,0,0,0,0,0,0,0,0,0,
Attribute,185,12,22,151,0,12,141,27,5,0,0,0,0,0,0,0,0,0,0,0,0,0,0,0,0,
Attributes,3,0,0,3,0,0,1,1,1,0,0,0,0,0,0,0,0,0,0,0,0,0,0,0,0,
auth,36,5,16,15,0,5,8,8,14,1,0,0,0,0,0,0,0,0,0,0,0,0,0,0,0,
authenticate,16,14,1,1,14,14,1,1,0,0,0,0,0,0,0,0,0,0,0,0,0,0,0,0,0,
Authenticated,8,1,6,1,0,1,7,0,0,0,0,0,0,0,0,0,0,0,0,0,0,0,0,0,0,
authentication,44,7,36,1,0,7,25,7,3,2,0,0,0,0,0,0,0,0,0,0,0,0,0,0,0,
Authorization,4,0,4,0,0,0,4,0,0,0,0,0,0,0,0,0,0,0,0,0,0,0,0,0,0,
Autobahn,5,3,2,0,0,3,2,0,0,0,0,0,0,0,0,0,0,0,0,0,0,0,0,0,0,
available,14,4,0,10,4,4,4,2,4,0,0,0,0,0,0,0,0,0,0,0,0,0,0,0,0,
Average,1,0,1,0,0,0,1,0,0,0,0,0,0,0,0,0,0,0,0,0,0,0,0,0,0,
await,34,34,0,0,1,34,0,0,0,0,0,0,0,0,0,0,0,0,0,0,0,0,0,0,0,
Away,6,0,3,3,0,0,0,4,2,0,0,0,0,0,0,0,0,0,0,0,0,0,0,0,0,
Back,3,0,1,2,0,0,0,3,0,0,0,0,0,0,0,0,0,0,0,0,0,0,0,0,0,
Backed,4,0,3,1,0,0,0,4,0,0,0,0,0,0,0,0,0,0,0,0,0,0,0,0,0,
Backend,5,0,0,5,0,0,0,1,4,0,0,0,0,0,0,0,0,0,0,0,0,0,0,0,0,
Backing,2,0,2,0,0,0,0,0,0,2,0,0,0,0,0,0,0,0,0,0,0,0,0,0,0,
Backslash,1,0,0,1,0,0,0,1,0,0,0,0,0,0,0,0,0,0,0,0,0,0,0,0,0,
Bad,30,1,29,0,0,1,23,2,0,0,0,1,2,1,0,0,0,0,0,0,0,0,0,0,0,
Balancer,8,2,2,4,1,2,5,1,0,0,0,0,0,0,0,0,0,0,0,0,0,0,0,0,0,
Balancers,2,0,0,2,0,0,1,1,0,0,0,0,0,0,0,0,0,0,0,0,0,0,0,0,0,
Balancing,1,0,1,0,0,0,1,0,0,0,0,0,0,0,0,0,0,0,0,0,0,0,0,0,0,
Band,4,0,4,0,0,0,0,0,4,0,0,0,0,0,0,0,0,0,0,0,0,0,0,0,0,
Base,11,0,5,6,0,0,7,3,1,0,0,0,0,0,0,0,0,0,0,0,0,0,0,0,0,
base64,5,2,2,1,0,2,3,0,0,0,0,0,0,0,0,0,0,0,0,0,0,0,0,0,0,
Based,12,0,12,0,0,0,0,9,2,1,0,0,0,0,0,0,0,0,0,0,0,0,0,0,0,
Basic,18,3,10,5,0,3,13,2,0,0,0,0,0,0,0,0,0,0,0,0,0,0,0,0,0,
Batching,1,0,1,0,0,0,1,0,0,0,0,0,0,0,0,0,0,0,0,0,0,0,0,0,0,
Before,22,19,3,0,7,19,3,0,0,0,0,0,0,0,0,0,0,0,0,0,0,0,0,0,0,
begin,7,7,0,0,0,7,0,0,0,0,0,0,0,0,0,0,0,0,0,0,0,0,0,0,0,
Big,2,0,2,0,0,0,0,1,1,0,0,0,0,0,0,0,0,0,0,0,0,0,0,0,0,
Binary,36,2,21,13,0,2,16,15,2,1,0,0,0,0,0,0,0,0,0,0,0,0,0,0,0,
Bind,6,0,6,0,0,0,4,2,0,0,0,0,0,0,0,0,0,0,0,0,0,0,0,0,0,
Binding,1,0,1,0,0,0,1,0,0,0,0,0,0,0,0,0,0,0,0,0,0,0,0,0,0,
Bit,2,0,2,0,0,0,2,0,0,0,0,0,0,0,0,0,0,0,0,0,0,0,0,0,0,
Bits,1,0,0,1,0,0,0,0,1,0,0,0,0,0,0,0,0,0,0,0,0,0,0,0,0,
Blobs,1,0,0,1,0,0,0,1,0,0,0,0,0,0,0,0,0,0,0,0,0,0,0,0,0,
Block,5,1,2,2,0,1,2,1,1,0,0,0,0,0,0,0,0,0,0,0,0,0,0,0,0,
Blocked,1,0,0,1,0,0,0,0,0,1,0,0,0,0,0,0,0,0,0,0,0,0,0,0,0,
Blocking,37,5,13,19,0,5,20,8,1,3,0,0,0,0,0,0,0,0,0,0,0,0,0,0,0,
Body,15,0,7,8,0,0,3,5,1,0,1,1,3,1,0,0,0,0,0,0,0,0,0,0,0,
Boss,1,0,1,0,0,0,1,0,0,0,0,0,0,0,0,0,0,0,0,0,0,0,0,0,0,
Both,2,0,1,1,0,0,0,1,0,0,0,0,1,0,0,0,0,0,0,0,0,0,0,0,0,
Bound,5,4,1,0,0,4,1,0,0,0,0,0,0,0,0,0,0,0,0,0,0,0,0,0,0,
Boundary,1,0,0,1,0,0,0,1,0,0,0,0,0,0,0,0,0,0,0,0,0,0,0,0,0,
Bounds,1,1,0,0,1,1,0,0,0,0,0,0,0,0,0,0,0,0,0,0,0,0,0,0,0,
Boxed,2,1,0,1,0,1,0,0,1,0,0,0,0,0,0,0,0,0,0,0,0,0,0,0,0,
Branch,1,0,0,1,0,0,0,1,0,0,0,0,0,0,0,0,0,0,0,0,0,0,0,0,0,
Bridge,1,0,0,1,0,0,0,1,0,0,0,0,0,0,0,0,0,0,0,0,0,0,0,0,0,
Broken,17,1,5,11,0,1,5,11,0,0,0,0,0,0,0,0,0,0,0,0,0,0,0,0,0,
Buffer,120,5,72,43,3,5,63,26,11,9,6,0,0,0,0,0,0,0,0,0,0,0,0,0,0,
Buffered,4,2,2,0,0,2,2,0,0,0,0,0,0,0,0,0,0,0,0,0,0,0,0,0,0,
Buffering,2,0,2,0,0,0,2,0,0,0,0,0,0,0,0,0,0,0,0,0,0,0,0,0,0,
Buffers,10,1,2,7,1,1,7,1,0,0,0,1,0,0,0,0,0,0,0,0,0,0,0,0,0,
build,130,130,0,0,124,130,0,0,0,0,0,0,0,0,0,0,0,0,0,0,0,0,0,0,0,
builder,25,18,1,6,18,18,6,1,0,0,0,0,0,0,0,0,0,0,0,0,0,0,0,0,0,
Builders,2,0,0,2,0,0,0,2,0,0,0,0,0,0,0,0,0,0,0,0,0,0,0,0,0,
bulk,1,1,0,0,0,1,0,0,0,0,0,0,0,0,0,0,0,0,0,0,0,0,0,0,0,
bump,3,3,0,0,0,3,0,0,0,0,0,0,0,0,0,0,0,0,0,0,0,0,0,0,0,
But,2,0,2,0,0,0,0,0,2,0,0,0,0,0,0,0,0,0,0,0,0,0,0,0,0,
By,15,0,15,0,0,0,0,6,7,0,2,0,0,0,0,0,0,0,0,0,0,0,0,0,0,
Bypass,1,0,0,1,0,0,0,1,0,0,0,0,0,0,0,0,0,0,0,0,0,0,0,0,0,
Byte,45,3,39,3,0,3,27,4,11,0,0,0,0,0,0,0,0,0,0,0,0,0,0,0,0,
Bytes,48,7,16,25,0,7,19,11,5,5,1,0,0,0,0,0,0,0,0,0,0,0,0,0,0,
C,2,0,2,0,0,0,1,1,0,0,0,0,0,0,0,0,0,0,0,0,0,0,0,0,0,
Cachable,3,0,0,3,0,0,2,1,0,0,0,0,0,0,0,0,0,0,0,0,0,0,0,0,0,
Cache,28,5,17,6,0,5,18,2,3,0,0,0,0,0,0,0,0,0,0,0,0,0,0,0,0,
Cacheable,2,0,0,2,0,0,2,0,0,0,0,0,0,0,0,0,0,0,0,0,0,0,0,0,0,
Cached,15,5,7,3,0,5,3,4,2,1,0,0,0,0,0,0,0,0,0,0,0,0,0,0,0,
Caching,10,3,5,2,0,3,3,2,0,1,1,0,0,0,0,0,0,0,0,0,0,0,0,0,0,
calc,1,1,0,0,0,1,0,0,0,0,0,0,0,0,0,0,0,0,0,0,0,0,0,0,0,
calculate,1,1,0,0,0,1,0,0,0,0,0,0,0,0,0,0,0,0,0,0,0,0,0,0,0,
Call,20,13,2,5,12,13,4,3,0,0,0,0,0,0,0,0,0,0,0,0,0,0,0,0,0,
Callback,14,1,0,13,0,1,4,5,4,0,0,0,0,0,0,0,0,0,0,0,0,0,0,0,0,
Called,1,0,0,1,0,0,0,0,0,0,0,1,0,0,0,0,0,0,0,0,0,0,0,0,0,
can,11,11,0,0,0,11,0,0,0,0,0,0,0,0,0,0,0,0,0,0,0,0,0,0,0,
cancel,6,4,2,0,4,4,2,0,0,0,0,0,0,0,0,0,0,0,0,0,0,0,0,0,0,
Cancellable,1,1,0,0,0,1,0,0,0,0,0,0,0,0,0,0,0,0,0,0,0,0,0,0,0,
Cancelled,5,0,0,5,0,0,4,1,0,0,0,0,0,0,0,0,0,0,0,0,0,0,0,0,0,
Canonical,2,1,1,0,0,1,1,0,0,0,0,0,0,0,0,0,0,0,0,0,0,0,0,0,0,
Canonicalization,2,0,1,1,0,0,2,0,0,0,0,0,0,0,0,0,0,0,0,0,0,0,0,0,0,
canonicalize,5,2,2,1,2,2,3,0,0,0,0,0,0,0,0,0,0,0,0,0,0,0,0,0,0,
Cant,1,0,1,0,0,0,1,0,0,0,0,0,0,0,0,0,0,0,0,0,0,0,0,0,0,
Card,2,0,2,0,0,0,1,1,0,0,0,0,0,0,0,0,0,0,0,0,0,0,0,0,0,
Carriage,1,0,1,0,0,0,1,0,0,0,0,0,0,0,0,0,0,0,0,0,0,0,0,0,0,
cas,10,10,0,0,0,10,0,0,0,0,0,0,0,0,0,0,0,0,0,0,0,0,0,0,0,
Case,14,0,2,12,0,0,1,0,7,4,1,0,0,1,0,0,0,0,0,0,0,0,0,0,0,
cast,2,2,0,0,2,2,0,0,0,0,0,0,0,0,0,0,0,0,0,0,0,0,0,0,0,
Caught,1,0,0,1,0,0,1,0,0,0,0,0,0,0,0,0,0,0,0,0,0,0,0,0,0,
CB,1,1,0,0,1,1,0,0,0,0,0,0,0,0,0,0,0,0,0,0,0,0,0,0,0,
CBH,1,0,0,1,0,0,0,1,0,0,0,0,0,0,0,0,0,0,0,0,0,0,0,0,0,
Cert,6,0,5,1,0,0,2,4,0,0,0,0,0,0,0,0,0,0,0,0,0,0,0,0,0,
Certificate,5,0,4,1,0,0,2,3,0,0,0,0,0,0,0,0,0,0,0,0,0,0,0,0,0,
Certificates,4,0,0,4,0,0,0,4,0,0,0,0,0,0,0,0,0,0,0,0,0,0,0,0,0,
Certs,1,0,0,1,0,0,1,0,0,0,0,0,0,0,0,0,0,0,0,0,0,0,0,0,0,
Chain,19,0,10,9,0,0,6,4,9,0,0,0,0,0,0,0,0,0,0,0,0,0,0,0,0,
Chained,1,1,0,0,0,1,0,0,0,0,0,0,0,0,0,0,0,0,0,0,0,0,0,0,0,
Chains,2,0,0,2,0,0,1,1,0,0,0,0,0,0,0,0,0,0,0,0,0,0,0,0,0,
Challenge,13,2,2,9,0,2,11,0,0,0,0,0,0,0,0,0,0,0,0,0,0,0,0,0,0,
Challenges,1,0,0,1,0,0,1,0,0,0,0,0,0,0,0,0,0,0,0,0,0,0,0,0,0,
Change,24,4,18,2,0,4,5,12,2,1,0,0,0,0,0,0,0,0,0,0,0,0,0,0,0,
Changed,5,0,0,5,0,0,0,4,1,0,0,0,0,0,0,0,0,0,0,0,0,0,0,0,0,
Changes,2,0,0,2,0,0,2,0,0,0,0,0,0,0,0,0,0,0,0,0,0,0,0,0,0,
Channel,161,14,13,134,0,14,40,48,21,16,20,2,0,0,0,0,0,0,0,0,0,0,0,0,0,
Channels,3,0,0,3,0,0,0,3,0,0,0,0,0,0,0,0,0,0,0,0,0,0,0,0,0,
Char,2,0,0,2,0,0,0,2,0,0,0,0,0,0,0,0,0,0,0,0,0,0,0,0,0,
Character,35,0,34,1,0,0,16,16,2,1,0,0,0,0,0,0,0,0,0,0,0,0,0,0,0,
characteristics,2,2,0,0,2,2,0,0,0,0,0,0,0,0,0,0,0,0,0,0,0,0,0,0,0,
Characters,4,0,1,3,0,0,0,1,0,3,0,0,0,0,0,0,0,0,0,0,0,0,0,0,0,
Charset,17,0,4,13,0,0,5,8,4,0,0,0,0,0,0,0,0,0,0,0,0,0,0,0,0,
check,42,27,12,3,0,27,7,6,1,1,0,0,0,0,0,0,0,0,0,0,0,0,0,0,0,
Checker,5,1,0,4,1,1,2,2,0,0,0,0,0,0,0,0,0,0,0,0,0,0,0,0,0,
Child,2,0,0,2,0,0,2,0,0,0,0,0,0,0,0,0,0,0,0,0,0,0,0,0,0,
Chrome,1,0,1,0,0,0,0,1,0,0,0,0,0,0,0,0,0,0,0,0,0,0,0,0,0,
Chrome22,1,0,0,1,0,0,1,0,0,0,0,0,0,0,0,0,0,0,0,0,0,0,0,0,0,
Chunk,11,2,4,5,0,2,3,3,2,1,0,0,0,0,0,0,0,0,0,0,0,0,0,0,0,
Chunked,14,3,8,3,0,3,8,0,1,1,1,0,0,0,0,0,0,0,0,0,0,0,0,0,0,
Cipher,10,0,10,0,0,0,4,6,0,0,0,0,0,0,0,0,0,0,0,0,0,0,0,0,0,
Ciphers,1,0,0,1,0,0,1,0,0,0,0,0,0,0,0,0,0,0,0,0,0,0,0,0,0,
claim,3,3,0,0,0,3,0,0,0,0,0,0,0,0,0,0,0,0,0,0,0,0,0,0,0,
Class,30,1,12,17,0,1,16,11,1,1,0,0,0,0,0,0,0,0,0,0,0,0,0,0,0,
Clazz,1,0,0,1,0,0,1,0,0,0,0,0,0,0,0,0,0,0,0,0,0,0,0,0,0,
CLD,1,1,0,0,0,1,0,0,0,0,0,0,0,0,0,0,0,0,0,0,0,0,0,0,0,
clean,4,4,0,0,1,4,0,0,0,0,0,0,0,0,0,0,0,0,0,0,0,0,0,0,0,
Cleaner,2,0,0,2,0,0,0,2,0,0,0,0,0,0,0,0,0,0,0,0,0,0,0,0,0,
cleanup,4,4,0,0,3,4,0,0,0,0,0,0,0,0,0,0,0,0,0,0,0,0,0,0,0,
Clear,53,48,3,2,11,48,4,0,1,0,0,0,0,0,0,0,0,0,0,0,0,0,0,0,0,
Client,89,4,68,17,0,4,47,32,5,1,0,0,0,0,0,0,0,0,0,0,0,0,0,0,0,
clone,11,11,0,0,11,11,0,0,0,0,0,0,0,0,0,0,0,0,0,0,0,0,0,0,0,
close,162,80,53,29,61,80,60,13,4,2,3,0,0,0,0,0,0,0,0,0,0,0,0,0,0,
close0,1,1,0,0,1,1,0,0,0,0,0,0,0,0,0,0,0,0,0,0,0,0,0,0,0,
Closed,30,9,2,19,9,9,7,14,0,0,0,0,0,0,0,0,0,0,0,0,0,0,0,0,0,
Closing,4,3,1,0,0,3,1,0,0,0,0,0,0,0,0,0,0,0,0,0,0,0,0,0,0,
Cluster,6,0,3,3,0,0,4,2,0,0,0,0,0,0,0,0,0,0,0,0,0,0,0,0,0,
Cmd,4,0,0,4,0,0,0,4,0,0,0,0,0,0,0,0,0,0,0,0,0,0,0,0,0,
Code,63,0,5,58,0,0,30,25,6,2,0,0,0,0,0,0,0,0,0,0,0,0,0,0,0,
Codes,5,0,0,5,0,0,1,4,0,0,0,0,0,0,0,0,0,0,0,0,0,0,0,0,0,
coerce,1,1,0,0,0,1,0,0,0,0,0,0,0,0,0,0,0,0,0,0,0,0,0,0,0,
collapse,1,1,0,0,0,1,0,0,0,0,0,0,0,0,0,0,0,0,0,0,0,0,0,0,0,
Collection,2,0,0,2,0,0,0,1,1,0,0,0,0,0,0,0,0,0,0,0,0,0,0,0,0,
Collections,2,0,0,2,0,0,0,0,2,0,0,0,0,0,0,0,0,0,0,0,0,0,0,0,0,
Collector,2,0,0,2,0,0,0,2,0,0,0,0,0,0,0,0,0,0,0,0,0,0,0,0,0,
Collision,1,0,0,1,0,0,1,0,0,0,0,0,0,0,0,0,0,0,0,0,0,0,0,0,0,
Colon,3,0,2,1,0,0,2,0,0,0,0,1,0,0,0,0,0,0,0,0,0,0,0,0,0,
Colons,1,0,0,1,0,0,0,0,0,0,1,0,0,0,0,0,0,0,0,0,0,0,0,0,0,
Colons2,1,0,0,1,0,0,0,0,0,0,1,0,0,0,0,0,0,0,0,0,0,0,0,0,0,
Comma,1,0,1,0,0,0,1,0,0,0,0,0,0,0,0,0,0,0,0,0,0,0,0,0,0,
Command,7,0,3,4,0,0,4,3,0,0,0,0,0,0,0,0,0,0,0,0,0,0,0,0,0,
Comment,10,0,0,10,0,0,10,0,0,0,0,0,0,0,0,0,0,0,0,0,0,0,0,0,0,
Commit,3,0,1,2,0,0,2,1,0,0,0,0,0,0,0,0,0,0,0,0,0,0,0,0,0,
Committed,4,0,0,4,0,0,3,0,1,0,0,0,0,0,0,0,0,0,0,0,0,0,0,0,0,
Common,2,0,2,0,0,0,2,0,0,0,0,0,0,0,0,0,0,0,0,0,0,0,0,0,0,
comparator,1,1,0,0,1,1,0,0,0,0,0,0,0,0,0,0,0,0,0,0,0,0,0,0,0,
compare,17,15,1,1,8,15,2,0,0,0,0,0,0,0,0,0,0,0,0,0,0,0,0,0,0,
Complete,69,13,8,48,12,13,42,13,0,0,1,0,0,0,0,0,0,0,0,0,0,0,0,0,0,
completed,17,14,1,2,13,14,2,0,1,0,0,0,0,0,0,0,0,0,0,0,0,0,0,0,0,
Completes,1,0,1,0,0,0,0,1,0,0,0,0,0,0,0,0,0,0,0,0,0,0,0,0,0,
Completion,9,2,5,2,0,2,5,0,1,0,0,1,0,0,0,0,0,0,0,0,0,0,0,0,0,
complex,2,1,1,0,0,1,1,0,0,0,0,0,0,0,0,0,0,0,0,0,0,0,0,0,0,
compose,1,1,0,0,1,1,0,0,0,0,0,0,0,0,0,0,0,0,0,0,0,0,0,0,0,
Composite,2,2,0,0,0,2,0,0,0,0,0,0,0,0,0,0,0,0,0,0,0,0,0,0,0,
Compress,6,0,4,2,0,0,3,1,0,0,0,2,0,0,0,0,0,0,0,0,0,0,0,0,0,
Compressed,5,0,4,1,0,0,1,3,1,0,0,0,0,0,0,0,0,0,0,0,0,0,0,0,0,
Compression,1,0,0,1,0,0,0,0,0,1,0,0,0,0,0,0,0,0,0,0,0,0,0,0,0,
Concurrent,8,0,8,0,0,0,3,2,3,0,0,0,0,0,0,0,0,0,0,0,0,0,0,0,0,
Cond,3,0,3,0,0,0,3,0,0,0,0,0,0,0,0,0,0,0,0,0,0,0,0,0,0,
Condition,1,0,0,1,0,0,1,0,0,0,0,0,0,0,0,0,0,0,0,0,0,0,0,0,0,
Conditions,2,0,0,2,0,0,2,0,0,0,0,0,0,0,0,0,0,0,0,0,0,0,0,0,0,
Conduit,60,1,6,53,0,1,6,14,19,15,5,0,0,0,0,0,0,0,0,0,0,0,0,0,0,
Confidential,6,0,3,3,0,0,6,0,0,0,0,0,0,0,0,0,0,0,0,0,0,0,0,0,0,
Confidentiality,5,2,3,0,0,2,2,1,0,0,0,0,0,0,0,0,0,0,0,0,0,0,0,0,0,
Config,58,0,10,48,0,0,14,28,13,2,0,0,1,0,0,0,0,0,0,0,0,0,0,0,0,
Configs,1,0,0,1,0,0,1,0,0,0,0,0,0,0,0,0,0,0,0,0,0,0,0,0,0,
Configuration,3,0,1,2,0,0,0,3,0,0,0,0,0,0,0,0,0,0,0,0,0,0,0,0,0,
Configurator,4,0,0,4,0,0,3,0,0,0,1,0,0,0,0,0,0,0,0,0,0,0,0,0,0,
configure,2,2,0,0,0,2,0,0,0,0,0,0,0,0,0,0,0,0,0,0,0,0,0,0,0,
Configured,4,3,1,0,0,3,1,0,0,0,0,0,0,0,0,0,0,0,0,0,0,0,0,0,0,
connect,36,15,9,12,9,15,20,0,1,0,0,0,0,0,0,0,0,0,0,0,0,0,0,0,0,
Connected,5,1,0,4,1,1,4,0,0,0,0,0,0,0,0,0,0,0,0,0,0,0,0,0,0,
Connection,61,8,22,31,0,8,31,20,1,1,0,0,0,0,0,0,0,0,0,0,0,0,0,0,0,
Connections,34,0,3,31,0,0,4,22,8,0,0,0,0,0,0,0,0,0,0,0,0,0,0,0,0,
Connector,6,0,6,0,0,0,6,0,0,0,0,0,0,0,0,0,0,0,0,0,0,0,0,0,0,
Constant,2,2,0,0,1,2,0,0,0,0,0,0,0,0,0,0,0,0,0,0,0,0,0,0,0,
Constrains,2,0,0,2,0,0,0,2,0,0,0,0,0,0,0,0,0,0,0,0,0,0,0,0,0,
Constraint,9,0,5,4,0,0,3,6,0,0,0,0,0,0,0,0,0,0,0,0,0,0,0,0,0,
Constraints,4,0,0,4,0,0,1,3,0,0,0,0,0,0,0,0,0,0,0,0,0,0,0,0,0,
Constructor,1,1,0,0,0,1,0,0,0,0,0,0,0,0,0,0,0,0,0,0,0,0,0,0,0,
Consumed,1,0,0,1,0,0,0,0,0,1,0,0,0,0,0,0,0,0,0,0,0,0,0,0,0,
Container,25,1,9,15,0,1,15,8,1,0,0,0,0,0,0,0,0,0,0,0,0,0,0,0,0,
Contains,16,16,0,0,9,16,0,0,0,0,0,0,0,0,0,0,0,0,0,0,0,0,0,0,0,
Content,74,4,69,1,0,4,58,6,5,0,1,0,0,0,0,0,0,0,0,0,0,0,0,0,0,
Contents,2,0,2,0,0,0,0,2,0,0,0,0,0,0,0,0,0,0,0,0,0,0,0,0,0,
Context,141,14,45,82,1,14,44,53,16,12,2,0,0,0,0,0,0,0,0,0,0,0,0,0,0,
Contexts,4,0,0,4,0,0,3,1,0,0,0,0,0,0,0,0,0,0,0,0,0,0,0,0,0,
Continuation,2,0,2,0,0,0,2,0,0,0,0,0,0,0,0,0,0,0,0,0,0,0,0,0,0,
Continue,31,1,27,3,0,1,22,8,0,0,0,0,0,0,0,0,0,0,0,0,0,0,0,0,0,
Control,11,0,10,1,0,0,2,7,2,0,0,0,0,0,0,0,0,0,0,0,0,0,0,0,0,
Controller,1,0,0,1,0,0,1,0,0,0,0,0,0,0,0,0,0,0,0,0,0,0,0,0,0,
Conversion,1,0,0,1,0,0,0,0,1,0,0,0,0,0,0,0,0,0,0,0,0,0,0,0,0,
convert,3,3,0,0,0,3,0,0,0,0,0,0,0,0,0,0,0,0,0,0,0,0,0,0,0,
Cookie,81,3,58,20,1,3,37,14,20,1,4,2,0,0,0,0,0,0,0,0,0,0,0,0,0,
Cookies,19,0,4,15,0,0,6,7,2,1,0,3,0,0,0,0,0,0,0,0,0,0,0,0,0,
copy,4,4,0,0,0,4,0,0,0,0,0,0,0,0,0,0,0,0,0,0,0,0,0,0,0,
Correct,1,0,1,0,0,0,1,0,0,0,0,0,0,0,0,0,0,0,0,0,0,0,0,0,0,
Corrupted,1,0,1,0,0,0,0,0,1,0,0,0,0,0,0,0,0,0,0,0,0,0,0,0,0,
could,4,4,0,0,0,4,0,0,0,0,0,0,0,0,0,0,0,0,0,0,0,0,0,0,0,
Count,23,1,3,19,1,1,0,12,9,1,0,0,0,0,0,0,0,0,0,0,0,0,0,0,0,
Countdown,1,0,1,0,0,0,1,0,0,0,0,0,0,0,0,0,0,0,0,0,0,0,0,0,0,
Counted,2,0,2,0,0,0,1,1,0,0,0,0,0,0,0,0,0,0,0,0,0,0,0,0,0,
Counting,1,1,0,0,0,1,0,0,0,0,0,0,0,0,0,0,0,0,0,0,0,0,0,0,0,
Crawler,7,3,4,0,0,3,4,0,0,0,0,0,0,0,0,0,0,0,0,0,0,0,0,0,0,
create,175,171,4,0,24,171,1,3,0,0,0,0,0,0,0,0,0,0,0,0,0,0,0,0,0,
Created,5,0,2,3,0,0,5,0,0,0,0,0,0,0,0,0,0,0,0,0,0,0,0,0,0,
creates,1,1,0,0,0,1,0,0,0,0,0,0,0,0,0,0,0,0,0,0,0,0,0,0,0,
Creation,8,0,2,6,0,0,2,2,4,0,0,0,0,0,0,0,0,0,0,0,0,0,0,0,0,
Credential,7,0,1,6,0,0,5,2,0,0,0,0,0,0,0,0,0,0,0,0,0,0,0,0,0,
Cross,4,0,4,0,0,0,4,0,0,0,0,0,0,0,0,0,0,0,0,0,0,0,0,0,0,
Curl7,1,0,0,1,0,0,1,0,0,0,0,0,0,0,0,0,0,0,0,0,0,0,0,0,0,
Current,31,4,24,3,2,4,27,0,0,0,0,0,0,0,0,0,0,0,0,0,0,0,0,0,0,
Custom,6,1,5,0,0,1,1,4,0,0,0,0,0,0,0,0,0,0,0,0,0,0,0,0,0,
D21,1,0,0,1,0,0,0,1,0,0,0,0,0,0,0,0,0,0,0,0,0,0,0,0,0,
D2110,1,0,0,1,0,0,0,1,0,0,0,0,0,0,0,0,0,0,0,0,0,0,0,0,0,
D2111,1,0,0,1,0,0,0,1,0,0,0,0,0,0,0,0,0,0,0,0,0,0,0,0,0,
D2112,1,0,0,1,0,0,0,1,0,0,0,0,0,0,0,0,0,0,0,0,0,0,0,0,0,
D22,1,0,0,1,0,0,0,1,0,0,0,0,0,0,0,0,0,0,0,0,0,0,0,0,0,
D23,1,0,0,1,0,0,0,1,0,0,0,0,0,0,0,0,0,0,0,0,0,0,0,0,0,
D24,1,0,0,1,0,0,0,1,0,0,0,0,0,0,0,0,0,0,0,0,0,0,0,0,0,
D3,1,0,0,1,0,0,0,1,0,0,0,0,0,0,0,0,0,0,0,0,0,0,0,0,0,
D4,1,0,0,1,0,0,0,1,0,0,0,0,0,0,0,0,0,0,0,0,0,0,0,0,0,
D5,1,0,0,1,0,0,0,1,0,0,0,0,0,0,0,0,0,0,0,0,0,0,0,0,0,
D6,1,0,0,1,0,0,0,1,0,0,0,0,0,0,0,0,0,0,0,0,0,0,0,0,0,
Data,84,4,29,51,2,4,42,31,4,2,1,0,0,0,0,0,0,0,0,0,0,0,0,0,0,
Database,2,0,0,2,0,0,0,0,0,0,1,1,0,0,0,0,0,0,0,0,0,0,0,0,0,
Date,22,5,12,5,2,5,11,1,5,0,0,0,0,0,0,0,0,0,0,0,0,0,0,0,0,
deal,1,1,0,0,0,1,0,0,0,0,0,0,0,0,0,0,0,0,0,0,0,0,0,0,0,
Debug,3,1,2,0,0,1,0,2,0,0,0,0,0,0,0,0,0,0,0,0,0,0,0,0,0,
Debugging,4,4,0,0,0,4,0,0,0,0,0,0,0,0,0,0,0,0,0,0,0,0,0,0,0,
Decodabet,1,0,0,1,0,0,1,0,0,0,0,0,0,0,0,0,0,0,0,0,0,0,0,0,0,
decode,27,19,4,4,9,19,7,1,0,0,0,0,0,0,0,0,0,0,0,0,0,0,0,0,0,
decode4to3,1,1,0,0,1,1,0,0,0,0,0,0,0,0,0,0,0,0,0,0,0,0,0,0,0,
Decoded,3,0,1,2,0,0,0,1,1,0,1,0,0,0,0,0,0,0,0,0,0,0,0,0,0,
Decoder,11,3,4,4,1,3,7,1,0,0,0,0,0,0,0,0,0,0,0,0,0,0,0,0,0,
Decoders,4,0,1,3,0,0,4,0,0,0,0,0,0,0,0,0,0,0,0,0,0,0,0,0,0,
Decoding,15,0,13,2,0,0,6,1,6,0,0,0,0,0,1,0,1,0,0,0,0,0,0,0,0,
decompress,5,1,3,1,1,1,0,1,1,2,0,0,0,0,0,0,0,0,0,0,0,0,0,0,0,
decrement,4,4,0,0,0,4,0,0,0,0,0,0,0,0,0,0,0,0,0,0,0,0,0,0,0,
default,141,68,69,4,0,68,63,3,0,0,4,3,0,0,0,0,0,0,0,0,0,0,0,0,0,
Definition,1,0,0,1,0,0,0,0,1,0,0,0,0,0,0,0,0,0,0,0,0,0,0,0,0,
deflate,9,2,6,1,0,2,5,2,0,0,0,0,0,0,0,0,0,0,0,0,0,0,0,0,0,
Deflated,1,0,0,1,0,0,1,0,0,0,0,0,0,0,0,0,0,0,0,0,0,0,0,0,0,
Deflater,2,0,2,0,0,0,1,1,0,0,0,0,0,0,0,0,0,0,0,0,0,0,0,0,0,
Deflating,1,1,0,0,0,1,0,0,0,0,0,0,0,0,0,0,0,0,0,0,0,0,0,0,0,
Delayed,1,1,0,0,0,1,0,0,0,0,0,0,0,0,0,0,0,0,0,0,0,0,0,0,0,
Delegate,2,0,0,2,0,0,1,0,1,0,0,0,0,0,0,0,0,0,0,0,0,0,0,0,0,
Delegated,2,0,2,0,0,0,2,0,0,0,0,0,0,0,0,0,0,0,0,0,0,0,0,0,0,
Delegating,2,0,2,0,0,0,2,0,0,0,0,0,0,0,0,0,0,0,0,0,0,0,0,0,0,
delete,6,4,1,1,2,4,2,0,0,0,0,0,0,0,0,0,0,0,0,0,0,0,0,0,0,
Deleted,6,0,6,0,0,0,6,0,0,0,0,0,0,0,0,0,0,0,0,0,0,0,0,0,0,
Delta,1,0,1,0,0,0,1,0,0,0,0,0,0,0,0,0,0,0,0,0,0,0,0,0,0,
Denied,5,0,4,1,0,0,0,0,0,5,0,0,0,0,0,0,0,0,0,0,0,0,0,0,0,
Deny,11,0,6,5,0,0,10,1,0,0,0,0,0,0,0,0,0,0,0,0,0,0,0,0,0,
Dependency,1,0,0,1,0,0,0,1,0,0,0,0,0,0,0,0,0,0,0,0,0,0,0,0,0,
Dependent,3,0,1,2,0,0,3,0,0,0,0,0,0,0,0,0,0,0,0,0,0,0,0,0,0,
Dependents,1,0,0,1,0,0,1,0,0,0,0,0,0,0,0,0,0,0,0,0,0,0,0,0,0,
deploy,2,2,0,0,1,2,0,0,0,0,0,0,0,0,0,0,0,0,0,0,0,0,0,0,0,
Deployment,27,4,7,16,1,4,23,0,0,0,0,0,0,0,0,0,0,0,0,0,0,0,0,0,0,
Deployments,2,0,0,2,0,0,1,0,0,0,1,0,0,0,0,0,0,0,0,0,0,0,0,0,0,
Deque,3,0,0,3,0,0,0,0,3,0,0,0,0,0,0,0,0,0,0,0,0,0,0,0,0,
dereference,2,2,0,0,1,2,0,0,0,0,0,0,0,0,0,0,0,0,0,0,0,0,0,0,0,
descending,4,4,0,0,0,4,0,0,0,0,0,0,0,0,0,0,0,0,0,0,0,0,0,0,0,
describe,2,2,0,0,0,2,0,0,0,0,0,0,0,0,0,0,0,0,0,0,0,0,0,0,0,
Description,1,0,0,1,0,0,1,0,0,0,0,0,0,0,0,0,0,0,0,0,0,0,0,0,0,
Descriptor,3,0,0,3,0,0,0,0,3,0,0,0,0,0,0,0,0,0,0,0,0,0,0,0,0,
Desired,1,0,1,0,0,0,1,0,0,0,0,0,0,0,0,0,0,0,0,0,0,0,0,0,0,
Destination,5,0,5,0,0,0,5,0,0,0,0,0,0,0,0,0,0,0,0,0,0,0,0,0,0,
destroy,10,8,0,2,8,8,2,0,0,0,0,0,0,0,0,0,0,0,0,0,0,0,0,0,0,
Destroyed,17,0,0,17,0,0,17,0,0,0,0,0,0,0,0,0,0,0,0,0,0,0,0,0,0,
Detachable,2,2,0,0,0,2,0,0,0,0,0,0,0,0,0,0,0,0,0,0,0,0,0,0,0,
Details,1,0,0,1,0,0,1,0,0,0,0,0,0,0,0,0,0,0,0,0,0,0,0,0,0,
Detect,1,0,1,0,0,0,1,0,0,0,0,0,0,0,0,0,0,0,0,0,0,0,0,0,0,
Detected,1,0,0,1,0,0,0,0,1,0,0,0,0,0,0,0,0,0,0,0,0,0,0,0,0,
Detection,1,0,1,0,0,0,0,1,0,0,0,0,0,0,0,0,0,0,0,0,0,0,0,0,0,
Detector,1,0,0,1,0,0,1,0,0,0,0,0,0,0,0,0,0,0,0,0,0,0,0,0,0,
Deterministic,2,0,2,0,0,0,2,0,0,0,0,0,0,0,0,0,0,0,0,0,0,0,0,0,0,
Development,1,0,1,0,0,0,1,0,0,0,0,0,0,0,0,0,0,0,0,0,0,0,0,0,0,
Diff,2,0,0,2,0,0,0,2,0,0,0,0,0,0,0,0,0,0,0,0,0,0,0,0,0,
Different,7,0,7,0,0,0,7,0,0,0,0,0,0,0,0,0,0,0,0,0,0,0,0,0,0,
Digest,19,7,7,5,0,7,9,1,2,0,0,0,0,0,0,0,0,0,0,0,0,0,0,0,0,
Dir,5,0,1,4,0,0,0,5,0,0,0,0,0,0,0,0,0,0,0,0,0,0,0,0,0,
Direct,8,1,4,3,0,1,4,3,0,0,0,0,0,0,0,0,0,0,0,0,0,0,0,0,0,
Directly,2,0,2,0,0,0,0,0,0,2,0,0,0,0,0,0,0,0,0,0,0,0,0,0,0,
Directory,15,1,6,8,0,1,10,3,0,0,0,0,0,0,1,0,0,0,0,0,0,0,0,0,0,
disable,12,10,2,0,3,10,2,0,0,0,0,0,0,0,0,0,0,0,0,0,0,0,0,0,0,
Disabled,6,0,1,5,0,0,2,2,0,0,0,0,0,0,0,1,0,1,0,0,0,0,0,0,0,
Disallowed,5,1,2,2,0,1,3,0,1,0,0,0,0,0,0,0,0,0,0,0,0,0,0,0,0,
Discard,11,3,1,7,3,3,8,0,0,0,0,0,0,0,0,0,0,0,0,0,0,0,0,0,0,
disconnected,1,1,0,0,1,1,0,0,0,0,0,0,0,0,0,0,0,0,0,0,0,0,0,0,0,
Dispatch,24,7,10,7,2,7,11,3,1,0,0,2,0,0,0,0,0,0,0,0,0,0,0,0,0,
Dispatched,3,0,0,3,0,0,2,1,0,0,0,0,0,0,0,0,0,0,0,0,0,0,0,0,0,
Dispatcher,14,1,6,7,0,1,7,6,0,0,0,0,0,0,0,0,0,0,0,0,0,0,0,0,0,
Display,5,1,2,2,0,1,2,2,0,0,0,0,0,0,0,0,0,0,0,0,0,0,0,0,0,
dispose,2,2,0,0,2,2,0,0,0,0,0,0,0,0,0,0,0,0,0,0,0,0,0,0,0,
Distribute,1,0,1,0,0,0,1,0,0,0,0,0,0,0,0,0,0,0,0,0,0,0,0,0,0,
do,140,140,0,0,0,140,0,0,0,0,0,0,0,0,0,0,0,0,0,0,0,0,0,0,0,
Does,2,0,2,0,0,0,0,0,0,2,0,0,0,0,0,0,0,0,0,0,0,0,0,0,0,
Domain,42,1,20,21,0,1,25,14,1,0,1,0,0,0,0,0,0,0,0,0,0,0,0,0,0,
Done,38,4,0,34,4,4,26,6,0,2,0,0,0,0,0,0,0,0,0,0,0,0,0,0,0,
Dot,2,0,1,1,0,0,1,0,0,0,0,1,0,0,0,0,0,0,0,0,0,0,0,0,0,
Dots,1,0,0,1,0,0,0,0,0,0,1,0,0,0,0,0,0,0,0,0,0,0,0,0,0,
Dots2,1,0,0,1,0,0,0,0,0,0,1,0,0,0,0,0,0,0,0,0,0,0,0,0,0,
Double,1,0,1,0,0,0,1,0,0,0,0,0,0,0,0,0,0,0,0,0,0,0,0,0,0,
Down,4,0,1,3,0,0,4,0,0,0,0,0,0,0,0,0,0,0,0,0,0,0,0,0,0,
Drain,5,1,3,1,1,1,2,2,0,0,0,0,0,0,0,0,0,0,0,0,0,0,0,0,0,
dump,8,4,1,3,2,4,4,0,0,0,0,0,0,0,0,0,0,0,0,0,0,0,0,0,0,
Dumping,1,0,1,0,0,0,1,0,0,0,0,0,0,0,0,0,0,0,0,0,0,0,0,0,0,
Duplicate,1,0,1,0,0,0,1,0,0,0,0,0,0,0,0,0,0,0,0,0,0,0,0,0,0,
Duplicates,1,0,0,1,0,0,0,1,0,0,0,0,0,0,0,0,0,0,0,0,0,0,0,0,0,
During,1,0,1,0,0,0,0,0,0,0,1,0,0,0,0,0,0,0,0,0,0,0,0,0,0,
Dynamic,4,1,3,0,0,1,2,1,0,0,0,0,0,0,0,0,0,0,0,0,0,0,0,0,0,
E,10,1,9,0,0,1,9,0,0,0,0,0,0,0,0,0,0,0,0,0,0,0,0,0,0,
Each,4,1,2,1,0,1,3,0,0,0,0,0,0,0,0,0,0,0,0,0,0,0,0,0,0,
Eager,5,1,4,0,0,1,2,0,0,2,0,0,0,0,0,0,0,0,0,0,0,0,0,0,0,
Early,3,0,3,0,0,0,0,0,0,3,0,0,0,0,0,0,0,0,0,0,0,0,0,0,0,
echo,3,3,0,0,2,3,0,0,0,0,0,0,0,0,0,0,0,0,0,0,0,0,0,0,0,
Effective,3,0,3,0,0,0,3,0,0,0,0,0,0,0,0,0,0,0,0,0,0,0,0,0,0,
Eldest,1,0,1,0,0,0,1,0,0,0,0,0,0,0,0,0,0,0,0,0,0,0,0,0,0,
elect,1,1,0,0,0,1,0,0,0,0,0,0,0,0,0,0,0,0,0,0,0,0,0,0,0,
Elected,7,2,2,3,2,2,5,0,0,0,0,0,0,0,0,0,0,0,0,0,0,0,0,0,0,
Element,12,4,0,8,4,4,2,2,2,2,0,0,0,0,0,0,0,0,0,0,0,0,0,0,0,
Elements,2,0,0,2,0,0,0,2,0,0,0,0,0,0,0,0,0,0,0,0,0,0,0,0,0,
Else,2,0,2,0,0,0,2,0,0,0,0,0,0,0,0,0,0,0,0,0,0,0,0,0,0,
emit,2,2,0,0,0,2,0,0,0,0,0,0,0,0,0,0,0,0,0,0,0,0,0,0,0,
Emitter,2,0,0,2,0,0,0,2,0,0,0,0,0,0,0,0,0,0,0,0,0,0,0,0,0,
Empty,28,3,13,12,0,3,16,0,2,4,1,2,0,0,0,0,0,0,0,0,0,0,0,0,0,
Enable,12,7,4,1,3,7,5,0,0,0,0,0,0,0,0,0,0,0,0,0,0,0,0,0,0,
Enabled,24,1,8,15,1,1,17,3,2,0,0,0,0,0,0,0,1,0,0,0,0,0,0,0,0,
Encodable,4,2,2,0,0,2,0,2,0,0,0,0,0,0,0,0,0,0,0,0,0,0,0,0,0,
encode,40,34,5,1,7,34,6,0,0,0,0,0,0,0,0,0,0,0,0,0,0,0,0,0,0,
encode3to4,1,1,0,0,1,1,0,0,0,0,0,0,0,0,0,0,0,0,0,0,0,0,0,0,0,
Encodeable,2,0,0,2,0,0,1,1,0,0,0,0,0,0,0,0,0,0,0,0,0,0,0,0,0,
Encoded,16,0,16,0,0,0,8,6,1,0,1,0,0,0,0,0,0,0,0,0,0,0,0,0,0,
Encoder,12,3,4,5,1,3,7,2,0,0,0,0,0,0,0,0,0,0,0,0,0,0,0,0,0,
Encoders,3,0,0,3,0,0,3,0,0,0,0,0,0,0,0,0,0,0,0,0,0,0,0,0,0,
Encoding,93,4,27,62,1,4,23,46,15,2,2,1,0,0,0,0,0,0,0,0,0,0,0,0,0,
Encodings,4,0,1,3,0,0,0,3,1,0,0,0,0,0,0,0,0,0,0,0,0,0,0,0,0,
End,10,3,3,4,0,3,2,3,1,0,1,0,0,0,0,0,0,0,0,0,0,0,0,0,0,
Ended,1,0,0,1,0,0,1,0,0,0,0,0,0,0,0,0,0,0,0,0,0,0,0,0,0,
Ending,5,0,5,0,0,0,0,5,0,0,0,0,0,0,0,0,0,0,0,0,0,0,0,0,0,
Endings,1,0,0,1,0,0,0,1,0,0,0,0,0,0,0,0,0,0,0,0,0,0,0,0,0,
Endpoint,27,1,13,13,0,1,15,5,5,1,0,0,0,0,0,0,0,0,0,0,0,0,0,0,0,
Endpoints,3,0,0,3,0,0,0,2,1,0,0,0,0,0,0,0,0,0,0,0,0,0,0,0,0,
Ends,2,0,0,2,0,0,0,0,0,2,0,0,0,0,0,0,0,0,0,0,0,0,0,0,0,
Engine,7,1,0,6,0,1,0,4,2,0,0,0,0,0,0,0,0,0,0,0,0,0,0,0,0,
ensure,3,3,0,0,0,3,0,0,0,0,0,0,0,0,0,0,0,0,0,0,0,0,0,0,0,
enter,2,2,0,0,0,2,0,0,0,0,0,0,0,0,0,0,0,0,0,0,0,0,0,0,0,
Entity,9,1,5,3,1,1,3,2,1,0,2,0,0,0,0,0,0,0,0,0,0,0,0,0,0,
Entry,17,2,1,14,1,2,9,2,3,1,0,0,0,0,0,0,0,0,0,0,0,0,0,0,0,
Enumeration,1,0,0,1,0,0,1,0,0,0,0,0,0,0,0,0,0,0,0,0,0,0,0,0,0,
Env,10,0,6,4,0,0,10,0,0,0,0,0,0,0,0,0,0,0,0,0,0,0,0,0,0,
Environment,1,0,0,1,0,0,1,0,0,0,0,0,0,0,0,0,0,0,0,0,0,0,0,0,0,
Equal,4,1,2,1,0,1,0,1,0,1,1,0,0,0,0,0,0,0,0,0,0,0,0,0,0,
equals,28,23,4,1,22,23,5,0,0,0,0,0,0,0,0,0,0,0,0,0,0,0,0,0,0,
Equivalent,1,0,0,1,0,0,0,1,0,0,0,0,0,0,0,0,0,0,0,0,0,0,0,0,0,
Error,106,13,39,54,9,13,70,7,3,6,4,3,0,0,0,0,0,0,0,0,0,0,0,0,0,
Errors,2,0,1,1,0,0,0,1,0,0,0,1,0,0,0,0,0,0,0,0,0,0,0,0,0,
escape,6,3,3,0,0,3,2,1,0,0,0,0,0,0,0,0,0,0,0,0,0,0,0,0,0,
Established,1,0,0,1,0,0,1,0,0,0,0,0,0,0,0,0,0,0,0,0,0,0,0,0,0,
estimate,2,2,0,0,0,2,0,0,0,0,0,0,0,0,0,0,0,0,0,0,0,0,0,0,0,
Etag,2,0,0,2,0,0,2,0,0,0,0,0,0,0,0,0,0,0,0,0,0,0,0,0,0,
evaluate,3,3,0,0,3,3,0,0,0,0,0,0,0,0,0,0,0,0,0,0,0,0,0,0,0,
Event,97,0,5,92,0,0,94,3,0,0,0,0,0,0,0,0,0,0,0,0,0,0,0,0,0,
Events,1,0,0,1,0,0,0,1,0,0,0,0,0,0,0,0,0,0,0,0,0,0,0,0,0,
Eviction,1,0,1,0,0,0,1,0,0,0,0,0,0,0,0,0,0,0,0,0,0,0,0,0,0,
Exact,22,9,13,0,0,9,8,0,4,1,0,0,0,0,0,0,0,0,0,0,0,0,0,0,0,
Example,12,1,11,0,0,1,11,0,0,0,0,0,0,0,0,0,0,0,0,0,0,0,0,0,0,
Exception,78,5,13,60,0,5,49,11,5,7,1,0,0,0,0,0,0,0,0,0,0,0,0,0,0,
Exchange,65,33,7,25,0,33,17,6,3,1,5,0,0,0,0,0,0,0,0,0,0,0,0,0,0,
Excluded,1,1,0,0,0,1,0,0,0,0,0,0,0,0,0,0,0,0,0,0,0,0,0,0,0,
Exclusive,3,1,0,2,1,1,2,0,0,0,0,0,0,0,0,0,0,0,0,0,0,0,0,0,0,
Exclusivity,1,0,1,0,0,0,1,0,0,0,0,0,0,0,0,0,0,0,0,0,0,0,0,0,0,
execute,9,9,0,0,5,9,0,0,0,0,0,0,0,0,0,0,0,0,0,0,0,0,0,0,0,
Executor,22,0,0,22,0,0,14,5,3,0,0,0,0,0,0,0,0,0,0,0,0,0,0,0,0,
Existance,1,0,1,0,0,0,0,1,0,0,0,0,0,0,0,0,0,0,0,0,0,0,0,0,0,
Existing,9,1,8,0,0,1,5,0,1,2,0,0,0,0,0,0,0,0,0,0,0,0,0,0,0,
Exists,2,2,0,0,1,2,0,0,0,0,0,0,0,0,0,0,0,0,0,0,0,0,0,0,0,
exit,7,7,0,0,0,7,0,0,0,0,0,0,0,0,0,0,0,0,0,0,0,0,0,0,0,
expand,2,2,0,0,0,2,0,0,0,0,0,0,0,0,0,0,0,0,0,0,0,0,0,0,0,
expect,1,1,0,0,1,1,0,0,0,0,0,0,0,0,0,0,0,0,0,0,0,0,0,0,0,
Expected,3,1,2,0,1,1,2,0,0,0,0,0,0,0,0,0,0,0,0,0,0,0,0,0,0,
Expiration,1,0,0,1,0,0,1,0,0,0,0,0,0,0,0,0,0,0,0,0,0,0,0,0,0,
Expire,1,0,1,0,0,0,1,0,0,0,0,0,0,0,0,0,0,0,0,0,0,0,0,0,0,
Expired,3,0,1,2,0,0,3,0,0,0,0,0,0,0,0,0,0,0,0,0,0,0,0,0,0,
Expires,6,0,0,6,0,0,6,0,0,0,0,0,0,0,0,0,0,0,0,0,0,0,0,0,0,
Explicit,10,0,10,0,0,0,8,2,0,0,0,0,0,0,0,0,0,0,0,0,0,0,0,0,0,
Explicitly,1,0,1,0,0,0,0,0,0,0,1,0,0,0,0,0,0,0,0,0,0,0,0,0,0,
explore,12,12,0,0,0,12,0,0,0,0,0,0,0,0,0,0,0,0,0,0,0,0,0,0,0,
Expression,4,1,2,1,0,1,2,1,0,0,0,0,0,0,0,0,0,0,0,0,0,0,0,0,0,
Expressions,1,0,1,0,0,0,0,1,0,0,0,0,0,0,0,0,0,0,0,0,0,0,0,0,0,
Ext,1,0,0,1,0,0,0,1,0,0,0,0,0,0,0,0,0,0,0,0,0,0,0,0,0,
Extended,3,2,0,1,0,2,0,1,0,0,0,0,0,0,0,0,0,0,0,0,0,0,0,0,0,
Extension,26,1,15,10,0,1,17,7,1,0,0,0,0,0,0,0,0,0,0,0,0,0,0,0,0,
Extensions,33,0,10,23,0,0,19,13,0,1,0,0,0,0,0,0,0,0,0,0,0,0,0,0,0,
External,1,1,0,0,0,1,0,0,0,0,0,0,0,0,0,0,0,0,0,0,0,0,0,0,0,
Extra,2,0,2,0,0,0,2,0,0,0,0,0,0,0,0,0,0,0,0,0,0,0,0,0,0,
extract,9,7,2,0,1,7,2,0,0,0,0,0,0,0,0,0,0,0,0,0,0,0,0,0,0,
Extraction,1,0,0,1,0,0,0,1,0,0,0,0,0,0,0,0,0,0,0,0,0,0,0,0,0,
Factor,1,0,0,1,0,0,0,1,0,0,0,0,0,0,0,0,0,0,0,0,0,0,0,0,0,
Factory,35,0,0,35,0,0,3,21,9,2,0,0,0,0,0,0,0,0,0,0,0,0,0,0,0,
Fail,2,0,1,1,0,0,1,1,0,0,0,0,0,0,0,0,0,0,0,0,0,0,0,0,0,
Failed,38,19,5,14,17,19,11,7,0,0,1,0,0,0,0,0,0,0,0,0,0,0,0,0,0,
Failover,3,0,1,2,0,0,1,2,0,0,0,0,0,0,0,0,0,0,0,0,0,0,0,0,0,
Failure,4,0,2,2,0,0,3,0,1,0,0,0,0,0,0,0,0,0,0,0,0,0,0,0,0,
Fallback,4,0,2,2,0,0,4,0,0,0,0,0,0,0,0,0,0,0,0,0,0,0,0,0,0,
Fallthrough,1,0,0,1,0,0,0,1,0,0,0,0,0,0,0,0,0,0,0,0,0,0,0,0,0,
false,4,1,3,0,0,1,3,0,0,0,0,0,0,0,0,0,0,0,0,0,0,0,0,0,0,
Fast,4,4,0,0,0,4,0,0,0,0,0,0,0,0,0,0,0,0,0,0,0,0,0,0,0,
Feeds,1,0,1,0,0,0,0,1,0,0,0,0,0,0,0,0,0,0,0,0,0,0,0,0,0,
fi,3,3,0,0,0,3,0,0,0,0,0,0,0,0,0,0,0,0,0,0,0,0,0,0,0,
Field,22,0,0,22,0,0,1,15,6,0,0,0,0,0,0,0,0,0,0,0,0,0,0,0,0,
Fields,8,0,5,3,0,0,0,4,4,0,0,0,0,0,0,0,0,0,0,0,0,0,0,0,0,
File,83,6,45,32,0,6,37,21,9,3,6,1,0,0,0,0,0,0,0,0,0,0,0,0,0,
Filename,1,0,0,1,0,0,0,0,0,0,0,0,0,0,1,0,0,0,0,0,0,0,0,0,0,
Files,4,0,0,4,0,0,0,4,0,0,0,0,0,0,0,0,0,0,0,0,0,0,0,0,0,
fill,2,2,0,0,1,2,0,0,0,0,0,0,0,0,0,0,0,0,0,0,0,0,0,0,0,
Filled,1,0,1,0,0,0,1,0,0,0,0,0,0,0,0,0,0,0,0,0,0,0,0,0,0,
Filter,53,7,16,30,1,7,35,5,1,3,1,1,0,0,0,0,0,0,0,0,0,0,0,0,0,
Filtered,1,0,1,0,0,0,1,0,0,0,0,0,0,0,0,0,0,0,0,0,0,0,0,0,0,
Filters,10,0,1,9,0,0,5,1,1,0,0,0,3,0,0,0,0,0,0,0,0,0,0,0,0,
Final,32,1,6,25,0,1,31,0,0,0,0,0,0,0,0,0,0,0,0,0,0,0,0,0,0,
finalize,1,1,0,0,1,1,0,0,0,0,0,0,0,0,0,0,0,0,0,0,0,0,0,0,0,
find,18,18,0,0,1,18,0,0,0,0,0,0,0,0,0,0,0,0,0,0,0,0,0,0,0,
Finish,6,2,4,0,2,2,4,0,0,0,0,0,0,0,0,0,0,0,0,0,0,0,0,0,0,
Finishable,2,2,0,0,0,2,0,0,0,0,0,0,0,0,0,0,0,0,0,0,0,0,0,0,0,
Finished,13,1,0,12,1,1,11,1,0,0,0,0,0,0,0,0,0,0,0,0,0,0,0,0,0,
Firefox,1,0,1,0,0,0,0,1,0,0,0,0,0,0,0,0,0,0,0,0,0,0,0,0,0,
Firefox16,1,0,0,1,0,0,1,0,0,0,0,0,0,0,0,0,0,0,0,0,0,0,0,0,0,
First,52,3,12,37,3,3,47,0,2,0,0,0,0,0,0,0,0,0,0,0,0,0,0,0,0,
fix,1,1,0,0,0,1,0,0,0,0,0,0,0,0,0,0,0,0,0,0,0,0,0,0,0,
Fixed,11,3,8,0,0,3,6,0,1,1,0,0,0,0,0,0,0,0,0,0,0,0,0,0,0,
Flag,2,0,0,2,0,0,0,2,0,0,0,0,0,0,0,0,0,0,0,0,0,0,0,0,0,
Flags,4,0,0,4,0,0,4,0,0,0,0,0,0,0,0,0,0,0,0,0,0,0,0,0,0,
flatten,1,1,0,0,0,1,0,0,0,0,0,0,0,0,0,0,0,0,0,0,0,0,0,0,0,
Flow,7,0,7,0,0,0,6,1,0,0,0,0,0,0,0,0,0,0,0,0,0,0,0,0,0,
flush,70,41,17,12,26,41,17,7,3,1,1,0,0,0,0,0,0,0,0,0,0,0,0,0,0,
Flushwait,4,0,0,4,0,0,4,0,0,0,0,0,0,0,0,0,0,0,0,0,0,0,0,0,0,
Follow,1,0,1,0,0,0,1,0,0,0,0,0,0,0,0,0,0,0,0,0,0,0,0,0,0,
Footer,1,0,0,1,0,0,1,0,0,0,0,0,0,0,0,0,0,0,0,0,0,0,0,0,0,
for,39,9,28,2,0,9,7,15,5,0,2,1,0,0,0,0,0,0,0,0,0,0,0,0,0,
Forbidden,3,0,1,2,0,0,3,0,0,0,0,0,0,0,0,0,0,0,0,0,0,0,0,0,0,
force,17,8,4,5,1,8,2,2,5,0,0,0,0,0,0,0,0,0,0,0,0,0,0,0,0,
Forced,1,0,1,0,0,0,1,0,0,0,0,0,0,0,0,0,0,0,0,0,0,0,0,0,0,
Forcibly,5,0,5,0,0,0,5,0,0,0,0,0,0,0,0,0,0,0,0,0,0,0,0,0,0,
Form,30,7,23,0,0,7,9,10,4,0,0,0,0,0,0,0,0,0,0,0,0,0,0,0,0,
format,7,6,0,1,2,6,0,0,1,0,0,0,0,0,0,0,0,0,0,0,0,0,0,0,0,
forward,5,3,2,0,1,3,0,0,0,2,0,0,0,0,0,0,0,0,0,0,0,0,0,0,0,
Forwarded,10,1,4,5,0,1,1,2,4,2,0,0,0,0,0,0,0,0,0,0,0,0,0,0,0,
Found,1,0,0,1,0,0,0,1,0,0,0,0,0,0,0,0,0,0,0,0,0,0,0,0,0,
Fragment,4,0,0,4,0,0,0,3,1,0,0,0,0,0,0,0,0,0,0,0,0,0,0,0,0,
Fragmentation,4,0,4,0,0,0,4,0,0,0,0,0,0,0,0,0,0,0,0,0,0,0,0,0,0,
Frame,108,9,68,31,1,9,50,36,13,0,0,0,0,0,0,0,0,0,0,0,0,0,0,0,0,
Framed,7,0,7,0,0,0,7,0,0,0,0,0,0,0,0,0,0,0,0,0,0,0,0,0,0,
Frames,7,0,2,5,0,0,0,4,2,1,0,0,0,0,0,0,0,0,0,0,0,0,0,0,0,
free,13,13,0,0,5,13,0,0,0,0,0,0,0,0,0,0,0,0,0,0,0,0,0,0,0,
freed,2,1,0,1,1,1,1,0,0,0,0,0,0,0,0,0,0,0,0,0,0,0,0,0,0,
Frequency,2,0,0,2,0,0,0,2,0,0,0,0,0,0,0,0,0,0,0,0,0,0,0,0,0,
Friend,1,0,0,1,0,0,0,1,0,0,0,0,0,0,0,0,0,0,0,0,0,0,0,0,0,
From,59,3,22,34,0,3,38,4,5,9,0,0,0,0,0,0,0,0,0,0,0,0,0,0,0,
Full,41,0,38,3,0,0,35,3,1,1,1,0,0,0,0,0,0,0,0,0,0,0,0,0,0,
Function,10,0,4,6,0,0,4,2,3,1,0,0,0,0,0,0,0,0,0,0,0,0,0,0,0,
Future,2,0,0,2,0,0,0,0,1,0,0,1,0,0,0,0,0,0,0,0,0,0,0,0,0,
G,2,0,2,0,0,0,2,0,0,0,0,0,0,0,0,0,0,0,0,0,0,0,0,0,0,
Gate,1,0,0,1,0,0,1,0,0,0,0,0,0,0,0,0,0,0,0,0,0,0,0,0,0,
generate,16,16,0,0,1,16,0,0,0,0,0,0,0,0,0,0,0,0,0,0,0,0,0,0,0,
Generated,2,0,0,2,0,0,0,0,0,0,1,1,0,0,0,0,0,0,0,0,0,0,0,0,0,
Generator,8,0,0,8,0,0,0,3,2,3,0,0,0,0,0,0,0,0,0,0,0,0,0,0,0,
Generic,7,1,6,0,0,1,5,0,1,0,0,0,0,0,0,0,0,0,0,0,0,0,0,0,0,
get,2086,2010,10,66,13,2010,76,0,0,0,0,0,0,0,0,0,0,0,0,0,0,0,0,0,0,
Given,1,0,1,0,0,0,0,0,0,1,0,0,0,0,0,0,0,0,0,0,0,0,0,0,0,
Global,1,0,1,0,0,0,0,0,0,0,1,0,0,0,0,0,0,0,0,0,0,0,0,0,0,
Go,4,0,4,0,0,0,4,0,0,0,0,0,0,0,0,0,0,0,0,0,0,0,0,0,0,
Gone,4,0,2,2,0,0,2,2,0,0,0,0,0,0,0,0,0,0,0,0,0,0,0,0,0,
Good,2,0,2,0,0,0,0,2,0,0,0,0,0,0,0,0,0,0,0,0,0,0,0,0,0,
got,1,1,0,0,0,1,0,0,0,0,0,0,0,0,0,0,0,0,0,0,0,0,0,0,0,
grab,3,3,0,0,0,3,0,0,0,0,0,0,0,0,0,0,0,0,0,0,0,0,0,0,0,
graceful,4,3,1,0,0,3,1,0,0,0,0,0,0,0,0,0,0,0,0,0,0,0,0,0,0,
Granted,3,0,2,1,0,0,0,0,0,3,0,0,0,0,0,0,0,0,0,0,0,0,0,0,0,
Group,2,0,0,2,0,0,0,2,0,0,0,0,0,0,0,0,0,0,0,0,0,0,0,0,0,
Growing,1,0,0,1,0,0,1,0,0,0,0,0,0,0,0,0,0,0,0,0,0,0,0,0,0,
GSS,4,1,3,0,0,1,3,0,0,0,0,0,0,0,0,0,0,0,0,0,0,0,0,0,0,
GSSAPI,2,1,0,1,0,1,1,0,0,0,0,0,0,0,0,0,0,0,0,0,0,0,0,0,0,
Guarantee,4,0,3,1,0,0,1,3,0,0,0,0,0,0,0,0,0,0,0,0,0,0,0,0,0,
Guarentee,2,0,2,0,0,0,0,2,0,0,0,0,0,0,0,0,0,0,0,0,0,0,0,0,0,
Gzip,6,3,3,0,0,3,3,0,0,0,0,0,0,0,0,0,0,0,0,0,0,0,0,0,0,
H2,1,0,0,1,0,0,1,0,0,0,0,0,0,0,0,0,0,0,0,0,0,0,0,0,0,
H2upgrade,1,0,0,1,0,0,1,0,0,0,0,0,0,0,0,0,0,0,0,0,0,0,0,0,0,
Ha1,3,0,0,3,0,0,3,0,0,0,0,0,0,0,0,0,0,0,0,0,0,0,0,0,0,
HA2,2,0,2,0,0,0,2,0,0,0,0,0,0,0,0,0,0,0,0,0,0,0,0,0,0,
Hack,3,0,3,0,0,0,3,0,0,0,0,0,0,0,0,0,0,0,0,0,0,0,0,0,0,
Handing,1,0,0,1,0,0,0,0,1,0,0,0,0,0,0,0,0,0,0,0,0,0,0,0,0,
handle,460,459,0,1,12,459,0,1,0,0,0,0,0,0,0,0,0,0,0,0,0,0,0,0,0,
Handled,1,0,0,1,0,0,0,1,0,0,0,0,0,0,0,0,0,0,0,0,0,0,0,0,0,
Handler,257,4,25,228,0,4,49,137,58,6,2,0,1,0,0,0,0,0,0,0,0,0,0,0,0,
Handler1,2,0,0,2,0,0,0,1,1,0,0,0,0,0,0,0,0,0,0,0,0,0,0,0,0,
Handler2,1,0,0,1,0,0,0,1,0,0,0,0,0,0,0,0,0,0,0,0,0,0,0,0,0,
Handler3,1,0,0,1,0,0,0,1,0,0,0,0,0,0,0,0,0,0,0,0,0,0,0,0,0,
Handlers,10,0,0,10,0,0,5,5,0,0,0,0,0,0,0,0,0,0,0,0,0,0,0,0,0,
handles,8,7,1,0,0,7,1,0,0,0,0,0,0,0,0,0,0,0,0,0,0,0,0,0,0,
Handling,4,0,0,4,0,0,0,3,1,0,0,0,0,0,0,0,0,0,0,0,0,0,0,0,0,
Handshake,35,6,12,17,2,6,19,5,4,1,0,0,0,0,0,0,0,0,0,0,0,0,0,0,0,
handshakes,3,3,0,0,3,3,0,0,0,0,0,0,0,0,0,0,0,0,0,0,0,0,0,0,0,
has,23,23,0,0,0,23,0,0,0,0,0,0,0,0,0,0,0,0,0,0,0,0,0,0,0,
hash,27,23,2,2,1,23,4,0,0,0,0,0,0,0,0,0,0,0,0,0,0,0,0,0,0,
Hashes,1,0,0,1,0,0,1,0,0,0,0,0,0,0,0,0,0,0,0,0,0,0,0,0,0,
Head,12,1,5,6,0,1,10,1,0,0,0,0,0,0,0,0,0,0,0,0,0,0,0,0,0,
Header,159,7,53,99,1,7,66,62,17,7,0,0,0,0,0,0,0,0,0,0,0,0,0,0,0,
Headers,64,2,17,45,2,2,27,23,8,0,2,0,2,0,0,0,0,0,0,0,0,0,0,0,0,
Health,10,3,6,1,0,3,7,0,0,0,0,0,0,0,0,0,0,0,0,0,0,0,0,0,0,
Held,2,0,2,0,0,0,2,0,0,0,0,0,0,0,0,0,0,0,0,0,0,0,0,0,0,
Hello,11,0,0,11,0,0,0,5,4,0,2,0,0,0,0,0,0,0,0,0,0,0,0,0,0,
Hex,6,0,4,2,0,0,1,4,1,0,0,0,0,0,0,0,0,0,0,0,0,0,0,0,0,
higher,1,1,0,0,1,1,0,0,0,0,0,0,0,0,0,0,0,0,0,0,0,0,0,0,0,
Highest,2,0,2,0,0,0,2,0,0,0,0,0,0,0,0,0,0,0,0,0,0,0,0,0,0,
hit,2,2,0,0,2,2,0,0,0,0,0,0,0,0,0,0,0,0,0,0,0,0,0,0,0,
Holder,15,3,0,12,3,3,9,2,1,0,0,0,0,0,0,0,0,0,0,0,0,0,0,0,0,
Host,49,3,21,25,1,3,26,18,1,0,1,0,0,0,0,0,0,0,0,0,0,0,0,0,0,
Hostname,5,0,0,5,0,0,3,0,2,0,0,0,0,0,0,0,0,0,0,0,0,0,0,0,0,
Hostname2,2,0,0,2,0,0,0,0,2,0,0,0,0,0,0,0,0,0,0,0,0,0,0,0,0,
Hosts,5,0,1,4,0,0,3,2,0,0,0,0,0,0,0,0,0,0,0,0,0,0,0,0,0,
hot,2,1,1,0,0,1,1,0,0,0,0,0,0,0,0,0,0,0,0,0,0,0,0,0,0,
Hpack,4,3,1,0,0,3,1,0,0,0,0,0,0,0,0,0,0,0,0,0,0,0,0,0,0,
Html,1,0,0,1,0,0,1,0,0,0,0,0,0,0,0,0,0,0,0,0,0,0,0,0,0,
Http,104,29,74,1,0,29,57,12,6,0,0,0,0,0,0,0,0,0,0,0,0,0,0,0,0,
Http09,1,0,0,1,0,0,1,0,0,0,0,0,0,0,0,0,0,0,0,0,0,0,0,0,0,
Http10,2,0,0,2,0,0,1,0,1,0,0,0,0,0,0,0,0,0,0,0,0,0,0,0,0,
Http11,2,0,1,1,0,0,2,0,0,0,0,0,0,0,0,0,0,0,0,0,0,0,0,0,0,
Http2,57,45,11,1,0,45,11,1,0,0,0,0,0,0,0,0,0,0,0,0,0,0,0,0,0,
Https,2,0,1,1,0,0,2,0,0,0,0,0,0,0,0,0,0,0,0,0,0,0,0,0,0,
Huffman,6,1,5,0,0,1,5,0,0,0,0,0,0,0,0,0,0,0,0,0,0,0,0,0,0,
Hybi07,2,1,1,0,0,1,1,0,0,0,0,0,0,0,0,0,0,0,0,0,0,0,0,0,0,
Hybi08,2,1,1,0,0,1,1,0,0,0,0,0,0,0,0,0,0,0,0,0,0,0,0,0,0,
Hybi13,2,1,1,0,0,1,1,0,0,0,0,0,0,0,0,0,0,0,0,0,0,0,0,0,0,
I,6,0,6,0,0,0,6,0,0,0,0,0,0,0,0,0,0,0,0,0,0,0,0,0,0,
Id,74,0,23,51,0,0,14,30,24,4,0,0,2,0,0,0,0,0,0,0,0,0,0,0,0,
Idempotent,2,0,2,0,0,0,2,0,0,0,0,0,0,0,0,0,0,0,0,0,0,0,0,0,0,
Identity,14,0,12,2,0,0,13,1,0,0,0,0,0,0,0,0,0,0,0,0,0,0,0,0,0,
Idle,16,1,13,2,0,1,10,2,1,2,0,0,0,0,0,0,0,0,0,0,0,0,0,0,0,
Ids,1,0,0,1,0,0,0,0,1,0,0,0,0,0,0,0,0,0,0,0,0,0,0,0,0,
IE6,1,0,1,0,0,0,0,1,0,0,0,0,0,0,0,0,0,0,0,0,0,0,0,0,0,
IE9,1,0,1,0,0,0,0,1,0,0,0,0,0,0,0,0,0,0,0,0,0,0,0,0,0,
If,19,0,18,1,0,0,11,5,2,0,0,0,0,0,1,0,0,0,0,0,0,0,0,0,0,
ifne,1,1,0,0,1,1,0,0,0,0,0,0,0,0,0,0,0,0,0,0,0,0,0,0,0,
Ignore,5,0,5,0,0,0,4,1,0,0,0,0,0,0,0,0,0,0,0,0,0,0,0,0,0,
Ignored,2,0,2,0,0,0,2,0,0,0,0,0,0,0,0,0,0,0,0,0,0,0,0,0,0,
Ignores,1,0,1,0,0,0,0,0,0,1,0,0,0,0,0,0,0,0,0,0,0,0,0,0,0,
Immediate,7,7,0,0,0,7,0,0,0,0,0,0,0,0,0,0,0,0,0,0,0,0,0,0,0,
Impl,53,1,1,51,0,1,16,22,13,1,0,0,0,0,0,0,0,0,0,0,0,0,0,0,0,
Implicit,1,0,1,0,0,0,1,0,0,0,0,0,0,0,0,0,0,0,0,0,0,0,0,0,0,
In,70,4,66,0,0,4,7,18,17,19,3,2,0,0,0,0,0,0,0,0,0,0,0,0,0,
Inactive,5,0,5,0,0,0,0,5,0,0,0,0,0,0,0,0,0,0,0,0,0,0,0,0,0,
Inbound,4,0,2,2,0,0,4,0,0,0,0,0,0,0,0,0,0,0,0,0,0,0,0,0,0,
Include,16,2,6,8,1,2,3,2,4,5,0,0,0,0,0,0,0,0,0,0,0,0,0,0,0,
Included,1,0,1,0,0,0,0,1,0,0,0,0,0,0,0,0,0,0,0,0,0,0,0,0,0,
Includes,1,0,1,0,0,0,1,0,0,0,0,0,0,0,0,0,0,0,0,0,0,0,0,0,0,
Incoming,1,0,1,0,0,0,1,0,0,0,0,0,0,0,0,0,0,0,0,0,0,0,0,0,0,
Incompatible,1,0,0,1,0,0,1,0,0,0,0,0,0,0,0,0,0,0,0,0,0,0,0,0,0,
Incorrectly,1,0,1,0,0,0,0,0,0,1,0,0,0,0,0,0,0,0,0,0,0,0,0,0,0,
increase,1,1,0,0,0,1,0,0,0,0,0,0,0,0,0,0,0,0,0,0,0,0,0,0,0,
increment,1,1,0,0,0,1,0,0,0,0,0,0,0,0,0,0,0,0,0,0,0,0,0,0,0,
Index,11,3,3,5,1,3,6,2,0,0,0,0,0,0,0,0,0,0,0,0,0,0,0,0,0,
Indexed,1,0,1,0,0,0,1,0,0,0,0,0,0,0,0,0,0,0,0,0,0,0,0,0,0,
Individual,3,0,3,0,0,0,0,2,1,0,0,0,0,0,0,0,0,0,0,0,0,0,0,0,0,
Inflater,2,0,2,0,0,0,1,1,0,0,0,0,0,0,0,0,0,0,0,0,0,0,0,0,0,
Inflating,1,1,0,0,0,1,0,0,0,0,0,0,0,0,0,0,0,0,0,0,0,0,0,0,0,
Info,51,1,5,45,1,1,10,21,17,2,0,0,0,0,0,0,0,0,0,0,0,0,0,0,0,
Information,6,0,1,5,0,0,2,3,1,0,0,0,0,0,0,0,0,0,0,0,0,0,0,0,0,
init,57,31,21,5,22,31,24,0,2,0,0,0,0,0,0,0,0,0,0,0,0,0,0,0,0,
Initalizer,1,0,0,1,0,0,0,0,1,0,0,0,0,0,0,0,0,0,0,0,0,0,0,0,0,
Initalizers,1,0,0,1,0,0,0,0,1,0,0,0,0,0,0,0,0,0,0,0,0,0,0,0,0,
initial,23,6,16,1,0,6,14,1,0,1,1,0,0,0,0,0,0,0,0,0,0,0,0,0,0,
initialize,4,3,1,0,0,3,1,0,0,0,0,0,0,0,0,0,0,0,0,0,0,0,0,0,0,
Initialized,14,0,0,14,0,0,12,1,1,0,0,0,0,0,0,0,0,0,0,0,0,0,0,0,0,
Initializer,3,0,2,1,0,0,0,2,1,0,0,0,0,0,0,0,0,0,0,0,0,0,0,0,0,
Initializers,1,0,0,1,0,0,0,0,1,0,0,0,0,0,0,0,0,0,0,0,0,0,0,0,0,
initiate,4,4,0,0,0,4,0,0,0,0,0,0,0,0,0,0,0,0,0,0,0,0,0,0,0,
Initiated,1,0,1,0,0,0,0,1,0,0,0,0,0,0,0,0,0,0,0,0,0,0,0,0,0,
Inner,2,0,2,0,0,0,2,0,0,0,0,0,0,0,0,0,0,0,0,0,0,0,0,0,0,
Input,26,1,25,0,0,1,11,7,7,0,0,0,0,0,0,0,0,0,0,0,0,0,0,0,0,
insert,5,5,0,0,0,5,0,0,0,0,0,0,0,0,0,0,0,0,0,0,0,0,0,0,0,
Inside,5,0,5,0,0,0,2,2,0,0,0,1,0,0,0,0,0,0,0,0,0,0,0,0,0,
Installed,1,0,1,0,0,0,1,0,0,0,0,0,0,0,0,0,0,0,0,0,0,0,0,0,0,
Instance,47,6,21,20,5,6,36,5,0,0,0,0,0,0,0,0,0,0,0,0,0,0,0,0,0,
Instead,8,0,8,0,0,0,0,3,5,0,0,0,0,0,0,0,0,0,0,0,0,0,0,0,0,
Int,13,0,8,5,0,0,12,0,1,0,0,0,0,0,0,0,0,0,0,0,0,0,0,0,0,
Int16,4,0,0,4,0,0,4,0,0,0,0,0,0,0,0,0,0,0,0,0,0,0,0,0,0,
Int24,3,0,0,3,0,0,3,0,0,0,0,0,0,0,0,0,0,0,0,0,0,0,0,0,0,
Int8,3,0,0,3,0,0,3,0,0,0,0,0,0,0,0,0,0,0,0,0,0,0,0,0,0,
Integer,7,2,1,4,0,2,2,3,0,0,0,0,0,0,0,0,0,0,0,0,0,0,0,0,0,
Integral,1,0,0,1,0,0,1,0,0,0,0,0,0,0,0,0,0,0,0,0,0,0,0,0,0,
Integrity,1,0,0,1,0,0,0,1,0,0,0,0,0,0,0,0,0,0,0,0,0,0,0,0,0,
Interceptor,2,0,1,1,0,0,1,1,0,0,0,0,0,0,0,0,0,0,0,0,0,0,0,0,0,
Interceptors,1,0,0,1,0,0,0,1,0,0,0,0,0,0,0,0,0,0,0,0,0,0,0,0,0,
Interfaces,1,0,0,1,0,0,0,1,0,0,0,0,0,0,0,0,0,0,0,0,0,0,0,0,0,
Internal,26,4,0,22,0,4,13,6,3,0,0,0,0,0,0,0,0,0,0,0,0,0,0,0,0,
Interval,7,0,0,7,0,0,0,0,7,0,0,0,0,0,0,0,0,0,0,0,0,0,0,0,0,
Into,6,0,6,0,0,0,6,0,0,0,0,0,0,0,0,0,0,0,0,0,0,0,0,0,0,
Introspecter,3,0,0,3,0,0,1,2,0,0,0,0,0,0,0,0,0,0,0,0,0,0,0,0,0,
Introspector,1,0,0,1,0,0,0,0,1,0,0,0,0,0,0,0,0,0,0,0,0,0,0,0,0,
Invalid,29,2,25,2,0,2,23,1,0,2,1,0,0,0,0,0,0,0,0,0,0,0,0,0,0,
invalidate,7,5,2,0,5,5,2,0,0,0,0,0,0,0,0,0,0,0,0,0,0,0,0,0,0,
Invocation,5,0,2,3,0,0,0,2,0,0,3,0,0,0,0,0,0,0,0,0,0,0,0,0,0,
invoke,24,24,0,0,1,24,0,0,0,0,0,0,0,0,0,0,0,0,0,0,0,0,0,0,0,
Invoked1,1,0,0,1,0,0,0,0,0,0,1,0,0,0,0,0,0,0,0,0,0,0,0,0,0,
Invoked2,1,0,0,1,0,0,0,0,0,0,1,0,0,0,0,0,0,0,0,0,0,0,0,0,0,
Io,28,1,27,0,0,1,19,2,2,0,0,3,0,1,0,0,0,0,0,0,0,0,0,0,0,
Ip,31,2,27,2,0,2,29,0,0,0,0,0,0,0,0,0,0,0,0,0,0,0,0,0,0,
Ipv4,1,0,1,0,0,0,1,0,0,0,0,0,0,0,0,0,0,0,0,0,0,0,0,0,0,
Ipv6,4,0,4,0,0,0,3,1,0,0,0,0,0,0,0,0,0,0,0,0,0,0,0,0,0,
is,464,453,11,0,0,453,7,2,0,1,1,0,0,0,0,0,0,0,0,0,0,0,0,0,0,
Item,2,0,0,2,0,0,2,0,0,0,0,0,0,0,0,0,0,0,0,0,0,0,0,0,0,
Iterate,2,0,1,1,0,0,2,0,0,0,0,0,0,0,0,0,0,0,0,0,0,0,0,0,0,
iterator,17,11,0,6,10,11,6,0,0,0,0,0,0,0,0,0,0,0,0,0,0,0,0,0,0,
Itr,3,0,0,3,0,0,3,0,0,0,0,0,0,0,0,0,0,0,0,0,0,0,0,0,0,
J,1,1,0,0,0,1,0,0,0,0,0,0,0,0,0,0,0,0,0,0,0,0,0,0,0,
Jaas,1,0,1,0,0,0,1,0,0,0,0,0,0,0,0,0,0,0,0,0,0,0,0,0,0,
Jaspi,2,0,2,0,0,0,2,0,0,0,0,0,0,0,0,0,0,0,0,0,0,0,0,0,0,
Java,1,0,1,0,0,0,0,0,1,0,0,0,0,0,0,0,0,0,0,0,0,0,0,0,0,
JDBC,1,1,0,0,0,1,0,0,0,0,0,0,0,0,0,0,0,0,0,0,0,0,0,0,0,
JDK9,1,1,0,0,0,1,0,0,0,0,0,0,0,0,0,0,0,0,0,0,0,0,0,0,0,
JIS,1,0,0,1,0,0,0,0,0,1,0,0,0,0,0,0,0,0,0,0,0,0,0,0,0,
JSON,2,0,2,0,0,0,0,2,0,0,0,0,0,0,0,0,0,0,0,0,0,0,0,0,0,
Jsp,6,0,6,0,0,0,6,0,0,0,0,0,0,0,0,0,0,0,0,0,0,0,0,0,0,
Jsr,4,4,0,0,0,4,0,0,0,0,0,0,0,0,0,0,0,0,0,0,0,0,0,0,0,
jump,1,1,0,0,0,1,0,0,0,0,0,0,0,0,0,0,0,0,0,0,0,0,0,0,0,
Junk,1,0,0,1,0,0,0,0,0,1,0,0,0,0,0,0,0,0,0,0,0,0,0,0,0,
jvm,11,2,9,0,0,2,9,0,0,0,0,0,0,0,0,0,0,0,0,0,0,0,0,0,0,
KDC,1,0,0,1,0,0,1,0,0,0,0,0,0,0,0,0,0,0,0,0,0,0,0,0,0,
Keep,2,0,2,0,0,0,2,0,0,0,0,0,0,0,0,0,0,0,0,0,0,0,0,0,0,
Key,33,5,5,23,4,5,10,18,0,0,0,0,0,0,0,0,0,0,0,0,0,0,0,0,0,
Keys,3,1,0,2,1,1,0,2,0,0,0,0,0,0,0,0,0,0,0,0,0,0,0,0,0,
Knowledge,1,0,0,1,0,0,0,0,1,0,0,0,0,0,0,0,0,0,0,0,0,0,0,0,0,
Known,1,1,0,0,0,1,0,0,0,0,0,0,0,0,0,0,0,0,0,0,0,0,0,0,0,
Label,2,0,0,2,0,0,2,0,0,0,0,0,0,0,0,0,0,0,0,0,0,0,0,0,0,
Language,1,0,0,1,0,0,1,0,0,0,0,0,0,0,0,0,0,0,0,0,0,0,0,0,0,
Large,16,0,11,5,0,0,4,3,3,1,4,1,0,0,0,0,0,0,0,0,0,0,0,0,0,
larger,1,1,0,0,0,1,0,0,0,0,0,0,0,0,0,0,0,0,0,0,0,0,0,0,0,
Last,86,10,41,35,3,10,76,0,0,0,0,0,0,0,0,0,0,0,0,0,0,0,0,0,0,
Latch,3,0,1,2,0,0,3,0,0,0,0,0,0,0,0,0,0,0,0,0,0,0,0,0,0,
lazy,4,4,0,0,0,4,0,0,0,0,0,0,0,0,0,0,0,0,0,0,0,0,0,0,0,
Lb,3,0,3,0,0,0,3,0,0,0,0,0,0,0,0,0,0,0,0,0,0,0,0,0,0,
Ldap,1,0,1,0,0,0,1,0,0,0,0,0,0,0,0,0,0,0,0,0,0,0,0,0,0,
Ldif,1,0,0,1,0,0,1,0,0,0,0,0,0,0,0,0,0,0,0,0,0,0,0,0,0,
Leading,2,0,2,0,0,0,0,0,0,0,2,0,0,0,0,0,0,0,0,0,0,0,0,0,0,
Leak,1,1,0,0,0,1,0,0,0,0,0,0,0,0,0,0,0,0,0,0,0,0,0,0,0,
learning,2,2,0,0,0,2,0,0,0,0,0,0,0,0,0,0,0,0,0,0,0,0,0,0,0,
Left,1,0,0,1,0,0,1,0,0,0,0,0,0,0,0,0,0,0,0,0,0,0,0,0,0,
Legacy,1,1,0,0,0,1,0,0,0,0,0,0,0,0,0,0,0,0,0,0,0,0,0,0,0,
Length,58,1,17,40,1,1,8,38,4,5,1,1,0,0,0,0,0,0,0,0,0,0,0,0,0,
Lengths,4,0,0,4,0,0,3,0,1,0,0,0,0,0,0,0,0,0,0,0,0,0,0,0,0,
Lifecycle,6,0,4,2,0,0,4,2,0,0,0,0,0,0,0,0,0,0,0,0,0,0,0,0,0,
Lifecyle,1,1,0,0,0,1,0,0,0,0,0,0,0,0,0,0,0,0,0,0,0,0,0,0,0,
Lifetime,2,0,0,2,0,0,0,2,0,0,0,0,0,0,0,0,0,0,0,0,0,0,0,0,0,
Limit,4,1,1,2,0,1,2,1,0,0,0,0,0,0,0,0,0,0,0,0,0,0,0,0,0,
Limited,1,1,0,0,0,1,0,0,0,0,0,0,0,0,0,0,0,0,0,0,0,0,0,0,0,
Limiting,8,0,8,0,0,0,4,4,0,0,0,0,0,0,0,0,0,0,0,0,0,0,0,0,0,
Line,11,0,10,1,0,0,8,1,2,0,0,0,0,0,0,0,0,0,0,0,0,0,0,0,0,
link,6,6,0,0,0,6,0,0,0,0,0,0,0,0,0,0,0,0,0,0,0,0,0,0,0,
Linked,1,0,1,0,0,0,1,0,0,0,0,0,0,0,0,0,0,0,0,0,0,0,0,0,0,
Links,1,0,0,1,0,0,0,1,0,0,0,0,0,0,0,0,0,0,0,0,0,0,0,0,0,
List,32,11,3,18,5,11,5,9,7,0,0,0,0,0,0,0,0,0,0,0,0,0,0,0,0,
Listener,127,8,12,107,3,8,20,71,26,2,0,0,0,0,0,0,0,0,0,0,0,0,0,0,0,
Listeners,9,0,0,9,0,0,4,3,1,1,0,0,0,0,0,0,0,0,0,0,0,0,0,0,0,
Listing,5,0,3,2,0,0,0,4,0,0,0,0,0,0,0,1,0,0,0,0,0,0,0,0,0,
load,22,7,9,6,0,7,14,1,0,0,0,0,0,0,0,0,0,0,0,0,0,0,0,0,0,
Loader,8,0,1,7,0,0,0,6,2,0,0,0,0,0,0,0,0,0,0,0,0,0,0,0,0,
local,27,4,23,0,0,4,21,2,0,0,0,0,0,0,0,0,0,0,0,0,0,0,0,0,0,
Locale,11,0,4,7,0,0,10,1,0,0,0,0,0,0,0,0,0,0,0,0,0,0,0,0,0,
Locales,4,0,1,3,0,0,4,0,0,0,0,0,0,0,0,0,0,0,0,0,0,0,0,0,0,
Location,9,0,0,9,0,0,1,5,3,0,0,0,0,0,0,0,0,0,0,0,0,0,0,0,0,
Lock,3,2,0,1,1,2,1,0,0,0,0,0,0,0,0,0,0,0,0,0,0,0,0,0,0,
Log,33,7,25,1,1,7,13,12,0,1,0,0,0,0,0,0,0,0,0,0,0,0,0,0,0,
Logging,2,1,1,0,0,1,0,1,0,0,0,0,0,0,0,0,0,0,0,0,0,0,0,0,0,
login,12,6,4,2,4,6,4,0,0,0,2,0,0,0,0,0,0,0,0,0,0,0,0,0,0,
logout,6,4,0,2,4,4,0,0,0,2,0,0,0,0,0,0,0,0,0,0,0,0,0,0,0,
Long,14,0,7,7,0,0,4,3,5,0,0,1,0,1,0,0,0,0,0,0,0,0,0,0,0,
lookup,4,3,0,1,0,3,0,1,0,0,0,0,0,0,0,0,0,0,0,0,0,0,0,0,0,
Lots,12,0,12,0,0,0,9,3,0,0,0,0,0,0,0,0,0,0,0,0,0,0,0,0,0,
Lower,1,0,0,1,0,0,1,0,0,0,0,0,0,0,0,0,0,0,0,0,0,0,0,0,0,
Lowercase,2,0,0,2,0,0,0,0,2,0,0,0,0,0,0,0,0,0,0,0,0,0,0,0,0,
LRU,1,1,0,0,0,1,0,0,0,0,0,0,0,0,0,0,0,0,0,0,0,0,0,0,0,
M,1,0,1,0,0,0,0,0,1,0,0,0,0,0,0,0,0,0,0,0,0,0,0,0,0,
Machine,4,0,2,2,0,0,0,4,0,0,0,0,0,0,0,0,0,0,0,0,0,0,0,0,0,
Machines,2,0,0,2,0,0,0,2,0,0,0,0,0,0,0,0,0,0,0,0,0,0,0,0,0,
Magic,1,0,1,0,0,0,1,0,0,0,0,0,0,0,0,0,0,0,0,0,0,0,0,0,0,
main,21,21,0,0,21,21,0,0,0,0,0,0,0,0,0,0,0,0,0,0,0,0,0,0,0,
Major,6,0,6,0,0,0,3,3,0,0,0,0,0,0,0,0,0,0,0,0,0,0,0,0,0,
Managed,9,5,4,0,0,5,4,0,0,0,0,0,0,0,0,0,0,0,0,0,0,0,0,0,0,
Management,5,0,5,0,0,0,5,0,0,0,0,0,0,0,0,0,0,0,0,0,0,0,0,0,0,
Manager,59,0,20,39,0,0,2,45,10,2,0,0,0,0,0,0,0,0,0,0,0,0,0,0,0,
Managers,4,0,0,4,0,0,0,2,0,2,0,0,0,0,0,0,0,0,0,0,0,0,0,0,0,
Map,22,3,0,19,1,3,3,9,4,1,2,0,0,0,0,0,0,0,0,0,0,0,0,0,0,
Mapped,2,0,1,1,0,0,0,0,0,1,1,0,0,0,0,0,0,0,0,0,0,0,0,0,0,
Mappers,1,0,0,1,0,0,0,1,0,0,0,0,0,0,0,0,0,0,0,0,0,0,0,0,0,
Mapping,32,1,9,22,0,1,15,3,7,5,1,0,0,0,0,0,0,0,0,0,0,0,0,0,0,
Mappings,16,0,0,16,0,0,4,6,5,1,0,0,0,0,0,0,0,0,0,0,0,0,0,0,0,
Maps,1,0,0,1,0,0,1,0,0,0,0,0,0,0,0,0,0,0,0,0,0,0,0,0,0,
mark,17,15,2,0,1,15,2,0,0,0,0,0,0,0,0,0,0,0,0,0,0,0,0,0,0,
Marked,1,0,1,0,0,0,1,0,0,0,0,0,0,0,0,0,0,0,0,0,0,0,0,0,0,
Marker,1,0,0,1,0,0,0,1,0,0,0,0,0,0,0,0,0,0,0,0,0,0,0,0,0,
mask,1,1,0,0,1,1,0,0,0,0,0,0,0,0,0,0,0,0,0,0,0,0,0,0,0,
Masker,1,1,0,0,1,1,0,0,0,0,0,0,0,0,0,0,0,0,0,0,0,0,0,0,0,
Masking,3,0,3,0,0,0,3,0,0,0,0,0,0,0,0,0,0,0,0,0,0,0,0,0,0,
Match,55,4,6,45,3,4,12,20,3,16,0,0,0,0,0,0,0,0,0,0,0,0,0,0,0,
Matched,6,0,4,2,0,0,4,0,2,0,0,0,0,0,0,0,0,0,0,0,0,0,0,0,0,
Matcher,1,0,0,1,0,0,1,0,0,0,0,0,0,0,0,0,0,0,0,0,0,0,0,0,0,
matches,12,7,1,4,7,7,2,3,0,0,0,0,0,0,0,0,0,0,0,0,0,0,0,0,0,
Max,111,3,107,1,0,3,86,17,1,0,2,2,0,0,0,0,0,0,0,0,0,0,0,0,0,
Maxattempts,4,0,0,4,0,0,4,0,0,0,0,0,0,0,0,0,0,0,0,0,0,0,0,0,0,
Maximum,2,0,2,0,0,0,2,0,0,0,0,0,0,0,0,0,0,0,0,0,0,0,0,0,0,
maybe,1,1,0,0,0,1,0,0,0,0,0,0,0,0,0,0,0,0,0,0,0,0,0,0,0,
MCMP,7,7,0,0,0,7,0,0,0,0,0,0,0,0,0,0,0,0,0,0,0,0,0,0,0,
md5,2,2,0,0,2,2,0,0,0,0,0,0,0,0,0,0,0,0,0,0,0,0,0,0,0,
Means,2,0,2,0,0,0,0,2,0,0,0,0,0,0,0,0,0,0,0,0,0,0,0,0,0,
Mech,1,0,1,0,0,0,0,1,0,0,0,0,0,0,0,0,0,0,0,0,0,0,0,0,0,
Mechainism,1,0,0,1,0,0,0,0,0,0,1,0,0,0,0,0,0,0,0,0,0,0,0,0,0,
Mechanism,30,0,4,26,0,0,4,14,8,3,1,0,0,0,0,0,0,0,0,0,0,0,0,0,0,
Mechanisms,17,0,1,16,0,0,1,16,0,0,0,0,0,0,0,0,0,0,0,0,0,0,0,0,0,
Memory,7,0,7,0,0,0,4,3,0,0,0,0,0,0,0,0,0,0,0,0,0,0,0,0,0,
merge,3,3,0,0,0,3,0,0,0,0,0,0,0,0,0,0,0,0,0,0,0,0,0,0,0,
Merged,1,0,1,0,0,0,1,0,0,0,0,0,0,0,0,0,0,0,0,0,0,0,0,0,0,
Message,130,5,34,91,5,5,61,14,44,5,0,0,1,0,0,0,0,0,0,0,0,0,0,0,0,
Messages,1,0,1,0,0,0,1,0,0,0,0,0,0,0,0,0,0,0,0,0,0,0,0,0,0,
Metadata,4,0,0,4,0,0,0,1,3,0,0,0,0,0,0,0,0,0,0,0,0,0,0,0,0,
Method,42,2,13,27,1,2,23,14,2,1,0,0,0,0,0,0,0,0,0,0,0,0,0,0,0,
Methods,15,0,2,13,0,0,2,9,0,4,0,0,0,0,0,0,0,0,0,0,0,0,0,0,0,
Metric,2,1,0,1,0,1,1,0,0,0,0,0,0,0,0,0,0,0,0,0,0,0,0,0,0,
Metrics,9,2,3,4,0,2,7,0,0,0,0,0,0,0,0,0,0,0,0,0,0,0,0,0,0,
Millis,1,0,0,1,0,0,0,0,0,1,0,0,0,0,0,0,0,0,0,0,0,0,0,0,0,
Mime,18,2,16,0,0,2,12,4,0,0,0,0,0,0,0,0,0,0,0,0,0,0,0,0,0,
Min,5,2,3,0,0,2,1,2,0,0,0,0,0,0,0,0,0,0,0,0,0,0,0,0,0,
Minor,6,0,6,0,0,0,3,3,0,0,0,0,0,0,0,0,0,0,0,0,0,0,0,0,0,
Miss,1,0,0,1,0,0,0,0,0,1,0,0,0,0,0,0,0,0,0,0,0,0,0,0,0,
Mock,5,2,3,0,1,2,3,0,0,0,0,0,0,0,0,0,0,0,0,0,0,0,0,0,0,
Mod,6,4,2,0,0,4,2,0,0,0,0,0,0,0,0,0,0,0,0,0,0,0,0,0,0,
Mode,11,0,1,10,0,0,0,3,8,0,0,0,0,0,0,0,0,0,0,0,0,0,0,0,0,
Model,1,0,1,0,0,0,0,1,0,0,0,0,0,0,0,0,0,0,0,0,0,0,0,0,0,
Modes,6,0,0,6,0,0,0,0,3,3,0,0,0,0,0,0,0,0,0,0,0,0,0,0,0,
Modified,14,1,6,7,0,1,0,13,0,0,0,0,0,0,0,0,0,0,0,0,0,0,0,0,0,
Monitored,1,1,0,0,0,1,0,0,0,0,0,0,0,0,0,0,0,0,0,0,0,0,0,0,0,
Moodified,1,0,1,0,0,0,0,1,0,0,0,0,0,0,0,0,0,0,0,0,0,0,0,0,0,
more,5,2,3,0,0,2,2,0,0,1,0,0,0,0,0,0,0,0,0,0,0,0,0,0,0,
most,1,1,0,0,0,1,0,0,0,0,0,0,0,0,0,0,0,0,0,0,0,0,0,0,0,
Multi,12,4,8,0,0,4,7,1,0,0,0,0,0,0,0,0,0,0,0,0,0,0,0,0,0,
Multiline,1,0,1,0,0,0,1,0,0,0,0,0,0,0,0,0,0,0,0,0,0,0,0,0,0,
Multipart,15,1,13,1,0,1,7,2,0,0,0,5,0,0,0,0,0,0,0,0,0,0,0,0,0,
Multiple,9,0,9,0,0,0,3,0,1,5,0,0,0,0,0,0,0,0,0,0,0,0,0,0,0,
Multiplexing,3,0,3,0,0,0,3,0,0,0,0,0,0,0,0,0,0,0,0,0,0,0,0,0,0,
Must,1,0,1,0,0,0,0,0,1,0,0,0,0,0,0,0,0,0,0,0,0,0,0,0,0,
Mutate,1,0,1,0,0,0,0,0,0,0,1,0,0,0,0,0,0,0,0,0,0,0,0,0,0,
My,1,1,0,0,0,1,0,0,0,0,0,0,0,0,0,0,0,0,0,0,0,0,0,0,0,
name,226,109,12,105,109,109,43,51,18,2,0,1,1,1,0,0,0,0,0,0,0,0,0,0,0,
Named,1,0,1,0,0,0,1,0,0,0,0,0,0,0,0,0,0,0,0,0,0,0,0,0,0,
Names,28,0,0,28,0,0,0,21,5,2,0,0,0,0,0,0,0,0,0,0,0,0,0,0,0,
Need,4,0,4,0,0,0,4,0,0,0,0,0,0,0,0,0,0,0,0,0,0,0,0,0,0,
Needed,1,0,0,1,0,0,0,1,0,0,0,0,0,0,0,0,0,0,0,0,0,0,0,0,0,
Negative,3,0,0,3,0,0,0,0,1,2,0,0,0,0,0,0,0,0,0,0,0,0,0,0,0,
Negotiated,4,0,4,0,0,0,4,0,0,0,0,0,0,0,0,0,0,0,0,0,0,0,0,0,0,
Negotiation,4,0,0,4,0,0,1,2,1,0,0,0,0,0,0,0,0,0,0,0,0,0,0,0,0,
Nested,1,0,1,0,0,0,1,0,0,0,0,0,0,0,0,0,0,0,0,0,0,0,0,0,0,
Netty,1,0,1,0,0,0,0,0,1,0,0,0,0,0,0,0,0,0,0,0,0,0,0,0,0,
new,24,12,11,1,0,12,6,5,0,1,0,0,0,0,0,0,0,0,0,0,0,0,0,0,0,
Newline,3,0,3,0,0,0,3,0,0,0,0,0,0,0,0,0,0,0,0,0,0,0,0,0,0,
Newlines,1,0,0,1,0,0,0,1,0,0,0,0,0,0,0,0,0,0,0,0,0,0,0,0,0,
Next,66,18,5,43,7,18,45,3,0,0,0,0,0,0,0,0,0,0,0,0,0,0,0,0,0,
No,24,1,22,1,0,1,15,1,4,2,1,0,0,0,0,0,0,0,0,0,0,0,0,0,0,
Nocase,4,0,0,4,0,0,4,0,0,0,0,0,0,0,0,0,0,0,0,0,0,0,0,0,0,
Node,59,9,8,42,5,9,33,10,7,0,0,0,0,0,0,0,0,0,0,0,0,0,0,0,0,
Nodes,6,0,0,6,0,0,4,0,2,0,0,0,0,0,0,0,0,0,0,0,0,0,0,0,0,
Noescape,2,0,0,2,0,0,2,0,0,0,0,0,0,0,0,0,0,0,0,0,0,0,0,0,0,
Non,22,3,19,0,0,3,9,4,5,0,0,0,1,0,0,0,0,0,0,0,0,0,0,0,0,
Nonce,31,2,12,17,1,2,16,13,0,0,0,0,0,0,0,0,0,0,0,0,0,0,0,0,0,
None,1,0,1,0,0,0,0,1,0,0,0,0,0,0,0,0,0,0,0,0,0,0,0,0,0,
normalize,1,1,0,0,0,1,0,0,0,0,0,0,0,0,0,0,0,0,0,0,0,0,0,0,0,
Normally,1,0,0,1,0,0,0,1,0,0,0,0,0,0,0,0,0,0,0,0,0,0,0,0,0,
Nosubreq,2,0,0,2,0,0,2,0,0,0,0,0,0,0,0,0,0,0,0,0,0,0,0,0,0,
Not,29,4,25,0,1,4,12,2,4,4,2,0,0,1,0,0,0,0,0,0,0,0,0,0,0,
Noticiation,1,0,0,1,0,0,1,0,0,0,0,0,0,0,0,0,0,0,0,0,0,0,0,0,0,
Notifiactions,1,0,0,1,0,0,1,0,0,0,0,0,0,0,0,0,0,0,0,0,0,0,0,0,0,
Notificaction,1,0,1,0,0,0,1,0,0,0,0,0,0,0,0,0,0,0,0,0,0,0,0,0,0,
Notification,12,1,6,5,0,1,10,1,0,0,0,0,0,0,0,0,0,0,0,0,0,0,0,0,0,
Notifications,1,0,0,1,0,0,1,0,0,0,0,0,0,0,0,0,0,0,0,0,0,0,0,0,0,
Notifier,5,0,0,5,0,0,5,0,0,0,0,0,0,0,0,0,0,0,0,0,0,0,0,0,0,
notify,18,18,0,0,8,18,0,0,0,0,0,0,0,0,0,0,0,0,0,0,0,0,0,0,0,
Null,13,0,6,7,0,0,6,3,2,1,0,0,1,0,0,0,0,0,0,0,0,0,0,0,0,
Number,1,0,0,1,0,0,0,1,0,0,0,0,0,0,0,0,0,0,0,0,0,0,0,0,0,
Object,19,0,6,13,0,0,15,2,2,0,0,0,0,0,0,0,0,0,0,0,0,0,0,0,0,
Objects,2,0,0,2,0,0,0,2,0,0,0,0,0,0,0,0,0,0,0,0,0,0,0,0,0,
Occured,1,0,0,1,0,0,0,0,1,0,0,0,0,0,0,0,0,0,0,0,0,0,0,0,0,
Occurrence,8,0,0,8,0,0,0,8,0,0,0,0,0,0,0,0,0,0,0,0,0,0,0,0,0,
Of,31,0,26,5,0,0,2,18,6,5,0,0,0,0,0,0,0,0,0,0,0,0,0,0,0,
Off,5,0,4,1,0,0,0,0,1,0,3,0,1,0,0,0,0,0,0,0,0,0,0,0,0,
offer,19,19,0,0,4,19,0,0,0,0,0,0,0,0,0,0,0,0,0,0,0,0,0,0,0,
OK,5,0,0,5,0,0,1,0,0,0,0,1,2,1,0,0,0,0,0,0,0,0,0,0,0,
Old,4,0,4,0,0,0,2,0,0,0,2,0,0,0,0,0,0,0,0,0,0,0,0,0,0,
Omission,1,0,0,1,0,0,0,0,1,0,0,0,0,0,0,0,0,0,0,0,0,0,0,0,0,
Omissions,2,0,0,2,0,0,0,0,2,0,0,0,0,0,0,0,0,0,0,0,0,0,0,0,0,
On,202,165,34,3,0,165,11,8,13,3,2,0,0,0,0,0,0,0,0,0,0,0,0,0,0,
On204,1,0,0,1,0,0,0,1,0,0,0,0,0,0,0,0,0,0,0,0,0,0,0,0,0,
One,6,0,4,2,0,0,2,2,0,2,0,0,0,0,0,0,0,0,0,0,0,0,0,0,0,
Only,17,0,3,14,0,0,1,12,2,2,0,0,0,0,0,0,0,0,0,0,0,0,0,0,0,
Op,5,1,4,0,0,1,1,3,0,0,0,0,0,0,0,0,0,0,0,0,0,0,0,0,0,
Open,74,11,18,45,5,11,61,2,0,0,0,0,0,0,0,0,0,0,0,0,0,0,0,0,0,
Opera12,1,0,0,1,0,0,1,0,0,0,0,0,0,0,0,0,0,0,0,0,0,0,0,0,0,
Operations,1,0,0,1,0,0,0,0,1,0,0,0,0,0,0,0,0,0,0,0,0,0,0,0,0,
Operator,4,1,2,1,0,1,2,1,0,0,0,0,0,0,0,0,0,0,0,0,0,0,0,0,0,
Option,57,0,2,55,0,0,54,3,0,0,0,0,0,0,0,0,0,0,0,0,0,0,0,0,0,
Options,20,0,0,20,0,0,3,16,1,0,0,0,0,0,0,0,0,0,0,0,0,0,0,0,0,
Or,9,3,6,0,1,3,3,2,0,0,0,1,0,0,0,0,0,0,0,0,0,0,0,0,0,
Order,6,0,3,3,0,0,2,2,1,1,0,0,0,0,0,0,0,0,0,0,0,0,0,0,0,
Ordered,1,1,0,0,0,1,0,0,0,0,0,0,0,0,0,0,0,0,0,0,0,0,0,0,0,
Origin,8,0,4,4,0,0,4,4,0,0,0,0,0,0,0,0,0,0,0,0,0,0,0,0,0,
Original,14,0,14,0,0,0,11,0,1,0,2,0,0,0,0,0,0,0,0,0,0,0,0,0,0,
Origins,5,0,0,5,0,0,0,3,2,0,0,0,0,0,0,0,0,0,0,0,0,0,0,0,0,
Ornext,2,0,0,2,0,0,2,0,0,0,0,0,0,0,0,0,0,0,0,0,0,0,0,0,0,
Other,5,0,5,0,0,0,2,2,0,0,0,0,0,0,1,0,0,0,0,0,0,0,0,0,0,
Others,1,0,0,1,0,0,0,0,0,0,0,0,1,0,0,0,0,0,0,0,0,0,0,0,0,
Out,4,0,4,0,0,0,4,0,0,0,0,0,0,0,0,0,0,0,0,0,0,0,0,0,0,
Outbound,4,0,2,2,0,0,4,0,0,0,0,0,0,0,0,0,0,0,0,0,0,0,0,0,0,
Outer,2,0,2,0,0,0,2,0,0,0,0,0,0,0,0,0,0,0,0,0,0,0,0,0,0,
Output,30,1,25,4,0,1,16,4,7,0,2,0,0,0,0,0,0,0,0,0,0,0,0,0,0,
Over,1,0,1,0,0,0,0,1,0,0,0,0,0,0,0,0,0,0,0,0,0,0,0,0,0,
Overflow,1,0,0,1,0,0,1,0,0,0,0,0,0,0,0,0,0,0,0,0,0,0,0,0,0,
Override,1,0,1,0,0,0,1,0,0,0,0,0,0,0,0,0,0,0,0,0,0,0,0,0,0,
Overriden,2,0,2,0,0,0,2,0,0,0,0,0,0,0,0,0,0,0,0,0,0,0,0,0,0,
overrides,1,1,0,0,1,1,0,0,0,0,0,0,0,0,0,0,0,0,0,0,0,0,0,0,0,
Packets,5,0,0,5,0,0,0,5,0,0,0,0,0,0,0,0,0,0,0,0,0,0,0,0,0,
Padding,5,0,3,2,0,0,5,0,0,0,0,0,0,0,0,0,0,0,0,0,0,0,0,0,0,
Page,13,0,4,9,0,0,4,5,1,2,0,0,1,0,0,0,0,0,0,0,0,0,0,0,0,
Pages,15,0,2,13,0,0,1,12,0,0,2,0,0,0,0,0,0,0,0,0,0,0,0,0,0,
Param,7,0,1,6,0,0,1,6,0,0,0,0,0,0,0,0,0,0,0,0,0,0,0,0,0,
Param1,1,0,0,1,0,0,0,0,0,0,1,0,0,0,0,0,0,0,0,0,0,0,0,0,0,
Param2,1,0,0,1,0,0,0,0,0,0,1,0,0,0,0,0,0,0,0,0,0,0,0,0,0,
Parameter,102,3,22,77,1,3,81,18,0,0,0,0,0,0,0,0,0,0,0,0,0,0,0,0,0,
Parameterized,1,1,0,0,1,1,0,0,0,0,0,0,0,0,0,0,0,0,0,0,0,0,0,0,0,
parameters,155,58,9,88,58,58,63,24,2,4,2,2,0,0,0,0,0,0,0,0,0,0,0,0,0,
Params,10,0,0,10,0,0,1,5,1,0,0,0,2,0,0,0,1,0,0,0,0,0,0,0,0,
Parent,1,0,0,1,0,0,1,0,0,0,0,0,0,0,0,0,0,0,0,0,0,0,0,0,0,
Parms,1,0,0,1,0,0,0,1,0,0,0,0,0,0,0,0,0,0,0,0,0,0,0,0,0,
parse,76,63,10,3,20,63,12,1,0,0,0,0,0,0,0,0,0,0,0,0,0,0,0,0,0,
parse16,2,2,0,0,0,2,0,0,0,0,0,0,0,0,0,0,0,0,0,0,0,0,0,0,0,
Parsed,7,0,7,0,0,0,7,0,0,0,0,0,0,0,0,0,0,0,0,0,0,0,0,0,0,
Parser,34,1,7,26,1,1,7,14,11,1,0,0,0,0,0,0,0,0,0,0,0,0,0,0,0,
Parsers,3,0,0,3,0,0,3,0,0,0,0,0,0,0,0,0,0,0,0,0,0,0,0,0,0,
Parsing,13,0,6,7,0,0,2,5,2,1,3,0,0,0,0,0,0,0,0,0,0,0,0,0,0,
Part,21,3,11,7,2,3,11,7,0,0,0,0,0,0,0,0,0,0,0,0,0,0,0,0,0,
Partial,10,0,10,0,0,0,6,0,4,0,0,0,0,0,0,0,0,0,0,0,0,0,0,0,0,
Partition,1,0,0,1,0,0,1,0,0,0,0,0,0,0,0,0,0,0,0,0,0,0,0,0,0,
Parts,4,0,0,4,0,0,4,0,0,0,0,0,0,0,0,0,0,0,0,0,0,0,0,0,0,
Password,13,2,1,10,1,2,2,9,0,0,0,0,0,0,0,0,0,0,0,0,0,0,0,0,0,
Past,1,0,1,0,0,0,0,1,0,0,0,0,0,0,0,0,0,0,0,0,0,0,0,0,0,
Path,198,24,61,113,3,24,79,57,17,12,3,2,2,1,0,1,0,0,0,0,0,0,0,0,0,
Path2,1,0,0,1,0,0,0,0,0,0,0,0,1,0,0,0,0,0,0,0,0,0,0,0,0,
paths,10,1,0,9,1,1,3,6,0,0,0,0,0,0,0,0,0,0,0,0,0,0,0,0,0,
Pattern,12,1,4,7,0,1,6,5,0,0,0,0,0,0,0,0,0,0,0,0,0,0,0,0,0,
Patterns,4,0,0,4,0,0,0,2,0,2,0,0,0,0,0,0,0,0,0,0,0,0,0,0,0,
pause,3,2,0,1,2,2,0,0,0,1,0,0,0,0,0,0,0,0,0,0,0,0,0,0,0,
Payload,1,0,0,1,0,0,1,0,0,0,0,0,0,0,0,0,0,0,0,0,0,0,0,0,0,
peek,12,12,0,0,4,12,0,0,0,0,0,0,0,0,0,0,0,0,0,0,0,0,0,0,0,
Peer,33,2,30,1,0,2,26,0,4,0,1,0,0,0,0,0,0,0,0,0,0,0,0,0,0,
Pem,1,0,0,1,0,0,1,0,0,0,0,0,0,0,0,0,0,0,0,0,0,0,0,0,0,
Per,6,2,4,0,0,2,0,3,0,1,0,0,0,0,0,0,0,0,0,0,0,0,0,0,0,
perform,8,8,0,0,0,8,0,0,0,0,0,0,0,0,0,0,0,0,0,0,0,0,0,0,0,
Performance,1,0,0,1,0,0,1,0,0,0,0,0,0,0,0,0,0,0,0,0,0,0,0,0,0,
Performed,2,0,0,2,0,0,0,0,2,0,0,0,0,0,0,0,0,0,0,0,0,0,0,0,0,
Permanent,1,0,1,0,0,0,1,0,0,0,0,0,0,0,0,0,0,0,0,0,0,0,0,0,0,
Permanently,2,0,2,0,0,0,2,0,0,0,0,0,0,0,0,0,0,0,0,0,0,0,0,0,0,
Permit,1,0,0,1,0,0,1,0,0,0,0,0,0,0,0,0,0,0,0,0,0,0,0,0,0,
persist,1,1,0,0,0,1,0,0,0,0,0,0,0,0,0,0,0,0,0,0,0,0,0,0,0,
Persistence,2,0,2,0,0,0,0,2,0,0,0,0,0,0,0,0,0,0,0,0,0,0,0,0,0,
Persistent,6,2,2,2,0,2,2,1,1,0,0,0,0,0,0,0,0,0,0,0,0,0,0,0,0,
Phrase,11,0,2,9,0,0,0,8,1,2,0,0,0,0,0,0,0,0,0,0,0,0,0,0,0,
Ping,46,6,19,21,2,6,27,12,1,0,0,0,0,0,0,0,0,0,0,0,0,0,0,0,0,
Pipeline,4,0,3,1,0,0,3,0,1,0,0,0,0,0,0,0,0,0,0,0,0,0,0,0,0,
Pipelined,1,0,1,0,0,0,1,0,0,0,0,0,0,0,0,0,0,0,0,0,0,0,0,0,0,
Pipelining,2,2,0,0,0,2,0,0,0,0,0,0,0,0,0,0,0,0,0,0,0,0,0,0,0,
Plus,1,0,1,0,0,0,1,0,0,0,0,0,0,0,0,0,0,0,0,0,0,0,0,0,0,
Point,2,0,0,2,0,0,0,1,1,0,0,0,0,0,0,0,0,0,0,0,0,0,0,0,0,
poll,12,12,0,0,4,12,0,0,0,0,0,0,0,0,0,0,0,0,0,0,0,0,0,0,0,
Pong,12,0,8,4,0,0,5,7,0,0,0,0,0,0,0,0,0,0,0,0,0,0,0,0,0,
Pool,39,0,3,36,0,0,1,23,15,0,0,0,0,0,0,0,0,0,0,0,0,0,0,0,0,
Pooled,9,5,2,2,0,5,3,1,0,0,0,0,0,0,0,0,0,0,0,0,0,0,0,0,0,
pop,4,4,0,0,4,4,0,0,0,0,0,0,0,0,0,0,0,0,0,0,0,0,0,0,0,
populate,1,1,0,0,1,1,0,0,0,0,0,0,0,0,0,0,0,0,0,0,0,0,0,0,0,
Port,29,0,3,26,0,0,8,19,2,0,0,0,0,0,0,0,0,0,0,0,0,0,0,0,0,
Portable,1,1,0,0,0,1,0,0,0,0,0,0,0,0,0,0,0,0,0,0,0,0,0,0,0,
Pos,1,0,0,1,0,0,1,0,0,0,0,0,0,0,0,0,0,0,0,0,0,0,0,0,0,
Position,6,1,1,4,1,1,3,0,2,0,0,0,0,0,0,0,0,0,0,0,0,0,0,0,0,
positions,1,1,0,0,1,1,0,0,0,0,0,0,0,0,0,0,0,0,0,0,0,0,0,0,0,
Positive,3,0,1,2,0,0,3,0,0,0,0,0,0,0,0,0,0,0,0,0,0,0,0,0,0,
Possible,5,0,1,4,0,0,1,3,1,0,0,0,0,0,0,0,0,0,0,0,0,0,0,0,0,
post,41,2,14,25,1,2,29,0,0,4,3,3,0,0,0,0,0,0,0,0,0,0,0,0,0,
Potential,1,0,1,0,0,0,1,0,0,0,0,0,0,0,0,0,0,0,0,0,0,0,0,0,0,
Pre,9,6,3,0,0,6,3,0,0,0,0,0,0,0,0,0,0,0,0,0,0,0,0,0,0,
Preable,2,0,1,1,0,0,0,0,0,0,0,2,0,0,0,0,0,0,0,0,0,0,0,0,0,
preamble,5,1,0,4,1,1,0,0,0,0,2,1,0,0,1,0,0,0,0,0,0,0,0,0,0,
precedence,1,1,0,0,1,1,0,0,0,0,0,0,0,0,0,0,0,0,0,0,0,0,0,0,0,
pred,3,3,0,0,3,3,0,0,0,0,0,0,0,0,0,0,0,0,0,0,0,0,0,0,0,
Predecessors,3,0,0,3,0,0,0,3,0,0,0,0,0,0,0,0,0,0,0,0,0,0,0,0,0,
Predicate,41,6,9,26,1,6,21,6,6,1,0,0,1,0,0,0,0,0,0,0,0,0,0,0,0,
Predicated,4,1,3,0,0,1,2,1,0,0,0,0,0,0,0,0,0,0,0,0,0,0,0,0,0,
predicates,3,2,0,1,1,2,1,0,0,0,0,0,0,0,0,0,0,0,0,0,0,0,0,0,0,
Preface,2,0,1,1,0,0,2,0,0,0,0,0,0,0,0,0,0,0,0,0,0,0,0,0,0,
Prefix,20,8,10,2,1,8,8,1,1,2,0,0,0,0,0,0,0,0,0,0,0,0,0,0,0,
prefixes,1,1,0,0,1,1,0,0,0,0,0,0,0,0,0,0,0,0,0,0,0,0,0,0,0,
prepare,3,3,0,0,0,3,0,0,0,0,0,0,0,0,0,0,0,0,0,0,0,0,0,0,0,
Present,1,0,0,1,0,0,0,0,1,0,0,0,0,0,0,0,0,0,0,0,0,0,0,0,0,
Prev,7,3,0,4,0,3,2,2,0,0,0,0,0,0,0,0,0,0,0,0,0,0,0,0,0,
prevent,1,1,0,0,0,1,0,0,0,0,0,0,0,0,0,0,0,0,0,0,0,0,0,0,0,
Previous,3,2,0,1,1,2,1,0,0,0,0,0,0,0,0,0,0,0,0,0,0,0,0,0,0,
Pri,1,0,1,0,0,0,0,1,0,0,0,0,0,0,0,0,0,0,0,0,0,0,0,0,0,
Primitive,2,0,1,1,0,0,2,0,0,0,0,0,0,0,0,0,0,0,0,0,0,0,0,0,0,
Principal,18,0,3,15,0,0,10,8,0,0,0,0,0,0,0,0,0,0,0,0,0,0,0,0,0,
print,10,7,3,0,2,7,2,1,0,0,0,0,0,0,0,0,0,0,0,0,0,0,0,0,0,
Printable,2,0,1,1,0,0,1,1,0,0,0,0,0,0,0,0,0,0,0,0,0,0,0,0,0,
printf,2,2,0,0,2,2,0,0,0,0,0,0,0,0,0,0,0,0,0,0,0,0,0,0,0,
println,2,2,0,0,2,2,0,0,0,0,0,0,0,0,0,0,0,0,0,0,0,0,0,0,0,
Prior,1,0,1,0,0,0,0,1,0,0,0,0,0,0,0,0,0,0,0,0,0,0,0,0,0,
priority,63,52,3,8,51,52,8,3,0,0,0,0,0,0,0,0,0,0,0,0,0,0,0,0,0,
Problem,3,0,3,0,0,0,3,0,0,0,0,0,0,0,0,0,0,0,0,0,0,0,0,0,0,
proceed,2,2,0,0,2,2,0,0,0,0,0,0,0,0,0,0,0,0,0,0,0,0,0,0,0,
process,32,32,0,0,2,32,0,0,0,0,0,0,0,0,0,0,0,0,0,0,0,0,0,0,0,
Processing,4,0,4,0,0,0,2,2,0,0,0,0,0,0,0,0,0,0,0,0,0,0,0,0,0,
Producer,2,0,0,2,0,0,0,2,0,0,0,0,0,0,0,0,0,0,0,0,0,0,0,0,0,
Programatic,8,1,4,3,0,1,5,2,0,0,0,0,0,0,0,0,0,0,0,0,0,0,0,0,0,
Progressive,1,0,1,0,0,0,1,0,0,0,0,0,0,0,0,0,0,0,0,0,0,0,0,0,0,
Promise,4,0,3,1,0,0,0,4,0,0,0,0,0,0,0,0,0,0,0,0,0,0,0,0,0,
Promised,1,0,1,0,0,0,1,0,0,0,0,0,0,0,0,0,0,0,0,0,0,0,0,0,0,
Properties,6,0,0,6,0,0,2,4,0,0,0,0,0,0,0,0,0,0,0,0,0,0,0,0,0,
Property,1,0,0,1,0,0,0,1,0,0,0,0,0,0,0,0,0,0,0,0,0,0,0,0,0,
Proportion,1,0,0,1,0,0,0,1,0,0,0,0,0,0,0,0,0,0,0,0,0,0,0,0,0,
Protcol,1,0,0,1,0,0,1,0,0,0,0,0,0,0,0,0,0,0,0,0,0,0,0,0,0,
Protocol,55,0,16,39,0,0,26,24,5,0,0,0,0,0,0,0,0,0,0,0,0,0,0,0,0,
Protocols,17,1,0,16,1,1,4,11,1,0,0,0,0,0,0,0,0,0,0,0,0,0,0,0,0,
Provider,6,0,0,6,0,0,1,3,2,0,0,0,0,0,0,0,0,0,0,0,0,0,0,0,0,
Proxied,2,0,0,2,0,0,1,1,0,0,0,0,0,0,0,0,0,0,0,0,0,0,0,0,0,
proxy,49,16,28,5,0,16,26,4,2,1,0,0,0,0,0,0,0,0,0,0,0,0,0,0,0,
Push,29,10,17,2,5,10,19,0,0,0,0,0,0,0,0,0,0,0,0,0,0,0,0,0,0,
Pushed,2,1,1,0,0,1,1,0,0,0,0,0,0,0,0,0,0,0,0,0,0,0,0,0,0,
put,29,27,0,2,6,27,2,0,0,0,0,0,0,0,0,0,0,0,0,0,0,0,0,0,0,
Pv4,3,0,3,0,0,0,0,3,0,0,0,0,0,0,0,0,0,0,0,0,0,0,0,0,0,
Pv6,3,0,3,0,0,0,0,3,0,0,0,0,0,0,0,0,0,0,0,0,0,0,0,0,0,
Q,3,0,3,0,0,0,1,0,0,2,0,0,0,0,0,0,0,0,0,0,0,0,0,0,0,
Qop,3,0,0,3,0,0,3,0,0,0,0,0,0,0,0,0,0,0,0,0,0,0,0,0,0,
Qsappend,2,0,0,2,0,0,2,0,0,0,0,0,0,0,0,0,0,0,0,0,0,0,0,0,0,
query,47,4,43,0,0,4,30,2,6,4,1,0,0,0,0,0,0,0,0,0,0,0,0,0,0,
queue,23,8,14,1,2,8,5,8,1,1,0,0,0,0,0,0,0,0,0,0,0,0,0,0,0,
Queued,8,5,1,2,0,5,2,0,1,0,0,0,0,0,0,0,0,0,0,0,0,0,0,0,0,
quick,1,1,0,0,0,1,0,0,0,0,0,0,0,0,0,0,0,0,0,0,0,0,0,0,0,
Quote,1,0,0,1,0,0,1,0,0,0,0,0,0,0,0,0,0,0,0,0,0,0,0,0,0,
Quoted,11,1,6,4,0,1,5,3,0,0,0,1,1,0,0,0,0,0,0,0,0,0,0,0,0,
Quotes,1,0,0,1,0,0,0,1,0,0,0,0,0,0,0,0,0,0,0,0,0,0,0,0,0,
Quoting,1,1,0,0,0,1,0,0,0,0,0,0,0,0,0,0,0,0,0,0,0,0,0,0,0,
Qvalue,1,0,0,1,0,0,1,0,0,0,0,0,0,0,0,0,0,0,0,0,0,0,0,0,0,
Racey,1,0,1,0,0,0,1,0,0,0,0,0,0,0,0,0,0,0,0,0,0,0,0,0,0,
Random,2,0,2,0,0,0,0,0,2,0,0,0,0,0,0,0,0,0,0,0,0,0,0,0,0,
Range,18,3,9,6,1,3,13,2,0,0,0,0,0,0,0,0,0,0,0,0,0,0,0,0,0,
Ranges,1,0,0,1,0,0,1,0,0,0,0,0,0,0,0,0,0,0,0,0,0,0,0,0,0,
Rate,5,1,4,0,0,1,4,0,0,0,0,0,0,0,0,0,0,0,0,0,0,0,0,0,0,
Raw,2,0,2,0,0,0,2,0,0,0,0,0,0,0,0,0,0,0,0,0,0,0,0,0,0,
Re,5,0,5,0,0,0,1,1,3,0,0,0,0,0,0,0,0,0,0,0,0,0,0,0,0,
read,212,130,53,29,31,130,66,12,3,1,0,0,0,0,0,0,0,0,0,0,0,0,0,0,0,
Read0,2,0,0,2,0,0,2,0,0,0,0,0,0,0,0,0,0,0,0,0,0,0,0,0,0,
Readable,14,1,1,12,0,1,12,1,0,0,0,0,0,0,0,0,0,0,0,0,0,0,0,0,0,
Reader,5,0,0,5,0,0,5,0,0,0,0,0,0,0,0,0,0,0,0,0,0,0,0,0,0,
Reading,2,0,0,2,0,0,2,0,0,0,0,0,0,0,0,0,0,0,0,0,0,0,0,0,0,
Reads,52,0,6,46,0,0,50,2,0,0,0,0,0,0,0,0,0,0,0,0,0,0,0,0,0,
Ready,36,8,14,14,8,8,14,12,2,0,0,0,0,0,0,0,0,0,0,0,0,0,0,0,0,
Real,9,2,7,0,0,2,7,0,0,0,0,0,0,0,0,0,0,0,0,0,0,0,0,0,0,
Realm,2,0,1,1,0,0,2,0,0,0,0,0,0,0,0,0,0,0,0,0,0,0,0,0,0,
Reason,20,0,12,8,0,0,12,4,3,1,0,0,0,0,0,0,0,0,0,0,0,0,0,0,0,
recalculate,2,2,0,0,0,2,0,0,0,0,0,0,0,0,0,0,0,0,0,0,0,0,0,0,0,
receive,26,10,16,0,1,10,6,10,0,0,0,0,0,0,0,0,0,0,0,0,0,0,0,0,0,
Received,13,2,4,7,0,2,3,4,4,0,0,0,0,0,0,0,0,0,0,0,0,0,0,0,0,
Receiver,12,0,4,8,0,0,5,4,2,0,1,0,0,0,0,0,0,0,0,0,0,0,0,0,0,
Receivers,6,0,0,6,0,0,3,3,0,0,0,0,0,0,0,0,0,0,0,0,0,0,0,0,0,
Receives,3,0,1,2,0,0,3,0,0,0,0,0,0,0,0,0,0,0,0,0,0,0,0,0,0,
Recent,1,0,0,1,0,0,1,0,0,0,0,0,0,0,0,0,0,0,0,0,0,0,0,0,0,
Recognizing,4,0,4,0,0,0,0,0,0,4,0,0,0,0,0,0,0,0,0,0,0,0,0,0,0,
Reconnect,5,1,3,1,0,1,3,0,1,0,0,0,0,0,0,0,0,0,0,0,0,0,0,0,0,
Record,3,0,0,3,0,0,1,2,0,0,0,0,0,0,0,0,0,0,0,0,0,0,0,0,0,
Records,2,0,0,2,0,0,1,0,1,0,0,0,0,0,0,0,0,0,0,0,0,0,0,0,0,
Recursive,1,0,0,1,0,0,1,0,0,0,0,0,0,0,0,0,0,0,0,0,0,0,0,0,0,
redirect,31,3,16,12,2,3,21,1,5,0,0,1,0,0,0,0,0,0,0,0,0,0,0,0,0,
Redirected,5,0,0,5,0,0,5,0,0,0,0,0,0,0,0,0,0,0,0,0,0,0,0,0,0,
redistribute,1,1,0,0,0,1,0,0,0,0,0,0,0,0,0,0,0,0,0,0,0,0,0,0,0,
Reduce,3,0,3,0,0,0,3,0,0,0,0,0,0,0,0,0,0,0,0,0,0,0,0,0,0,
Ref,2,0,0,2,0,0,0,1,1,0,0,0,0,0,0,0,0,0,0,0,0,0,0,0,0,
reference,4,2,2,0,1,2,2,0,0,0,0,0,0,0,0,0,0,0,0,0,0,0,0,0,0,
Referer,2,0,2,0,0,0,2,0,0,0,0,0,0,0,0,0,0,0,0,0,0,0,0,0,0,
Refs,1,0,0,1,0,0,0,0,1,0,0,0,0,0,0,0,0,0,0,0,0,0,0,0,0,
regenerate,1,1,0,0,0,1,0,0,0,0,0,0,0,0,0,0,0,0,0,0,0,0,0,0,0,
regex,1,1,0,0,1,1,0,0,0,0,0,0,0,0,0,0,0,0,0,0,0,0,0,0,0,
Region,1,0,0,1,0,0,0,0,1,0,0,0,0,0,0,0,0,0,0,0,0,0,0,0,0,
register,15,14,1,0,0,14,1,0,0,0,0,0,0,0,0,0,0,0,0,0,0,0,0,0,0,
Registration,4,0,2,2,0,0,2,2,0,0,0,0,0,0,0,0,0,0,0,0,0,0,0,0,0,
Registrations,2,0,0,2,0,0,0,2,0,0,0,0,0,0,0,0,0,0,0,0,0,0,0,0,0,
Regular,2,1,1,0,0,1,1,0,0,0,0,0,0,0,0,0,0,0,0,0,0,0,0,0,0,
reject,2,1,1,0,0,1,1,0,0,0,0,0,0,0,0,0,0,0,0,0,0,0,0,0,0,
Rejected,3,0,1,2,0,0,1,0,2,0,0,0,0,0,0,0,0,0,0,0,0,0,0,0,0,
relative,6,1,4,1,0,1,3,0,0,0,1,0,0,0,1,0,0,0,0,0,0,0,0,0,0,
release,2,2,0,0,2,2,0,0,0,0,0,0,0,0,0,0,0,0,0,0,0,0,0,0,0,
Remaining,16,1,2,13,0,1,7,4,4,0,0,0,0,0,0,0,0,0,0,0,0,0,0,0,0,
Remains,1,0,0,1,0,0,1,0,0,0,0,0,0,0,0,0,0,0,0,0,0,0,0,0,0,
remote,21,2,17,2,0,2,15,2,1,1,0,0,0,0,0,0,0,0,0,0,0,0,0,0,0,
remove,105,97,2,6,16,97,3,0,5,0,0,0,0,0,0,0,0,0,0,0,0,0,0,0,0,
Removed,16,1,6,9,0,1,6,2,7,0,0,0,0,0,0,0,0,0,0,0,0,0,0,0,0,
render,1,1,0,0,0,1,0,0,0,0,0,0,0,0,0,0,0,0,0,0,0,0,0,0,0,
renegotiate,5,5,0,0,3,5,0,0,0,0,0,0,0,0,0,0,0,0,0,0,0,0,0,0,0,
Renegotiation,1,1,0,0,0,1,0,0,0,0,0,0,0,0,0,0,0,0,0,0,0,0,0,0,0,
Repeat,1,0,1,0,0,0,1,0,0,0,0,0,0,0,0,0,0,0,0,0,0,0,0,0,0,
Repeatable,1,0,0,1,0,0,1,0,0,0,0,0,0,0,0,0,0,0,0,0,0,0,0,0,0,
replace,4,4,0,0,1,4,0,0,0,0,0,0,0,0,0,0,0,0,0,0,0,0,0,0,0,
Replaced,5,0,0,5,0,0,2,0,3,0,0,0,0,0,0,0,0,0,0,0,0,0,0,0,0,
Reporting,1,0,1,0,0,0,1,0,0,0,0,0,0,0,0,0,0,0,0,0,0,0,0,0,0,
Representation1,1,0,0,1,0,0,0,1,0,0,0,0,0,0,0,0,0,0,0,0,0,0,0,0,0,
Representation2,1,0,0,1,0,0,0,1,0,0,0,0,0,0,0,0,0,0,0,0,0,0,0,0,0,
Representation3,1,0,0,1,0,0,0,1,0,0,0,0,0,0,0,0,0,0,0,0,0,0,0,0,0,
Reqrite,1,0,1,0,0,0,1,0,0,0,0,0,0,0,0,0,0,0,0,0,0,0,0,0,0,
request,486,40,181,265,1,40,326,81,19,2,9,4,2,2,1,0,0,0,0,0,0,0,0,0,0,
Requested,19,0,18,1,0,0,17,2,0,0,0,0,0,0,0,0,0,0,0,0,0,0,0,0,0,
Requests,27,0,1,26,0,0,10,8,9,0,0,0,0,0,0,0,0,0,0,0,0,0,0,0,0,
Require,15,7,8,0,0,7,8,0,0,0,0,0,0,0,0,0,0,0,0,0,0,0,0,0,0,
Required,84,58,7,19,0,58,10,11,4,1,0,0,0,0,0,0,0,0,0,0,0,0,0,0,0,
Requires,5,1,4,0,0,1,2,2,0,0,0,0,0,0,0,0,0,0,0,0,0,0,0,0,0,
reset,40,38,1,1,26,38,1,1,0,0,0,0,0,0,0,0,0,0,0,0,0,0,0,0,0,
resize,2,2,0,0,1,2,0,0,0,0,0,0,0,0,0,0,0,0,0,0,0,0,0,0,0,
resolve,41,36,4,1,25,36,0,4,0,1,0,0,0,0,0,0,0,0,0,0,0,0,0,0,0,
Resolved,2,0,2,0,0,0,2,0,0,0,0,0,0,0,0,0,0,0,0,0,0,0,0,0,0,
Resolver,1,0,0,1,0,0,1,0,0,0,0,0,0,0,0,0,0,0,0,0,0,0,0,0,0,
Resolving,2,0,2,0,0,0,0,2,0,0,0,0,0,0,0,0,0,0,0,0,0,0,0,0,0,
resource,90,3,53,34,1,3,64,18,5,0,0,0,0,0,0,0,0,0,0,0,0,0,0,0,0,
Resources,3,0,0,3,0,0,2,0,1,0,0,0,0,0,0,0,0,0,0,0,0,0,0,0,0,
Resp,1,0,1,0,0,0,0,1,0,0,0,0,0,0,0,0,0,0,0,0,0,0,0,0,0,
response,168,19,91,58,0,19,91,41,7,6,4,0,0,0,0,0,0,0,0,0,0,0,0,0,0,
Responses,4,0,0,4,0,0,4,0,0,0,0,0,0,0,0,0,0,0,0,0,0,0,0,0,0,
Restart,1,0,0,1,0,0,1,0,0,0,0,0,0,0,0,0,0,0,0,0,0,0,0,0,0,
restore,3,2,1,0,0,2,1,0,0,0,0,0,0,0,0,0,0,0,0,0,0,0,0,0,0,
Restoring,1,0,1,0,0,0,1,0,0,0,0,0,0,0,0,0,0,0,0,0,0,0,0,0,0,
Result,19,0,0,19,0,0,10,9,0,0,0,0,0,0,0,0,0,0,0,0,0,0,0,0,0,
results,2,2,0,0,2,2,0,0,0,0,0,0,0,0,0,0,0,0,0,0,0,0,0,0,0,
resume,42,31,7,4,2,31,11,0,0,0,0,0,0,0,0,0,0,0,0,0,0,0,0,0,0,
Resumed,25,0,1,24,0,0,0,25,0,0,0,0,0,0,0,0,0,0,0,0,0,0,0,0,0,
retain,2,2,0,0,0,2,0,0,0,0,0,0,0,0,0,0,0,0,0,0,0,0,0,0,0,
Retries,8,0,0,8,0,0,0,6,2,0,0,0,0,0,0,0,0,0,0,0,0,0,0,0,0,
Retry,7,0,1,6,0,0,2,0,5,0,0,0,0,0,0,0,0,0,0,0,0,0,0,0,0,
return,10,1,9,0,0,1,2,1,6,0,0,0,0,0,0,0,0,0,0,0,0,0,0,0,0,
Returned,1,0,0,1,0,0,0,0,0,1,0,0,0,0,0,0,0,0,0,0,0,0,0,0,0,
Reuse,4,0,4,0,0,0,4,0,0,0,0,0,0,0,0,0,0,0,0,0,0,0,0,0,0,
rewrite,15,9,3,3,1,9,6,0,0,0,0,0,0,0,0,0,0,0,0,0,0,0,0,0,0,
Rewriting,6,0,4,2,0,0,0,6,0,0,0,0,0,0,0,0,0,0,0,0,0,0,0,0,0,
RFC2069,1,0,1,0,0,0,1,0,0,0,0,0,0,0,0,0,0,0,0,0,0,0,0,0,0,
RFC2617,1,0,1,0,0,0,1,0,0,0,0,0,0,0,0,0,0,0,0,0,0,0,0,0,0,
Rfc6265,9,0,9,0,0,0,1,8,0,0,0,0,0,0,0,0,0,0,0,0,0,0,0,0,0,
Right,1,0,0,1,0,0,1,0,0,0,0,0,0,0,0,0,0,0,0,0,0,0,0,0,0,
Role,23,0,11,12,0,0,4,8,11,0,0,0,0,0,0,0,0,0,0,0,0,0,0,0,0,
Roles,13,0,4,9,0,0,7,5,1,0,0,0,0,0,0,0,0,0,0,0,0,0,0,0,0,
Rollover,1,0,0,1,0,0,0,1,0,0,0,0,0,0,0,0,0,0,0,0,0,0,0,0,0,
Root,45,0,33,12,0,0,26,0,16,3,0,0,0,0,0,0,0,0,0,0,0,0,0,0,0,
Rotate,4,1,0,3,1,1,3,0,0,0,0,0,0,0,0,0,0,0,0,0,0,0,0,0,0,
Rotation,1,0,0,1,0,0,0,0,1,0,0,0,0,0,0,0,0,0,0,0,0,0,0,0,0,
Route,15,0,1,14,0,0,5,10,0,0,0,0,0,0,0,0,0,0,0,0,0,0,0,0,0,
routing,4,2,2,0,1,2,1,0,1,0,0,0,0,0,0,0,0,0,0,0,0,0,0,0,0,
Rsp,1,0,1,0,0,0,1,0,0,0,0,0,0,0,0,0,0,0,0,0,0,0,0,0,0,
Rst,7,2,5,0,0,2,5,0,0,0,0,0,0,0,0,0,0,0,0,0,0,0,0,0,0,
Rsv,7,0,1,6,0,0,6,1,0,0,0,0,0,0,0,0,0,0,0,0,0,0,0,0,0,
Rule,3,0,1,2,0,0,3,0,0,0,0,0,0,0,0,0,0,0,0,0,0,0,0,0,0,
Rules,3,0,0,3,0,0,3,0,0,0,0,0,0,0,0,0,0,0,0,0,0,0,0,0,0,
run,154,149,5,0,113,149,5,0,0,0,0,0,0,0,0,0,0,0,0,0,0,0,0,0,0,
Runnable,3,0,0,3,0,0,2,1,0,0,0,0,0,0,0,0,0,0,0,0,0,0,0,0,0,
Running,4,0,3,1,0,0,2,0,0,1,1,0,0,0,0,0,0,0,0,0,0,0,0,0,0,
runtest,3,3,0,0,3,3,0,0,0,0,0,0,0,0,0,0,0,0,0,0,0,0,0,0,0,
Runtime,2,0,2,0,0,0,0,0,2,0,0,0,0,0,0,0,0,0,0,0,0,0,0,0,0,
S,3,0,3,0,0,0,2,0,1,0,0,0,0,0,0,0,0,0,0,0,0,0,0,0,0,
safe,6,2,3,1,0,2,1,2,0,0,0,0,1,0,0,0,0,0,0,0,0,0,0,0,0,
Safety,1,0,0,1,0,0,0,0,0,0,0,1,0,0,0,0,0,0,0,0,0,0,0,0,0,
Same,13,0,13,0,0,0,10,2,0,0,0,1,0,0,0,0,0,0,0,0,0,0,0,0,0,
Save,2,0,1,1,0,0,1,0,0,0,1,0,0,0,0,0,0,0,0,0,0,0,0,0,0,
Saved,4,1,3,0,0,1,1,0,0,0,2,0,0,0,0,0,0,0,0,0,0,0,0,0,0,
Scenario,2,0,0,2,0,0,0,2,0,0,0,0,0,0,0,0,0,0,0,0,0,0,0,0,0,
schedule,4,3,0,1,0,3,1,0,0,0,0,0,0,0,0,0,0,0,0,0,0,0,0,0,0,
Scheme,13,0,1,12,0,0,8,5,0,0,0,0,0,0,0,0,0,0,0,0,0,0,0,0,0,
Schemes,5,0,0,5,0,0,5,0,0,0,0,0,0,0,0,0,0,0,0,0,0,0,0,0,0,
screen,3,3,0,0,0,3,0,0,0,0,0,0,0,0,0,0,0,0,0,0,0,0,0,0,0,
Sec,1,0,1,0,0,0,1,0,0,0,0,0,0,0,0,0,0,0,0,0,0,0,0,0,0,
secure,27,2,5,20,1,2,20,4,0,0,1,0,0,0,0,0,0,0,0,0,0,0,0,0,0,
Secured,2,0,2,0,0,0,0,0,0,2,0,0,0,0,0,0,0,0,0,0,0,0,0,0,0,
Security,48,8,38,2,0,8,32,6,2,0,0,0,0,0,0,0,0,0,0,0,0,0,0,0,0,
select,9,7,1,1,1,7,0,1,1,0,0,0,0,0,0,0,0,0,0,0,0,0,0,0,0,
Selected,13,3,7,3,1,3,9,0,1,0,0,0,0,0,0,0,0,0,0,0,0,0,0,0,0,
Selection,2,0,2,0,0,0,0,2,0,0,0,0,0,0,0,0,0,0,0,0,0,0,0,0,0,
Semantic,4,0,0,4,0,0,0,1,3,0,0,0,0,0,0,0,0,0,0,0,0,0,0,0,0,
send,117,95,19,3,8,95,16,4,2,0,0,0,0,0,0,0,0,0,0,0,0,0,0,0,0,
Sender,12,0,4,8,0,0,6,6,0,0,0,0,0,0,0,0,0,0,0,0,0,0,0,0,0,
Senders,1,0,0,1,0,0,1,0,0,0,0,0,0,0,0,0,0,0,0,0,0,0,0,0,0,
Sensitive,1,0,0,1,0,0,0,1,0,0,0,0,0,0,0,0,0,0,0,0,0,0,0,0,0,
Sent,24,1,7,16,0,1,8,7,8,0,0,0,0,0,0,0,0,0,0,0,0,0,0,0,0,
Separated,1,0,1,0,0,0,0,1,0,0,0,0,0,0,0,0,0,0,0,0,0,0,0,0,0,
Separator,3,0,1,2,0,0,1,2,0,0,0,0,0,0,0,0,0,0,0,0,0,0,0,0,0,
Serialization,1,0,0,1,0,0,1,0,0,0,0,0,0,0,0,0,0,0,0,0,0,0,0,0,0,
serve,17,16,1,0,5,16,1,0,0,0,0,0,0,0,0,0,0,0,0,0,0,0,0,0,0,
Served,1,0,0,1,0,0,0,0,1,0,0,0,0,0,0,0,0,0,0,0,0,0,0,0,0,
Server,70,6,49,15,0,6,34,20,4,6,0,0,0,0,0,0,0,0,0,0,0,0,0,0,0,
Servers,3,0,0,3,0,0,3,0,0,0,0,0,0,0,0,0,0,0,0,0,0,0,0,0,0,
Service,5,2,0,3,2,2,3,0,0,0,0,0,0,0,0,0,0,0,0,0,0,0,0,0,0,
Servlet,226,42,150,34,1,42,122,45,10,2,0,1,4,0,0,0,0,0,0,0,0,0,0,0,0,
Servlets,7,0,2,5,0,0,6,0,0,0,0,0,0,1,0,0,0,0,0,0,0,0,0,0,0,
Session,266,29,178,59,0,29,113,112,10,0,0,2,0,0,0,0,0,0,0,0,0,0,0,0,0,
Sessions,11,0,1,10,0,0,1,7,2,1,0,0,0,0,0,0,0,0,0,0,0,0,0,0,0,
set,679,666,9,4,3,666,7,3,2,1,0,0,0,0,0,0,0,0,0,0,0,0,0,0,0,
Sets,1,0,1,0,0,0,0,1,0,0,0,0,0,0,0,0,0,0,0,0,0,0,0,0,0,
Setter,29,2,0,27,0,2,0,27,0,0,0,0,0,0,0,0,0,0,0,0,0,0,0,0,0,
Setting,2,0,1,1,0,0,2,0,0,0,0,0,0,0,0,0,0,0,0,0,0,0,0,0,0,
Settings,14,1,6,7,0,1,13,0,0,0,0,0,0,0,0,0,0,0,0,0,0,0,0,0,0,
setup,169,162,6,1,142,162,0,6,1,0,0,0,0,0,0,0,0,0,0,0,0,0,0,0,0,
Shared,3,0,2,1,0,0,1,2,0,0,0,0,0,0,0,0,0,0,0,0,0,0,0,0,0,
Shift,1,0,1,0,0,0,0,0,1,0,0,0,0,0,0,0,0,0,0,0,0,0,0,0,0,
Shorter,2,0,2,0,0,0,0,2,0,0,0,0,0,0,0,0,0,0,0,0,0,0,0,0,0,
should,2,2,0,0,0,2,0,0,0,0,0,0,0,0,0,0,0,0,0,0,0,0,0,0,0,
shutdown,30,11,6,13,3,11,8,10,0,0,1,0,0,0,0,0,0,0,0,0,0,0,0,0,0,
Side,1,0,1,0,0,0,0,1,0,0,0,0,0,0,0,0,0,0,0,0,0,0,0,0,0,
Sign,8,0,8,0,0,0,1,7,0,0,0,0,0,0,0,0,0,0,0,0,0,0,0,0,0,
simple,38,12,25,1,0,12,26,0,0,0,0,0,0,0,0,0,0,0,0,0,0,0,0,0,0,
Since,3,0,0,3,0,0,0,0,3,0,0,0,0,0,0,0,0,0,0,0,0,0,0,0,0,
Single,25,6,19,0,0,6,19,0,0,0,0,0,0,0,0,0,0,0,0,0,0,0,0,0,0,
Sink,62,2,58,2,1,2,10,16,18,14,2,0,0,0,0,0,0,0,0,0,0,0,0,0,0,
Site,10,0,6,4,0,0,0,9,1,0,0,0,0,0,0,0,0,0,0,0,0,0,0,0,0,
Size,95,9,10,76,9,9,4,25,28,21,4,4,0,0,0,0,0,0,0,0,0,0,0,0,0,
skip,8,6,0,2,0,6,2,0,0,0,0,0,0,0,0,0,0,0,0,0,0,0,0,0,0,
Sl,1,0,0,1,0,0,0,0,0,1,0,0,0,0,0,0,0,0,0,0,0,0,0,0,0,
Slash,18,0,15,3,0,0,2,8,4,2,0,1,0,1,0,0,0,0,0,0,0,0,0,0,0,
Slashes,1,0,0,1,0,0,1,0,0,0,0,0,0,0,0,0,0,0,0,0,0,0,0,0,0,
Slice,4,2,2,0,2,2,1,1,0,0,0,0,0,0,0,0,0,0,0,0,0,0,0,0,0,
Slot,1,0,1,0,0,0,0,1,0,0,0,0,0,0,0,0,0,0,0,0,0,0,0,0,0,
Slots,1,0,0,1,0,0,0,0,1,0,0,0,0,0,0,0,0,0,0,0,0,0,0,0,0,
Small,6,0,4,2,0,0,3,0,0,0,3,0,0,0,0,0,0,0,0,0,0,0,0,0,0,
Smax,4,0,0,4,0,0,4,0,0,0,0,0,0,0,0,0,0,0,0,0,0,0,0,0,0,
Socket,33,0,33,0,0,0,17,16,0,0,0,0,0,0,0,0,0,0,0,0,0,0,0,0,0,
Socket07,12,0,12,0,0,0,12,0,0,0,0,0,0,0,0,0,0,0,0,0,0,0,0,0,0,
Socket08,1,0,1,0,0,0,1,0,0,0,0,0,0,0,0,0,0,0,0,0,0,0,0,0,0,
Socket13,2,0,2,0,0,0,2,0,0,0,0,0,0,0,0,0,0,0,0,0,0,0,0,0,0,
Soft,1,0,1,0,0,0,1,0,0,0,0,0,0,0,0,0,0,0,0,0,0,0,0,0,0,
solve,2,2,0,0,2,2,0,0,0,0,0,0,0,0,0,0,0,0,0,0,0,0,0,0,0,
Source,54,2,45,7,1,2,11,19,11,11,0,0,0,0,0,0,0,0,0,0,0,0,0,0,0,
Space,8,1,6,1,0,1,0,0,0,5,0,1,0,0,0,1,0,0,0,0,0,0,0,0,0,
Spaces,6,0,5,1,0,0,0,1,0,0,5,0,0,0,0,0,0,0,0,0,0,0,0,0,0,
Special,3,0,3,0,0,0,2,0,1,0,0,0,0,0,0,0,0,0,0,0,0,0,0,0,0,
Specific,3,0,3,0,0,0,0,0,0,0,0,3,0,0,0,0,0,0,0,0,0,0,0,0,0,
Specified,1,0,1,0,0,0,1,0,0,0,0,0,0,0,0,0,0,0,0,0,0,0,0,0,0,
Split,6,2,0,4,2,2,2,2,0,0,0,0,0,0,0,0,0,0,0,0,0,0,0,0,0,
Spliterator,3,2,0,1,2,2,1,0,0,0,0,0,0,0,0,0,0,0,0,0,0,0,0,0,0,
Spnego,1,0,1,0,0,0,1,0,0,0,0,0,0,0,0,0,0,0,0,0,0,0,0,0,0,
SSE,3,1,1,1,0,1,1,1,0,0,0,0,0,0,0,0,0,0,0,0,0,0,0,0,0,
SSL,83,6,58,19,0,6,60,13,3,1,0,0,0,0,0,0,0,0,0,0,0,0,0,0,0,
SSLALPN,1,0,1,0,0,0,1,0,0,0,0,0,0,0,0,0,0,0,0,0,0,0,0,0,0,
Sso,2,0,2,0,0,0,2,0,0,0,0,0,0,0,0,0,0,0,0,0,0,0,0,0,0,
Stack,4,0,4,0,0,0,2,2,0,0,0,0,0,0,0,0,0,0,0,0,0,0,0,0,0,
Stale,2,0,0,2,0,0,2,0,0,0,0,0,0,0,0,0,0,0,0,0,0,0,0,0,0,
standard,12,3,9,0,0,3,3,4,2,0,0,0,0,0,0,0,0,0,0,0,0,0,0,0,0,
Standby,2,0,0,2,0,0,1,1,0,0,0,0,0,0,0,0,0,0,0,0,0,0,0,0,0,
Star,2,0,1,1,0,0,0,1,1,0,0,0,0,0,0,0,0,0,0,0,0,0,0,0,0,
Star2,1,0,0,1,0,0,0,1,0,0,0,0,0,0,0,0,0,0,0,0,0,0,0,0,0,
start,46,32,11,3,12,32,8,5,0,0,0,1,0,0,0,0,0,0,0,0,0,0,0,0,0,
Started,14,0,0,14,0,0,9,4,0,1,0,0,0,0,0,0,0,0,0,0,0,0,0,0,0,
Starts,2,0,2,0,0,0,0,0,0,2,0,0,0,0,0,0,0,0,0,0,0,0,0,0,0,
Startup,5,0,0,5,0,0,2,0,3,0,0,0,0,0,0,0,0,0,0,0,0,0,0,0,0,
Stat,1,0,0,1,0,0,0,1,0,0,0,0,0,0,0,0,0,0,0,0,0,0,0,0,0,
State,25,2,8,15,1,2,15,7,1,0,0,0,0,0,0,0,0,0,0,0,0,0,0,0,0,
Stateful,2,0,1,1,0,0,2,0,0,0,0,0,0,0,0,0,0,0,0,0,0,0,0,0,0,
Statement,1,0,0,1,0,0,1,0,0,0,0,0,0,0,0,0,0,0,0,0,0,0,0,0,0,
States,1,0,0,1,0,0,1,0,0,0,0,0,0,0,0,0,0,0,0,0,0,0,0,0,0,
Static,5,0,5,0,0,0,1,0,4,0,0,0,0,0,0,0,0,0,0,0,0,0,0,0,0,
Statistics,12,0,0,12,0,0,5,7,0,0,0,0,0,0,0,0,0,0,0,0,0,0,0,0,0,
Status,31,0,12,19,0,0,25,6,0,0,0,0,0,0,0,0,0,0,0,0,0,0,0,0,0,
Stem,1,0,1,0,0,0,1,0,0,0,0,0,0,0,0,0,0,0,0,0,0,0,0,0,0,
Sticky,27,0,27,0,0,0,27,0,0,0,0,0,0,0,0,0,0,0,0,0,0,0,0,0,0,
Still,2,0,2,0,0,0,1,0,0,1,0,0,0,0,0,0,0,0,0,0,0,0,0,0,0,
stop,29,27,2,0,17,27,2,0,0,0,0,0,0,0,0,0,0,0,0,0,0,0,0,0,0,
Stopped,8,0,6,2,0,0,2,2,4,0,0,0,0,0,0,0,0,0,0,0,0,0,0,0,0,
Stops,1,0,1,0,0,0,0,1,0,0,0,0,0,0,0,0,0,0,0,0,0,0,0,0,0,
store,4,2,0,2,0,2,0,2,0,0,0,0,0,0,0,0,0,0,0,0,0,0,0,0,0,
Stored,2,2,0,0,0,2,0,0,0,0,0,0,0,0,0,0,0,0,0,0,0,0,0,0,0,
Strategy,2,0,0,2,0,0,0,1,0,1,0,0,0,0,0,0,0,0,0,0,0,0,0,0,0,
Stream,156,8,99,49,0,8,38,63,30,14,0,3,0,0,0,0,0,0,0,0,0,0,0,0,0,
Stream3,1,0,0,1,0,0,0,0,0,1,0,0,0,0,0,0,0,0,0,0,0,0,0,0,0,
Streaming,1,0,0,1,0,0,1,0,0,0,0,0,0,0,0,0,0,0,0,0,0,0,0,0,0,
Streams,4,0,1,3,0,0,0,0,0,4,0,0,0,0,0,0,0,0,0,0,0,0,0,0,0,
Stress,3,0,3,0,0,0,0,2,1,0,0,0,0,0,0,0,0,0,0,0,0,0,0,0,0,
Strict,1,0,1,0,0,0,1,0,0,0,0,0,0,0,0,0,0,0,0,0,0,0,0,0,0,
String,154,10,14,130,0,10,76,45,12,9,1,1,0,0,0,0,0,0,0,0,0,0,0,0,0,
String1,1,0,0,1,0,0,0,0,0,0,1,0,0,0,0,0,0,0,0,0,0,0,0,0,0,
String2,1,0,0,1,0,0,0,0,0,0,1,0,0,0,0,0,0,0,0,0,0,0,0,0,0,
Strings,2,0,0,2,0,0,2,0,0,0,0,0,0,0,0,0,0,0,0,0,0,0,0,0,0,
Stuck,7,1,5,1,0,1,4,1,1,0,0,0,0,0,0,0,0,0,0,0,0,0,0,0,0,
Sub,16,2,12,2,0,2,11,3,0,0,0,0,0,0,0,0,0,0,0,0,0,0,0,0,0,
Subject,1,0,1,0,0,0,1,0,0,0,0,0,0,0,0,0,0,0,0,0,0,0,0,0,0,
Submitted,1,0,1,0,0,0,1,0,0,0,0,0,0,0,0,0,0,0,0,0,0,0,0,0,0,
Subprotocol,3,0,0,3,0,0,1,2,0,0,0,0,0,0,0,0,0,0,0,0,0,0,0,0,0,
Subprotocols,2,0,0,2,0,0,2,0,0,0,0,0,0,0,0,0,0,0,0,0,0,0,0,0,0,
Subprotols,4,0,0,4,0,0,4,0,0,0,0,0,0,0,0,0,0,0,0,0,0,0,0,0,0,
Substitute,2,2,0,0,0,2,0,0,0,0,0,0,0,0,0,0,0,0,0,0,0,0,0,0,0,
Substitution,4,0,2,2,0,0,4,0,0,0,0,0,0,0,0,0,0,0,0,0,0,0,0,0,0,
Substring,2,1,1,0,0,1,1,0,0,0,0,0,0,0,0,0,0,0,0,0,0,0,0,0,0,
succ,3,3,0,0,3,3,0,0,0,0,0,0,0,0,0,0,0,0,0,0,0,0,0,0,0,
Success,13,0,2,11,0,0,0,9,4,0,0,0,0,0,0,0,0,0,0,0,0,0,0,0,0,
Successors,3,0,0,3,0,0,0,3,0,0,0,0,0,0,0,0,0,0,0,0,0,0,0,0,0,
Sucess,2,0,0,2,0,0,0,0,2,0,0,0,0,0,0,0,0,0,0,0,0,0,0,0,0,
Suffix,6,1,1,4,1,1,1,1,2,0,0,0,1,0,0,0,0,0,0,0,0,0,0,0,0,
suffixes,1,1,0,0,1,1,0,0,0,0,0,0,0,0,0,0,0,0,0,0,0,0,0,0,0,
Suite,4,0,0,4,0,0,0,4,0,0,0,0,0,0,0,0,0,0,0,0,0,0,0,0,0,
Suites,6,0,0,6,0,0,0,0,6,0,0,0,0,0,0,0,0,0,0,0,0,0,0,0,0,
Superclass,1,0,0,1,0,0,0,0,0,1,0,0,0,0,0,0,0,0,0,0,0,0,0,0,0,
Supplier,4,0,0,4,0,0,0,3,1,0,0,0,0,0,0,0,0,0,0,0,0,0,0,0,0,
Supported,66,4,6,56,0,4,6,44,4,8,0,0,0,0,0,0,0,0,0,0,0,0,0,0,0,
supports,19,18,1,0,1,18,1,0,0,0,0,0,0,0,0,0,0,0,0,0,0,0,0,0,0,
suspend,26,26,0,0,0,26,0,0,0,0,0,0,0,0,0,0,0,0,0,0,0,0,0,0,0,
Suspended,2,1,0,1,0,1,0,0,1,0,0,0,0,0,0,0,0,0,0,0,0,0,0,0,0,
Suspicious,1,0,1,0,0,0,0,0,1,0,0,0,0,0,0,0,0,0,0,0,0,0,0,0,0,
Symbols,1,0,1,0,0,0,0,0,0,0,0,0,1,0,0,0,0,0,0,0,0,0,0,0,0,
Symlink,15,1,12,2,0,1,2,0,9,2,0,0,1,0,0,0,0,0,0,0,0,0,0,0,0,
Symlinks,4,0,2,2,0,0,2,1,0,0,0,0,1,0,0,0,0,0,0,0,0,0,0,0,0,
Sync,1,0,1,0,0,0,1,0,0,0,0,0,0,0,0,0,0,0,0,0,0,0,0,0,0,
Syntax,1,0,1,0,0,0,0,0,0,0,1,0,0,0,0,0,0,0,0,0,0,0,0,0,0,
System,1,0,1,0,0,0,1,0,0,0,0,0,0,0,0,0,0,0,0,0,0,0,0,0,0,
Tab,4,0,4,0,0,0,4,0,0,0,0,0,0,0,0,0,0,0,0,0,0,0,0,0,0,
Table,14,2,8,4,0,2,5,5,1,1,0,0,0,0,0,0,0,0,0,0,0,0,0,0,0,
Tag,11,0,3,8,0,0,2,9,0,0,0,0,0,0,0,0,0,0,0,0,0,0,0,0,0,
Tail,8,0,0,8,0,0,5,3,0,0,0,0,0,0,0,0,0,0,0,0,0,0,0,0,0,
take,2,2,0,0,1,2,0,0,0,0,0,0,0,0,0,0,0,0,0,0,0,0,0,0,0,
Target,12,2,1,9,1,2,6,3,1,0,0,0,0,0,0,0,0,0,0,0,0,0,0,0,0,
Task,21,3,0,18,0,3,2,12,4,0,0,0,0,0,0,0,0,0,0,0,0,0,0,0,0,
Tasks,1,0,0,1,0,0,1,0,0,0,0,0,0,0,0,0,0,0,0,0,0,0,0,0,0,
Tccl,2,0,0,2,0,0,2,0,0,0,0,0,0,0,0,0,0,0,0,0,0,0,0,0,0,
Tcp,1,0,1,0,0,0,0,1,0,0,0,0,0,0,0,0,0,0,0,0,0,0,0,0,0,
Tcp4,2,0,1,1,0,0,0,0,2,0,0,0,0,0,0,0,0,0,0,0,0,0,0,0,0,
Tcp6,2,0,1,1,0,0,0,0,2,0,0,0,0,0,0,0,0,0,0,0,0,0,0,0,0,
tear,4,4,0,0,0,4,0,0,0,0,0,0,0,0,0,0,0,0,0,0,0,0,0,0,0,
teardown,5,5,0,0,5,5,0,0,0,0,0,0,0,0,0,0,0,0,0,0,0,0,0,0,0,
Temp,8,1,7,0,0,1,7,0,0,0,0,0,0,0,0,0,0,0,0,0,0,0,0,0,0,
Template,16,0,11,5,0,0,9,6,0,1,0,0,0,0,0,0,0,0,0,0,0,0,0,0,0,
Templates,1,0,0,1,0,0,0,1,0,0,0,0,0,0,0,0,0,0,0,0,0,0,0,0,0,
Temporarily,1,0,1,0,0,0,1,0,0,0,0,0,0,0,0,0,0,0,0,0,0,0,0,0,0,
terminate,36,34,2,0,0,34,2,0,0,0,0,0,0,0,0,0,0,0,0,0,0,0,0,0,0,
Terminated,4,3,0,1,3,3,0,1,0,0,0,0,0,0,0,0,0,0,0,0,0,0,0,0,0,
Termination,5,0,0,5,0,0,3,1,1,0,0,0,0,0,0,0,0,0,0,0,0,0,0,0,0,
Terminator,7,0,0,7,0,0,6,0,0,1,0,0,0,0,0,0,0,0,0,0,0,0,0,0,0,
Test,777,710,33,34,1,710,47,8,9,2,1,0,0,0,0,0,0,0,0,0,0,0,0,0,0,
Tests,1,0,0,1,0,0,0,1,0,0,0,0,0,0,0,0,0,0,0,0,0,0,0,0,0,
Text,48,2,29,17,1,2,18,25,2,1,0,0,0,0,0,0,0,0,0,0,0,0,0,0,0,
This,1,0,1,0,0,0,1,0,0,0,0,0,0,0,0,0,0,0,0,0,0,0,0,0,0,
thread,66,1,16,49,0,1,13,39,4,2,2,1,3,0,1,0,0,0,0,0,0,0,0,0,0,
Threads,4,0,1,3,0,0,0,2,0,2,0,0,0,0,0,0,0,0,0,0,0,0,0,0,0,
Threshold,2,0,0,2,0,0,2,0,0,0,0,0,0,0,0,0,0,0,0,0,0,0,0,0,0,
Throw,2,1,1,0,0,1,0,1,0,0,0,0,0,0,0,0,0,0,0,0,0,0,0,0,0,
Throwable,1,0,0,1,0,0,1,0,0,0,0,0,0,0,0,0,0,0,0,0,0,0,0,0,0,
Thrown,1,0,0,1,0,0,0,1,0,0,0,0,0,0,0,0,0,0,0,0,0,0,0,0,0,
Throws,6,0,6,0,0,0,0,6,0,0,0,0,0,0,0,0,0,0,0,0,0,0,0,0,0,
Time,38,0,4,34,0,0,3,10,21,2,2,0,0,0,0,0,0,0,0,0,0,0,0,0,0,
Timeout,58,1,12,45,0,1,26,21,6,2,2,0,0,0,0,0,0,0,0,0,0,0,0,0,0,
Timestamp,2,0,2,0,0,0,2,0,0,0,0,0,0,0,0,0,0,0,0,0,0,0,0,0,0,
TLS,2,0,2,0,0,0,2,0,0,0,0,0,0,0,0,0,0,0,0,0,0,0,0,0,0,
to,182,78,67,37,0,78,58,21,4,15,6,0,0,0,0,0,0,0,0,0,0,0,0,0,0,
Token,41,2,6,33,1,2,18,12,1,8,0,0,0,0,0,0,0,0,0,0,0,0,0,0,0,
tokenize,1,1,0,0,1,1,0,0,0,0,0,0,0,0,0,0,0,0,0,0,0,0,0,0,0,
Tokenizer,2,0,0,2,0,0,2,0,0,0,0,0,0,0,0,0,0,0,0,0,0,0,0,0,0,
Too,5,0,5,0,0,0,3,1,0,0,0,0,1,0,0,0,0,0,0,0,0,0,0,0,0,
Total,4,0,4,0,0,0,4,0,0,0,0,0,0,0,0,0,0,0,0,0,0,0,0,0,0,
trace,3,1,1,1,1,1,2,0,0,0,0,0,0,0,0,0,0,0,0,0,0,0,0,0,0,
Traces,4,0,0,4,0,0,0,2,2,0,0,0,0,0,0,0,0,0,0,0,0,0,0,0,0,
Tracking,6,0,6,0,0,0,0,3,3,0,0,0,0,0,0,0,0,0,0,0,0,0,0,0,0,
Trailer,12,0,9,3,0,0,8,4,0,0,0,0,0,0,0,0,0,0,0,0,0,0,0,0,0,
Trailers,9,0,4,5,0,0,8,0,0,1,0,0,0,0,0,0,0,0,0,0,0,0,0,0,0,
Trailing,1,0,1,0,0,0,1,0,0,0,0,0,0,0,0,0,0,0,0,0,0,0,0,0,0,
transfer,72,59,6,7,1,59,6,6,0,1,0,0,0,0,0,0,0,0,0,0,0,0,0,0,0,
Transferred,1,0,0,1,0,0,1,0,0,0,0,0,0,0,0,0,0,0,0,0,0,0,0,0,0,
Transform,8,6,0,2,0,6,0,2,0,0,0,0,0,0,0,0,0,0,0,0,0,0,0,0,0,
Transient,1,0,1,0,0,0,1,0,0,0,0,0,0,0,0,0,0,0,0,0,0,0,0,0,0,
Transition,3,1,1,1,1,1,2,0,0,0,0,0,0,0,0,0,0,0,0,0,0,0,0,0,0,
Translated,4,0,0,4,0,0,0,4,0,0,0,0,0,0,0,0,0,0,0,0,0,0,0,0,0,
transport,12,3,9,0,1,3,9,0,0,0,0,0,0,0,0,0,0,0,0,0,0,0,0,0,0,
Treat,1,0,1,0,0,0,1,0,0,0,0,0,0,0,0,0,0,0,0,0,0,0,0,0,0,
Tree,1,0,0,1,0,0,0,1,0,0,0,0,0,0,0,0,0,0,0,0,0,0,0,0,0,
Triggered,1,0,0,1,0,0,0,1,0,0,0,0,0,0,0,0,0,0,0,0,0,0,0,0,0,
trim,1,1,0,0,0,1,0,0,0,0,0,0,0,0,0,0,0,0,0,0,0,0,0,0,0,
true,4,1,3,0,0,1,3,0,0,0,0,0,0,0,0,0,0,0,0,0,0,0,0,0,0,
truncate,14,14,0,0,1,14,0,0,0,0,0,0,0,0,0,0,0,0,0,0,0,0,0,0,0,
Truncated,1,1,0,0,0,1,0,0,0,0,0,0,0,0,0,0,0,0,0,0,0,0,0,0,0,
Trust,1,0,1,0,0,0,1,0,0,0,0,0,0,0,0,0,0,0,0,0,0,0,0,0,0,
try,10,10,0,0,0,10,0,0,0,0,0,0,0,0,0,0,0,0,0,0,0,0,0,0,0,
Ttl,12,0,0,12,0,0,10,2,0,0,0,0,0,0,0,0,0,0,0,0,0,0,0,0,0,
Twice,1,0,1,0,0,0,0,0,1,0,0,0,0,0,0,0,0,0,0,0,0,0,0,0,0,
Type,75,0,7,68,0,0,19,45,10,1,0,0,0,0,0,0,0,0,0,0,0,0,0,0,0,
Types,2,0,0,2,0,0,0,2,0,0,0,0,0,0,0,0,0,0,0,0,0,0,0,0,0,
un,1,1,0,0,0,1,0,0,0,0,0,0,0,0,0,0,0,0,0,0,0,0,0,0,0,
Unavailable,6,0,3,3,0,0,1,5,0,0,0,0,0,0,0,0,0,0,0,0,0,0,0,0,0,
Unbound,1,0,0,1,0,0,1,0,0,0,0,0,0,0,0,0,0,0,0,0,0,0,0,0,0,
Uncovered,3,0,3,0,0,0,0,2,1,0,0,0,0,0,0,0,0,0,0,0,0,0,0,0,0,
undeploy,1,1,0,0,1,1,0,0,0,0,0,0,0,0,0,0,0,0,0,0,0,0,0,0,0,
Under,1,0,1,0,0,0,0,1,0,0,0,0,0,0,0,0,0,0,0,0,0,0,0,0,0,
Underlying,3,2,1,0,0,2,1,0,0,0,0,0,0,0,0,0,0,0,0,0,0,0,0,0,0,
Undertow,24,9,15,0,1,9,13,2,0,0,0,0,0,0,0,0,0,0,0,0,0,0,0,0,0,
Unfree,1,0,0,1,0,0,1,0,0,0,0,0,0,0,0,0,0,0,0,0,0,0,0,0,0,
unget,2,2,0,0,0,2,0,0,0,0,0,0,0,0,0,0,0,0,0,0,0,0,0,0,0,
Unknown,5,0,4,1,0,0,1,0,3,1,0,0,0,0,0,0,0,0,0,0,0,0,0,0,0,
unlink,9,9,0,0,3,9,0,0,0,0,0,0,0,0,0,0,0,0,0,0,0,0,0,0,0,
Unmappable,1,0,1,0,0,0,1,0,0,0,0,0,0,0,0,0,0,0,0,0,0,0,0,0,0,
Unmatched,1,0,1,0,0,0,0,0,1,0,0,0,0,0,0,0,0,0,0,0,0,0,0,0,0,
Unmodified,1,0,1,0,0,0,0,1,0,0,0,0,0,0,0,0,0,0,0,0,0,0,0,0,0,
unregister,1,1,0,0,0,1,0,0,0,0,0,0,0,0,0,0,0,0,0,0,0,0,0,0,0,
Unsafe,3,0,0,3,0,0,3,0,0,0,0,0,0,0,0,0,0,0,0,0,0,0,0,0,0,
Unsafe0,3,0,0,3,0,0,3,0,0,0,0,0,0,0,0,0,0,0,0,0,0,0,0,0,0,
unsupported,1,1,0,0,1,1,0,0,0,0,0,0,0,0,0,0,0,0,0,0,0,0,0,0,0,
unwrap,4,3,0,1,2,3,1,0,0,0,0,0,0,0,0,0,0,0,0,0,0,0,0,0,0,
Up,4,0,0,4,0,0,3,1,0,0,0,0,0,0,0,0,0,0,0,0,0,0,0,0,0,
update,40,35,3,2,3,35,2,3,0,0,0,0,0,0,0,0,0,0,0,0,0,0,0,0,0,
Updated,3,0,0,3,0,0,2,0,1,0,0,0,0,0,0,0,0,0,0,0,0,0,0,0,0,
Updater,2,0,0,2,0,0,0,2,0,0,0,0,0,0,0,0,0,0,0,0,0,0,0,0,0,
Upgrade,60,16,22,22,3,16,32,12,0,0,0,0,0,0,0,0,0,0,0,0,0,0,0,0,0,
Upgraded,3,0,0,3,0,0,3,0,0,0,0,0,0,0,0,0,0,0,0,0,0,0,0,0,0,
Upload,4,0,3,1,0,0,0,4,0,0,0,0,0,0,0,0,0,0,0,0,0,0,0,0,0,
URI,27,0,0,27,0,0,5,17,3,0,1,1,0,0,0,0,0,0,0,0,0,0,0,0,0,
URL,83,6,32,45,0,6,38,20,9,2,8,0,0,0,0,0,0,0,0,0,0,0,0,0,0,
Urls,3,0,0,3,0,0,0,0,0,0,0,3,0,0,0,0,0,0,0,0,0,0,0,0,0,
Usage,6,0,0,6,0,0,0,0,6,0,0,0,0,0,0,0,0,0,0,0,0,0,0,0,0,
Use,17,1,11,5,0,1,11,1,1,3,0,0,0,0,0,0,0,0,0,0,0,0,0,0,0,
User,43,1,35,7,0,1,28,13,1,0,0,0,0,0,0,0,0,0,0,0,0,0,0,0,0,
Username,4,1,0,3,0,1,0,3,0,0,0,0,0,0,0,0,0,0,0,0,0,0,0,0,0,
Using,6,0,6,0,0,0,0,1,0,0,5,0,0,0,0,0,0,0,0,0,0,0,0,0,0,
UTF8,5,1,3,1,0,1,3,0,0,1,0,0,0,0,0,0,0,0,0,0,0,0,0,0,0,
V,2,1,1,0,0,1,1,0,0,0,0,0,0,0,0,0,0,0,0,0,0,0,0,0,0,
V0,3,0,2,1,0,0,2,0,0,0,1,0,0,0,0,0,0,0,0,0,0,0,0,0,0,
V1,1,0,0,1,0,0,0,0,0,0,1,0,0,0,0,0,0,0,0,0,0,0,0,0,0,
V4,14,0,14,0,0,0,0,14,0,0,0,0,0,0,0,0,0,0,0,0,0,0,0,0,0,
V6,13,0,13,0,0,0,0,13,0,0,0,0,0,0,0,0,0,0,0,0,0,0,0,0,0,
Valid,9,0,2,7,0,0,2,1,1,3,2,0,0,0,0,0,0,0,0,0,0,0,0,0,0,
validate,10,10,0,0,1,10,0,0,0,0,0,0,0,0,0,0,0,0,0,0,0,0,0,0,0,
Validator,1,0,1,0,0,0,0,1,0,0,0,0,0,0,0,0,0,0,0,0,0,0,0,0,0,
Value,65,2,14,49,0,2,33,15,9,1,3,0,1,1,0,0,0,0,0,0,0,0,0,0,0,
Value1,1,0,0,1,0,0,0,0,0,0,1,0,0,0,0,0,0,0,0,0,0,0,0,0,0,
Value2,1,0,0,1,0,0,0,0,0,0,1,0,0,0,0,0,0,0,0,0,0,0,0,0,0,
Value3,1,0,0,1,0,0,0,0,0,0,1,0,0,0,0,0,0,0,0,0,0,0,0,0,0,
Value4,1,0,0,1,0,0,0,0,0,0,1,0,0,0,0,0,0,0,0,0,0,0,0,0,0,
Value5,1,0,0,1,0,0,0,0,0,0,1,0,0,0,0,0,0,0,0,0,0,0,0,0,0,
Values,9,1,0,8,1,1,4,4,0,0,0,0,0,0,0,0,0,0,0,0,0,0,0,0,0,
Var,1,0,1,0,0,0,0,1,0,0,0,0,0,0,0,0,0,0,0,0,0,0,0,0,0,
Variable,2,0,0,2,0,0,0,0,2,0,0,0,0,0,0,0,0,0,0,0,0,0,0,0,0,
Variables,1,0,0,1,0,0,0,1,0,0,0,0,0,0,0,0,0,0,0,0,0,0,0,0,0,
Vector,3,0,0,3,0,0,0,3,0,0,0,0,0,0,0,0,0,0,0,0,0,0,0,0,0,
Vector16,2,0,0,2,0,0,0,2,0,0,0,0,0,0,0,0,0,0,0,0,0,0,0,0,0,
Vector8,5,0,0,5,0,0,0,5,0,0,0,0,0,0,0,0,0,0,0,0,0,0,0,0,0,
Verb,2,0,0,2,0,0,0,0,0,0,0,1,1,0,0,0,0,0,0,0,0,0,0,0,0,
Verb2,2,0,0,2,0,0,0,0,0,0,0,1,1,0,0,0,0,0,0,0,0,0,0,0,0,
Verb3,1,0,0,1,0,0,0,0,0,0,0,0,1,0,0,0,0,0,0,0,0,0,0,0,0,
verify,15,15,0,0,5,15,0,0,0,0,0,0,0,0,0,0,0,0,0,0,0,0,0,0,0,
Version,40,0,3,37,0,0,20,11,8,0,1,0,0,0,0,0,0,0,0,0,0,0,0,0,0,
Version0,1,0,1,0,0,0,1,0,0,0,0,0,0,0,0,0,0,0,0,0,0,0,0,0,0,
Version1,1,0,1,0,0,0,1,0,0,0,0,0,0,0,0,0,0,0,0,0,0,0,0,0,0,
Versus,1,0,1,0,0,0,0,1,0,0,0,0,0,0,0,0,0,0,0,0,0,0,0,0,0,
Vhost,1,0,0,1,0,0,1,0,0,0,0,0,0,0,0,0,0,0,0,0,0,0,0,0,0,
Via,4,0,4,0,0,0,0,4,0,0,0,0,0,0,0,0,0,0,0,0,0,0,0,0,0,
View,1,0,0,1,0,0,1,0,0,0,0,0,0,0,0,0,0,0,0,0,0,0,0,0,0,
virtual,7,1,6,0,0,1,6,0,0,0,0,0,0,0,0,0,0,0,0,0,0,0,0,0,0,
Visit,2,1,1,0,0,1,1,0,0,0,0,0,0,0,0,0,0,0,0,0,0,0,0,0,0,
Vs,3,0,3,0,0,0,0,2,1,0,0,0,0,0,0,0,0,0,0,0,0,0,0,0,0,
Wait,8,0,7,1,0,0,7,1,0,0,0,0,0,0,0,0,0,0,0,0,0,0,0,0,0,
Waiters,1,0,0,1,0,0,1,0,0,0,0,0,0,0,0,0,0,0,0,0,0,0,0,0,0,
Waits,1,0,1,0,0,0,0,1,0,0,0,0,0,0,0,0,0,0,0,0,0,0,0,0,0,
wakeup,29,29,0,0,0,29,0,0,0,0,0,0,0,0,0,0,0,0,0,0,0,0,0,0,0,
Want,4,0,4,0,0,0,4,0,0,0,0,0,0,0,0,0,0,0,0,0,0,0,0,0,0,
Warnings,1,0,1,0,0,0,1,0,0,0,0,0,0,0,0,0,0,0,0,0,0,0,0,0,0,
Weak,1,0,0,1,0,0,1,0,0,0,0,0,0,0,0,0,0,0,0,0,0,0,0,0,0,
Web,53,34,19,0,0,34,19,0,0,0,0,0,0,0,0,0,0,0,0,0,0,0,0,0,0,
websocket,4,3,0,1,1,3,0,1,0,0,0,0,0,0,0,0,0,0,0,0,0,0,0,0,0,
Weight,2,0,0,2,0,0,2,0,0,0,0,0,0,0,0,0,0,0,0,0,0,0,0,0,0,
Weighting,1,0,1,0,0,0,1,0,0,0,0,0,0,0,0,0,0,0,0,0,0,0,0,0,0,
Welcome,20,0,20,0,0,0,16,3,0,1,0,0,0,0,0,0,0,0,0,0,0,0,0,0,0,
WFLY1935,1,0,0,1,0,0,1,0,0,0,0,0,0,0,0,0,0,0,0,0,0,0,0,0,0,
When,3,0,3,0,0,0,0,1,2,0,0,0,0,0,0,0,0,0,0,0,0,0,0,0,0,
White,1,0,1,0,0,0,1,0,0,0,0,0,0,0,0,0,0,0,0,0,0,0,0,0,0,
Whitespace,1,0,0,1,0,0,0,1,0,0,0,0,0,0,0,0,0,0,0,0,0,0,0,0,0,
Whole,8,0,7,1,0,0,1,0,5,0,2,0,0,0,0,0,0,0,0,0,0,0,0,0,0,
Wild,2,1,1,0,0,1,1,0,0,0,0,0,0,0,0,0,0,0,0,0,0,0,0,0,0,
Wildcard,3,0,3,0,0,0,0,0,3,0,0,0,0,0,0,0,0,0,0,0,0,0,0,0,0,
will,2,2,0,0,0,2,0,0,0,0,0,0,0,0,0,0,0,0,0,0,0,0,0,0,0,
Window,10,0,7,3,0,0,3,2,4,1,0,0,0,0,0,0,0,0,0,0,0,0,0,0,0,
With,70,0,70,0,0,0,1,16,24,18,7,2,0,2,0,0,0,0,0,0,0,0,0,0,0,
With500,1,0,1,0,0,0,0,0,1,0,0,0,0,0,0,0,0,0,0,0,0,0,0,0,0,
Without,5,0,5,0,0,0,0,0,2,1,2,0,0,0,0,0,0,0,0,0,0,0,0,0,0,
Worker,42,0,4,38,0,0,31,8,3,0,0,0,0,0,0,0,0,0,0,0,0,0,0,0,0,
Working,1,0,1,0,0,0,1,0,0,0,0,0,0,0,0,0,0,0,0,0,0,0,0,0,0,
wrap,69,68,0,1,64,68,1,0,0,0,0,0,0,0,0,0,0,0,0,0,0,0,0,0,0,
Wrapped,3,0,3,0,0,0,3,0,0,0,0,0,0,0,0,0,0,0,0,0,0,0,0,0,0,
Wrapper,51,21,2,28,19,21,3,12,10,4,1,0,0,0,0,0,0,0,0,0,0,0,0,0,0,
Wrappers,8,0,0,8,0,0,0,2,1,5,0,0,0,0,0,0,0,0,0,0,0,0,0,0,0,
Writable,14,0,1,13,0,0,13,1,0,0,0,0,0,0,0,0,0,0,0,0,0,0,0,0,0,
write,233,160,58,15,42,160,62,9,2,0,0,0,0,0,0,0,0,0,0,0,0,0,0,0,0,
Writer,14,0,3,11,0,0,7,3,4,0,0,0,0,0,0,0,0,0,0,0,0,0,0,0,0,
Writes,81,0,9,72,0,0,76,5,0,0,0,0,0,0,0,0,0,0,0,0,0,0,0,0,0,
Writing,1,0,0,1,0,0,1,0,0,0,0,0,0,0,0,0,0,0,0,0,0,0,0,0,0,
Written,15,0,3,12,0,0,13,1,1,0,0,0,0,0,0,0,0,0,0,0,0,0,0,0,0,
WS,1,1,0,0,0,1,0,0,0,0,0,0,0,0,0,0,0,0,0,0,0,0,0,0,0,
Wss,2,0,1,1,0,0,0,0,2,0,0,0,0,0,0,0,0,0,0,0,0,0,0,0,0,
WWW,1,0,1,0,0,0,1,0,0,0,0,0,0,0,0,0,0,0,0,0,0,0,0,0,0,
X,7,0,7,0,0,0,3,4,0,0,0,0,0,0,0,0,0,0,0,0,0,0,0,0,0,
X509,1,1,0,0,0,1,0,0,0,0,0,0,0,0,0,0,0,0,0,0,0,0,0,0,0,
Xnio,6,2,3,1,0,2,4,0,0,0,0,0,0,0,0,0,0,0,0,0,0,0,0,0,0,
Zero,5,0,1,4,0,0,0,0,3,0,0,2,0,0,0,0,0,0,0,0,0,0,0,0,0,
Zip,2,0,2,0,0,0,0,2,0,0,0,0,0,0,0,0,0,0,0,0,0,0,0,0,0,
