A,1,0,1,0,0,0,0,0,0,0,0,1,0,0,0,0,0,0,0,0,0,0,0,0,0,
Absolute,1,0,1,0,0,0,1,0,0,0,0,0,0,0,0,0,0,0,0,0,0,0,0,0,0,
accept,6,6,0,0,6,6,0,0,0,0,0,0,0,0,0,0,0,0,0,0,0,0,0,0,0,
accepts,4,4,0,0,1,4,0,0,0,0,0,0,0,0,0,0,0,0,0,0,0,0,0,0,0,
Accessors,1,0,0,1,0,0,0,0,1,0,0,0,0,0,0,0,0,0,0,0,0,0,0,0,0,
Accumulate,2,1,1,0,1,1,1,0,0,0,0,0,0,0,0,0,0,0,0,0,0,0,0,0,0,
Accumulated,32,3,23,6,0,3,8,5,3,1,2,0,6,4,0,0,0,0,0,0,0,0,0,0,0,
Action,1,0,0,1,0,0,1,0,0,0,0,0,0,0,0,0,0,0,0,0,0,0,0,0,0,
Adapter,1,0,1,0,0,0,1,0,0,0,0,0,0,0,0,0,0,0,0,0,0,0,0,0,0,
Adaptor,3,1,1,1,0,1,1,1,0,0,0,0,0,0,0,0,0,0,0,0,0,0,0,0,0,
Add,154,152,2,0,7,152,0,0,2,0,0,0,0,0,0,0,0,0,0,0,0,0,0,0,0,
Adjacent,2,1,1,0,0,1,1,0,0,0,0,0,0,0,0,0,0,0,0,0,0,0,0,0,0,
advance,3,3,0,0,2,3,0,0,0,0,0,0,0,0,0,0,0,0,0,0,0,0,0,0,0,
After,11,0,10,1,0,0,4,2,4,1,0,0,0,0,0,0,0,0,0,0,0,0,0,0,0,
Again,1,0,0,1,0,0,0,0,0,0,0,0,0,0,1,0,0,0,0,0,0,0,0,0,0,
Against,1,0,1,0,0,0,0,1,0,0,0,0,0,0,0,0,0,0,0,0,0,0,0,0,0,
Aggregate,21,20,0,1,17,20,0,0,0,0,1,0,0,0,0,0,0,0,0,0,0,0,0,0,0,
Aggregates,6,0,5,1,0,0,0,6,0,0,0,0,0,0,0,0,0,0,0,0,0,0,0,0,0,
Aggregation,1,0,1,0,0,0,0,0,1,0,0,0,0,0,0,0,0,0,0,0,0,0,0,0,0,
Aggregator,14,1,3,10,0,1,6,5,2,0,0,0,0,0,0,0,0,0,0,0,0,0,0,0,0,
Aggregators,1,0,0,1,0,0,1,0,0,0,0,0,0,0,0,0,0,0,0,0,0,0,0,0,0,
Alive,2,0,0,2,0,0,2,0,0,0,0,0,0,0,0,0,0,0,0,0,0,0,0,0,0,
All,102,1,56,45,0,1,70,19,10,1,1,0,0,0,0,0,0,0,0,0,0,0,0,0,0,
Allow,3,2,1,0,0,2,1,0,0,0,0,0,0,0,0,0,0,0,0,0,0,0,0,0,0,
Anchor,1,0,0,1,0,0,0,1,0,0,0,0,0,0,0,0,0,0,0,0,0,0,0,0,0,
Anchors,1,0,0,1,0,0,1,0,0,0,0,0,0,0,0,0,0,0,0,0,0,0,0,0,0,
And,18,3,13,2,2,3,3,9,2,1,0,0,0,0,0,0,0,0,0,0,0,0,0,0,0,
Annotate,2,2,0,0,0,2,0,0,0,0,0,0,0,0,0,0,0,0,0,0,0,0,0,0,0,
Annotated,3,1,1,1,0,1,2,0,0,0,0,0,0,0,0,0,0,0,0,0,0,0,0,0,0,
Annotation,18,1,8,9,0,1,12,4,0,1,0,0,0,0,0,0,0,0,0,0,0,0,0,0,0,
Annotations,22,1,2,19,1,1,11,9,1,0,0,0,0,0,0,0,0,0,0,0,0,0,0,0,0,
Annotator,7,0,3,4,0,0,0,2,2,1,2,0,0,0,0,0,0,0,0,0,0,0,0,0,0,
Anon,1,0,0,1,0,0,0,0,1,0,0,0,0,0,0,0,0,0,0,0,0,0,0,0,0,
Any,2,0,2,0,0,0,0,2,0,0,0,0,0,0,0,0,0,0,0,0,0,0,0,0,0,
Apache,1,1,0,0,0,1,0,0,0,0,0,0,0,0,0,0,0,0,0,0,0,0,0,0,0,
Api,6,0,4,2,0,0,5,1,0,0,0,0,0,0,0,0,0,0,0,0,0,0,0,0,0,
App,8,2,6,0,0,2,6,0,0,0,0,0,0,0,0,0,0,0,0,0,0,0,0,0,0,
Append,14,6,7,1,3,6,6,2,0,0,0,0,0,0,0,0,0,0,0,0,0,0,0,0,0,
Append2,1,0,0,1,0,0,1,0,0,0,0,0,0,0,0,0,0,0,0,0,0,0,0,0,0,
Append3,1,0,0,1,0,0,1,0,0,0,0,0,0,0,0,0,0,0,0,0,0,0,0,0,0,
Append4,2,0,1,1,0,0,2,0,0,0,0,0,0,0,0,0,0,0,0,0,0,0,0,0,0,
Appended,4,0,2,2,0,0,0,3,1,0,0,0,0,0,0,0,0,0,0,0,0,0,0,0,0,
Appended2,2,0,0,2,0,0,0,1,1,0,0,0,0,0,0,0,0,0,0,0,0,0,0,0,0,
Appended3,2,0,0,2,0,0,0,1,1,0,0,0,0,0,0,0,0,0,0,0,0,0,0,0,0,
Appended4,2,0,0,2,0,0,0,1,1,0,0,0,0,0,0,0,0,0,0,0,0,0,0,0,0,
Appended5,1,0,0,1,0,0,0,1,0,0,0,0,0,0,0,0,0,0,0,0,0,0,0,0,0,
Appending,1,0,1,0,0,0,1,0,0,0,0,0,0,0,0,0,0,0,0,0,0,0,0,0,0,
Application,16,0,16,0,0,0,16,0,0,0,0,0,0,0,0,0,0,0,0,0,0,0,0,0,0,
applies,21,19,0,2,13,19,2,0,0,0,0,0,0,0,0,0,0,0,0,0,0,0,0,0,0,
apply,20,16,2,2,3,16,2,2,0,0,0,0,0,0,0,0,0,0,0,0,0,0,0,0,0,
arc,1,1,0,0,1,1,0,0,0,0,0,0,0,0,0,0,0,0,0,0,0,0,0,0,0,
arcs,1,1,0,0,1,1,0,0,0,0,0,0,0,0,0,0,0,0,0,0,0,0,0,0,0,
are,16,11,5,0,0,11,5,0,0,0,0,0,0,0,0,0,0,0,0,0,0,0,0,0,0,
Arg,3,0,3,0,0,0,1,2,0,0,0,0,0,0,0,0,0,0,0,0,0,0,0,0,0,
Args,1,0,0,1,0,0,0,1,0,0,0,0,0,0,0,0,0,0,0,0,0,0,0,0,0,
Argument,19,0,18,1,0,0,10,0,9,0,0,0,0,0,0,0,0,0,0,0,0,0,0,0,0,
Arguments,22,0,15,7,0,0,11,7,4,0,0,0,0,0,0,0,0,0,0,0,0,0,0,0,0,
Around,20,0,20,0,0,0,2,8,7,2,0,1,0,0,0,0,0,0,0,0,0,0,0,0,0,
Array,28,1,5,22,0,1,12,7,7,0,0,1,0,0,0,0,0,0,0,0,0,0,0,0,0,
Artifacts,2,0,1,1,0,0,2,0,0,0,0,0,0,0,0,0,0,0,0,0,0,0,0,0,0,
As,75,39,35,1,0,39,1,26,0,8,1,0,0,0,0,0,0,0,0,0,0,0,0,0,0,
assemble,1,1,0,0,0,1,0,0,0,0,0,0,0,0,0,0,0,0,0,0,0,0,0,0,0,
Assemblies,2,0,1,1,0,0,0,2,0,0,0,0,0,0,0,0,0,0,0,0,0,0,0,0,0,
Assembly,33,2,15,16,0,2,14,14,3,0,0,0,0,0,0,0,0,0,0,0,0,0,0,0,0,
Assert,53,30,0,23,0,30,14,3,4,0,2,0,0,0,0,0,0,0,0,0,0,0,0,0,0,
Asserted,2,1,0,1,1,1,1,0,0,0,0,0,0,0,0,0,0,0,0,0,0,0,0,0,0,
Assertion,22,4,10,8,2,4,11,5,2,0,0,0,0,0,0,0,0,0,0,0,0,0,0,0,0,
Assertions,8,0,6,2,0,0,0,8,0,0,0,0,0,0,0,0,0,0,0,0,0,0,0,0,0,
assign,2,2,0,0,0,2,0,0,0,0,0,0,0,0,0,0,0,0,0,0,0,0,0,0,0,
Assignable,1,0,1,0,0,0,1,0,0,0,0,0,0,0,0,0,0,0,0,0,0,0,0,0,0,
Asterisk,2,0,0,2,0,0,0,1,1,0,0,0,0,0,0,0,0,0,0,0,0,0,0,0,0,
At,4,1,3,0,0,1,0,0,0,3,0,0,0,0,0,0,0,0,0,0,0,0,0,0,0,
attach,1,1,0,0,0,1,0,0,0,0,0,0,0,0,0,0,0,0,0,0,0,0,0,0,0,
Attempt,7,0,4,3,0,0,3,4,0,0,0,0,0,0,0,0,0,0,0,0,0,0,0,0,0,
Attempts,3,0,1,2,0,0,3,0,0,0,0,0,0,0,0,0,0,0,0,0,0,0,0,0,0,
Attributes,3,0,0,3,0,0,2,1,0,0,0,0,0,0,0,0,0,0,0,0,0,0,0,0,0,
Available,4,0,0,4,0,0,0,4,0,0,0,0,0,0,0,0,0,0,0,0,0,0,0,0,0,
Average,8,4,3,1,1,4,4,0,0,0,0,0,0,0,0,0,0,0,0,0,0,0,0,0,0,
back,1,1,0,0,0,1,0,0,0,0,0,0,0,0,0,0,0,0,0,0,0,0,0,0,0,
Bad,1,0,1,0,0,0,1,0,0,0,0,0,0,0,0,0,0,0,0,0,0,0,0,0,0,
Balance,48,23,25,0,0,23,25,0,0,0,0,0,0,0,0,0,0,0,0,0,0,0,0,0,0,
Banner,1,0,0,1,0,0,1,0,0,0,0,0,0,0,0,0,0,0,0,0,0,0,0,0,0,
Base,31,19,8,4,0,19,8,3,1,0,0,0,0,0,0,0,0,0,0,0,0,0,0,0,0,
Base64,2,0,0,2,0,0,2,0,0,0,0,0,0,0,0,0,0,0,0,0,0,0,0,0,0,
Based,2,0,2,0,0,0,0,0,2,0,0,0,0,0,0,0,0,0,0,0,0,0,0,0,0,
Basename,1,0,0,1,0,0,0,0,1,0,0,0,0,0,0,0,0,0,0,0,0,0,0,0,0,
Before,7,0,6,1,0,0,2,0,3,2,0,0,0,0,0,0,0,0,0,0,0,0,0,0,0,
Begin,8,0,4,4,0,0,4,0,4,0,0,0,0,0,0,0,0,0,0,0,0,0,0,0,0,
Between,10,0,5,5,0,0,2,3,3,2,0,0,0,0,0,0,0,0,0,0,0,0,0,0,0,
Big,2,1,1,0,0,1,1,0,0,0,0,0,0,0,0,0,0,0,0,0,0,0,0,0,0,
bin,1,1,0,0,0,1,0,0,0,0,0,0,0,0,0,0,0,0,0,0,0,0,0,0,0,
bind,14,14,0,0,10,14,0,0,0,0,0,0,0,0,0,0,0,0,0,0,0,0,0,0,0,
Bit,2,0,2,0,0,0,1,1,0,0,0,0,0,0,0,0,0,0,0,0,0,0,0,0,0,
block,9,4,4,1,0,4,5,0,0,0,0,0,0,0,0,0,0,0,0,0,0,0,0,0,0,
Blocked,8,0,8,0,0,0,4,4,0,0,0,0,0,0,0,0,0,0,0,0,0,0,0,0,0,
Blocking,32,2,28,2,0,2,4,17,7,2,0,0,0,0,0,0,0,0,0,0,0,0,0,0,0,
Boolean,17,3,5,9,0,3,9,1,0,4,0,0,0,0,0,0,0,0,0,0,0,0,0,0,0,
Bottom,6,6,0,0,0,6,0,0,0,0,0,0,0,0,0,0,0,0,0,0,0,0,0,0,0,
Bound,1,0,1,0,0,0,1,0,0,0,0,0,0,0,0,0,0,0,0,0,0,0,0,0,0,
Boundaries,15,1,14,0,0,1,0,5,7,1,1,0,0,0,0,0,0,0,0,0,0,0,0,0,0,
Boundary,30,12,13,5,0,12,7,7,2,2,0,0,0,0,0,0,0,0,0,0,0,0,0,0,0,
Bounded,2,1,1,0,0,1,1,0,0,0,0,0,0,0,0,0,0,0,0,0,0,0,0,0,0,
Bracket,1,0,1,0,0,0,0,1,0,0,0,0,0,0,0,0,0,0,0,0,0,0,0,0,0,
Branch,18,0,14,4,0,0,9,4,3,2,0,0,0,0,0,0,0,0,0,0,0,0,0,0,0,
Branches,1,0,0,1,0,0,0,0,0,1,0,0,0,0,0,0,0,0,0,0,0,0,0,0,0,
bridge,1,1,0,0,1,1,0,0,0,0,0,0,0,0,0,0,0,0,0,0,0,0,0,0,0,
broadcast,1,1,0,0,0,1,0,0,0,0,0,0,0,0,0,0,0,0,0,0,0,0,0,0,0,
Buffer,27,5,8,14,0,5,9,8,5,0,0,0,0,0,0,0,0,0,0,0,0,0,0,0,0,
Buffer2,1,0,0,1,0,0,0,1,0,0,0,0,0,0,0,0,0,0,0,0,0,0,0,0,0,
Buffer3,1,0,0,1,0,0,0,1,0,0,0,0,0,0,0,0,0,0,0,0,0,0,0,0,0,
Buffered,1,1,0,0,0,1,0,0,0,0,0,0,0,0,0,0,0,0,0,0,0,0,0,0,0,
Build,26,16,9,1,2,16,7,3,0,0,0,0,0,0,0,0,0,0,0,0,0,0,0,0,0,
Builder,10,0,1,9,0,0,2,6,2,0,0,0,0,0,0,0,0,0,0,0,0,0,0,0,0,
By,64,0,40,24,0,0,10,36,8,5,1,3,1,0,0,0,0,0,0,0,0,0,0,0,0,
Byte,4,0,4,0,0,0,2,2,0,0,0,0,0,0,0,0,0,0,0,0,0,0,0,0,0,
Bytes,7,0,1,6,0,0,3,2,1,1,0,0,0,0,0,0,0,0,0,0,0,0,0,0,0,
Cache,38,1,25,12,0,1,13,11,6,5,1,1,0,0,0,0,0,0,0,0,0,0,0,0,0,
Cached,5,3,2,0,0,3,2,0,0,0,0,0,0,0,0,0,0,0,0,0,0,0,0,0,0,
calculate,1,1,0,0,0,1,0,0,0,0,0,0,0,0,0,0,0,0,0,0,0,0,0,0,0,
Calendar,3,0,1,2,0,0,3,0,0,0,0,0,0,0,0,0,0,0,0,0,0,0,0,0,0,
Call,18,11,1,6,8,11,1,4,2,0,0,0,0,0,0,0,0,0,0,0,0,0,0,0,0,
Callable,2,0,1,1,0,0,2,0,0,0,0,0,0,0,0,0,0,0,0,0,0,0,0,0,0,
Callables,3,0,0,3,0,0,2,0,1,0,0,0,0,0,0,0,0,0,0,0,0,0,0,0,0,
Callback,3,0,0,3,0,0,0,0,3,0,0,0,0,0,0,0,0,0,0,0,0,0,0,0,0,
can,2,2,0,0,0,2,0,0,0,0,0,0,0,0,0,0,0,0,0,0,0,0,0,0,0,
Canonical,33,4,28,1,3,4,23,6,0,0,0,0,0,0,0,0,0,0,0,0,0,0,0,0,0,
Capacity,15,0,0,15,0,0,11,2,2,0,0,0,0,0,0,0,0,0,0,0,0,0,0,0,0,
Capture,16,8,1,7,0,8,7,0,1,0,0,0,0,0,0,0,0,0,0,0,0,0,0,0,0,
Captured,6,0,5,1,0,0,5,1,0,0,0,0,0,0,0,0,0,0,0,0,0,0,0,0,0,
Cascade,32,8,13,11,0,8,16,5,3,0,0,0,0,0,0,0,0,0,0,0,0,0,0,0,0,
Cascading,9,6,3,0,0,6,3,0,0,0,0,0,0,0,0,0,0,0,0,0,0,0,0,0,0,
Case,8,0,3,5,0,0,1,6,0,0,0,1,0,0,0,0,0,0,0,0,0,0,0,0,0,
cast,1,1,0,0,0,1,0,0,0,0,0,0,0,0,0,0,0,0,0,0,0,0,0,0,0,
Cause,1,0,1,0,0,0,1,0,0,0,0,0,0,0,0,0,0,0,0,0,0,0,0,0,0,
Chain,12,0,9,3,0,0,3,3,1,3,2,0,0,0,0,0,0,0,0,0,0,0,0,0,0,
Chained,3,0,1,2,0,0,1,0,0,1,1,0,0,0,0,0,0,0,0,0,0,0,0,0,0,
Char,4,0,1,3,0,0,1,0,0,2,0,0,1,0,0,0,0,0,0,0,0,0,0,0,0,
Character,2,2,0,0,0,2,0,0,0,0,0,0,0,0,0,0,0,0,0,0,0,0,0,0,0,
Chars,1,0,1,0,0,0,0,1,0,0,0,0,0,0,0,0,0,0,0,0,0,0,0,0,0,
Charset,5,0,5,0,0,0,5,0,0,0,0,0,0,0,0,0,0,0,0,0,0,0,0,0,0,
Check,6,4,1,1,0,4,0,1,1,0,0,0,0,0,0,0,0,0,0,0,0,0,0,0,0,
Checkpoint,24,2,16,6,1,2,11,9,1,0,0,0,0,1,0,0,0,0,0,0,0,0,0,0,0,
Checkpoints,12,0,6,6,0,0,11,1,0,0,0,0,0,0,0,0,0,0,0,0,0,0,0,0,0,
Child,39,3,32,4,0,3,32,3,0,1,0,0,0,0,0,0,0,0,0,0,0,0,0,0,0,
Children,16,0,2,14,0,0,13,3,0,0,0,0,0,0,0,0,0,0,0,0,0,0,0,0,0,
Class,56,0,30,26,0,0,15,16,16,9,0,0,0,0,0,0,0,0,0,0,0,0,0,0,0,
Classes,4,0,2,2,0,0,1,3,0,0,0,0,0,0,0,0,0,0,0,0,0,0,0,0,0,
Classloader,1,0,0,1,0,0,0,0,1,0,0,0,0,0,0,0,0,0,0,0,0,0,0,0,0,
Classpath,3,1,0,2,0,1,0,1,0,1,0,0,0,0,0,0,0,0,0,0,0,0,0,0,0,
Clean,14,11,1,2,2,11,3,0,0,0,0,0,0,0,0,0,0,0,0,0,0,0,0,0,0,
cleanse,1,1,0,0,0,1,0,0,0,0,0,0,0,0,0,0,0,0,0,0,0,0,0,0,0,
cleanup,34,22,2,10,20,22,11,1,0,0,0,0,0,0,0,0,0,0,0,0,0,0,0,0,0,
clear,11,11,0,0,10,11,0,0,0,0,0,0,0,0,0,0,0,0,0,0,0,0,0,0,0,
Client,20,0,5,15,0,0,5,8,7,0,0,0,0,0,0,0,0,0,0,0,0,0,0,0,0,
Close,44,40,1,3,32,40,2,0,2,0,0,0,0,0,0,0,0,0,0,0,0,0,0,0,0,
Closeable,4,0,4,0,0,0,2,1,1,0,0,0,0,0,0,0,0,0,0,0,0,0,0,0,0,
Closure,15,0,2,13,0,0,6,4,5,0,0,0,0,0,0,0,0,0,0,0,0,0,0,0,0,
Cluster,2,0,0,2,0,0,0,2,0,0,0,0,0,0,0,0,0,0,0,0,0,0,0,0,0,
Co,101,4,97,0,0,4,68,9,6,9,3,0,2,0,0,0,0,0,0,0,0,0,0,0,0,
Code,91,0,1,90,0,0,91,0,0,0,0,0,0,0,0,0,0,0,0,0,0,0,0,0,0,
Codec,3,0,1,2,0,0,3,0,0,0,0,0,0,0,0,0,0,0,0,0,0,0,0,0,0,
Codecs,3,0,0,3,0,0,3,0,0,0,0,0,0,0,0,0,0,0,0,0,0,0,0,0,0,
Coerce,55,23,10,22,22,23,22,10,0,0,0,0,0,0,0,0,0,0,0,0,0,0,0,0,0,
Coerced,1,0,1,0,0,0,1,0,0,0,0,0,0,0,0,0,0,0,0,0,0,0,0,0,0,
coercible,4,2,2,0,0,2,2,0,0,0,0,0,0,0,0,0,0,0,0,0,0,0,0,0,0,
Coercion,3,0,0,3,0,0,1,2,0,0,0,0,0,0,0,0,0,0,0,0,0,0,0,0,0,
Coercions,7,0,0,7,0,0,6,1,0,0,0,0,0,0,0,0,0,0,0,0,0,0,0,0,0,
collapse,1,1,0,0,1,1,0,0,0,0,0,0,0,0,0,0,0,0,0,0,0,0,0,0,0,
Collect,20,16,0,4,13,16,1,0,3,0,0,0,0,0,0,0,0,0,0,0,0,0,0,0,0,
Collection,20,0,0,20,0,0,11,8,1,0,0,0,0,0,0,0,0,0,0,0,0,0,0,0,0,
Collector,30,0,4,26,0,0,4,21,2,3,0,0,0,0,0,0,0,0,0,0,0,0,0,0,0,
Collectors,4,0,0,4,0,0,1,3,0,0,0,0,0,0,0,0,0,0,0,0,0,0,0,0,0,
Collider,1,1,0,0,1,1,0,0,0,0,0,0,0,0,0,0,0,0,0,0,0,0,0,0,0,
Color,1,0,1,0,0,0,0,1,0,0,0,0,0,0,0,0,0,0,0,0,0,0,0,0,0,
Combine,7,4,3,0,0,4,3,0,0,0,0,0,0,0,0,0,0,0,0,0,0,0,0,0,0,
Combined,10,0,10,0,0,0,5,5,0,0,0,0,0,0,0,0,0,0,0,0,0,0,0,0,0,
Comment,1,1,0,0,0,1,0,0,0,0,0,0,0,0,0,0,0,0,0,0,0,0,0,0,0,
Commit,17,14,2,1,1,14,2,1,0,0,0,0,0,0,0,0,0,0,0,0,0,0,0,0,0,
Common,6,0,6,0,0,0,2,3,0,0,0,1,0,0,0,0,0,0,0,0,0,0,0,0,0,
Comparable,10,0,7,3,0,0,1,1,6,2,0,0,0,0,0,0,0,0,0,0,0,0,0,0,0,
Comparator,36,0,6,30,0,0,9,17,6,4,0,0,0,0,0,0,0,0,0,0,0,0,0,0,0,
Comparators,10,0,3,7,0,0,9,1,0,0,0,0,0,0,0,0,0,0,0,0,0,0,0,0,0,
Compare,59,52,2,5,38,52,4,3,0,0,0,0,0,0,0,0,0,0,0,0,0,0,0,0,0,
Compare2,2,0,0,2,0,0,2,0,0,0,0,0,0,0,0,0,0,0,0,0,0,0,0,0,0,
Compare3,1,0,0,1,0,0,1,0,0,0,0,0,0,0,0,0,0,0,0,0,0,0,0,0,0,
Compare4,1,0,0,1,0,0,1,0,0,0,0,0,0,0,0,0,0,0,0,0,0,0,0,0,0,
Comparison,5,0,0,5,0,0,0,4,1,0,0,0,0,0,0,0,0,0,0,0,0,0,0,0,0,
Comparisons,4,0,0,4,0,0,1,0,2,1,0,0,0,0,0,0,0,0,0,0,0,0,0,0,0,
Compatible,3,0,3,0,0,0,3,0,0,0,0,0,0,0,0,0,0,0,0,0,0,0,0,0,0,
Compiler,2,0,0,2,0,0,0,0,2,0,0,0,0,0,0,0,0,0,0,0,0,0,0,0,0,
Complete,55,44,2,9,38,44,2,1,3,3,1,0,0,1,0,0,0,0,0,0,0,0,0,0,0,
Completed,14,0,0,14,0,0,8,5,1,0,0,0,0,0,0,0,0,0,0,0,0,0,0,0,0,
Complex,11,0,3,8,0,0,3,6,1,0,1,0,0,0,0,0,0,0,0,0,0,0,0,0,0,
Complex2,2,0,0,2,0,0,0,2,0,0,0,0,0,0,0,0,0,0,0,0,0,0,0,0,0,
Component,1,0,1,0,0,0,1,0,0,0,0,0,0,0,0,0,0,0,0,0,0,0,0,0,0,
Composite,9,2,4,3,0,2,3,0,2,0,0,0,0,0,0,2,0,0,0,0,0,0,0,0,0,
Comprehensive,2,0,2,0,0,0,2,0,0,0,0,0,0,0,0,0,0,0,0,0,0,0,0,0,0,
Compress,2,0,2,0,0,0,2,0,0,0,0,0,0,0,0,0,0,0,0,0,0,0,0,0,0,
Compressed,2,0,0,2,0,0,0,0,2,0,0,0,0,0,0,0,0,0,0,0,0,0,0,0,0,
Compression,3,0,0,3,0,0,0,3,0,0,0,0,0,0,0,0,0,0,0,0,0,0,0,0,0,
Compressor,5,1,1,3,0,1,3,1,0,0,0,0,0,0,0,0,0,0,0,0,0,0,0,0,0,
Compute,1,0,1,0,0,0,0,1,0,0,0,0,0,0,0,0,0,0,0,0,0,0,0,0,0,
Concatenation,1,0,0,1,0,0,1,0,0,0,0,0,0,0,0,0,0,0,0,0,0,0,0,0,0,
Concrete,1,1,0,0,0,1,0,0,0,0,0,0,0,0,0,0,0,0,0,0,0,0,0,0,0,
Concurrent,9,0,9,0,0,0,0,9,0,0,0,0,0,0,0,0,0,0,0,0,0,0,0,0,0,
Condition,1,0,0,1,0,0,0,0,1,0,0,0,0,0,0,0,0,0,0,0,0,0,0,0,0,
Conf,60,0,40,20,0,0,45,14,1,0,0,0,0,0,0,0,0,0,0,0,0,0,0,0,0,
Config,124,5,71,48,0,5,72,31,13,3,0,0,0,0,0,0,0,0,0,0,0,0,0,0,0,
Configs,1,0,0,1,0,0,1,0,0,0,0,0,0,0,0,0,0,0,0,0,0,0,0,0,0,
Configuration,11,1,0,10,0,1,8,2,0,0,0,0,0,0,0,0,0,0,0,0,0,0,0,0,0,
configure,7,7,0,0,7,7,0,0,0,0,0,0,0,0,0,0,0,0,0,0,0,0,0,0,0,
Confs,1,0,0,1,0,0,0,1,0,0,0,0,0,0,0,0,0,0,0,0,0,0,0,0,0,
connect,2,2,0,0,2,2,0,0,0,0,0,0,0,0,0,0,0,0,0,0,0,0,0,0,0,
Connection,1,0,0,1,0,0,1,0,0,0,0,0,0,0,0,0,0,0,0,0,0,0,0,0,0,
Connector,10,0,1,9,0,0,3,5,2,0,0,0,0,0,0,0,0,0,0,0,0,0,0,0,0,
Consecutive,12,7,5,0,0,7,1,3,0,1,0,0,0,0,0,0,0,0,0,0,0,0,0,0,0,
Constructor,6,0,4,2,0,0,5,1,0,0,0,0,0,0,0,0,0,0,0,0,0,0,0,0,0,
Container,2,1,1,0,1,1,1,0,0,0,0,0,0,0,0,0,0,0,0,0,0,0,0,0,0,
Containing,2,0,1,1,0,0,1,1,0,0,0,0,0,0,0,0,0,0,0,0,0,0,0,0,0,
Contains,30,26,3,1,5,26,4,0,0,0,0,0,0,0,0,0,0,0,0,0,0,0,0,0,0,
Context,16,5,0,11,5,5,7,2,2,0,0,0,0,0,0,0,0,0,0,0,0,0,0,0,0,
Continue,1,0,1,0,0,0,1,0,0,0,0,0,0,0,0,0,0,0,0,0,0,0,0,0,0,
Contract,1,0,0,1,0,0,0,1,0,0,0,0,0,0,0,0,0,0,0,0,0,0,0,0,0,
Contracted,6,2,4,0,0,2,4,0,0,0,0,0,0,0,0,0,0,0,0,0,0,0,0,0,0,
Contraction,2,0,2,0,0,0,2,0,0,0,0,0,0,0,0,0,0,0,0,0,0,0,0,0,0,
convert,3,3,0,0,3,3,0,0,0,0,0,0,0,0,0,0,0,0,0,0,0,0,0,0,0,
Copy,116,41,41,34,4,41,46,25,0,4,0,0,0,0,0,0,0,0,0,0,0,0,0,0,0,
Count,34,4,4,26,1,4,10,15,5,0,0,0,0,0,0,0,0,0,0,0,0,0,0,0,0,
Count2,1,0,0,1,0,0,1,0,0,0,0,0,0,0,0,0,0,0,0,0,0,0,0,0,0,
Count3,1,0,0,1,0,0,1,0,0,0,0,0,0,0,0,0,0,0,0,0,0,0,0,0,0,
Count4,1,0,0,1,0,0,1,0,0,0,0,0,0,0,0,0,0,0,0,0,0,0,0,0,0,
Counter,59,3,54,2,1,3,44,4,8,0,0,0,0,0,0,0,0,0,0,0,0,0,0,0,0,
Counters,40,0,16,24,0,0,31,5,0,3,1,0,0,0,0,0,0,0,0,0,0,0,0,0,0,
Counts,1,0,0,1,0,0,0,1,0,0,0,0,0,0,0,0,0,0,0,0,0,0,0,0,0,
CPU,3,0,3,0,0,0,0,0,3,0,0,0,0,0,0,0,0,0,0,0,0,0,0,0,0,
crash,1,1,0,0,1,1,0,0,0,0,0,0,0,0,0,0,0,0,0,0,0,0,0,0,0,
create,248,236,11,1,12,236,11,1,0,0,0,0,0,0,0,0,0,0,0,0,0,0,0,0,0,
Cross,4,2,0,2,0,2,2,0,0,0,0,0,0,0,0,0,0,0,0,0,0,0,0,0,0,
Ctor,2,0,0,2,0,0,0,0,2,0,0,0,0,0,0,0,0,0,0,0,0,0,0,0,0,
Current,26,1,22,3,1,1,25,0,0,0,0,0,0,0,0,0,0,0,0,0,0,0,0,0,0,
Custom,1,0,1,0,0,0,0,0,0,1,0,0,0,0,0,0,0,0,0,0,0,0,0,0,0,
Cycles,1,0,0,1,0,0,0,1,0,0,0,0,0,0,0,0,0,0,0,0,0,0,0,0,0,
Dag,12,0,9,3,0,0,12,0,0,0,0,0,0,0,0,0,0,0,0,0,0,0,0,0,0,
Dangling,2,0,2,0,0,0,2,0,0,0,0,0,0,0,0,0,0,0,0,0,0,0,0,0,0,
Data,5,0,0,5,0,0,0,2,3,0,0,0,0,0,0,0,0,0,0,0,0,0,0,0,0,
Date,7,4,3,0,0,4,3,0,0,0,0,0,0,0,0,0,0,0,0,0,0,0,0,0,0,
Dead,1,0,0,1,0,0,1,0,0,0,0,0,0,0,0,0,0,0,0,0,0,0,0,0,0,
Debug,28,4,17,7,1,4,23,1,0,0,0,0,0,0,0,0,0,0,0,0,0,0,0,0,0,
Decimal,2,0,1,1,0,0,1,1,0,0,0,0,0,0,0,0,0,0,0,0,0,0,0,0,0,
Declaration,5,0,0,5,0,0,1,4,0,0,0,0,0,0,0,0,0,0,0,0,0,0,0,0,0,
Declarations,1,0,0,1,0,0,0,1,0,0,0,0,0,0,0,0,0,0,0,0,0,0,0,0,0,
Declarator,2,0,0,2,0,0,1,1,0,0,0,0,0,0,0,0,0,0,0,0,0,0,0,0,0,
Declared,30,0,22,8,0,0,15,9,1,0,4,1,0,0,0,0,0,0,0,0,0,0,0,0,0,
Declared2,1,0,0,1,0,0,0,1,0,0,0,0,0,0,0,0,0,0,0,0,0,0,0,0,0,
Declared3,1,0,0,1,0,0,0,1,0,0,0,0,0,0,0,0,0,0,0,0,0,0,0,0,0,
Declared4,1,0,0,1,0,0,0,1,0,0,0,0,0,0,0,0,0,0,0,0,0,0,0,0,0,
Declared5,1,0,0,1,0,0,0,1,0,0,0,0,0,0,0,0,0,0,0,0,0,0,0,0,0,
Declared6,1,0,0,1,0,0,0,1,0,0,0,0,0,0,0,0,0,0,0,0,0,0,0,0,0,
decode,1,1,0,0,0,1,0,0,0,0,0,0,0,0,0,0,0,0,0,0,0,0,0,0,0,
Decompressor,1,0,0,1,0,0,1,0,0,0,0,0,0,0,0,0,0,0,0,0,0,0,0,0,0,
Decorate,3,1,2,0,0,1,0,2,0,0,0,0,0,0,0,0,0,0,0,0,0,0,0,0,0,
Decorated,3,1,1,1,0,1,2,0,0,0,0,0,0,0,0,0,0,0,0,0,0,0,0,0,0,
Decorator,8,1,6,1,0,1,0,0,6,0,0,0,1,0,0,0,0,0,0,0,0,0,0,0,0,
Deep,6,2,1,3,0,2,1,2,1,0,0,0,0,0,0,0,0,0,0,0,0,0,0,0,0,
Def,46,0,5,41,0,0,4,12,20,8,2,0,0,0,0,0,0,0,0,0,0,0,0,0,0,
Default,28,0,26,2,0,0,22,0,0,0,0,0,6,0,0,0,0,0,0,0,0,0,0,0,0,
Defaults,3,0,0,3,0,0,0,0,3,0,0,0,0,0,0,0,0,0,0,0,0,0,0,0,0,
Defined,1,0,0,1,0,0,1,0,0,0,0,0,0,0,0,0,0,0,0,0,0,0,0,0,0,
Degree,6,0,6,0,0,0,6,0,0,0,0,0,0,0,0,0,0,0,0,0,0,0,0,0,0,
Delegate,4,2,0,2,1,2,2,0,0,0,0,0,0,0,0,0,0,0,0,0,0,0,0,0,0,
Delegated,2,1,1,0,0,1,1,0,0,0,0,0,0,0,0,0,0,0,0,0,0,0,0,0,0,
Delegating,2,2,0,0,0,2,0,0,0,0,0,0,0,0,0,0,0,0,0,0,0,0,0,0,0,
delete,29,28,0,1,1,28,1,0,0,0,0,0,0,0,0,0,0,0,0,0,0,0,0,0,0,
Deleted,1,0,0,1,0,0,0,0,0,0,1,0,0,0,0,0,0,0,0,0,0,0,0,0,0,
Delimited,9,2,4,3,0,2,4,1,0,2,0,0,0,0,0,0,0,0,0,0,0,0,0,0,0,
Delimiter,8,0,0,8,0,0,6,0,0,2,0,0,0,0,0,0,0,0,0,0,0,0,0,0,0,
Depth,3,0,1,2,0,0,1,2,0,0,0,0,0,0,0,0,0,0,0,0,0,0,0,0,0,
deregister,3,3,0,0,0,3,0,0,0,0,0,0,0,0,0,0,0,0,0,0,0,0,0,0,0,
Descent,4,0,0,4,0,0,0,0,4,0,0,0,0,0,0,0,0,0,0,0,0,0,0,0,0,
describe,1,1,0,0,0,1,0,0,0,0,0,0,0,0,0,0,0,0,0,0,0,0,0,0,0,
Description,1,0,0,1,0,0,1,0,0,0,0,0,0,0,0,0,0,0,0,0,0,0,0,0,0,
Descriptions,1,0,0,1,0,0,1,0,0,0,0,0,0,0,0,0,0,0,0,0,0,0,0,0,0,
Descriptor,7,0,0,7,0,0,0,3,4,0,0,0,0,0,0,0,0,0,0,0,0,0,0,0,0,
deserialize,13,13,0,0,9,13,0,0,0,0,0,0,0,0,0,0,0,0,0,0,0,0,0,0,0,
Deserializer,22,0,1,21,0,0,8,6,6,2,0,0,0,0,0,0,0,0,0,0,0,0,0,0,0,
Destroy,1,0,0,1,0,0,0,0,1,0,0,0,0,0,0,0,0,0,0,0,0,0,0,0,0,
Detail,11,0,4,7,0,0,7,2,2,0,0,0,0,0,0,0,0,0,0,0,0,0,0,0,0,
Details,2,0,2,0,0,0,0,2,0,0,0,0,0,0,0,0,0,0,0,0,0,0,0,0,0,
Dfs,2,1,0,1,1,1,1,0,0,0,0,0,0,0,0,0,0,0,0,0,0,0,0,0,0,
DHM,1,0,1,0,0,0,0,1,0,0,0,0,0,0,0,0,0,0,0,0,0,0,0,0,0,
Diagnostics,8,0,1,7,0,0,5,3,0,0,0,0,0,0,0,0,0,0,0,0,0,0,0,0,0,
Diff,13,5,6,2,0,5,4,2,2,0,0,0,0,0,0,0,0,0,0,0,0,0,0,0,0,
Diff2,1,0,0,1,0,0,1,0,0,0,0,0,0,0,0,0,0,0,0,0,0,0,0,0,0,
Diff3,1,0,0,1,0,0,1,0,0,0,0,0,0,0,0,0,0,0,0,0,0,0,0,0,0,
difference,1,1,0,0,0,1,0,0,0,0,0,0,0,0,0,0,0,0,0,0,0,0,0,0,0,
Different,2,0,2,0,0,0,0,0,0,2,0,0,0,0,0,0,0,0,0,0,0,0,0,0,0,
Digest,2,0,1,1,0,0,1,1,0,0,0,0,0,0,0,0,0,0,0,0,0,0,0,0,0,
Dir,5,1,3,1,0,1,2,0,2,0,0,0,0,0,0,0,0,0,0,0,0,0,0,0,0,
Direct,4,0,4,0,0,0,4,0,0,0,0,0,0,0,0,0,0,0,0,0,0,0,0,0,0,
Directed,9,5,4,0,1,5,2,2,0,0,0,0,0,0,0,0,0,0,0,0,0,0,0,0,0,
Direction,1,0,0,1,0,0,1,0,0,0,0,0,0,0,0,0,0,0,0,0,0,0,0,0,0,
Directly,1,0,1,0,0,0,1,0,0,0,0,0,0,0,0,0,0,0,0,0,0,0,0,0,0,
Directory,10,0,0,10,0,0,5,5,0,0,0,0,0,0,0,0,0,0,0,0,0,0,0,0,0,
disable,1,1,0,0,0,1,0,0,0,0,0,0,0,0,0,0,0,0,0,0,0,0,0,0,0,
Disabled,1,0,0,1,0,0,0,0,1,0,0,0,0,0,0,0,0,0,0,0,0,0,0,0,0,
Discard,3,2,1,0,1,2,1,0,0,0,0,0,0,0,0,0,0,0,0,0,0,0,0,0,0,
disconnect,1,1,0,0,0,1,0,0,0,0,0,0,0,0,0,0,0,0,0,0,0,0,0,0,0,
Display,2,0,2,0,0,0,0,2,0,0,0,0,0,0,0,0,0,0,0,0,0,0,0,0,0,
Dist,13,3,10,0,0,3,3,0,5,1,1,0,0,0,0,0,0,0,0,0,0,0,0,0,0,
Distance,8,1,3,4,0,1,3,4,0,0,0,0,0,0,0,0,0,0,0,0,0,0,0,0,0,
Distributed,1,0,1,0,0,0,0,1,0,0,0,0,0,0,0,0,0,0,0,0,0,0,0,0,0,
DO,18,15,3,0,0,15,3,0,0,0,0,0,0,0,0,0,0,0,0,0,0,0,0,0,0,
Document,3,1,2,0,0,1,2,0,0,0,0,0,0,0,0,0,0,0,0,0,0,0,0,0,0,
DOT,18,2,1,15,0,2,12,4,0,0,0,0,0,0,0,0,0,0,0,0,0,0,0,0,0,
Double,12,2,1,9,0,2,6,3,1,0,0,0,0,0,0,0,0,0,0,0,0,0,0,0,0,
Down,12,0,7,5,0,0,11,1,0,0,0,0,0,0,0,0,0,0,0,0,0,0,0,0,0,
Ds,1,0,0,1,0,0,0,0,0,1,0,0,0,0,0,0,0,0,0,0,0,0,0,0,0,
Dual,4,4,0,0,0,4,0,0,0,0,0,0,0,0,0,0,0,0,0,0,0,0,0,0,0,
Duct,9,3,1,5,1,3,4,2,0,0,0,0,0,0,0,0,0,0,0,0,0,0,0,0,0,
Ducts,1,0,0,1,0,0,0,1,0,0,0,0,0,0,0,0,0,0,0,0,0,0,0,0,0,
dump,2,2,0,0,0,2,0,0,0,0,0,0,0,0,0,0,0,0,0,0,0,0,0,0,0,
Dupe,8,1,7,0,0,1,7,0,0,0,0,0,0,0,0,0,0,0,0,0,0,0,0,0,0,
Duplicate,4,0,2,2,0,0,2,1,1,0,0,0,0,0,0,0,0,0,0,0,0,0,0,0,0,
Duplicated,1,0,1,0,0,0,1,0,0,0,0,0,0,0,0,0,0,0,0,0,0,0,0,0,0,
Duplicates,3,0,0,3,0,0,0,3,0,0,0,0,0,0,0,0,0,0,0,0,0,0,0,0,0,
Duration,15,0,4,11,0,0,8,5,0,2,0,0,0,0,0,0,0,0,0,0,0,0,0,0,0,
During,1,0,1,0,0,0,0,1,0,0,0,0,0,0,0,0,0,0,0,0,0,0,0,0,0,
Each,26,4,19,3,1,4,10,11,0,1,0,0,0,0,0,0,0,0,0,0,0,0,0,0,0,
Edge,46,5,19,22,0,5,39,1,0,1,0,0,0,0,0,0,0,0,0,0,0,0,0,0,0,
Edges,26,3,9,14,0,3,7,13,3,0,0,0,0,0,0,0,0,0,0,0,0,0,0,0,0,
Eldest,2,0,2,0,0,0,2,0,0,0,0,0,0,0,0,0,0,0,0,0,0,0,0,0,0,
Element,105,10,83,12,0,10,53,36,6,0,0,0,0,0,0,0,0,0,0,0,0,0,0,0,0,
Elements,33,1,5,27,1,1,2,24,6,0,0,0,0,0,0,0,0,0,0,0,0,0,0,0,0,
Eligible,1,0,1,0,0,0,1,0,0,0,0,0,0,0,0,0,0,0,0,0,0,0,0,0,0,
empty,19,3,0,16,0,3,15,1,0,0,0,0,0,0,0,0,0,0,0,0,0,0,0,0,0,
Enable,7,5,2,0,0,5,2,0,0,0,0,0,0,0,0,0,0,0,0,0,0,0,0,0,0,
Enabled,15,1,0,14,0,1,2,8,4,0,0,0,0,0,0,0,0,0,0,0,0,0,0,0,0,
Encode,3,2,0,1,1,2,1,0,0,0,0,0,0,0,0,0,0,0,0,0,0,0,0,0,0,
Encoded,1,0,1,0,0,0,1,0,0,0,0,0,0,0,0,0,0,0,0,0,0,0,0,0,0,
End,10,1,7,2,0,1,6,0,3,0,0,0,0,0,0,0,0,0,0,0,0,0,0,0,0,
Ending,1,0,1,0,0,0,0,1,0,0,0,0,0,0,0,0,0,0,0,0,0,0,0,0,0,
Engaged,1,0,0,1,0,0,1,0,0,0,0,0,0,0,0,0,0,0,0,0,0,0,0,0,0,
Engine,1,0,0,1,0,0,0,1,0,0,0,0,0,0,0,0,0,0,0,0,0,0,0,0,0,
Ensure,1,0,1,0,0,0,1,0,0,0,0,0,0,0,0,0,0,0,0,0,0,0,0,0,0,
Entries,2,0,0,2,0,0,1,1,0,0,0,0,0,0,0,0,0,0,0,0,0,0,0,0,0,
Entry,62,9,31,22,1,9,21,31,0,1,0,0,0,0,0,0,0,0,0,0,0,0,0,0,0,
Enum,2,1,0,1,0,1,0,1,0,0,0,0,0,0,0,0,0,0,0,0,0,0,0,0,0,
EOF,1,0,1,0,0,0,0,0,0,0,1,0,0,0,0,0,0,0,0,0,0,0,0,0,0,
Equal,3,0,1,2,0,0,2,1,0,0,0,0,0,0,0,0,0,0,0,0,0,0,0,0,0,
Equals,96,83,4,9,81,83,7,5,1,0,0,0,0,0,0,0,0,0,0,0,0,0,0,0,0,
Err,1,0,1,0,0,0,1,0,0,0,0,0,0,0,0,0,0,0,0,0,0,0,0,0,0,
Error,12,0,4,8,0,0,7,4,0,1,0,0,0,0,0,0,0,0,0,0,0,0,0,0,0,
Escape,1,0,1,0,0,0,1,0,0,0,0,0,0,0,0,0,0,0,0,0,0,0,0,0,0,
Euclidean,5,2,3,0,1,2,3,0,0,0,0,0,0,0,0,0,0,0,0,0,0,0,0,0,0,
evaluate,4,4,0,0,4,4,0,0,0,0,0,0,0,0,0,0,0,0,0,0,0,0,0,0,0,
Evaluator,2,0,0,2,0,0,2,0,0,0,0,0,0,0,0,0,0,0,0,0,0,0,0,0,0,
Event,2,0,2,0,0,0,2,0,0,0,0,0,0,0,0,0,0,0,0,0,0,0,0,0,0,
Events,1,0,0,1,0,0,1,0,0,0,0,0,0,0,0,0,0,0,0,0,0,0,0,0,0,
Every,32,6,18,8,1,6,7,10,6,3,0,0,0,0,0,0,0,0,0,0,0,0,0,0,0,
evict,3,3,0,0,3,3,0,0,0,0,0,0,0,0,0,0,0,0,0,0,0,0,0,0,0,
Eviction,4,0,3,1,0,0,0,3,0,1,0,0,0,0,0,0,0,0,0,0,0,0,0,0,0,
Exception,41,0,6,35,0,0,17,14,4,1,4,1,0,0,0,0,0,0,0,0,0,0,0,0,0,
Exceptions,2,0,0,2,0,0,0,2,0,0,0,0,0,0,0,0,0,0,0,0,0,0,0,0,0,
Exclude,8,0,4,4,0,0,0,7,1,0,0,0,0,0,0,0,0,0,0,0,0,0,0,0,0,
Excluded,2,0,1,1,0,0,2,0,0,0,0,0,0,0,0,0,0,0,0,0,0,0,0,0,0,
Excludes,3,0,0,3,0,0,0,3,0,0,0,0,0,0,0,0,0,0,0,0,0,0,0,0,0,
Exclusions,3,0,0,3,0,0,3,0,0,0,0,0,0,0,0,0,0,0,0,0,0,0,0,0,0,
Exclusive,2,0,0,2,0,0,0,0,0,2,0,0,0,0,0,0,0,0,0,0,0,0,0,0,0,
Exec,6,4,0,2,2,4,1,1,0,0,0,0,0,0,0,0,0,0,0,0,0,0,0,0,0,
execute,6,6,0,0,5,6,0,0,0,0,0,0,0,0,0,0,0,0,0,0,0,0,0,0,0,
Execution,3,0,0,3,0,0,0,3,0,0,0,0,0,0,0,0,0,0,0,0,0,0,0,0,0,
Executor,2,0,2,0,0,0,2,0,0,0,0,0,0,0,0,0,0,0,0,0,0,0,0,0,0,
Exist,1,0,0,1,0,0,0,1,0,0,0,0,0,0,0,0,0,0,0,0,0,0,0,0,0,
Existing,1,0,0,1,0,0,1,0,0,0,0,0,0,0,0,0,0,0,0,0,0,0,0,0,0,
Exists,24,2,2,20,2,2,17,0,0,5,0,0,0,0,0,0,0,0,0,0,0,0,0,0,0,
Exit,7,0,2,5,0,0,0,2,0,5,0,0,0,0,0,0,0,0,0,0,0,0,0,0,0,
expand,1,1,0,0,1,1,0,0,0,0,0,0,0,0,0,0,0,0,0,0,0,0,0,0,0,
Expected,1,0,1,0,0,0,0,1,0,0,0,0,0,0,0,0,0,0,0,0,0,0,0,0,0,
export,1,1,0,0,1,1,0,0,0,0,0,0,0,0,0,0,0,0,0,0,0,0,0,0,0,
Exporter,1,0,0,1,0,0,1,0,0,0,0,0,0,0,0,0,0,0,0,0,0,0,0,0,0,
Expression,139,6,55,78,0,6,16,27,33,23,21,10,3,0,0,0,0,0,0,0,0,0,0,0,0,
Extension,8,0,0,8,0,0,6,0,2,0,0,0,0,0,0,0,0,0,0,0,0,0,0,0,0,
Extent,5,2,3,0,1,2,1,2,0,0,0,0,0,0,0,0,0,0,0,0,0,0,0,0,0,
Extents,4,0,1,3,0,0,4,0,0,0,0,0,0,0,0,0,0,0,0,0,0,0,0,0,0,
Extra,2,0,2,0,0,0,2,0,0,0,0,0,0,0,0,0,0,0,0,0,0,0,0,0,0,
Extract,6,3,3,0,2,3,3,0,0,0,0,0,0,0,0,0,0,0,0,0,0,0,0,0,0,
Extrema,1,1,0,0,0,1,0,0,0,0,0,0,0,0,0,0,0,0,0,0,0,0,0,0,0,
Factor,3,0,0,3,0,0,0,0,3,0,0,0,0,0,0,0,0,0,0,0,0,0,0,0,0,
Factory,22,0,10,12,0,0,1,13,8,0,0,0,0,0,0,0,0,0,0,0,0,0,0,0,0,
Fail,38,3,12,23,1,3,13,8,12,2,0,0,0,0,0,0,0,0,0,0,0,0,0,0,0,
Fail2,1,0,0,1,0,0,0,1,0,0,0,0,0,0,0,0,0,0,0,0,0,0,0,0,0,
Failed,7,0,2,5,0,0,4,2,0,1,0,0,0,0,0,0,0,0,0,0,0,0,0,0,0,
Failing,7,3,4,0,0,3,4,0,0,0,0,0,0,0,0,0,0,0,0,0,0,0,0,0,0,
Fails,8,0,0,8,0,0,3,1,1,1,2,0,0,0,0,0,0,0,0,0,0,0,0,0,0,
Failure,3,0,1,2,0,0,0,2,1,0,0,0,0,0,0,0,0,0,0,0,0,0,0,0,0,
Feasible,1,0,1,0,0,0,1,0,0,0,0,0,0,0,0,0,0,0,0,0,0,0,0,0,0,
Fetch,14,2,9,3,0,2,1,2,1,8,0,0,0,0,0,0,0,0,0,0,0,0,0,0,0,
Field,28,6,19,3,0,6,13,7,0,1,1,0,0,0,0,0,0,0,0,0,0,0,0,0,0,
Fielded,3,1,2,0,0,1,1,1,0,0,0,0,0,0,0,0,0,0,0,0,0,0,0,0,0,
Fields,174,4,18,152,2,4,20,91,25,21,11,2,0,0,0,0,0,0,0,0,0,0,0,0,0,
File,42,4,23,15,0,4,17,18,1,1,0,1,0,0,0,0,0,0,0,0,0,0,0,0,0,
Filename,1,0,0,1,0,0,0,1,0,0,0,0,0,0,0,0,0,0,0,0,0,0,0,0,0,
Files,15,0,0,15,0,0,1,3,10,0,1,0,0,0,0,0,0,0,0,0,0,0,0,0,0,
Filter,31,3,6,22,1,3,18,7,3,0,0,0,0,0,0,0,0,0,0,0,0,0,0,0,0,
Filtered,10,0,10,0,0,0,8,1,1,0,0,0,0,0,0,0,0,0,0,0,0,0,0,0,0,
Filters,3,1,0,2,1,1,1,0,0,0,1,0,0,0,0,0,0,0,0,0,0,0,0,0,0,
Final,5,0,3,2,0,0,3,2,0,0,0,0,0,0,0,0,0,0,0,0,0,0,0,0,0,
finalize,1,1,0,0,0,1,0,0,0,0,0,0,0,0,0,0,0,0,0,0,0,0,0,0,0,
find,43,35,6,2,3,35,8,0,0,0,0,0,0,0,0,0,0,0,0,0,0,0,0,0,0,
Find2,1,0,0,1,0,0,1,0,0,0,0,0,0,0,0,0,0,0,0,0,0,0,0,0,0,
Finder,2,0,1,1,0,0,2,0,0,0,0,0,0,0,0,0,0,0,0,0,0,0,0,0,0,
Finish,3,0,3,0,0,0,1,2,0,0,0,0,0,0,0,0,0,0,0,0,0,0,0,0,0,
Finished,4,0,2,2,0,0,3,0,1,0,0,0,0,0,0,0,0,0,0,0,0,0,0,0,0,
fire,15,15,0,0,0,15,0,0,0,0,0,0,0,0,0,0,0,0,0,0,0,0,0,0,0,
First,35,9,21,5,1,9,22,4,0,0,0,0,0,0,0,0,0,0,0,0,0,0,0,0,0,
Fix,1,0,0,1,0,0,0,0,0,0,0,1,0,0,0,0,0,0,0,0,0,0,0,0,0,
Flat,1,0,1,0,0,0,1,0,0,0,0,0,0,0,0,0,0,0,0,0,0,0,0,0,0,
Float,8,2,0,6,0,2,5,1,0,0,0,0,0,0,0,0,0,0,0,0,0,0,0,0,0,
Flow,239,30,169,40,0,30,172,26,10,0,1,0,0,0,0,0,0,0,0,0,0,0,0,0,0,
Flows,20,0,3,17,0,0,8,6,6,0,0,0,0,0,0,0,0,0,0,0,0,0,0,0,0,
Floyd,1,0,1,0,0,0,0,0,1,0,0,0,0,0,0,0,0,0,0,0,0,0,0,0,0,
flush,5,5,0,0,4,5,0,0,0,0,0,0,0,0,0,0,0,0,0,0,0,0,0,0,0,
fmix,1,1,0,0,1,1,0,0,0,0,0,0,0,0,0,0,0,0,0,0,0,0,0,0,0,
Folder,1,0,0,1,0,0,1,0,0,0,0,0,0,0,0,0,0,0,0,0,0,0,0,0,0,
For,143,0,77,66,0,0,35,79,28,1,0,0,0,0,0,0,0,0,0,0,0,0,0,0,0,
forbid,1,1,0,0,0,1,0,0,0,0,0,0,0,0,0,0,0,0,0,0,0,0,0,0,0,
Forever,1,1,0,0,0,1,0,0,0,0,0,0,0,0,0,0,0,0,0,0,0,0,0,0,0,
Fork,7,1,3,3,1,1,6,0,0,0,0,0,0,0,0,0,0,0,0,0,0,0,0,0,0,
Format,17,9,1,7,2,9,1,4,2,1,0,0,0,0,0,0,0,0,0,0,0,0,0,0,0,
Formats,1,0,0,1,0,0,0,1,0,0,0,0,0,0,0,0,0,0,0,0,0,0,0,0,0,
Formatter,3,0,0,3,0,0,2,1,0,0,0,0,0,0,0,0,0,0,0,0,0,0,0,0,0,
Forward,2,1,0,1,0,1,0,0,0,1,0,0,0,0,0,0,0,0,0,0,0,0,0,0,0,
Found,4,1,2,1,0,1,3,0,0,0,0,0,0,0,0,0,0,0,0,0,0,0,0,0,0,
fourth,2,2,0,0,0,2,0,0,0,0,0,0,0,0,0,0,0,0,0,0,0,0,0,0,0,
Fraction,1,0,0,1,0,0,1,0,0,0,0,0,0,0,0,0,0,0,0,0,0,0,0,0,0,
Framework,4,0,2,2,0,0,3,1,0,0,0,0,0,0,0,0,0,0,0,0,0,0,0,0,0,
Frameworks,3,0,0,3,0,0,2,1,0,0,0,0,0,0,0,0,0,0,0,0,0,0,0,0,0,
frequency,1,1,0,0,1,1,0,0,0,0,0,0,0,0,0,0,0,0,0,0,0,0,0,0,0,
From,50,0,31,19,0,0,20,14,15,1,0,0,0,0,0,0,0,0,0,0,0,0,0,0,0,
From2,2,0,0,2,0,0,0,0,2,0,0,0,0,0,0,0,0,0,0,0,0,0,0,0,0,
FS,4,1,1,2,0,1,1,2,0,0,0,0,0,0,0,0,0,0,0,0,0,0,0,0,0,
Full,9,0,8,1,0,0,8,1,0,0,0,0,0,0,0,0,0,0,0,0,0,0,0,0,0,
fully,1,1,0,0,0,1,0,0,0,0,0,0,0,0,0,0,0,0,0,0,0,0,0,0,0,
Function,32,1,2,29,0,1,11,12,8,0,0,0,0,0,0,0,0,0,0,0,0,0,0,0,0,
Functors,2,0,0,2,0,0,2,0,0,0,0,0,0,0,0,0,0,0,0,0,0,0,0,0,0,
Future,1,0,0,1,0,0,1,0,0,0,0,0,0,0,0,0,0,0,0,0,0,0,0,0,0,
Gate,37,0,3,34,0,0,3,6,21,5,2,0,0,0,0,0,0,0,0,0,0,0,0,0,0,
Gather,8,0,8,0,0,0,2,6,0,0,0,0,0,0,0,0,0,0,0,0,0,0,0,0,0,
Generator,4,0,1,3,0,0,2,2,0,0,0,0,0,0,0,0,0,0,0,0,0,0,0,0,0,
get,1702,1686,13,3,19,1686,16,0,0,0,0,0,0,0,0,0,0,0,0,0,0,0,0,0,0,
Given,1,0,1,0,0,0,1,0,0,0,0,0,0,0,0,0,0,0,0,0,0,0,0,0,0,
Glob,7,2,3,2,0,2,2,1,1,1,0,0,0,0,0,0,0,0,0,0,0,0,0,0,0,
Glob2,1,0,0,1,0,0,0,0,1,0,0,0,0,0,0,0,0,0,0,0,0,0,0,0,0,
Global,1,0,1,0,0,0,1,0,0,0,0,0,0,0,0,0,0,0,0,0,0,0,0,0,0,
Goal,1,0,0,1,0,0,1,0,0,0,0,0,0,0,0,0,0,0,0,0,0,0,0,0,0,
Graph,228,3,57,168,0,3,49,78,42,23,16,11,4,1,1,0,0,0,0,0,0,0,0,0,0,
Graph2,1,0,0,1,0,0,0,0,1,0,0,0,0,0,0,0,0,0,0,0,0,0,0,0,0,
Graph3,1,0,0,1,0,0,0,0,1,0,0,0,0,0,0,0,0,0,0,0,0,0,0,0,0,
Graph4,1,0,0,1,0,0,0,0,1,0,0,0,0,0,0,0,0,0,0,0,0,0,0,0,0,
Graphs,10,0,0,10,0,0,1,6,3,0,0,0,0,0,0,0,0,0,0,0,0,0,0,0,0,
Group,263,7,209,47,0,7,96,108,18,11,15,6,0,2,0,0,0,0,0,0,0,0,0,0,0,
Grouper,1,0,0,1,0,0,0,1,0,0,0,0,0,0,0,0,0,0,0,0,0,0,0,0,0,
Grouping,25,2,11,12,0,2,17,4,0,0,0,0,0,0,0,0,2,0,0,0,0,0,0,0,0,
Groups,28,0,10,18,0,0,7,20,0,0,1,0,0,0,0,0,0,0,0,0,0,0,0,0,0,
guess,2,2,0,0,0,2,0,0,0,0,0,0,0,0,0,0,0,0,0,0,0,0,0,0,0,
H1,1,0,0,1,0,0,1,0,0,0,0,0,0,0,0,0,0,0,0,0,0,0,0,0,0,
had,1,1,0,0,0,1,0,0,0,0,0,0,0,0,0,0,0,0,0,0,0,0,0,0,0,
Hadoop,46,32,14,0,0,32,10,3,1,0,0,0,0,0,0,0,0,0,0,0,0,0,0,0,0,
Hadoop2,10,8,2,0,0,8,0,1,1,0,0,0,0,0,0,0,0,0,0,0,0,0,0,0,0,
handle,28,26,2,0,0,26,2,0,0,0,0,0,0,0,0,0,0,0,0,0,0,0,0,0,0,
Handler,7,0,0,7,0,0,1,6,0,0,0,0,0,0,0,0,0,0,0,0,0,0,0,0,0,
Handling,4,0,3,1,0,0,0,0,0,0,0,4,0,0,0,0,0,0,0,0,0,0,0,0,0,
Hanging,1,0,1,0,0,0,0,1,0,0,0,0,0,0,0,0,0,0,0,0,0,0,0,0,0,
has,76,72,2,2,0,72,4,0,0,0,0,0,0,0,0,0,0,0,0,0,0,0,0,0,0,
Hash,199,102,92,5,3,102,37,9,17,11,19,3,1,0,0,0,0,0,0,0,0,0,0,0,0,
Hasher,2,0,0,2,0,0,1,0,1,0,0,0,0,0,0,0,0,0,0,0,0,0,0,0,0,
Have,1,0,1,0,0,0,0,0,0,0,1,0,0,0,0,0,0,0,0,0,0,0,0,0,0,
HDFS,11,0,9,2,0,0,9,0,1,1,0,0,0,0,0,0,0,0,0,0,0,0,0,0,0,
Head,12,0,5,7,0,0,8,4,0,0,0,0,0,0,0,0,0,0,0,0,0,0,0,0,0,
Header,4,0,2,2,0,0,4,0,0,0,0,0,0,0,0,0,0,0,0,0,0,0,0,0,0,
Headers,1,0,0,1,0,0,1,0,0,0,0,0,0,0,0,0,0,0,0,0,0,0,0,0,0,
Heads,3,0,0,3,0,0,3,0,0,0,0,0,0,0,0,0,0,0,0,0,0,0,0,0,0,
Hex,1,0,0,1,0,0,1,0,0,0,0,0,0,0,0,0,0,0,0,0,0,0,0,0,0,
Hfs,12,2,3,7,1,2,7,2,0,0,1,0,0,0,0,0,0,0,0,0,0,0,0,0,0,
Hidden,2,0,2,0,0,0,2,0,0,0,0,0,0,0,0,0,0,0,0,0,0,0,0,0,0,
HM,1,0,1,0,0,0,0,1,0,0,0,0,0,0,0,0,0,0,0,0,0,0,0,0,0,
Holder,2,0,0,2,0,0,2,0,0,0,0,0,0,0,0,0,0,0,0,0,0,0,0,0,0,
Hook,16,0,0,16,0,0,2,7,7,0,0,0,0,0,0,0,0,0,0,0,0,0,0,0,0,
Hostname,4,0,1,3,0,0,1,3,0,0,0,0,0,0,0,0,0,0,0,0,0,0,0,0,0,
HSB,1,0,1,0,0,0,1,0,0,0,0,0,0,0,0,0,0,0,0,0,0,0,0,0,0,
I,1,0,1,0,0,0,0,0,1,0,0,0,0,0,0,0,0,0,0,0,0,0,0,0,0,
ID,71,3,4,64,3,3,18,28,21,1,0,0,0,0,0,0,0,0,0,0,0,0,0,0,0,
Identifier,30,1,1,28,0,1,15,14,0,0,0,0,0,0,0,0,0,0,0,0,0,0,0,0,0,
Identifiers,9,0,0,9,0,0,0,5,3,1,0,0,0,0,0,0,0,0,0,0,0,0,0,0,0,
Identity,14,3,8,3,1,3,11,0,0,0,0,0,0,0,0,0,0,0,0,0,0,0,0,0,0,
if,13,1,12,0,0,1,2,6,4,0,0,0,0,0,0,0,0,0,0,0,0,0,0,0,0,
Ignore,12,1,11,0,0,1,8,1,0,0,0,0,0,2,0,0,0,0,0,0,0,0,0,0,0,
Ignored,3,0,1,2,0,0,2,1,0,0,0,0,0,0,0,0,0,0,0,0,0,0,0,0,0,
Ignores,1,1,0,0,0,1,0,0,0,0,0,0,0,0,0,0,0,0,0,0,0,0,0,0,0,
Illegal,3,0,1,2,0,0,3,0,0,0,0,0,0,0,0,0,0,0,0,0,0,0,0,0,0,
In,22,3,19,0,0,3,1,11,1,2,1,0,3,0,0,0,0,0,0,0,0,0,0,0,0,
Include,13,1,10,2,0,1,0,12,0,0,0,0,0,0,0,0,0,0,0,0,0,0,0,0,0,
Included,1,0,1,0,0,0,1,0,0,0,0,0,0,0,0,0,0,0,0,0,0,0,0,0,0,
Includes,1,0,0,1,0,0,1,0,0,0,0,0,0,0,0,0,0,0,0,0,0,0,0,0,0,
Inclusive,2,0,0,2,0,0,0,0,0,2,0,0,0,0,0,0,0,0,0,0,0,0,0,0,0,
Incoming,47,3,42,2,0,3,42,0,2,0,0,0,0,0,0,0,0,0,0,0,0,0,0,0,0,
Incomparable,7,0,7,0,0,0,0,2,5,0,0,0,0,0,0,0,0,0,0,0,0,0,0,0,0,
increment,9,7,0,2,6,7,2,0,0,0,0,0,0,0,0,0,0,0,0,0,0,0,0,0,0,
Index,34,7,22,5,1,7,14,13,0,0,0,0,0,0,0,0,0,0,0,0,0,0,0,0,0,
Index2,1,0,0,1,0,0,0,1,0,0,0,0,0,0,0,0,0,0,0,0,0,0,0,0,0,
Indexed,3,3,0,0,0,3,0,0,0,0,0,0,0,0,0,0,0,0,0,0,0,0,0,0,0,
infer,1,1,0,0,0,1,0,0,0,0,0,0,0,0,0,0,0,0,0,0,0,0,0,0,0,
Inflow,2,0,0,2,0,0,1,1,0,0,0,0,0,0,0,0,0,0,0,0,0,0,0,0,0,
Info,35,0,5,30,0,0,15,18,1,1,0,0,0,0,0,0,0,0,0,0,0,0,0,0,0,
init,75,37,6,32,4,37,1,34,3,0,0,0,0,0,0,0,0,0,0,0,0,0,0,0,0,
Initial,3,0,3,0,0,0,1,2,0,0,0,0,0,0,0,0,0,0,0,0,0,0,0,0,0,
initialize,38,38,0,0,33,38,0,0,0,0,0,0,0,0,0,0,0,0,0,0,0,0,0,0,0,
Initialized,12,0,6,6,0,0,6,0,6,0,0,0,0,0,0,0,0,0,0,0,0,0,0,0,0,
inject,1,1,0,0,0,1,0,0,0,0,0,0,0,0,0,0,0,0,0,0,0,0,0,0,0,
Inner,13,2,7,4,0,2,0,3,6,2,0,0,0,0,0,0,0,0,0,0,0,0,0,0,0,
Input,46,1,30,15,0,1,21,14,8,2,0,0,0,0,0,0,0,0,0,0,0,0,0,0,0,
Inputs,1,0,1,0,0,0,0,1,0,0,0,0,0,0,0,0,0,0,0,0,0,0,0,0,0,
Insensitive,1,0,0,1,0,0,0,0,1,0,0,0,0,0,0,0,0,0,0,0,0,0,0,0,0,
insert,12,8,0,4,1,8,4,0,0,0,0,0,0,0,0,0,0,0,0,0,0,0,0,0,0,
Insertion,2,1,1,0,0,1,1,0,0,0,0,0,0,0,0,0,0,0,0,0,0,0,0,0,0,
install,1,1,0,0,0,1,0,0,0,0,0,0,0,0,0,0,0,0,0,0,0,0,0,0,0,
Instance,18,0,7,11,0,0,17,0,1,0,0,0,0,0,0,0,0,0,0,0,0,0,0,0,0,
instantiate,1,1,0,0,0,1,0,0,0,0,0,0,0,0,0,0,0,0,0,0,0,0,0,0,0,
Int,15,1,6,8,0,1,9,3,2,0,0,0,0,0,0,0,0,0,0,0,0,0,0,0,0,
Integer,8,2,1,5,0,2,6,0,0,0,0,0,0,0,0,0,0,0,0,0,0,0,0,0,0,
Intentional,2,0,2,0,0,0,2,0,0,0,0,0,0,0,0,0,0,0,0,0,0,0,0,0,0,
interface,1,1,0,0,0,1,0,0,0,0,0,0,0,0,0,0,0,0,0,0,0,0,0,0,0,
Intermediate,18,0,17,1,0,0,9,8,0,1,0,0,0,0,0,0,0,0,0,0,0,0,0,0,0,
internal,47,29,0,18,0,29,4,7,7,0,0,0,0,0,0,0,0,0,0,0,0,0,0,0,0,
Interrupted,2,0,0,2,0,0,2,0,0,0,0,0,0,0,0,0,0,0,0,0,0,0,0,0,0,
Interval,8,0,0,8,0,0,0,2,6,0,0,0,0,0,0,0,0,0,0,0,0,0,0,0,0,
Into,60,0,50,10,0,0,7,30,4,13,3,2,1,0,0,0,0,0,0,0,0,0,0,0,0,
invoke,9,9,0,0,0,9,0,0,0,0,0,0,0,0,0,0,0,0,0,0,0,0,0,0,0,
IO,1,0,0,1,0,0,1,0,0,0,0,0,0,0,0,0,0,0,0,0,0,0,0,0,0,
Is,248,236,12,0,0,236,4,1,6,1,0,0,0,0,0,0,0,0,0,0,0,0,0,0,0,
Iso,1,0,1,0,0,0,0,1,0,0,0,0,0,0,0,0,0,0,0,0,0,0,0,0,0,
Iter,1,1,0,0,1,1,0,0,0,0,0,0,0,0,0,0,0,0,0,0,0,0,0,0,0,
Iterable,6,1,2,3,1,1,2,3,0,0,0,0,0,0,0,0,0,0,0,0,0,0,0,0,0,
Iterate,3,3,0,0,1,3,0,0,0,0,0,0,0,0,0,0,0,0,0,0,0,0,0,0,0,
Iterator,94,10,8,76,10,10,30,19,24,10,1,0,0,0,0,0,0,0,0,0,0,0,0,0,0,
Iterator2,1,0,0,1,0,0,0,0,1,0,0,0,0,0,0,0,0,0,0,0,0,0,0,0,0,
iterators,1,1,0,0,1,1,0,0,0,0,0,0,0,0,0,0,0,0,0,0,0,0,0,0,0,
Jar,10,0,8,2,0,0,2,8,0,0,0,0,0,0,0,0,0,0,0,0,0,0,0,0,0,
Job,44,0,26,18,0,0,31,3,8,2,0,0,0,0,0,0,0,0,0,0,0,0,0,0,0,
Job2,1,0,0,1,0,0,0,1,0,0,0,0,0,0,0,0,0,0,0,0,0,0,0,0,0,
Job3,1,0,0,1,0,0,0,1,0,0,0,0,0,0,0,0,0,0,0,0,0,0,0,0,0,
Job4,1,0,0,1,0,0,0,1,0,0,0,0,0,0,0,0,0,0,0,0,0,0,0,0,0,
Job5,1,0,0,1,0,0,0,1,0,0,0,0,0,0,0,0,0,0,0,0,0,0,0,0,0,
Jobs,15,0,13,2,0,0,6,8,1,0,0,0,0,0,0,0,0,0,0,0,0,0,0,0,0,
Join,214,15,165,34,2,15,57,51,31,20,12,21,4,3,0,0,0,0,0,0,0,0,0,0,0,
Joined,4,0,4,0,0,0,2,2,0,0,0,0,0,0,0,0,0,0,0,0,0,0,0,0,0,
Joiner,8,1,4,3,0,1,7,0,0,0,0,0,0,0,0,0,0,0,0,0,0,0,0,0,0,
Joins,18,0,7,11,0,0,14,1,1,1,1,0,0,0,0,0,0,0,0,0,0,0,0,0,0,
Json,19,15,4,0,0,15,3,1,0,0,0,0,0,0,0,0,0,0,0,0,0,0,0,0,0,
K1,1,0,0,1,0,0,1,0,0,0,0,0,0,0,0,0,0,0,0,0,0,0,0,0,0,
Keep,8,2,0,6,0,2,3,1,2,0,0,0,0,0,0,0,0,0,0,0,0,0,0,0,0,
Key,54,11,32,11,0,11,27,6,1,0,8,1,0,0,0,0,0,0,0,0,0,0,0,0,0,
Keys,11,0,2,9,0,0,2,8,0,1,0,0,0,0,0,0,0,0,0,0,0,0,0,0,0,
Killed,1,0,1,0,0,0,1,0,0,0,0,0,0,0,0,0,0,0,0,0,0,0,0,0,0,
Kind,6,0,0,6,0,0,5,1,0,0,0,0,0,0,0,0,0,0,0,0,0,0,0,0,0,
Last,19,1,16,2,1,1,18,0,0,0,0,0,0,0,0,0,0,0,0,0,0,0,0,0,0,
Latch,2,0,0,2,0,0,0,2,0,0,0,0,0,0,0,0,0,0,0,0,0,0,0,0,0,
Lazy,5,3,1,1,0,3,0,2,0,0,0,0,0,0,0,0,0,0,0,0,0,0,0,0,0,
Leave,2,1,0,1,1,1,1,0,0,0,0,0,0,0,0,0,0,0,0,0,0,0,0,0,0,
Leaves,1,0,0,1,0,0,1,0,0,0,0,0,0,0,0,0,0,0,0,0,0,0,0,0,0,
Left,3,1,2,0,0,1,0,0,0,1,1,0,0,0,0,0,0,0,0,0,0,0,0,0,0,
Legacy,2,0,2,0,0,0,0,0,0,1,1,0,0,0,0,0,0,0,0,0,0,0,0,0,0,
Len,1,0,0,1,0,0,1,0,0,0,0,0,0,0,0,0,0,0,0,0,0,0,0,0,0,
Length,5,0,0,5,0,0,3,2,0,0,0,0,0,0,0,0,0,0,0,0,0,0,0,0,0,
Less,4,0,4,0,0,0,0,3,1,0,0,0,0,0,0,0,0,0,0,0,0,0,0,0,0,
Level,33,0,8,25,0,0,9,23,1,0,0,0,0,0,0,0,0,0,0,0,0,0,0,0,0,
Levels,3,0,0,3,0,0,0,2,0,1,0,0,0,0,0,0,0,0,0,0,0,0,0,0,0,
Lfs,2,1,0,1,1,1,1,0,0,0,0,0,0,0,0,0,0,0,0,0,0,0,0,0,0,
Lhs,6,0,1,5,0,0,3,0,0,0,2,1,0,0,0,0,0,0,0,0,0,0,0,0,0,
Library,2,0,2,0,0,0,2,0,0,0,0,0,0,0,0,0,0,0,0,0,0,0,0,0,0,
Limit,5,1,1,3,1,1,3,1,0,0,0,0,0,0,0,0,0,0,0,0,0,0,0,0,0,
Line,17,0,4,13,0,0,6,7,2,2,0,0,0,0,0,0,0,0,0,0,0,0,0,0,0,
Lines,1,0,0,1,0,0,1,0,0,0,0,0,0,0,0,0,0,0,0,0,0,0,0,0,0,
List,32,2,13,17,0,2,17,8,5,0,0,0,0,0,0,0,0,0,0,0,0,0,0,0,0,
Listener,30,0,8,22,0,0,12,13,1,3,0,1,0,0,0,0,0,0,0,0,0,0,0,0,0,
Listeners,14,0,0,14,0,0,13,1,0,0,0,0,0,0,0,0,0,0,0,0,0,0,0,0,0,
Lists,1,0,0,1,0,0,1,0,0,0,0,0,0,0,0,0,0,0,0,0,0,0,0,0,0,
Literal,2,0,2,0,0,0,2,0,0,0,0,0,0,0,0,0,0,0,0,0,0,0,0,0,0,
load,13,10,3,0,0,10,0,3,0,0,0,0,0,0,0,0,0,0,0,0,0,0,0,0,0,
Loader,5,0,0,5,0,0,2,1,1,1,0,0,0,0,0,0,0,0,0,0,0,0,0,0,0,
Local,47,14,20,13,0,14,18,14,1,0,0,0,0,0,0,0,0,0,0,0,0,0,0,0,0,
Locale,2,0,0,2,0,0,2,0,0,0,0,0,0,0,0,0,0,0,0,0,0,0,0,0,0,
Locations,1,0,0,1,0,0,1,0,0,0,0,0,0,0,0,0,0,0,0,0,0,0,0,0,0,
Log,27,23,4,0,0,23,3,1,0,0,0,0,0,0,0,0,0,0,0,0,0,0,0,0,0,
Log4j,2,0,1,1,0,0,2,0,0,0,0,0,0,0,0,0,0,0,0,0,0,0,0,0,0,
Logger,8,0,0,8,0,0,3,5,0,0,0,0,0,0,0,0,0,0,0,0,0,0,0,0,0,
Logging,6,0,0,6,0,0,3,3,0,0,0,0,0,0,0,0,0,0,0,0,0,0,0,0,0,
Logic,5,1,4,0,1,1,1,3,0,0,0,0,0,0,0,0,0,0,0,0,0,0,0,0,0,
Logical,7,4,3,0,0,4,3,0,0,0,0,0,0,0,0,0,0,0,0,0,0,0,0,0,0,
Lone,5,3,2,0,0,3,2,0,0,0,0,0,0,0,0,0,0,0,0,0,0,0,0,0,0,
Long,19,3,5,11,0,3,11,3,2,0,0,0,0,0,0,0,0,0,0,0,0,0,0,0,0,
M,1,0,1,0,0,0,0,1,0,0,0,0,0,0,0,0,0,0,0,0,0,0,0,0,0,
Main,2,0,2,0,0,0,2,0,0,0,0,0,0,0,0,0,0,0,0,0,0,0,0,0,0,
Major,2,0,1,1,0,0,1,1,0,0,0,0,0,0,0,0,0,0,0,0,0,0,0,0,0,
make,57,57,0,0,0,57,0,0,0,0,0,0,0,0,0,0,0,0,0,0,0,0,0,0,0,
Malformed,4,1,3,0,0,1,3,0,0,0,0,0,0,0,0,0,0,0,0,0,0,0,0,0,0,
Many,2,0,2,0,0,0,2,0,0,0,0,0,0,0,0,0,0,0,0,0,0,0,0,0,0,
Map,111,8,35,68,3,8,34,42,19,5,3,0,0,0,0,0,0,0,0,0,0,0,0,0,0,
Mapped,3,0,3,0,0,0,0,3,0,0,0,0,0,0,0,0,0,0,0,0,0,0,0,0,0,
Mapper,2,0,0,2,0,0,1,0,0,0,1,0,0,0,0,0,0,0,0,0,0,0,0,0,0,
Mappers,4,0,0,4,0,0,0,3,1,0,0,0,0,0,0,0,0,0,0,0,0,0,0,0,0,
Mapping,5,0,0,5,0,0,1,3,1,0,0,0,0,0,0,0,0,0,0,0,0,0,0,0,0,
Maps,1,0,0,1,0,0,0,1,0,0,0,0,0,0,0,0,0,0,0,0,0,0,0,0,0,
Mark,27,26,1,0,0,26,0,0,1,0,0,0,0,0,0,0,0,0,0,0,0,0,0,0,0,
Marker,1,0,0,1,0,0,0,1,0,0,0,0,0,0,0,0,0,0,0,0,0,0,0,0,0,
Mask,6,2,2,2,1,2,4,0,0,0,0,0,0,0,0,0,0,0,0,0,0,0,0,0,0,
Masked,3,0,3,0,0,0,2,1,0,0,0,0,0,0,0,0,0,0,0,0,0,0,0,0,0,
Match,20,6,6,8,2,6,6,7,1,0,0,0,0,0,0,0,0,0,0,0,0,0,0,0,0,
Matched,5,0,3,2,0,0,4,0,1,0,0,0,0,0,0,0,0,0,0,0,0,0,0,0,0,
Matcher,4,0,1,3,0,0,2,2,0,0,0,0,0,0,0,0,0,0,0,0,0,0,0,0,0,
Matches,9,0,4,5,0,0,6,3,0,0,0,0,0,0,0,0,0,0,0,0,0,0,0,0,0,
Matching,9,0,1,8,0,0,1,0,7,1,0,0,0,0,0,0,0,0,0,0,0,0,0,0,0,
Max,27,4,23,0,1,4,21,0,2,0,0,0,0,0,0,0,0,0,0,0,0,0,0,0,0,
MD5,3,0,3,0,0,0,3,0,0,0,0,0,0,0,0,0,0,0,0,0,0,0,0,0,0,
Measured,2,2,0,0,0,2,0,0,0,0,0,0,0,0,0,0,0,0,0,0,0,0,0,0,0,
Memory,6,4,1,1,0,4,2,0,0,0,0,0,0,0,0,0,0,0,0,0,0,0,0,0,0,
Merge,110,12,69,29,4,12,24,25,29,8,4,0,2,2,4,0,0,0,0,0,0,0,0,0,0,
Merge2,1,0,0,1,0,0,1,0,0,0,0,0,0,0,0,0,0,0,0,0,0,0,0,0,0,
Merged,4,0,2,2,0,0,0,0,0,4,0,0,0,0,0,0,0,0,0,0,0,0,0,0,0,
Merges,1,0,1,0,0,0,0,0,1,0,0,0,0,0,0,0,0,0,0,0,0,0,0,0,0,
Message,15,1,0,14,1,1,10,2,2,0,0,0,0,0,0,0,0,0,0,0,0,0,0,0,0,
Messages,1,0,0,1,0,0,0,1,0,0,0,0,0,0,0,0,0,0,0,0,0,0,0,0,0,
Meta,5,0,5,0,0,0,2,3,0,0,0,0,0,0,0,0,0,0,0,0,0,0,0,0,0,
Method,4,0,1,3,0,0,0,4,0,0,0,0,0,0,0,0,0,0,0,0,0,0,0,0,0,
Metric,2,0,0,2,0,0,2,0,0,0,0,0,0,0,0,0,0,0,0,0,0,0,0,0,0,
Metrics,2,0,2,0,0,0,2,0,0,0,0,0,0,0,0,0,0,0,0,0,0,0,0,0,0,
Middle,4,0,3,1,0,0,1,0,3,0,0,0,0,0,0,0,0,0,0,0,0,0,0,0,0,
Milli,3,0,3,0,0,0,0,0,0,3,0,0,0,0,0,0,0,0,0,0,0,0,0,0,0,
Millis,1,0,0,1,0,0,0,0,1,0,0,0,0,0,0,0,0,0,0,0,0,0,0,0,0,
Min,9,4,5,0,1,4,5,0,0,0,0,0,0,0,0,0,0,0,0,0,0,0,0,0,0,
Minor,2,0,1,1,0,0,0,2,0,0,0,0,0,0,0,0,0,0,0,0,0,0,0,0,0,
Missing,6,2,3,1,0,2,1,2,1,0,0,0,0,0,0,0,0,0,0,0,0,0,0,0,0,
mix,2,2,0,0,0,2,0,0,0,0,0,0,0,0,0,0,0,0,0,0,0,0,0,0,0,
Mixed,11,1,6,4,0,1,0,8,1,0,1,0,0,0,0,0,0,0,0,0,0,0,0,0,0,
Mixed2,1,0,0,1,0,0,0,1,0,0,0,0,0,0,0,0,0,0,0,0,0,0,0,0,0,
Mixed3,1,0,0,1,0,0,0,1,0,0,0,0,0,0,0,0,0,0,0,0,0,0,0,0,0,
Mixed4,1,0,0,1,0,0,0,1,0,0,0,0,0,0,0,0,0,0,0,0,0,0,0,0,0,
mkdirs,1,1,0,0,1,1,0,0,0,0,0,0,0,0,0,0,0,0,0,0,0,0,0,0,0,
Mocked,1,1,0,0,0,1,0,0,0,0,0,0,0,0,0,0,0,0,0,0,0,0,0,0,0,
Mode,21,0,6,15,0,0,4,12,2,1,2,0,0,0,0,0,0,0,0,0,0,0,0,0,0,
Modifiable,2,0,0,2,0,0,2,0,0,0,0,0,0,0,0,0,0,0,0,0,0,0,0,0,0,
Modified,20,0,15,5,0,0,13,4,0,2,1,0,0,0,0,0,0,0,0,0,0,0,0,0,0,
More,4,0,4,0,0,0,0,3,1,0,0,0,0,0,0,0,0,0,0,0,0,0,0,0,0,
Most,9,0,7,2,0,0,0,0,0,2,6,1,0,0,0,0,0,0,0,0,0,0,0,0,0,
move,1,1,0,0,0,1,0,0,0,0,0,0,0,0,0,0,0,0,0,0,0,0,0,0,0,
Movement,1,0,1,0,0,0,1,0,0,0,0,0,0,0,0,0,0,0,0,0,0,0,0,0,0,
MR,1,0,1,0,0,0,1,0,0,0,0,0,0,0,0,0,0,0,0,0,0,0,0,0,0,
MR1,2,0,2,0,0,0,2,0,0,0,0,0,0,0,0,0,0,0,0,0,0,0,0,0,0,
Mulit,1,1,0,0,0,1,0,0,0,0,0,0,0,0,0,0,0,0,0,0,0,0,0,0,0,
Multi,32,9,23,0,0,9,14,6,3,0,0,0,0,0,0,0,0,0,0,0,0,0,0,0,0,
Multiple,5,0,4,1,0,0,4,1,0,0,0,0,0,0,0,0,0,0,0,0,0,0,0,0,0,
Mutate,1,1,0,0,0,1,0,0,0,0,0,0,0,0,0,0,0,0,0,0,0,0,0,0,0,
Mutation,1,0,0,1,0,0,1,0,0,0,0,0,0,0,0,0,0,0,0,0,0,0,0,0,0,
N,10,0,7,3,0,0,1,9,0,0,0,0,0,0,0,0,0,0,0,0,0,0,0,0,0,
Name,105,0,8,97,0,0,28,45,12,10,9,1,0,0,0,0,0,0,0,0,0,0,0,0,0,
Named,9,1,1,7,1,1,0,3,5,0,0,0,0,0,0,0,0,0,0,0,0,0,0,0,0,
Named2,2,0,0,2,0,0,0,1,1,0,0,0,0,0,0,0,0,0,0,0,0,0,0,0,0,
Names,40,2,6,32,2,2,3,28,7,0,0,0,0,0,0,0,0,0,0,0,0,0,0,0,0,
Narrow,12,4,3,5,0,4,3,5,0,0,0,0,0,0,0,0,0,0,0,0,0,0,0,0,0,
needs,1,1,0,0,0,1,0,0,0,0,0,0,0,0,0,0,0,0,0,0,0,0,0,0,0,
Neg,1,0,0,1,0,0,0,0,1,0,0,0,0,0,0,0,0,0,0,0,0,0,0,0,0,
Neg2,1,0,0,1,0,0,0,0,1,0,0,0,0,0,0,0,0,0,0,0,0,0,0,0,0,
Neg3,1,0,0,1,0,0,0,0,1,0,0,0,0,0,0,0,0,0,0,0,0,0,0,0,0,
Neg4,1,0,0,1,0,0,0,0,1,0,0,0,0,0,0,0,0,0,0,0,0,0,0,0,0,
Neg5,1,0,0,1,0,0,0,0,1,0,0,0,0,0,0,0,0,0,0,0,0,0,0,0,0,
Negate,7,0,1,6,0,0,1,0,0,2,4,0,0,0,0,0,0,0,0,0,0,0,0,0,0,
Negative,2,0,0,2,0,0,0,1,1,0,0,0,0,0,0,0,0,0,0,0,0,0,0,0,0,
Nested,19,11,7,1,0,11,7,1,0,0,0,0,0,0,0,0,0,0,0,0,0,0,0,0,0,
New,22,14,7,1,0,14,7,1,0,0,0,0,0,0,0,0,0,0,0,0,0,0,0,0,0,
Newer,2,0,0,2,0,0,0,2,0,0,0,0,0,0,0,0,0,0,0,0,0,0,0,0,0,
Next,76,30,12,34,29,30,40,4,2,0,0,0,0,0,0,0,0,0,0,0,0,0,0,0,0,
No,37,16,21,0,0,16,11,2,0,2,1,2,1,2,0,0,0,0,0,0,0,0,0,0,0,
Node,72,4,58,10,1,4,23,31,8,5,1,0,0,0,0,0,0,0,0,0,0,0,0,0,0,
Nodes,5,0,2,3,0,0,2,2,1,0,0,0,0,0,0,0,0,0,0,0,0,0,0,0,0,
Non,38,8,30,0,0,8,19,5,6,0,0,0,0,0,0,0,0,0,0,0,0,0,0,0,0,
None,10,0,3,7,0,0,4,4,0,2,0,0,0,0,0,0,0,0,0,0,0,0,0,0,0,
normalize,3,3,0,0,1,3,0,0,0,0,0,0,0,0,0,0,0,0,0,0,0,0,0,0,0,
Not,19,3,15,1,2,3,8,2,6,0,0,0,0,0,0,0,0,0,0,0,0,0,0,0,0,
notify,10,10,0,0,0,10,0,0,0,0,0,0,0,0,0,0,0,0,0,0,0,0,0,0,0,
Null,41,3,16,22,0,3,16,7,10,3,2,0,0,0,0,0,0,0,0,0,0,0,0,0,0,
Nulled,3,2,1,0,0,2,1,0,0,0,0,0,0,0,0,0,0,0,0,0,0,0,0,0,0,
Nulls,5,0,2,3,0,0,3,1,1,0,0,0,0,0,0,0,0,0,0,0,0,0,0,0,0,
Num,59,7,46,6,0,7,39,7,6,0,0,0,0,0,0,0,0,0,0,0,0,0,0,0,0,
Number,2,0,0,2,0,0,0,0,0,2,0,0,0,0,0,0,0,0,0,0,0,0,0,0,0,
Numbers,2,0,0,2,0,0,0,2,0,0,0,0,0,0,0,0,0,0,0,0,0,0,0,0,0,
Object,19,3,8,8,0,3,11,4,1,0,0,0,0,0,0,0,0,0,0,0,0,0,0,0,0,
Of,27,0,3,24,0,0,8,18,1,0,0,0,0,0,0,0,0,0,0,0,0,0,0,0,0,
offset,1,1,0,0,0,1,0,0,0,0,0,0,0,0,0,0,0,0,0,0,0,0,0,0,0,
Old,1,1,0,0,0,1,0,0,0,0,0,0,0,0,0,0,0,0,0,0,0,0,0,0,0,
On,89,38,49,2,0,38,20,16,12,1,0,2,0,0,0,0,0,0,0,0,0,0,0,0,0,
One,5,0,5,0,0,0,5,0,0,0,0,0,0,0,0,0,0,0,0,0,0,0,0,0,0,
Only,9,2,5,2,0,2,6,0,1,0,0,0,0,0,0,0,0,0,0,0,0,0,0,0,0,
Only2,1,0,0,1,0,0,0,0,1,0,0,0,0,0,0,0,0,0,0,0,0,0,0,0,0,
Only3,1,0,0,1,0,0,0,0,1,0,0,0,0,0,0,0,0,0,0,0,0,0,0,0,0,
Only4,1,0,0,1,0,0,0,0,1,0,0,0,0,0,0,0,0,0,0,0,0,0,0,0,0,
OOME,2,0,2,0,0,0,2,0,0,0,0,0,0,0,0,0,0,0,0,0,0,0,0,0,0,
Op,8,0,7,1,0,0,6,2,0,0,0,0,0,0,0,0,0,0,0,0,0,0,0,0,0,
Opaque,1,0,1,0,0,0,1,0,0,0,0,0,0,0,0,0,0,0,0,0,0,0,0,0,0,
open,67,63,4,0,7,63,4,0,0,0,0,0,0,0,0,0,0,0,0,0,0,0,0,0,0,
operate,38,38,0,0,38,38,0,0,0,0,0,0,0,0,0,0,0,0,0,0,0,0,0,0,0,
Operation,40,2,20,18,0,2,16,20,2,0,0,0,0,0,0,0,0,0,0,0,0,0,0,0,0,
Operations,3,0,1,2,0,0,0,1,0,0,2,0,0,0,0,0,0,0,0,0,0,0,0,0,0,
Operations2,1,0,0,1,0,0,0,0,0,0,1,0,0,0,0,0,0,0,0,0,0,0,0,0,0,
Operator,5,3,0,2,1,3,2,0,0,0,0,0,0,0,0,0,0,0,0,0,0,0,0,0,0,
Optimizations,1,0,1,0,0,0,1,0,0,0,0,0,0,0,0,0,0,0,0,0,0,0,0,0,0,
Optimized,2,0,0,2,0,0,0,0,0,0,0,2,0,0,0,0,0,0,0,0,0,0,0,0,0,
Or,17,3,12,2,2,3,9,3,2,0,0,0,0,0,0,0,0,0,0,0,0,0,0,0,0,
Order,6,0,3,3,0,0,3,2,1,0,0,0,0,0,0,0,0,0,0,0,0,0,0,0,0,
Ordered,7,1,4,2,0,1,4,2,0,0,0,0,0,0,0,0,0,0,0,0,0,0,0,0,0,
Ordinal,18,4,1,13,1,4,12,2,0,0,0,0,0,0,0,0,0,0,0,0,0,0,0,0,0,
Ordinals,6,0,0,6,0,0,4,0,2,0,0,0,0,0,0,0,0,0,0,0,0,0,0,0,0,
Original,5,0,0,5,0,0,4,1,0,0,0,0,0,0,0,0,0,0,0,0,0,0,0,0,0,
Out,13,3,9,1,0,3,7,3,0,0,0,0,0,0,0,0,0,0,0,0,0,0,0,0,0,
Outer,14,1,5,8,0,1,4,2,5,2,0,0,0,0,0,0,0,0,0,0,0,0,0,0,0,
Outgoing,26,11,14,1,0,11,15,0,0,0,0,0,0,0,0,0,0,0,0,0,0,0,0,0,0,
Output,59,1,42,16,0,1,46,11,1,0,0,0,0,0,0,0,0,0,0,0,0,0,0,0,0,
Outputs,2,0,0,2,0,0,0,2,0,0,0,0,0,0,0,0,0,0,0,0,0,0,0,0,0,
Over,1,0,1,0,0,0,0,0,0,1,0,0,0,0,0,0,0,0,0,0,0,0,0,0,0,
Override,2,1,0,1,0,1,1,0,0,0,0,0,0,0,0,0,0,0,0,0,0,0,0,0,0,
pack,2,2,0,0,2,2,0,0,0,0,0,0,0,0,0,0,0,0,0,0,0,0,0,0,0,
Pair,13,2,5,6,2,2,6,5,0,0,0,0,0,0,0,0,0,0,0,0,0,0,0,0,0,
Pairs,2,0,0,2,0,0,2,0,0,0,0,0,0,0,0,0,0,0,0,0,0,0,0,0,0,
Parallel,13,2,11,0,0,2,6,0,5,0,0,0,0,0,0,0,0,0,0,0,0,0,0,0,0,
Parallelism,1,0,0,1,0,0,1,0,0,0,0,0,0,0,0,0,0,0,0,0,0,0,0,0,0,
Param,2,0,2,0,0,0,1,1,0,0,0,0,0,0,0,0,0,0,0,0,0,0,0,0,0,
Parameter,9,0,9,0,0,0,9,0,0,0,0,0,0,0,0,0,0,0,0,0,0,0,0,0,0,
Params,1,0,1,0,0,0,1,0,0,0,0,0,0,0,0,0,0,0,0,0,0,0,0,0,0,
Parent,13,1,6,6,1,1,12,0,0,0,0,0,0,0,0,0,0,0,0,0,0,0,0,0,0,
Parse,15,11,3,1,4,11,3,1,0,0,0,0,0,0,0,0,0,0,0,0,0,0,0,0,0,
Parsed,2,0,2,0,0,0,2,0,0,0,0,0,0,0,0,0,0,0,0,0,0,0,0,0,0,
Parser,14,0,10,4,0,0,13,0,1,0,0,0,0,0,0,0,0,0,0,0,0,0,0,0,0,
Partial,4,0,4,0,0,0,4,0,0,0,0,0,0,0,0,0,0,0,0,0,0,0,0,0,0,
Partials,6,0,0,6,0,0,6,0,0,0,0,0,0,0,0,0,0,0,0,0,0,0,0,0,0,
Partition,63,12,40,11,3,12,26,17,4,2,1,1,0,0,0,0,0,0,0,0,0,0,0,0,0,
Partitioned,2,0,1,1,0,0,2,0,0,0,0,0,0,0,0,0,0,0,0,0,0,0,0,0,0,
Partitioner,32,0,1,31,0,0,1,6,10,6,7,2,0,0,0,0,0,0,0,0,0,0,0,0,0,
Partitioning,2,0,0,2,0,0,0,2,0,0,0,0,0,0,0,0,0,0,0,0,0,0,0,0,0,
Partitions,6,1,0,5,1,1,0,2,3,0,0,0,0,0,0,0,0,0,0,0,0,0,0,0,0,
Parts,4,0,0,4,0,0,0,0,4,0,0,0,0,0,0,0,0,0,0,0,0,0,0,0,0,
Pass,27,1,20,6,0,1,3,8,15,0,0,0,0,0,0,0,0,0,0,0,0,0,0,0,0,
Pass2,1,0,0,1,0,0,0,0,1,0,0,0,0,0,0,0,0,0,0,0,0,0,0,0,0,
Pass3,1,0,0,1,0,0,0,0,1,0,0,0,0,0,0,0,0,0,0,0,0,0,0,0,0,
Path,70,2,17,51,1,2,11,30,22,4,1,0,0,0,0,0,0,0,0,0,0,0,0,0,0,
Paths,11,0,1,10,0,0,2,5,3,0,1,0,0,0,0,0,0,0,0,0,0,0,0,0,0,
Pattern,9,0,5,4,0,0,6,3,0,0,0,0,0,0,0,0,0,0,0,0,0,0,0,0,0,
Payload,4,0,2,2,0,0,2,2,0,0,0,0,0,0,0,0,0,0,0,0,0,0,0,0,0,
PDF,1,0,0,1,0,0,1,0,0,0,0,0,0,0,0,0,0,0,0,0,0,0,0,0,0,
Pearson,3,2,1,0,1,2,1,0,0,0,0,0,0,0,0,0,0,0,0,0,0,0,0,0,0,
Pending,5,0,3,2,0,0,4,1,0,0,0,0,0,0,0,0,0,0,0,0,0,0,0,0,0,
Perform,17,15,2,0,0,15,2,0,0,0,0,0,0,0,0,0,0,0,0,0,0,0,0,0,0,
Permission,1,0,0,1,0,0,1,0,0,0,0,0,0,0,0,0,0,0,0,0,0,0,0,0,0,
Permitted,2,0,2,0,0,0,2,0,0,0,0,0,0,0,0,0,0,0,0,0,0,0,0,0,0,
Permutation,2,1,0,1,0,1,0,1,0,0,0,0,0,0,0,0,0,0,0,0,0,0,0,0,0,
Phase,10,0,3,7,0,0,6,4,0,0,0,0,0,0,0,0,0,0,0,0,0,0,0,0,0,
Phases,1,0,0,1,0,0,1,0,0,0,0,0,0,0,0,0,0,0,0,0,0,0,0,0,0,
Pipe,49,3,36,10,1,3,22,10,5,5,3,1,0,0,0,0,0,0,0,0,0,0,0,0,0,
Pipe2,2,0,0,2,0,0,0,0,1,1,0,0,0,0,0,0,0,0,0,0,0,0,0,0,0,
Pipe3,2,0,0,2,0,0,0,0,1,1,0,0,0,0,0,0,0,0,0,0,0,0,0,0,0,
Pipeline,16,0,15,1,0,0,4,1,5,4,2,0,0,0,0,0,0,0,0,0,0,0,0,0,0,
Pipelines,1,0,0,1,0,0,1,0,0,0,0,0,0,0,0,0,0,0,0,0,0,0,0,0,0,
Pipes,13,1,9,3,1,1,8,2,2,0,0,0,0,0,0,0,0,0,0,0,0,0,0,0,0,
Place,8,0,8,0,0,0,0,0,8,0,0,0,0,0,0,0,0,0,0,0,0,0,0,0,0,
Plan,20,2,13,5,0,2,11,5,2,0,0,0,0,0,0,0,0,0,0,0,0,0,0,0,0,
Planner,37,6,25,6,0,6,26,5,0,0,0,0,0,0,0,0,0,0,0,0,0,0,0,0,0,
Planners,2,0,0,2,0,0,0,2,0,0,0,0,0,0,0,0,0,0,0,0,0,0,0,0,0,
Planning,1,0,0,1,0,0,0,0,1,0,0,0,0,0,0,0,0,0,0,0,0,0,0,0,0,
Platform,64,3,53,8,0,3,25,22,9,4,1,0,0,0,0,0,0,0,0,0,0,0,0,0,0,
Pointer,6,0,5,1,0,0,2,4,0,0,0,0,0,0,0,0,0,0,0,0,0,0,0,0,0,
Points,1,0,0,1,0,0,0,0,0,1,0,0,0,0,0,0,0,0,0,0,0,0,0,0,0,
poll,1,1,0,0,0,1,0,0,0,0,0,0,0,0,0,0,0,0,0,0,0,0,0,0,0,
Polling,6,0,6,0,0,0,0,6,0,0,0,0,0,0,0,0,0,0,0,0,0,0,0,0,0,
populate,1,1,0,0,1,1,0,0,0,0,0,0,0,0,0,0,0,0,0,0,0,0,0,0,0,
Pos,18,4,1,13,0,4,9,4,1,0,0,0,0,0,0,0,0,0,0,0,0,0,0,0,0,
Pos2,1,0,0,1,0,0,0,1,0,0,0,0,0,0,0,0,0,0,0,0,0,0,0,0,0,
Position,1,0,0,1,0,0,1,0,0,0,0,0,0,0,0,0,0,0,0,0,0,0,0,0,0,
Post,3,0,3,0,0,0,1,1,0,0,1,0,0,0,0,0,0,0,0,0,0,0,0,0,0,
Postfix,1,0,0,1,0,0,1,0,0,0,0,0,0,0,0,0,0,0,0,0,0,0,0,0,0,
Pre,1,0,1,0,0,0,0,1,0,0,0,0,0,0,0,0,0,0,0,0,0,0,0,0,0,
Predecessor,4,3,1,0,0,3,1,0,0,0,0,0,0,0,0,0,0,0,0,0,0,0,0,0,0,
Predecessors,3,0,0,3,0,0,2,1,0,0,0,0,0,0,0,0,0,0,0,0,0,0,0,0,0,
Predicate,14,0,8,6,0,0,0,0,8,6,0,0,0,0,0,0,0,0,0,0,0,0,0,0,0,
Prefix,12,1,2,9,1,1,4,4,3,0,0,0,0,0,0,0,0,0,0,0,0,0,0,0,0,
Prepare,107,78,8,21,58,78,27,2,0,0,0,0,0,0,0,0,0,0,0,0,0,0,0,0,0,
present,16,16,0,0,0,16,0,0,0,0,0,0,0,0,0,0,0,0,0,0,0,0,0,0,0,
Preserve,6,0,6,0,0,0,6,0,0,0,0,0,0,0,0,0,0,0,0,0,0,0,0,0,0,
Prevent,2,1,1,0,0,1,1,0,0,0,0,0,0,0,0,0,0,0,0,0,0,0,0,0,0,
Previous,11,1,4,6,0,1,9,1,0,0,0,0,0,0,0,0,0,0,0,0,0,0,0,0,0,
Primary,3,0,0,3,0,0,0,0,1,2,0,0,0,0,0,0,0,0,0,0,0,0,0,0,0,
Primitive,2,0,0,2,0,0,0,2,0,0,0,0,0,0,0,0,0,0,0,0,0,0,0,0,0,
Print,32,27,5,0,9,27,5,0,0,0,0,0,0,0,0,0,0,0,0,0,0,0,0,0,0,
Prior,4,0,4,0,0,0,2,0,2,0,0,0,0,0,0,0,0,0,0,0,0,0,0,0,0,
Priority,10,5,0,5,5,5,0,5,0,0,0,0,0,0,0,0,0,0,0,0,0,0,0,0,0,
Priors,1,0,0,1,0,0,0,1,0,0,0,0,0,0,0,0,0,0,0,0,0,0,0,0,0,
Private,4,0,3,1,0,0,0,4,0,0,0,0,0,0,0,0,0,0,0,0,0,0,0,0,0,
Process,96,6,63,27,0,6,56,30,4,0,0,0,0,0,0,0,0,0,0,0,0,0,0,0,0,
Processes,4,0,0,4,0,0,0,2,2,0,0,0,0,0,0,0,0,0,0,0,0,0,0,0,0,
Processor,1,0,0,1,0,0,1,0,0,0,0,0,0,0,0,0,0,0,0,0,0,0,0,0,0,
Profiling,1,0,0,1,0,0,0,1,0,0,0,0,0,0,0,0,0,0,0,0,0,0,0,0,0,
Progress,8,0,0,8,0,0,4,4,0,0,0,0,0,0,0,0,0,0,0,0,0,0,0,0,0,
project,1,1,0,0,1,1,0,0,0,0,0,0,0,0,0,0,0,0,0,0,0,0,0,0,0,
Properties,55,0,15,40,0,0,29,15,11,0,0,0,0,0,0,0,0,0,0,0,0,0,0,0,0,
Property,40,0,7,33,0,0,26,14,0,0,0,0,0,0,0,0,0,0,0,0,0,0,0,0,0,
Props,16,0,0,16,0,0,9,6,0,1,0,0,0,0,0,0,0,0,0,0,0,0,0,0,0,
Protected,5,0,4,1,0,0,1,4,0,0,0,0,0,0,0,0,0,0,0,0,0,0,0,0,0,
Provided,1,0,1,0,0,0,0,1,0,0,0,0,0,0,0,0,0,0,0,0,0,0,0,0,0,
Provider,3,1,0,2,0,1,1,0,0,1,0,0,0,0,0,0,0,0,0,0,0,0,0,0,0,
Public,3,0,2,1,0,0,0,3,0,0,0,0,0,0,0,0,0,0,0,0,0,0,0,0,0,
purge,1,1,0,0,0,1,0,0,0,0,0,0,0,0,0,0,0,0,0,0,0,0,0,0,0,
push,1,1,0,0,1,1,0,0,0,0,0,0,0,0,0,0,0,0,0,0,0,0,0,0,0,
put,11,10,0,1,6,10,1,0,0,0,0,0,0,0,0,0,0,0,0,0,0,0,0,0,0,
Qualify,1,0,1,0,0,0,1,0,0,0,0,0,0,0,0,0,0,0,0,0,0,0,0,0,0,
Query,1,0,0,1,0,0,1,0,0,0,0,0,0,0,0,0,0,0,0,0,0,0,0,0,0,
Quote,6,1,0,5,1,1,3,2,0,0,0,0,0,0,0,0,0,0,0,0,0,0,0,0,0,
Quoted,5,0,5,0,0,0,5,0,0,0,0,0,0,0,0,0,0,0,0,0,0,0,0,0,0,
Race,2,0,1,1,0,0,0,1,1,0,0,0,0,0,0,0,0,0,0,0,0,0,0,0,0,
Raw,14,0,13,1,0,0,5,2,7,0,0,0,0,0,0,0,0,0,0,0,0,0,0,0,0,
Re,9,0,9,0,0,0,6,0,0,3,0,0,0,0,0,0,0,0,0,0,0,0,0,0,0,
Read,59,23,8,28,2,23,3,17,15,1,0,0,0,0,0,0,0,0,0,0,0,0,0,0,0,
Reader,13,0,3,10,0,0,2,9,1,1,0,0,0,0,0,0,0,0,0,0,0,0,0,0,0,
Readers,3,0,1,2,0,0,2,0,1,0,0,0,0,0,0,0,0,0,0,0,0,0,0,0,0,
Ready,1,0,0,1,0,0,0,0,1,0,0,0,0,0,0,0,0,0,0,0,0,0,0,0,0,
Reason,2,0,0,2,0,0,0,2,0,0,0,0,0,0,0,0,0,0,0,0,0,0,0,0,0,
Receive,30,28,2,0,26,28,2,0,0,0,0,0,0,0,0,0,0,0,0,0,0,0,0,0,0,
Record,23,10,13,0,1,10,12,1,0,0,0,0,0,0,0,0,0,0,0,0,0,0,0,0,0,
Recursion,1,0,1,0,0,0,1,0,0,0,0,0,0,0,0,0,0,0,0,0,0,0,0,0,0,
Recursions,2,0,0,2,0,0,1,1,0,0,0,0,0,0,0,0,0,0,0,0,0,0,0,0,0,
Recursive,7,2,5,0,0,2,3,1,1,0,0,0,0,0,0,0,0,0,0,0,0,0,0,0,0,
Reduce,21,3,15,3,3,3,7,11,0,0,0,0,0,0,0,0,0,0,0,0,0,0,0,0,0,
Reducer,2,0,0,2,0,0,1,0,0,0,1,0,0,0,0,0,0,0,0,0,0,0,0,0,0,
Reducers,4,0,0,4,0,0,0,3,1,0,0,0,0,0,0,0,0,0,0,0,0,0,0,0,0,
Reducing,3,0,3,0,0,0,2,1,0,0,0,0,0,0,0,0,0,0,0,0,0,0,0,0,0,
Regex,11,8,3,0,0,8,3,0,0,0,0,0,0,0,0,0,0,0,0,0,0,0,0,0,0,
register,10,10,0,0,0,10,0,0,0,0,0,0,0,0,0,0,0,0,0,0,0,0,0,0,0,
Registry,15,0,9,6,0,0,3,6,3,1,1,1,0,0,0,0,0,0,0,0,0,0,0,0,0,
Regression,1,1,0,0,0,1,0,0,0,0,0,0,0,0,0,0,0,0,0,0,0,0,0,0,0,
Relative,5,0,4,1,0,0,2,2,1,0,0,0,0,0,0,0,0,0,0,0,0,0,0,0,0,
release,7,2,4,1,0,2,5,0,0,0,0,0,0,0,0,0,0,0,0,0,0,0,0,0,0,
Remainder,3,0,3,0,0,0,3,0,0,0,0,0,0,0,0,0,0,0,0,0,0,0,0,0,0,
Remote,10,4,5,1,0,4,5,0,1,0,0,0,0,0,0,0,0,0,0,0,0,0,0,0,0,
Removal,2,0,0,2,0,0,0,0,2,0,0,0,0,0,0,0,0,0,0,0,0,0,0,0,0,
Remove,97,67,5,25,30,67,30,0,0,0,0,0,0,0,0,0,0,0,0,0,0,0,0,0,0,
Remove2,1,0,0,1,0,0,1,0,0,0,0,0,0,0,0,0,0,0,0,0,0,0,0,0,0,
Rename,8,3,3,2,3,3,4,1,0,0,0,0,0,0,0,0,0,0,0,0,0,0,0,0,0,
Rename2,1,0,0,1,0,0,1,0,0,0,0,0,0,0,0,0,0,0,0,0,0,0,0,0,0,
Rename3,1,0,0,1,0,0,1,0,0,0,0,0,0,0,0,0,0,0,0,0,0,0,0,0,0,
Rename4,1,0,0,1,0,0,1,0,0,0,0,0,0,0,0,0,0,0,0,0,0,0,0,0,0,
render,2,2,0,0,0,2,0,0,0,0,0,0,0,0,0,0,0,0,0,0,0,0,0,0,0,
Repeat,1,0,0,1,0,0,0,0,1,0,0,0,0,0,0,0,0,0,0,0,0,0,0,0,0,
Replace,26,5,5,16,0,5,13,4,4,0,0,0,0,0,0,0,0,0,0,0,0,0,0,0,0,
Replacement,1,0,0,1,0,0,1,0,0,0,0,0,0,0,0,0,0,0,0,0,0,0,0,0,0,
Replication,1,0,0,1,0,0,1,0,0,0,0,0,0,0,0,0,0,0,0,0,0,0,0,0,0,
report,4,3,0,1,0,3,0,1,0,0,0,0,0,0,0,0,0,0,0,0,0,0,0,0,0,
Reporter,5,0,0,5,0,0,5,0,0,0,0,0,0,0,0,0,0,0,0,0,0,0,0,0,0,
Reporting,2,0,2,0,0,0,0,0,2,0,0,0,0,0,0,0,0,0,0,0,0,0,0,0,0,
Reports,1,0,0,1,0,0,0,1,0,0,0,0,0,0,0,0,0,0,0,0,0,0,0,0,0,
Require,2,0,2,0,0,0,2,0,0,0,0,0,0,0,0,0,0,0,0,0,0,0,0,0,0,
Required,3,0,1,2,0,0,2,1,0,0,0,0,0,0,0,0,0,0,0,0,0,0,0,0,0,
requires,3,3,0,0,0,3,0,0,0,0,0,0,0,0,0,0,0,0,0,0,0,0,0,0,0,
reset,31,31,0,0,28,31,0,0,0,0,0,0,0,0,0,0,0,0,0,0,0,0,0,0,0,
Resettable,2,0,2,0,0,0,2,0,0,0,0,0,0,0,0,0,0,0,0,0,0,0,0,0,0,
resolve,53,35,18,0,1,35,18,0,0,0,0,0,0,0,0,0,0,0,0,0,0,0,0,0,0,
Resolved,18,1,13,4,0,1,10,5,2,0,0,0,0,0,0,0,0,0,0,0,0,0,0,0,0,
Resolver,8,0,1,7,0,0,1,1,5,1,0,0,0,0,0,0,0,0,0,0,0,0,0,0,0,
Resource,77,14,15,48,0,14,57,6,0,0,0,0,0,0,0,0,0,0,0,0,0,0,0,0,0,
Resources,3,0,0,3,0,0,2,0,1,0,0,0,0,0,0,0,0,0,0,0,0,0,0,0,0,
Restart,1,0,1,0,0,0,1,0,0,0,0,0,0,0,0,0,0,0,0,0,0,0,0,0,0,
Restartable,1,0,1,0,0,0,1,0,0,0,0,0,0,0,0,0,0,0,0,0,0,0,0,0,0,
restore,2,2,0,0,0,2,0,0,0,0,0,0,0,0,0,0,0,0,0,0,0,0,0,0,0,
Result,30,3,10,17,2,3,23,2,0,2,0,0,0,0,0,0,0,0,0,0,0,0,0,0,0,
Results,4,0,0,4,0,0,2,2,0,0,0,0,0,0,0,0,0,0,0,0,0,0,0,0,0,
Retain,10,6,3,1,2,6,4,0,0,0,0,0,0,0,0,0,0,0,0,0,0,0,0,0,0,
rethrow,2,2,0,0,2,2,0,0,0,0,0,0,0,0,0,0,0,0,0,0,0,0,0,0,0,
retrieve,16,16,0,0,0,16,0,0,0,0,0,0,0,0,0,0,0,0,0,0,0,0,0,0,0,
retry,1,1,0,0,1,1,0,0,0,0,0,0,0,0,0,0,0,0,0,0,0,0,0,0,0,
return,5,2,2,1,0,2,3,0,0,0,0,0,0,0,0,0,0,0,0,0,0,0,0,0,0,
Reverse,5,2,2,1,0,2,2,0,0,1,0,0,0,0,0,0,0,0,0,0,0,0,0,0,0,
Reversed,5,0,2,3,0,0,3,1,0,0,1,0,0,0,0,0,0,0,0,0,0,0,0,0,0,
RHS,5,0,0,5,0,0,3,0,0,0,1,1,0,0,0,0,0,0,0,0,0,0,0,0,0,
Riffle,6,1,1,4,0,1,2,3,0,0,0,0,0,0,0,0,0,0,0,0,0,0,0,0,0,
Right,8,1,7,0,0,1,0,0,2,5,0,0,0,0,0,0,0,0,0,0,0,0,0,0,0,
rollback,8,8,0,0,0,8,0,0,0,0,0,0,0,0,0,0,0,0,0,0,0,0,0,0,0,
Root,8,0,2,6,0,0,2,2,2,0,2,0,0,0,0,0,0,0,0,0,0,0,0,0,0,
Rotate,1,0,0,1,0,0,0,0,0,1,0,0,0,0,0,0,0,0,0,0,0,0,0,0,0,
Rule,44,13,27,4,0,13,23,4,1,1,1,0,0,0,0,0,1,0,0,0,0,0,0,0,0,
Rules,1,0,1,0,0,0,1,0,0,0,0,0,0,0,0,0,0,0,0,0,0,0,0,0,0,
run,42,34,8,0,12,34,5,2,1,0,0,0,0,0,0,0,0,0,0,0,0,0,0,0,0,
Runnable,1,0,0,1,0,0,0,1,0,0,0,0,0,0,0,0,0,0,0,0,0,0,0,0,0,
Runner,4,0,0,4,0,0,1,3,0,0,0,0,0,0,0,0,0,0,0,0,0,0,0,0,0,
Runners,1,0,0,1,0,0,1,0,0,0,0,0,0,0,0,0,0,0,0,0,0,0,0,0,0,
Running,11,0,1,10,0,0,4,3,4,0,0,0,0,0,0,0,0,0,0,0,0,0,0,0,0,
Runtime,1,0,1,0,0,0,1,0,0,0,0,0,0,0,0,0,0,0,0,0,0,0,0,0,0,
S3,2,0,2,0,0,0,2,0,0,0,0,0,0,0,0,0,0,0,0,0,0,0,0,0,0,
Safe,34,7,13,14,0,7,7,6,6,5,3,0,0,0,0,0,0,0,0,0,0,0,0,0,0,
safely,1,1,0,0,0,1,0,0,0,0,0,0,0,0,0,0,0,0,0,0,0,0,0,0,0,
Safety,2,0,0,2,0,0,0,0,0,2,0,0,0,0,0,0,0,0,0,0,0,0,0,0,0,
Same,47,0,46,1,0,0,17,16,7,4,2,0,0,0,1,0,0,0,0,0,0,0,0,0,0,
Sample,5,3,1,1,1,3,2,0,0,0,0,0,0,0,0,0,0,0,0,0,0,0,0,0,0,
Sanitization,8,0,8,0,0,0,0,0,8,0,0,0,0,0,0,0,0,0,0,0,0,0,0,0,0,
sanitize,2,2,0,0,0,2,0,0,0,0,0,0,0,0,0,0,0,0,0,0,0,0,0,0,0,
Sanitizer,1,0,0,1,0,0,1,0,0,0,0,0,0,0,0,0,0,0,0,0,0,0,0,0,0,
Scheduled,1,0,1,0,0,0,1,0,0,0,0,0,0,0,0,0,0,0,0,0,0,0,0,0,0,
Scheduling,1,0,1,0,0,0,1,0,0,0,0,0,0,0,0,0,0,0,0,0,0,0,0,0,0,
Scheme,61,2,22,37,1,2,18,15,21,3,2,0,0,0,0,0,0,0,0,0,0,0,0,0,0,
Schemes,1,0,0,1,0,0,1,0,0,0,0,0,0,0,0,0,0,0,0,0,0,0,0,0,0,
Scope,16,2,12,2,1,2,13,1,0,0,0,0,0,0,0,0,0,0,0,0,0,0,0,0,0,
Scopes,11,0,0,11,0,0,1,10,0,0,0,0,0,0,0,0,0,0,0,0,0,0,0,0,0,
Script,11,4,2,5,0,4,3,4,0,0,0,0,0,0,0,0,0,0,0,0,0,0,0,0,0,
Search,5,1,1,3,0,1,1,3,0,0,0,0,0,0,0,0,0,0,0,0,0,0,0,0,0,
Sec,2,0,0,2,0,0,0,0,2,0,0,0,0,0,0,0,0,0,0,0,0,0,0,0,0,
Second,5,4,1,0,0,4,1,0,0,0,0,0,0,0,0,0,0,0,0,0,0,0,0,0,0,
Secondary,4,1,1,2,0,1,0,0,0,0,0,0,0,1,2,0,0,0,0,0,0,0,0,0,0,
Seconds,3,0,0,3,0,0,0,0,0,0,3,0,0,0,0,0,0,0,0,0,0,0,0,0,0,
Seed,2,0,0,2,0,0,2,0,0,0,0,0,0,0,0,0,0,0,0,0,0,0,0,0,0,
seek,2,2,0,0,1,2,0,0,0,0,0,0,0,0,0,0,0,0,0,0,0,0,0,0,0,
Sel,2,0,2,0,0,0,1,1,0,0,0,0,0,0,0,0,0,0,0,0,0,0,0,0,0,
Select,38,10,23,5,2,10,24,4,0,0,0,0,0,0,0,0,0,0,0,0,0,0,0,0,0,
Select2,3,0,0,3,0,0,2,1,0,0,0,0,0,0,0,0,0,0,0,0,0,0,0,0,0,
Selector,31,0,6,25,0,0,9,17,5,0,0,0,0,0,0,0,0,0,0,0,0,0,0,0,0,
Selectors,12,0,2,10,0,0,1,8,3,0,0,0,0,0,0,0,0,0,0,0,0,0,0,0,0,
Self,12,1,8,3,0,1,6,2,1,2,0,0,0,0,0,0,0,0,0,0,0,0,0,0,0,
Sequence,6,1,3,2,0,1,2,0,2,1,0,0,0,0,0,0,0,0,0,0,0,0,0,0,0,
Serializable,1,0,1,0,0,0,0,1,0,0,0,0,0,0,0,0,0,0,0,0,0,0,0,0,0,
Serialization,16,2,7,7,0,2,10,3,1,0,0,0,0,0,0,0,0,0,0,0,0,0,0,0,0,
Serializations,6,0,0,6,0,0,2,3,1,0,0,0,0,0,0,0,0,0,0,0,0,0,0,0,0,
serialize,12,12,0,0,9,12,0,0,0,0,0,0,0,0,0,0,0,0,0,0,0,0,0,0,0,
Serialized,1,1,0,0,0,1,0,0,0,0,0,0,0,0,0,0,0,0,0,0,0,0,0,0,0,
Serializer,23,0,0,23,0,0,9,6,6,2,0,0,0,0,0,0,0,0,0,0,0,0,0,0,0,
Server,2,0,0,2,0,0,0,2,0,0,0,0,0,0,0,0,0,0,0,0,0,0,0,0,0,
Service,12,1,5,6,0,1,4,7,0,0,0,0,0,0,0,0,0,0,0,0,0,0,0,0,0,
Services,5,0,0,5,0,0,1,4,0,0,0,0,0,0,0,0,0,0,0,0,0,0,0,0,0,
Session,7,0,1,6,0,0,2,5,0,0,0,0,0,0,0,0,0,0,0,0,0,0,0,0,0,
set,363,309,21,33,8,309,39,9,3,3,0,0,0,0,0,0,0,0,0,0,0,0,0,0,0,
Set2,1,0,0,1,0,0,0,1,0,0,0,0,0,0,0,0,0,0,0,0,0,0,0,0,0,
Setter,2,0,1,1,0,0,2,0,0,0,0,0,0,0,0,0,0,0,0,0,0,0,0,0,0,
setup,2,2,0,0,0,2,0,0,0,0,0,0,0,0,0,0,0,0,0,0,0,0,0,0,0,
shallow,1,1,0,0,0,1,0,0,0,0,0,0,0,0,0,0,0,0,0,0,0,0,0,0,0,
Short,9,2,0,7,0,2,5,1,1,0,0,0,0,0,0,0,0,0,0,0,0,0,0,0,0,
Shortest,2,1,1,0,0,1,0,1,0,0,0,0,0,0,0,0,0,0,0,0,0,0,0,0,0,
Shuffle,1,0,1,0,0,0,1,0,0,0,0,0,0,0,0,0,0,0,0,0,0,0,0,0,0,
Shutdown,16,0,14,2,0,0,7,9,0,0,0,0,0,0,0,0,0,0,0,0,0,0,0,0,0,
Side,1,0,1,0,0,0,1,0,0,0,0,0,0,0,0,0,0,0,0,0,0,0,0,0,0,
Silent,2,0,0,2,0,0,2,0,0,0,0,0,0,0,0,0,0,0,0,0,0,0,0,0,0,
Similar,1,0,1,0,0,0,0,0,0,1,0,0,0,0,0,0,0,0,0,0,0,0,0,0,0,
Simple,42,1,36,5,0,1,38,0,0,0,0,2,0,0,1,0,0,0,0,0,0,0,0,0,0,
Single,6,3,3,0,0,3,1,0,1,1,0,0,0,0,0,0,0,0,0,0,0,0,0,0,0,
Singleton,2,0,2,0,0,0,2,0,0,0,0,0,0,0,0,0,0,0,0,0,0,0,0,0,0,
Singletons,1,0,1,0,0,0,1,0,0,0,0,0,0,0,0,0,0,0,0,0,0,0,0,0,0,
Sink,148,43,88,17,13,43,88,14,2,1,0,0,0,0,0,0,0,0,0,0,0,0,0,0,0,
Sinking,1,0,1,0,0,0,0,1,0,0,0,0,0,0,0,0,0,0,0,0,0,0,0,0,0,
Sinks,22,0,6,16,0,0,17,1,2,1,0,1,0,0,0,0,0,0,0,0,0,0,0,0,0,
Size,51,18,9,24,18,18,19,9,2,3,0,0,0,0,0,0,0,0,0,0,0,0,0,0,0,
Sizes,1,0,0,1,0,0,0,0,1,0,0,0,0,0,0,0,0,0,0,0,0,0,0,0,0,
Skip,14,3,11,0,0,3,4,5,2,0,0,0,0,0,0,0,0,0,0,0,0,0,0,0,0,
Skipped,4,0,1,3,0,0,4,0,0,0,0,0,0,0,0,0,0,0,0,0,0,0,0,0,0,
sleep,2,1,0,1,0,1,1,0,0,0,0,0,0,0,0,0,0,0,0,0,0,0,0,0,0,
Slice,15,0,15,0,0,0,4,11,0,0,0,0,0,0,0,0,0,0,0,0,0,0,0,0,0,
Slices,5,0,0,5,0,0,0,0,5,0,0,0,0,0,0,0,0,0,0,0,0,0,0,0,0,
Sms,3,0,0,3,0,0,0,0,3,0,0,0,0,0,0,0,0,0,0,0,0,0,0,0,0,
Sort,11,1,10,0,0,1,6,2,2,0,0,0,0,0,0,0,0,0,0,0,0,0,0,0,0,
Sorted,4,2,1,1,0,2,2,0,0,0,0,0,0,0,0,0,0,0,0,0,0,0,0,0,0,
Sorting,5,0,5,0,0,0,5,0,0,0,0,0,0,0,0,0,0,0,0,0,0,0,0,0,0,
Source,189,58,112,19,16,58,82,27,15,4,2,0,0,0,0,1,0,0,0,0,0,0,0,0,0,
Source2,1,0,0,1,0,0,0,1,0,0,0,0,0,0,0,0,0,0,0,0,0,0,0,0,0,
Source3,1,0,0,1,0,0,0,1,0,0,0,0,0,0,0,0,0,0,0,0,0,0,0,0,0,
Sources,31,0,15,16,0,0,14,8,7,0,2,0,0,0,0,0,0,0,0,0,0,0,0,0,0,
Sourcing,1,0,1,0,0,0,0,1,0,0,0,0,0,0,0,0,0,0,0,0,0,0,0,0,0,
Space,1,0,0,1,0,0,0,0,1,0,0,0,0,0,0,0,0,0,0,0,0,0,0,0,0,
Span,1,0,1,0,0,0,1,0,0,0,0,0,0,0,0,0,0,0,0,0,0,0,0,0,0,
Spans,1,0,1,0,0,0,1,0,0,0,0,0,0,0,0,0,0,0,0,0,0,0,0,0,0,
Sparse,1,1,0,0,0,1,0,0,0,0,0,0,0,0,0,0,0,0,0,0,0,0,0,0,0,
Spawn,8,4,4,0,0,4,4,0,0,0,0,0,0,0,0,0,0,0,0,0,0,0,0,0,0,
Spec,5,0,3,2,0,0,3,0,2,0,0,0,0,0,0,0,0,0,0,0,0,0,0,0,0,
Specifics,3,0,0,3,0,0,3,0,0,0,0,0,0,0,0,0,0,0,0,0,0,0,0,0,0,
Spill,33,5,24,4,0,5,15,12,1,0,0,0,0,0,0,0,0,0,0,0,0,0,0,0,0,
Spillable,7,4,3,0,0,4,3,0,0,0,0,0,0,0,0,0,0,0,0,0,0,0,0,0,0,
Spilled,1,1,0,0,0,1,0,0,0,0,0,0,0,0,0,0,0,0,0,0,0,0,0,0,0,
Splice,11,3,6,2,1,3,5,1,1,1,0,0,0,0,0,0,0,0,0,0,0,0,0,0,0,
Split,86,5,71,10,1,5,30,19,22,8,2,0,0,0,0,0,0,0,0,0,0,0,0,0,0,
spliterator,1,1,0,0,1,1,0,0,0,0,0,0,0,0,0,0,0,0,0,0,0,0,0,0,0,
splititerator,1,1,0,0,1,1,0,0,0,0,0,0,0,0,0,0,0,0,0,0,0,0,0,0,0,
Splits,4,0,0,4,0,0,1,2,0,1,0,0,0,0,0,0,0,0,0,0,0,0,0,0,0,
Splitter,3,0,1,2,0,0,3,0,0,0,0,0,0,0,0,0,0,0,0,0,0,0,0,0,0,
Stack,9,0,9,0,0,0,5,0,4,0,0,0,0,0,0,0,0,0,0,0,0,0,0,0,0,
Stage,34,0,2,32,0,0,9,21,4,0,0,0,0,0,0,0,0,0,0,0,0,0,0,0,0,
Staging,4,0,4,0,0,0,1,3,0,0,0,0,0,0,0,0,0,0,0,0,0,0,0,0,0,
Stale,3,0,1,2,0,0,1,2,0,0,0,0,0,0,0,0,0,0,0,0,0,0,0,0,0,
Standard,2,1,1,0,0,1,1,0,0,0,0,0,0,0,0,0,0,0,0,0,0,0,0,0,0,
Start,54,34,11,9,29,34,13,2,3,0,1,0,0,1,0,0,0,0,0,0,0,0,0,0,0,
Started,9,0,4,5,0,0,5,4,0,0,0,0,0,0,0,0,0,0,0,0,0,0,0,0,0,
Starting,12,0,0,12,0,0,7,4,1,0,0,0,0,0,0,0,0,0,0,0,0,0,0,0,0,
Starts,1,0,1,0,0,0,0,0,0,1,0,0,0,0,0,0,0,0,0,0,0,0,0,0,0,
State,10,1,4,5,1,1,3,5,1,0,0,0,0,0,0,0,0,0,0,0,0,0,0,0,0,
Static,1,0,1,0,0,0,1,0,0,0,0,0,0,0,0,0,0,0,0,0,0,0,0,0,0,
Stats,60,0,13,47,0,0,20,27,12,1,0,0,0,0,0,0,0,0,0,0,0,0,0,0,0,
Status,55,2,25,28,2,2,16,36,0,1,0,0,0,0,0,0,0,0,0,0,0,0,0,0,0,
Statuses,2,0,0,2,0,0,1,1,0,0,0,0,0,0,0,0,0,0,0,0,0,0,0,0,0,
Std,3,3,0,0,0,3,0,0,0,0,0,0,0,0,0,0,0,0,0,0,0,0,0,0,0,
Step,102,0,85,17,0,0,40,52,8,2,0,0,0,0,0,0,0,0,0,0,0,0,0,0,0,
Steps,25,5,3,17,0,5,6,2,7,5,0,0,0,0,0,0,0,0,0,0,0,0,0,0,0,
Stop,22,7,8,7,5,7,9,1,4,0,0,0,0,1,0,0,0,0,0,0,0,0,0,0,0,
Stopped,5,0,0,5,0,0,3,1,0,1,0,0,0,0,0,0,0,0,0,0,0,0,0,0,0,
Stopping,11,0,0,11,0,0,6,4,1,0,0,0,0,0,0,0,0,0,0,0,0,0,0,0,0,
Store,5,1,3,1,1,1,2,2,0,0,0,0,0,0,0,0,0,0,0,0,0,0,0,0,0,
Strategies,3,0,3,0,0,0,1,2,0,0,0,0,0,0,0,0,0,0,0,0,0,0,0,0,0,
Strategy,15,0,0,15,0,0,0,7,7,1,0,0,0,0,0,0,0,0,0,0,0,0,0,0,0,
Stream,46,0,17,29,0,0,13,12,19,2,0,0,0,0,0,0,0,0,0,0,0,0,0,0,0,
Streamed,49,17,24,8,0,17,8,5,2,3,2,1,7,4,0,0,0,0,0,0,0,0,0,0,0,
Strict,1,0,0,1,0,0,1,0,0,0,0,0,0,0,0,0,0,0,0,0,0,0,0,0,0,
Stricter,2,0,2,0,0,0,2,0,0,0,0,0,0,0,0,0,0,0,0,0,0,0,0,0,0,
String,109,2,12,95,0,2,88,11,3,1,3,0,1,0,0,0,0,0,0,0,0,0,0,0,0,
stringify,2,1,0,1,0,1,1,0,0,0,0,0,0,0,0,0,0,0,0,0,0,0,0,0,0,
Sub,30,2,28,0,0,2,17,10,1,0,0,0,0,0,0,0,0,0,0,0,0,0,0,0,0,
Submit,13,3,9,1,1,3,8,1,1,0,0,0,0,0,0,0,0,0,0,0,0,0,0,0,0,
Submitted,3,0,0,3,0,0,3,0,0,0,0,0,0,0,0,0,0,0,0,0,0,0,0,0,0,
Substitution,1,0,0,1,0,0,1,0,0,0,0,0,0,0,0,0,0,0,0,0,0,0,0,0,0,
subtract,1,1,0,0,1,1,0,0,0,0,0,0,0,0,0,0,0,0,0,0,0,0,0,0,0,
Succeeded,1,0,1,0,0,0,1,0,0,0,0,0,0,0,0,0,0,0,0,0,0,0,0,0,0,
Success,4,0,2,2,0,0,3,0,0,1,0,0,0,0,0,0,0,0,0,0,0,0,0,0,0,
Successful,20,0,11,9,0,0,8,9,0,3,0,0,0,0,0,0,0,0,0,0,0,0,0,0,0,
Successor,3,2,1,0,0,2,1,0,0,0,0,0,0,0,0,0,0,0,0,0,0,0,0,0,0,
Successors,2,0,0,2,0,0,2,0,0,0,0,0,0,0,0,0,0,0,0,0,0,0,0,0,0,
Suite,6,5,1,0,5,5,1,0,0,0,0,0,0,0,0,0,0,0,0,0,0,0,0,0,0,
Suites,1,0,0,1,0,0,1,0,0,0,0,0,0,0,0,0,0,0,0,0,0,0,0,0,0,
Sum,10,4,5,1,2,4,4,2,0,0,0,0,0,0,0,0,0,0,0,0,0,0,0,0,0,
Sums,1,0,0,1,0,0,0,1,0,0,0,0,0,0,0,0,0,0,0,0,0,0,0,0,0,
supply,1,1,0,0,1,1,0,0,0,0,0,0,0,0,0,0,0,0,0,0,0,0,0,0,0,
Support,1,0,0,1,0,0,0,1,0,0,0,0,0,0,0,0,0,0,0,0,0,0,0,0,0,
supports,8,8,0,0,0,8,0,0,0,0,0,0,0,0,0,0,0,0,0,0,0,0,0,0,0,
Swap,4,0,0,4,0,0,3,1,0,0,0,0,0,0,0,0,0,0,0,0,0,0,0,0,0,
Swap2,1,0,0,1,0,0,0,1,0,0,0,0,0,0,0,0,0,0,0,0,0,0,0,0,0,
Swapped,4,0,2,2,0,0,0,0,0,0,0,3,1,0,0,0,0,0,0,0,0,0,0,0,0,
switch,1,1,0,0,0,1,0,0,0,0,0,0,0,0,0,0,0,0,0,0,0,0,0,0,0,
Symmetrical,3,0,0,3,0,0,3,0,0,0,0,0,0,0,0,0,0,0,0,0,0,0,0,0,0,
Sync,5,4,1,0,0,4,0,0,0,0,1,0,0,0,0,0,0,0,0,0,0,0,0,0,0,
Syntax,2,0,2,0,0,0,2,0,0,0,0,0,0,0,0,0,0,0,0,0,0,0,0,0,0,
System,13,0,8,5,0,0,7,3,3,0,0,0,0,0,0,0,0,0,0,0,0,0,0,0,0,
T,1,0,1,0,0,0,0,0,0,0,0,0,1,0,0,0,0,0,0,0,0,0,0,0,0,
Tab,3,0,2,1,0,0,3,0,0,0,0,0,0,0,0,0,0,0,0,0,0,0,0,0,0,
Tag,3,0,0,3,0,0,2,1,0,0,0,0,0,0,0,0,0,0,0,0,0,0,0,0,0,
Tags,7,0,0,7,0,0,6,1,0,0,0,0,0,0,0,0,0,0,0,0,0,0,0,0,0,
Tail,11,0,6,5,0,0,8,2,1,0,0,0,0,0,0,0,0,0,0,0,0,0,0,0,0,
Tails,10,0,1,9,0,0,9,0,1,0,0,0,0,0,0,0,0,0,0,0,0,0,0,0,0,
Tap,165,27,90,48,1,27,60,52,18,5,3,0,0,0,0,0,0,0,0,0,0,0,0,0,0,
Taps,49,2,15,32,1,2,15,28,4,0,0,0,0,0,0,0,0,0,0,0,0,0,0,0,0,
Target,3,0,0,3,0,0,0,3,0,0,0,0,0,0,0,0,0,0,0,0,0,0,0,0,0,
Task,21,1,18,2,0,1,13,5,2,0,0,0,0,0,0,0,0,0,0,0,0,0,0,0,0,
Tasks,13,0,0,13,0,0,0,2,8,3,0,0,0,0,0,0,0,0,0,0,0,0,0,0,0,
tear,4,4,0,0,0,4,0,0,0,0,0,0,0,0,0,0,0,0,0,0,0,0,0,0,0,
Temp,11,2,9,0,0,2,8,0,0,1,0,0,0,0,0,0,0,0,0,0,0,0,0,0,0,
Temporary,22,0,18,4,0,0,14,8,0,0,0,0,0,0,0,0,0,0,0,0,0,0,0,0,0,
Termination,1,0,0,1,0,0,1,0,0,0,0,0,0,0,0,0,0,0,0,0,0,0,0,0,0,
test,937,866,16,55,2,866,18,16,22,10,4,1,0,0,0,0,0,0,0,0,0,0,0,0,0,
Text,21,5,11,5,0,5,5,7,4,0,0,0,0,0,0,0,0,0,0,0,0,0,0,0,0,
Tez,26,15,11,0,0,15,9,0,1,1,0,0,0,0,0,0,0,0,0,0,0,0,0,0,0,
Than,10,0,0,10,0,0,0,2,6,2,0,0,0,0,0,0,0,0,0,0,0,0,0,0,0,
Then,4,0,4,0,0,0,0,2,0,2,0,0,0,0,0,0,0,0,0,0,0,0,0,0,0,
third,4,4,0,0,0,4,0,0,0,0,0,0,0,0,0,0,0,0,0,0,0,0,0,0,0,
This,1,0,1,0,0,0,1,0,0,0,0,0,0,0,0,0,0,0,0,0,0,0,0,0,0,
Thread,3,0,0,3,0,0,1,2,0,0,0,0,0,0,0,0,0,0,0,0,0,0,0,0,0,
Three,8,0,6,2,0,0,0,0,5,3,0,0,0,0,0,0,0,0,0,0,0,0,0,0,0,
Threshold,8,0,0,8,0,0,1,1,6,0,0,0,0,0,0,0,0,0,0,0,0,0,0,0,0,
Through,19,0,18,1,0,0,0,0,7,12,0,0,0,0,0,0,0,0,0,0,0,0,0,0,0,
throw,3,3,0,0,0,3,0,0,0,0,0,0,0,0,0,0,0,0,0,0,0,0,0,0,0,
Throwable,38,0,12,26,0,0,22,15,1,0,0,0,0,0,0,0,0,0,0,0,0,0,0,0,0,
Till,1,0,1,0,0,0,1,0,0,0,0,0,0,0,0,0,0,0,0,0,0,0,0,0,0,
Time,48,0,0,48,0,0,0,29,8,1,9,1,0,0,0,0,0,0,0,0,0,0,0,0,0,
Timed,1,1,0,0,0,1,0,0,0,0,0,0,0,0,0,0,0,0,0,0,0,0,0,0,0,
Timeline,6,0,6,0,0,0,6,0,0,0,0,0,0,0,0,0,0,0,0,0,0,0,0,0,0,
Timeout,3,0,2,1,0,0,0,3,0,0,0,0,0,0,0,0,0,0,0,0,0,0,0,0,0,
To,159,82,51,26,0,82,37,31,6,3,0,0,0,0,0,0,0,0,0,0,0,0,0,0,0,
Token,7,0,3,4,0,0,4,1,0,0,0,0,0,0,2,0,0,0,0,0,0,0,0,0,0,
Tokens,5,0,1,4,0,0,1,4,0,0,0,0,0,0,0,0,0,0,0,0,0,0,0,0,0,
Top,5,5,0,0,0,5,0,0,0,0,0,0,0,0,0,0,0,0,0,0,0,0,0,0,0,
Topological,10,0,10,0,0,0,5,5,0,0,0,0,0,0,0,0,0,0,0,0,0,0,0,0,0,
Topology,1,1,0,0,0,1,0,0,0,0,0,0,0,0,0,0,0,0,0,0,0,0,0,0,0,
Total,4,0,4,0,0,0,4,0,0,0,0,0,0,0,0,0,0,0,0,0,0,0,0,0,0,
Trace,33,1,12,20,0,1,11,13,4,4,0,0,0,0,0,0,0,0,0,0,0,0,0,0,0,
Traces,1,0,0,1,0,0,1,0,0,0,0,0,0,0,0,0,0,0,0,0,0,0,0,0,0,
Tracing,1,0,1,0,0,0,0,1,0,0,0,0,0,0,0,0,0,0,0,0,0,0,0,0,0,
Track,1,0,0,1,0,0,1,0,0,0,0,0,0,0,0,0,0,0,0,0,0,0,0,0,0,
Tracking,1,0,1,0,0,0,1,0,0,0,0,0,0,0,0,0,0,0,0,0,0,0,0,0,0,
Transform,37,15,8,14,6,15,7,8,2,1,0,1,2,1,0,0,0,0,0,0,0,0,0,0,0,
Transformed,3,1,0,2,1,1,2,0,0,0,0,0,0,0,0,0,0,0,0,0,0,0,0,0,0,
Transformer,52,0,1,51,0,0,3,11,8,7,9,9,4,1,0,0,0,0,0,0,0,0,0,0,0,
Transforms,3,0,0,3,0,0,1,2,0,0,0,0,0,0,0,0,0,0,0,0,0,0,0,0,0,
translate,1,1,0,0,0,1,0,0,0,0,0,0,0,0,0,0,0,0,0,0,0,0,0,0,0,
Trap,48,4,39,5,0,4,44,0,0,0,0,0,0,0,0,0,0,0,0,0,0,0,0,0,0,
Trappable,1,0,1,0,0,0,1,0,0,0,0,0,0,0,0,0,0,0,0,0,0,0,0,0,0,
Traps,23,0,6,17,0,0,20,3,0,0,0,0,0,0,0,0,0,0,0,0,0,0,0,0,0,
Tree,1,0,0,1,0,0,1,0,0,0,0,0,0,0,0,0,0,0,0,0,0,0,0,0,0,
Triangle,5,0,4,1,0,0,0,0,1,3,0,1,0,0,0,0,0,0,0,0,0,0,0,0,0,
Trie,1,1,0,0,1,1,0,0,0,0,0,0,0,0,0,0,0,0,0,0,0,0,0,0,0,
Trim,3,1,2,0,0,1,0,0,2,0,0,0,0,0,0,0,0,0,0,0,0,0,0,0,0,
truncate,1,1,0,0,1,1,0,0,0,0,0,0,0,0,0,0,0,0,0,0,0,0,0,0,0,
try,1,1,0,0,0,1,0,0,0,0,0,0,0,0,0,0,0,0,0,0,0,0,0,0,0,
Ts,3,0,0,3,0,0,0,3,0,0,0,0,0,0,0,0,0,0,0,0,0,0,0,0,0,
Tuple,159,32,87,40,2,32,84,35,8,0,0,0,0,0,0,0,0,0,0,0,0,0,0,0,0,
Tuples,5,1,0,4,1,1,1,2,1,0,0,0,0,0,0,0,0,0,0,0,0,0,0,0,0,
Twice,1,0,0,1,0,0,0,0,0,1,0,0,0,0,0,0,0,0,0,0,0,0,0,0,0,
Two,1,0,1,0,0,0,0,0,0,0,1,0,0,0,0,0,0,0,0,0,0,0,0,0,0,
Type,60,3,11,46,0,3,20,33,1,1,0,0,2,0,0,0,0,0,0,0,0,0,0,0,0,
Typed,18,2,10,6,0,2,11,3,2,0,0,0,0,0,0,0,0,0,0,0,0,0,0,0,0,
Types,51,1,13,37,1,1,18,13,5,11,1,0,2,0,0,0,0,0,0,0,0,0,0,0,0,
Typical,1,0,0,1,0,0,0,0,0,1,0,0,0,0,0,0,0,0,0,0,0,0,0,0,0,
Un,11,2,9,0,0,2,9,0,0,0,0,0,0,0,0,0,0,0,0,0,0,0,0,0,0,
Unchecked,2,0,1,1,0,0,1,0,1,0,0,0,0,0,0,0,0,0,0,0,0,0,0,0,0,
UNDEFINED,1,0,0,1,0,0,1,0,0,0,0,0,0,0,0,0,0,0,0,0,0,0,0,0,0,
undelegate,1,1,0,0,1,1,0,0,0,0,0,0,0,0,0,0,0,0,0,0,0,0,0,0,0,
Unique,11,6,4,1,2,6,5,0,0,0,0,0,0,0,0,0,0,0,0,0,0,0,0,0,0,
Unit,1,1,0,0,0,1,0,0,0,0,0,0,0,0,0,0,0,0,0,0,0,0,0,0,0,
Unknown,13,0,2,11,0,0,4,3,4,2,0,0,0,0,0,0,0,0,0,0,0,0,0,0,0,
Unknown2,1,0,0,1,0,0,0,1,0,0,0,0,0,0,0,0,0,0,0,0,0,0,0,0,0,
Unknown3,1,0,0,1,0,0,0,1,0,0,0,0,0,0,0,0,0,0,0,0,0,0,0,0,0,
Unknowns,2,0,0,2,0,0,0,0,1,1,0,0,0,0,0,0,0,0,0,0,0,0,0,0,0,
Unmodifiable,7,1,0,6,0,1,6,0,0,0,0,0,0,0,0,0,0,0,0,0,0,0,0,0,0,
unordered,1,1,0,0,0,1,0,0,0,0,0,0,0,0,0,0,0,0,0,0,0,0,0,0,0,
unregister,1,1,0,0,0,1,0,0,0,0,0,0,0,0,0,0,0,0,0,0,0,0,0,0,0,
Unsupported,3,1,0,2,0,1,2,0,0,0,0,0,0,0,0,0,0,0,0,0,0,0,0,0,0,
Until,1,0,1,0,0,0,1,0,0,0,0,0,0,0,0,0,0,0,0,0,0,0,0,0,0,
unwind,5,5,0,0,4,5,0,0,0,0,0,0,0,0,0,0,0,0,0,0,0,0,0,0,0,
unwrap,6,6,0,0,0,6,0,0,0,0,0,0,0,0,0,0,0,0,0,0,0,0,0,0,0,
Up,18,0,6,12,0,0,18,0,0,0,0,0,0,0,0,0,0,0,0,0,0,0,0,0,0,
Update,25,16,2,7,6,16,5,1,0,3,0,0,0,0,0,0,0,0,0,0,0,0,0,0,0,
URI,24,1,17,6,0,1,16,3,0,1,3,0,0,0,0,0,0,0,0,0,0,0,0,0,0,
URL,17,1,2,14,0,1,5,7,4,0,0,0,0,0,0,0,0,0,0,0,0,0,0,0,0,
Use,10,2,8,0,0,2,8,0,0,0,0,0,0,0,0,0,0,0,0,0,0,0,0,0,0,
User,1,0,0,1,0,0,0,1,0,0,0,0,0,0,0,0,0,0,0,0,0,0,0,0,0,
Using,10,0,2,8,0,0,0,1,0,8,0,0,0,1,0,0,0,0,0,0,0,0,0,0,0,
Util,1,0,0,1,0,0,0,1,0,0,0,0,0,0,0,0,0,0,0,0,0,0,0,0,0,
V,4,0,4,0,0,0,2,2,0,0,0,0,0,0,0,0,0,0,0,0,0,0,0,0,0,
validate,4,4,0,0,1,4,0,0,0,0,0,0,0,0,0,0,0,0,0,0,0,0,0,0,0,
Value,87,10,38,39,1,10,33,33,1,1,0,8,1,0,0,0,0,0,0,0,0,0,0,0,0,
Values,26,3,8,15,3,3,7,13,1,2,0,0,0,0,0,0,0,0,0,0,0,0,0,0,0,
Var,1,0,1,0,0,0,1,0,0,0,0,0,0,0,0,0,0,0,0,0,0,0,0,0,0,
Verbose,1,0,0,1,0,0,1,0,0,0,0,0,0,0,0,0,0,0,0,0,0,0,0,0,0,
verify,39,39,0,0,11,39,0,0,0,0,0,0,0,0,0,0,0,0,0,0,0,0,0,0,0,
Version,11,0,5,6,0,0,5,5,1,0,0,0,0,0,0,0,0,0,0,0,0,0,0,0,0,
Vertex,40,6,16,18,0,6,29,5,0,0,0,0,0,0,0,0,0,0,0,0,0,0,0,0,0,
Vertices,4,0,0,4,0,0,0,4,0,0,0,0,0,0,0,0,0,0,0,0,0,0,0,0,0,
Via,1,0,1,0,0,0,0,1,0,0,0,0,0,0,0,0,0,0,0,0,0,0,0,0,0,
View,2,0,0,2,0,0,1,1,0,0,0,0,0,0,0,0,0,0,0,0,0,0,0,0,0,
Void,1,0,0,1,0,0,1,0,0,0,0,0,0,0,0,0,0,0,0,0,0,0,0,0,0,
wait,2,2,0,0,0,2,0,0,0,0,0,0,0,0,0,0,0,0,0,0,0,0,0,0,0,
walk,2,2,0,0,0,2,0,0,0,0,0,0,0,0,0,0,0,0,0,0,0,0,0,0,0,
warn,6,1,0,5,0,1,5,0,0,0,0,0,0,0,0,0,0,0,0,0,0,0,0,0,0,
Warshall,1,0,0,1,0,0,0,0,0,1,0,0,0,0,0,0,0,0,0,0,0,0,0,0,0,
Way,1,0,0,1,0,0,0,0,0,0,1,0,0,0,0,0,0,0,0,0,0,0,0,0,0,
Weight,1,0,0,1,0,0,0,1,0,0,0,0,0,0,0,0,0,0,0,0,0,0,0,0,0,
Which,1,0,1,0,0,0,0,0,1,0,0,0,0,0,0,0,0,0,0,0,0,0,0,0,0,
White,1,0,1,0,0,0,0,1,0,0,0,0,0,0,0,0,0,0,0,0,0,0,0,0,0,
Whitespace,1,0,0,1,0,0,1,0,0,0,0,0,0,0,0,0,0,0,0,0,0,0,0,0,0,
Whole,5,3,2,0,0,3,2,0,0,0,0,0,0,0,0,0,0,0,0,0,0,0,0,0,0,
Width,1,0,0,1,0,0,0,1,0,0,0,0,0,0,0,0,0,0,0,0,0,0,0,0,0,
Wild,2,0,0,2,0,0,0,0,2,0,0,0,0,0,0,0,0,0,0,0,0,0,0,0,0,
Wildcard,2,0,0,2,0,0,1,1,0,0,0,0,0,0,0,0,0,0,0,0,0,0,0,0,0,
Window,4,0,0,4,0,0,0,3,1,0,0,0,0,0,0,0,0,0,0,0,0,0,0,0,0,
Windows,2,0,0,2,0,0,0,0,2,0,0,0,0,0,0,0,0,0,0,0,0,0,0,0,0,
Wise,2,0,2,0,0,0,0,1,1,0,0,0,0,0,0,0,0,0,0,0,0,0,0,0,0,
With,73,7,47,19,0,7,17,21,12,11,1,3,1,0,0,0,0,0,0,0,0,0,0,0,0,
Without,4,1,2,1,0,1,0,1,1,0,0,1,0,0,0,0,0,0,0,0,0,0,0,0,0,
Work,2,0,2,0,0,0,1,1,0,0,0,0,0,0,0,0,0,0,0,0,0,0,0,0,0,
Working,4,0,4,0,0,0,3,0,1,0,0,0,0,0,0,0,0,0,0,0,0,0,0,0,0,
wrap,15,11,0,4,0,11,4,0,0,0,0,0,0,0,0,0,0,0,0,0,0,0,0,0,0,
Wrapped,2,1,1,0,0,1,1,0,0,0,0,0,0,0,0,0,0,0,0,0,0,0,0,0,0,
Wrapper,2,0,0,2,0,0,0,1,0,1,0,0,0,0,0,0,0,0,0,0,0,0,0,0,0,
Writable,9,2,5,2,0,2,4,0,1,1,1,0,0,0,0,0,0,0,0,0,0,0,0,0,0,
Write,107,59,10,38,5,59,7,15,18,8,0,0,0,0,0,0,0,0,0,0,0,0,0,0,0,
Writer,11,0,1,10,0,0,3,2,2,4,0,0,0,0,0,0,0,0,0,0,0,0,0,0,0,
Writers,2,0,1,1,0,0,2,0,0,0,0,0,0,0,0,0,0,0,0,0,0,0,0,0,0,
Writes,1,0,1,0,0,0,0,1,0,0,0,0,0,0,0,0,0,0,0,0,0,0,0,0,0,
Xor,4,1,1,2,1,1,2,0,1,0,0,0,0,0,0,0,0,0,0,0,0,0,0,0,0,
YARN,1,0,0,1,0,0,1,0,0,0,0,0,0,0,0,0,0,0,0,0,0,0,0,0,0,
Ype,1,0,0,1,0,0,0,0,0,0,0,0,0,1,0,0,0,0,0,0,0,0,0,0,0,
Zero,2,0,0,2,0,0,0,2,0,0,0,0,0,0,0,0,0,0,0,0,0,0,0,0,0,
Zipped,1,0,1,0,0,0,1,0,0,0,0,0,0,0,0,0,0,0,0,0,0,0,0,0,0,
Zone,2,0,0,2,0,0,2,0,0,0,0,0,0,0,0,0,0,0,0,0,0,0,0,0,0,
