A,1,0,1,0,0,0,0,0,1,0,0,0,0,0,0,0,0,0,0,0,0,0,0,0,0
Absent,2,0,0,2,0,0,0,0,0,0,2,0,0,0,0,0,0,0,0,0,0,0,0,0,0
Accept,1,0,0,1,0,0,1,0,0,0,0,0,0,0,0,0,0,0,0,0,0,0,0,0,0
Access,16,0,11,5,0,0,9,6,1,0,0,0,0,0,0,0,0,0,0,0,0,0,0,0,0
Accessible,4,0,0,4,0,0,0,4,0,0,0,0,0,0,0,0,0,0,0,0,0,0,0,0,0
Account,173,1,164,8,0,1,155,10,3,3,0,0,0,1,0,0,0,0,0,0,0,0,0,0,0
Acl,20,0,20,0,0,0,13,7,0,0,0,0,0,0,0,0,0,0,0,0,0,0,0,0,0
ACLTO,1,0,0,1,0,0,1,0,0,0,0,0,0,0,0,0,0,0,0,0,0,0,0,0,0
Action,17,0,3,14,0,0,14,1,0,0,2,0,0,0,0,0,0,0,0,0,0,0,0,0,0
Active,7,0,3,4,0,0,4,0,3,0,0,0,0,0,0,0,0,0,0,0,0,0,0,0,0
Activity,1,0,1,0,0,0,0,1,0,0,0,0,0,0,0,0,0,0,0,0,0,0,0,0,0
Actual,2,0,2,0,0,0,1,1,0,0,0,0,0,0,0,0,0,0,0,0,0,0,0,0,0
add,39,31,0,8,1,31,8,0,0,0,0,0,0,0,0,0,0,0,0,0,0,0,0,0,0
Added,3,0,0,3,0,0,0,3,0,0,0,0,0,0,0,0,0,0,0,0,0,0,0,0,0
Addr,7,0,0,7,0,0,0,7,0,0,0,0,0,0,0,0,0,0,0,0,0,0,0,0,0
Address,113,0,24,89,0,0,4,61,44,4,0,0,0,0,0,0,0,0,0,0,0,0,0,0,0
Addresses,3,0,0,3,0,0,2,1,0,0,0,0,0,0,0,0,0,0,0,0,0,0,0,0,0
Admin,1,0,1,0,0,0,1,0,0,0,0,0,0,0,0,0,0,0,0,0,0,0,0,0,0
Affinity,12,1,11,0,0,1,11,0,0,0,0,0,0,0,0,0,0,0,0,0,0,0,0,0,0
Agent,19,6,12,1,1,6,11,1,1,0,0,0,0,0,0,0,0,0,0,0,0,0,0,0,0
Aggregation,1,1,0,0,0,1,0,0,0,0,0,0,0,0,0,0,0,0,0,0,0,0,0,0,0
Alert,4,1,3,0,0,1,2,1,0,0,0,0,0,0,0,0,0,0,0,0,0,0,0,0,0
Alerts,4,0,2,2,0,0,2,2,0,0,0,0,0,0,0,0,0,0,0,0,0,0,0,0,0
Algorithm,16,0,0,16,0,0,11,5,0,0,0,0,0,0,0,0,0,0,0,0,0,0,0,0,0
Alias,7,0,6,1,0,0,2,3,2,0,0,0,0,0,0,0,0,0,0,0,0,0,0,0,0
Aliascount,1,0,0,1,0,0,1,0,0,0,0,0,0,0,0,0,0,0,0,0,0,0,0,0,0
Alive,6,0,2,4,0,0,1,2,0,3,0,0,0,0,0,0,0,0,0,0,0,0,0,0,0
All,9,0,5,4,0,0,7,0,2,0,0,0,0,0,0,0,0,0,0,0,0,0,0,0,0
alloc,1,1,0,0,0,1,0,0,0,0,0,0,0,0,0,0,0,0,0,0,0,0,0,0,0
Allocated,21,0,5,16,0,0,7,9,5,0,0,0,0,0,0,0,0,0,0,0,0,0,0,0,0
Allocation,19,0,19,0,0,0,19,0,0,0,0,0,0,0,0,0,0,0,0,0,0,0,0,0,0
allow,4,1,3,0,0,1,3,0,0,0,0,0,0,0,0,0,0,0,0,0,0,0,0,0,0
Allowed,4,0,4,0,0,0,4,0,0,0,0,0,0,0,0,0,0,0,0,0,0,0,0,0,0
Already,3,0,3,0,0,0,3,0,0,0,0,0,0,0,0,0,0,0,0,0,0,0,0,0,0
And,15,0,15,0,0,0,1,9,3,2,0,0,0,0,0,0,0,0,0,0,0,0,0,0,0
Annotated,1,0,0,1,0,0,0,1,0,0,0,0,0,0,0,0,0,0,0,0,0,0,0,0,0
Annotation,5,0,0,5,0,0,5,0,0,0,0,0,0,0,0,0,0,0,0,0,0,0,0,0,0
Answer,70,1,0,69,1,1,11,17,26,12,3,0,0,0,0,0,0,0,0,0,0,0,0,0,0
Answers,8,0,8,0,0,0,8,0,0,0,0,0,0,0,0,0,0,0,0,0,0,0,0,0,0
Api,14,1,12,1,0,1,9,1,1,2,0,0,0,0,0,0,0,0,0,0,0,0,0,0,0
App,1,0,1,0,0,0,0,1,0,0,0,0,0,0,0,0,0,0,0,0,0,0,0,0,0
Append,1,0,1,0,0,0,0,1,0,0,0,0,0,0,0,0,0,0,0,0,0,0,0,0,0
Appliance,2,0,2,0,0,0,0,0,2,0,0,0,0,0,0,0,0,0,0,0,0,0,0,0,0
Applied,2,0,0,2,0,0,1,1,0,0,0,0,0,0,0,0,0,0,0,0,0,0,0,0,0
Apply,2,0,2,0,0,0,2,0,0,0,0,0,0,0,0,0,0,0,0,0,0,0,0,0,0
Arch,2,0,0,2,0,0,2,0,0,0,0,0,0,0,0,0,0,0,0,0,0,0,0,0,0
Args,2,0,0,2,0,0,0,2,0,0,0,0,0,0,0,0,0,0,0,0,0,0,0,0,0
As,1,0,1,0,0,0,0,0,0,1,0,0,0,0,0,0,0,0,0,0,0,0,0,0,0
Assoc,3,0,3,0,0,0,3,0,0,0,0,0,0,0,0,0,0,0,0,0,0,0,0,0,0
Associated,8,0,8,0,0,0,8,0,0,0,0,0,0,0,0,0,0,0,0,0,0,0,0,0,0
Async,5,0,3,2,0,0,3,2,0,0,0,0,0,0,0,0,0,0,0,0,0,0,0,0,0
attach,7,4,0,3,0,4,3,0,0,0,0,0,0,0,0,0,0,0,0,0,0,0,0,0,0
Attached,2,0,0,2,0,0,2,0,0,0,0,0,0,0,0,0,0,0,0,0,0,0,0,0,0
Auth,3,0,2,1,0,0,3,0,0,0,0,0,0,0,0,0,0,0,0,0,0,0,0,0,0
authenticate,1,1,0,0,0,1,0,0,0,0,0,0,0,0,0,0,0,0,0,0,0,0,0,0,0
Authentication,4,0,4,0,0,0,1,3,0,0,0,0,0,0,0,0,0,0,0,0,0,0,0,0,0
Auto,22,6,16,0,0,6,16,0,0,0,0,0,0,0,0,0,0,0,0,0,0,0,0,0,0
Autoscale,3,0,3,0,0,0,3,0,0,0,0,0,0,0,0,0,0,0,0,0,0,0,0,0,0
Availability,5,0,0,5,0,0,4,0,1,0,0,0,0,0,0,0,0,0,0,0,0,0,0,0,0
Available,37,0,1,36,0,0,2,29,6,0,0,0,0,0,0,0,0,0,0,0,0,0,0,0,0
Average,3,0,3,0,0,0,3,0,0,0,0,0,0,0,0,0,0,0,0,0,0,0,0,0,0
Avoid,6,0,0,6,0,0,1,0,4,1,0,0,0,0,0,0,0,0,0,0,0,0,0,0,0
Avoids,2,0,0,2,0,0,2,0,0,0,0,0,0,0,0,0,0,0,0,0,0,0,0,0,0
Backoff,2,0,2,0,0,0,2,0,0,0,0,0,0,0,0,0,0,0,0,0,0,0,0,0,0
Backup,5,2,2,1,0,2,1,2,0,0,0,0,0,0,0,0,0,0,0,0,0,0,0,0,0
Bad,1,1,0,0,0,1,0,0,0,0,0,0,0,0,0,0,0,0,0,0,0,0,0,0,0
Balancer,24,0,24,0,0,0,1,20,3,0,0,0,0,0,0,0,0,0,0,0,0,0,0,0,0
Balancers,5,0,0,5,0,0,0,3,2,0,0,0,0,0,0,0,0,0,0,0,0,0,0,0,0
Balancing,3,0,1,2,0,0,1,0,2,0,0,0,0,0,0,0,0,0,0,0,0,0,0,0,0
Band,11,0,11,0,0,0,0,5,5,1,0,0,0,0,0,0,0,0,0,0,0,0,0,0,0
Bare,1,0,1,0,0,0,1,0,0,0,0,0,0,0,0,0,0,0,0,0,0,0,0,0,0
Base,2,1,1,0,0,1,0,1,0,0,0,0,0,0,0,0,0,0,0,0,0,0,0,0,0
Be,1,0,1,0,0,0,1,0,0,0,0,0,0,0,0,0,0,0,0,0,0,0,0,0,0
Being,1,0,1,0,0,0,0,0,1,0,0,0,0,0,0,0,0,0,0,0,0,0,0,0,0
Big,1,0,1,0,0,0,0,1,0,0,0,0,0,0,0,0,0,0,0,0,0,0,0,0,0
Bind,1,0,1,0,0,0,1,0,0,0,0,0,0,0,0,0,0,0,0,0,0,0,0,0,0
Bits,6,0,0,6,0,0,4,2,0,0,0,0,0,0,0,0,0,0,0,0,0,0,0,0,0
Blank,2,0,2,0,0,0,0,0,0,2,0,0,0,0,0,0,0,0,0,0,0,0,0,0,0
Boot,4,0,4,0,0,0,3,0,1,0,0,0,0,0,0,0,0,0,0,0,0,0,0,0,0
Bootable,8,0,0,8,0,0,8,0,0,0,0,0,0,0,0,0,0,0,0,0,0,0,0,0,0
Bootloader,2,0,0,2,0,0,2,0,0,0,0,0,0,0,0,0,0,0,0,0,0,0,0,0,0
Bootup,2,0,2,0,0,0,2,0,0,0,0,0,0,0,0,0,0,0,0,0,0,0,0,0,0
Both,4,0,4,0,0,0,0,0,0,0,0,2,0,2,0,0,0,0,0,0,0,0,0,0,0
Broad,1,0,1,0,0,0,1,0,0,0,0,0,0,0,0,0,0,0,0,0,0,0,0,0,0
Broadcast,23,2,21,0,0,2,21,0,0,0,0,0,0,0,0,0,0,0,0,0,0,0,0,0,0
Bs,18,0,0,18,0,0,0,0,2,14,2,0,0,0,0,0,0,0,0,0,0,0,0,0,0
Bucket,3,0,3,0,0,0,3,0,0,0,0,0,0,0,0,0,0,0,0,0,0,0,0,0,0
Builder,1,0,0,1,0,0,0,1,0,0,0,0,0,0,0,0,0,0,0,0,0,0,0,0,0
Bump,1,1,0,0,0,1,0,0,0,0,0,0,0,0,0,0,0,0,0,0,0,0,0,0,0
By,15,0,14,1,0,0,1,6,4,4,0,0,0,0,0,0,0,0,0,0,0,0,0,0,0
Bypass,1,0,1,0,0,0,1,0,0,0,0,0,0,0,0,0,0,0,0,0,0,0,0,0,0
Byte,1,0,1,0,0,0,1,0,0,0,0,0,0,0,0,0,0,0,0,0,0,0,0,0,0
Bytes,34,0,27,7,0,0,26,6,0,0,0,2,0,0,0,0,0,0,0,0,0,0,0,0,0
Ca,1,0,1,0,0,0,1,0,0,0,0,0,0,0,0,0,0,0,0,0,0,0,0,0,0
Cache,7,0,7,0,0,0,7,0,0,0,0,0,0,0,0,0,0,0,0,0,0,0,0,0,0
Caching,1,0,0,1,0,0,1,0,0,0,0,0,0,0,0,0,0,0,0,0,0,0,0,0,0
Call,2,1,1,0,0,1,0,1,0,0,0,0,0,0,0,0,0,0,0,0,0,0,0,0,0
Caller,2,0,2,0,0,0,0,2,0,0,0,0,0,0,0,0,0,0,0,0,0,0,0,0,0
Calling,12,0,12,0,0,0,12,0,0,0,0,0,0,0,0,0,0,0,0,0,0,0,0,0,0
can,7,2,5,0,0,2,5,0,0,0,0,0,0,0,0,0,0,0,0,0,0,0,0,0,0
cancel,3,3,0,0,1,3,0,0,0,0,0,0,0,0,0,0,0,0,0,0,0,0,0,0,0
Capabilities,6,0,0,6,0,0,5,1,0,0,0,0,0,0,0,0,0,0,0,0,0,0,0,0,0
Capability,3,1,0,2,1,1,2,0,0,0,0,0,0,0,0,0,0,0,0,0,0,0,0,0,0
Capabilityst,1,0,1,0,0,0,0,1,0,0,0,0,0,0,0,0,0,0,0,0,0,0,0,0,0
Capacities,3,0,0,3,0,0,0,3,0,0,0,0,0,0,0,0,0,0,0,0,0,0,0,0,0
Capacitites,6,0,0,6,0,0,6,0,0,0,0,0,0,0,0,0,0,0,0,0,0,0,0,0,0
Capacity,33,0,24,9,0,0,20,8,5,0,0,0,0,0,0,0,0,0,0,0,0,0,0,0,0
Caps,2,0,0,2,0,0,2,0,0,0,0,0,0,0,0,0,0,0,0,0,0,0,0,0,0
Cast,1,0,1,0,0,0,0,1,0,0,0,0,0,0,0,0,0,0,0,0,0,0,0,0,0
Categories,1,0,0,1,0,0,0,0,1,0,0,0,0,0,0,0,0,0,0,0,0,0,0,0,0
Category,16,0,11,5,0,0,4,12,0,0,0,0,0,0,0,0,0,0,0,0,0,0,0,0,0
Center,10,0,8,2,0,0,1,8,1,0,0,0,0,0,0,0,0,0,0,0,0,0,0,0,0
Centers,1,0,1,0,0,0,0,1,0,0,0,0,0,0,0,0,0,0,0,0,0,0,0,0,0
Cert,8,0,3,5,0,0,5,2,1,0,0,0,0,0,0,0,0,0,0,0,0,0,0,0,0
Certchain,1,0,0,1,0,0,1,0,0,0,0,0,0,0,0,0,0,0,0,0,0,0,0,0,0
Certificate,7,1,0,6,0,1,3,2,1,0,0,0,0,0,0,0,0,0,0,0,0,0,0,0,0
Certs,1,0,0,1,0,0,1,0,0,0,0,0,0,0,0,0,0,0,0,0,0,0,0,0,0
Cfg,8,0,7,1,0,0,2,1,3,2,0,0,0,0,0,0,0,0,0,0,0,0,0,0,0
Chain,9,0,7,2,0,0,9,0,0,0,0,0,0,0,0,0,0,0,0,0,0,0,0,0,0
Change,4,2,2,0,0,2,1,0,0,0,1,0,0,0,0,0,0,0,0,0,0,0,0,0,0
Changes,1,0,0,1,0,0,1,0,0,0,0,0,0,0,0,0,0,0,0,0,0,0,0,0,0
Channel,1,0,1,0,0,0,0,1,0,0,0,0,0,0,0,0,0,0,0,0,0,0,0,0,0
check,54,41,12,1,1,41,2,10,0,1,0,0,0,0,0,0,0,0,0,0,0,0,0,0,0
Checker,2,0,2,0,0,0,0,1,1,0,0,0,0,0,0,0,0,0,0,0,0,0,0,0,0
Checksum,11,0,1,10,0,0,11,0,0,0,0,0,0,0,0,0,0,0,0,0,0,0,0,0,0
Child,4,0,2,2,0,0,1,2,1,0,0,0,0,0,0,0,0,0,0,0,0,0,0,0,0
Choose,2,0,0,2,0,0,0,2,0,0,0,0,0,0,0,0,0,0,0,0,0,0,0,0,0
Cidr,71,0,37,34,0,0,20,42,8,0,0,1,0,0,0,0,0,0,0,0,0,0,0,0,0
Cidrs,3,0,0,3,0,0,0,2,1,0,0,0,0,0,0,0,0,0,0,0,0,0,0,0,0
Class,3,0,2,1,0,0,0,1,1,1,0,0,0,0,0,0,0,0,0,0,0,0,0,0,0
Classes,1,0,0,1,0,0,0,0,0,1,0,0,0,0,0,0,0,0,0,0,0,0,0,0,0
clean,1,1,0,0,0,1,0,0,0,0,0,0,0,0,0,0,0,0,0,0,0,0,0,0,0
cleanup,11,4,4,3,1,4,7,0,0,0,0,0,0,0,0,0,0,0,0,0,0,0,0,0,0
Clone,1,0,0,1,0,0,0,1,0,0,0,0,0,0,0,0,0,0,0,0,0,0,0,0,0
Cloud,7,2,5,0,0,2,4,1,0,0,0,0,0,0,0,0,0,0,0,0,0,0,0,0,0
Cluster,62,2,53,7,0,2,55,1,0,2,0,2,0,0,0,0,0,0,0,0,0,0,0,0,0
Clusters,1,0,1,0,0,0,1,0,0,0,0,0,0,0,0,0,0,0,0,0,0,0,0,0,0
Cmd,7,0,3,4,0,0,2,3,1,1,0,0,0,0,0,0,0,0,0,0,0,0,0,0,0
Cn,1,0,0,1,0,0,1,0,0,0,0,0,0,0,0,0,0,0,0,0,0,0,0,0,0
Code,43,0,2,41,0,0,18,21,4,0,0,0,0,0,0,0,0,0,0,0,0,0,0,0,0
Comma,1,0,1,0,0,0,1,0,0,0,0,0,0,0,0,0,0,0,0,0,0,0,0,0,0
Command,587,1,459,127,1,1,469,31,45,26,11,3,1,0,0,0,0,0,0,0,0,0,0,0,0
Commands,1,0,0,1,0,0,1,0,0,0,0,0,0,0,0,0,0,0,0,0,0,0,0,0,0
compare,3,3,0,0,3,3,0,0,0,0,0,0,0,0,0,0,0,0,0,0,0,0,0,0,0
Complete,2,0,2,0,0,0,0,0,2,0,0,0,0,0,0,0,0,0,0,0,0,0,0,0,0
Component,2,1,1,0,0,1,0,1,0,0,0,0,0,0,0,0,0,0,0,0,0,0,0,0,0
compress,2,2,0,0,0,2,0,0,0,0,0,0,0,0,0,0,0,0,0,0,0,0,0,0,0
Compressed,1,0,1,0,0,0,1,0,0,0,0,0,0,0,0,0,0,0,0,0,0,0,0,0,0
Compute,1,1,0,0,0,1,0,0,0,0,0,0,0,0,0,0,0,0,0,0,0,0,0,0,0
Computing,1,0,1,0,0,0,1,0,0,0,0,0,0,0,0,0,0,0,0,0,0,0,0,0,0
Concurrent,2,1,1,0,0,1,1,0,0,0,0,0,0,0,0,0,0,0,0,0,0,0,0,0,0
Condition,6,1,3,2,0,1,5,0,0,0,0,0,0,0,0,0,0,0,0,0,0,0,0,0,0
Conditions,3,0,0,3,0,0,3,0,0,0,0,0,0,0,0,0,0,0,0,0,0,0,0,0,0
Config,30,0,27,3,0,0,16,5,9,0,0,0,0,0,0,0,0,0,0,0,0,0,0,0,0
Configs,1,0,0,1,0,0,0,1,0,0,0,0,0,0,0,0,0,0,0,0,0,0,0,0,0
Configuration,1,0,0,1,0,0,1,0,0,0,0,0,0,0,0,0,0,0,0,0,0,0,0,0,0
configure,8,8,0,0,6,8,0,0,0,0,0,0,0,0,0,0,0,0,0,0,0,0,0,0,0
Configured,2,0,2,0,0,0,2,0,0,0,0,0,0,0,0,0,0,0,0,0,0,0,0,0,0
Conflict,3,0,3,0,0,0,2,1,0,0,0,0,0,0,0,0,0,0,0,0,0,0,0,0,0
Conflicting,1,1,0,0,0,1,0,0,0,0,0,0,0,0,0,0,0,0,0,0,0,0,0,0,0
Connected,5,0,4,1,0,0,5,0,0,0,0,0,0,0,0,0,0,0,0,0,0,0,0,0,0
Connection,8,1,6,1,0,1,7,0,0,0,0,0,0,0,0,0,0,0,0,0,0,0,0,0,0
Connections,3,0,2,1,0,0,0,1,0,2,0,0,0,0,0,0,0,0,0,0,0,0,0,0,0
Conserve,3,0,3,0,0,0,2,0,1,0,0,0,0,0,0,0,0,0,0,0,0,0,0,0,0
Console,12,5,7,0,0,5,6,1,0,0,0,0,0,0,0,0,0,0,0,0,0,0,0,0,0
consume,1,1,0,0,0,1,0,0,0,0,0,0,0,0,0,0,0,0,0,0,0,0,0,0,0
contain,1,1,0,0,0,1,0,0,0,0,0,0,0,0,0,0,0,0,0,0,0,0,0,0,0
contains,2,2,0,0,1,2,0,0,0,0,0,0,0,0,0,0,0,0,0,0,0,0,0,0,0
Context,30,0,17,13,0,0,16,10,4,0,0,0,0,0,0,0,0,0,0,0,0,0,0,0,0
Control,10,0,8,2,0,0,8,2,0,0,0,0,0,0,0,0,0,0,0,0,0,0,0,0,0
Controlled,1,0,1,0,0,0,0,1,0,0,0,0,0,0,0,0,0,0,0,0,0,0,0,0,0
Controller,6,0,3,3,0,0,2,4,0,0,0,0,0,0,0,0,0,0,0,0,0,0,0,0,0
Convergence,2,0,0,2,0,0,0,2,0,0,0,0,0,0,0,0,0,0,0,0,0,0,0,0,0
Copy,4,0,4,0,0,0,4,0,0,0,0,0,0,0,0,0,0,0,0,0,0,0,0,0,0
Correct,3,0,3,0,0,0,0,3,0,0,0,0,0,0,0,0,0,0,0,0,0,0,0,0,0
Corrupted,1,0,0,1,0,0,1,0,0,0,0,0,0,0,0,0,0,0,0,0,0,0,0,0,0
Count,17,0,0,17,0,0,5,10,2,0,0,0,0,0,0,0,0,0,0,0,0,0,0,0,0
Counter,14,1,9,4,0,1,9,4,0,0,0,0,0,0,0,0,0,0,0,0,0,0,0,0,0
Cpu,58,0,58,0,0,0,50,8,0,0,0,0,0,0,0,0,0,0,0,0,0,0,0,0,0
Cpus,4,0,0,4,0,0,4,0,0,0,0,0,0,0,0,0,0,0,0,0,0,0,0,0,0
create,107,69,34,4,43,69,37,0,1,0,0,0,0,0,0,0,0,0,0,0,0,0,0,0,0
Created,36,0,2,34,0,0,35,1,0,0,0,0,0,0,0,0,0,0,0,0,0,0,0,0,0
Credentials,2,0,0,2,0,0,0,0,0,0,2,0,0,0,0,0,0,0,0,0,0,0,0,0,0
Cross,1,0,1,0,0,0,1,0,0,0,0,0,0,0,0,0,0,0,0,0,0,0,0,0,0
Crud,1,0,0,1,0,0,1,0,0,0,0,0,0,0,0,0,0,0,0,0,0,0,0,0,0
CS,5,0,5,0,0,0,5,0,0,0,0,0,0,0,0,0,0,0,0,0,0,0,0,0,0
Csr,1,0,0,1,0,0,1,0,0,0,0,0,0,0,0,0,0,0,0,0,0,0,0,0,0
Current,9,2,5,2,2,2,7,0,0,0,0,0,0,0,0,0,0,0,0,0,0,0,0,0,0
Custom,3,0,3,0,0,0,3,0,0,0,0,0,0,0,0,0,0,0,0,0,0,0,0,0,0
Customer,5,0,2,3,0,0,5,0,0,0,0,0,0,0,0,0,0,0,0,0,0,0,0,0,0
Customized,10,0,6,4,0,0,10,0,0,0,0,0,0,0,0,0,0,0,0,0,0,0,0,0,0
Data,40,2,20,18,0,2,17,15,4,0,2,0,0,0,0,0,0,0,0,0,0,0,0,0,0
Datadisk,1,1,0,0,0,1,0,0,0,0,0,0,0,0,0,0,0,0,0,0,0,0,0,0,0
Datastore,6,0,2,4,0,0,0,6,0,0,0,0,0,0,0,0,0,0,0,0,0,0,0,0,0
Date,22,0,1,21,0,0,1,21,0,0,0,0,0,0,0,0,0,0,0,0,0,0,0,0,0
Datum,1,0,0,1,0,0,0,0,1,0,0,0,0,0,0,0,0,0,0,0,0,0,0,0,0
Dc,2,0,2,0,0,0,2,0,0,0,0,0,0,0,0,0,0,0,0,0,0,0,0,0,0
deallocate,1,1,0,0,1,1,0,0,0,0,0,0,0,0,0,0,0,0,0,0,0,0,0,0,0
Default,37,0,24,13,0,0,26,10,0,0,0,0,1,0,0,0,0,0,0,0,0,0,0,0,0
Defined,4,0,0,4,0,0,0,0,4,0,0,0,0,0,0,0,0,0,0,0,0,0,0,0,0
Delete,8,5,3,0,0,5,3,0,0,0,0,0,0,0,0,0,0,0,0,0,0,0,0,0,0
Denied,1,0,1,0,0,0,1,0,0,0,0,0,0,0,0,0,0,0,0,0,0,0,0,0,0
Deploy,9,0,7,2,0,0,1,6,1,1,0,0,0,0,0,0,0,0,0,0,0,0,0,0,0
Deployment,6,0,5,1,0,0,5,1,0,0,0,0,0,0,0,0,0,0,0,0,0,0,0,0,0
Description,301,0,0,301,0,0,62,232,7,0,0,0,0,0,0,0,0,0,0,0,0,0,0,0,0
Dest,14,0,14,0,0,0,12,0,0,2,0,0,0,0,0,0,0,0,0,0,0,0,0,0,0
Destination,17,0,16,1,0,0,17,0,0,0,0,0,0,0,0,0,0,0,0,0,0,0,0,0,0
Destinations,3,0,0,3,0,0,3,0,0,0,0,0,0,0,0,0,0,0,0,0,0,0,0,0,0
Destory,1,0,1,0,0,0,0,1,0,0,0,0,0,0,0,0,0,0,0,0,0,0,0,0,0
Destroy,6,2,4,0,1,2,4,0,0,0,0,0,0,0,0,0,0,0,0,0,0,0,0,0,0
Destroyed,4,0,1,3,0,0,2,1,0,1,0,0,0,0,0,0,0,0,0,0,0,0,0,0,0
Detail,5,0,1,4,0,0,2,3,0,0,0,0,0,0,0,0,0,0,0,0,0,0,0,0,0
Details,80,0,6,74,0,0,62,16,2,0,0,0,0,0,0,0,0,0,0,0,0,0,0,0,0
Determined,1,0,0,1,0,0,1,0,0,0,0,0,0,0,0,0,0,0,0,0,0,0,0,0,0
Dettach,1,0,1,0,0,0,0,1,0,0,0,0,0,0,0,0,0,0,0,0,0,0,0,0,0
Dev,4,0,3,1,0,0,0,3,0,1,0,0,0,0,0,0,0,0,0,0,0,0,0,0,0
Device,27,0,23,4,0,0,20,7,0,0,0,0,0,0,0,0,0,0,0,0,0,0,0,0,0
Dhcp,20,3,17,0,0,3,14,3,0,0,0,0,0,0,0,0,0,0,0,0,0,0,0,0,0
Dir,2,0,1,1,0,0,0,1,1,0,0,0,0,0,0,0,0,0,0,0,0,0,0,0,0
Direct,15,4,11,0,0,4,10,1,0,0,0,0,0,0,0,0,0,0,0,0,0,0,0,0,0
Directory,2,0,1,1,0,0,1,1,0,0,0,0,0,0,0,0,0,0,0,0,0,0,0,0,0
disable,3,1,0,2,0,1,0,2,0,0,0,0,0,0,0,0,0,0,0,0,0,0,0,0,0
Disconnected,3,0,3,0,0,0,3,0,0,0,0,0,0,0,0,0,0,0,0,0,0,0,0,0,0
Discovered,1,1,0,0,0,1,0,0,0,0,0,0,0,0,0,0,0,0,0,0,0,0,0,0,0
Discovery,2,1,1,0,0,1,0,0,1,0,0,0,0,0,0,0,0,0,0,0,0,0,0,0,0
Disk,65,3,61,1,0,3,57,4,0,0,1,0,0,0,0,0,0,0,0,0,0,0,0,0,0
Disks,3,0,0,3,0,0,2,0,1,0,0,0,0,0,0,0,0,0,0,0,0,0,0,0,0
Display,182,0,96,86,0,0,133,34,15,0,0,0,0,0,0,0,0,0,0,0,0,0,0,0,0
Displaytext,2,0,0,2,0,0,2,0,0,0,0,0,0,0,0,0,0,0,0,0,0,0,0,0,0
Distributed,2,0,2,0,0,0,0,2,0,0,0,0,0,0,0,0,0,0,0,0,0,0,0,0,0
Dns,7,1,1,5,0,1,4,2,0,0,0,0,0,0,0,0,0,0,0,0,0,0,0,0,0
Dns1,27,0,0,27,0,0,12,11,4,0,0,0,0,0,0,0,0,0,0,0,0,0,0,0,0
Dns2,27,0,0,27,0,0,12,11,4,0,0,0,0,0,0,0,0,0,0,0,0,0,0,0,0
do,1,1,0,0,0,1,0,0,0,0,0,0,0,0,0,0,0,0,0,0,0,0,0,0,0
Dom,3,0,3,0,0,0,3,0,0,0,0,0,0,0,0,0,0,0,0,0,0,0,0,0,0
Dom0,1,0,1,0,0,0,0,1,0,0,0,0,0,0,0,0,0,0,0,0,0,0,0,0,0
Domain,234,1,207,26,0,1,201,29,2,1,0,0,0,0,0,0,0,0,0,0,0,0,0,0,0
Domains,1,0,0,1,0,0,1,0,0,0,0,0,0,0,0,0,0,0,0,0,0,0,0,0,0
done,1,1,0,0,1,1,0,0,0,0,0,0,0,0,0,0,0,0,0,0,0,0,0,0,0
Down,6,0,3,3,0,0,3,3,0,0,0,0,0,0,0,0,0,0,0,0,0,0,0,0,0
Download,13,4,4,5,0,4,2,6,1,0,0,0,0,0,0,0,0,0,0,0,0,0,0,0,0
Downloaded,5,0,5,0,0,0,3,0,1,1,0,0,0,0,0,0,0,0,0,0,0,0,0,0,0
Downloader,5,0,1,4,0,0,0,1,4,0,0,0,0,0,0,0,0,0,0,0,0,0,0,0,0
Dpd,6,0,0,6,0,0,6,0,0,0,0,0,0,0,0,0,0,0,0,0,0,0,0,0,0
Drive,10,0,10,0,0,0,0,9,0,1,0,0,0,0,0,0,0,0,0,0,0,0,0,0,0
Driver,7,0,5,2,0,0,3,0,0,4,0,0,0,0,0,0,0,0,0,0,0,0,0,0,0
Dskch,1,0,0,1,0,0,1,0,0,0,0,0,0,0,0,0,0,0,0,0,0,0,0,0,0
Dst,4,0,4,0,0,0,3,1,0,0,0,0,0,0,0,0,0,0,0,0,0,0,0,0,0
Duid,2,0,0,2,0,0,2,0,0,0,0,0,0,0,0,0,0,0,0,0,0,0,0,0,0
Duration,6,0,0,6,0,0,5,1,0,0,0,0,0,0,0,0,0,0,0,0,0,0,0,0,0
Dynamic,1,0,1,0,0,0,1,0,0,0,0,0,0,0,0,0,0,0,0,0,0,0,0,0,0
Dynamically,13,0,13,0,0,0,9,4,0,0,0,0,0,0,0,0,0,0,0,0,0,0,0,0,0
Egress,7,0,7,0,0,0,4,1,2,0,0,0,0,0,0,0,0,0,0,0,0,0,0,0,0
ELB,1,0,0,1,0,0,0,1,0,0,0,0,0,0,0,0,0,0,0,0,0,0,0,0,0
Element,1,0,1,0,0,0,1,0,0,0,0,0,0,0,0,0,0,0,0,0,0,0,0,0,0
Email,9,0,0,9,0,0,8,0,0,0,0,1,0,0,0,0,0,0,0,0,0,0,0,0,0
empty,15,1,7,7,0,1,0,3,7,0,0,4,0,0,0,0,0,0,0,0,0,0,0,0,0
Emulator,2,0,0,2,0,0,0,2,0,0,0,0,0,0,0,0,0,0,0,0,0,0,0,0,0
Enable,10,0,6,4,0,0,4,6,0,0,0,0,0,0,0,0,0,0,0,0,0,0,0,0,0
enabled,64,1,3,60,1,1,21,10,28,3,1,0,0,0,0,0,0,0,0,0,0,0,0,0,0
Encap,6,0,0,6,0,0,6,0,0,0,0,0,0,0,0,0,0,0,0,0,0,0,0,0,0
Encrypted,2,0,2,0,0,0,2,0,0,0,0,0,0,0,0,0,0,0,0,0,0,0,0,0,0
Encryptor,2,0,2,0,0,0,2,0,0,0,0,0,0,0,0,0,0,0,0,0,0,0,0,0,0
End,63,0,49,14,0,0,46,5,12,0,0,0,0,0,0,0,0,0,0,0,0,0,0,0,0
Enough,3,0,3,0,0,0,0,3,0,0,0,0,0,0,0,0,0,0,0,0,0,0,0,0,0
ensure,1,1,0,0,0,1,0,0,0,0,0,0,0,0,0,0,0,0,0,0,0,0,0,0,0
Enter,2,0,2,0,0,0,2,0,0,0,0,0,0,0,0,0,0,0,0,0,0,0,0,0,0
Entities,1,0,1,0,0,0,1,0,0,0,0,0,0,0,0,0,0,0,0,0,0,0,0,0,0
Entity,408,1,407,0,0,1,404,3,0,0,0,0,0,0,0,0,0,0,0,0,0,0,0,0,0
Entry,5,0,2,3,0,0,2,2,0,1,0,0,0,0,0,0,0,0,0,0,0,0,0,0,0
Enum,2,0,1,1,0,0,1,0,1,0,0,0,0,0,0,0,0,0,0,0,0,0,0,0,0
Environment,1,0,0,1,0,0,1,0,0,0,0,0,0,0,0,0,0,0,0,0,0,0,0,0,0
equals,16,16,0,0,15,16,0,0,0,0,0,0,0,0,0,0,0,0,0,0,0,0,0,0,0
Error,18,0,15,3,0,0,10,8,0,0,0,0,0,0,0,0,0,0,0,0,0,0,0,0,0
Esp,12,0,12,0,0,0,12,0,0,0,0,0,0,0,0,0,0,0,0,0,0,0,0,0,0
Event,501,4,490,7,3,4,471,24,1,1,0,0,0,0,0,0,0,0,0,0,0,0,0,0,0
Events,7,0,0,7,0,0,3,4,0,0,0,0,0,0,0,0,0,0,0,0,0,0,0,0,0
Exception,36,1,0,35,0,1,3,18,12,2,0,0,0,0,0,0,0,0,0,0,0,0,0,0,0
Excl,1,0,1,0,0,0,1,0,0,0,0,0,0,0,0,0,0,0,0,0,0,0,0,0,0
Exclude,3,1,2,0,0,1,2,0,0,0,0,0,0,0,0,0,0,0,0,0,0,0,0,0,0
execute,621,598,23,0,494,598,23,0,0,0,0,0,0,0,0,0,0,0,0,0,0,0,0,0,0
Executed,2,0,0,2,0,0,2,0,0,0,0,0,0,0,0,0,0,0,0,0,0,0,0,0,0
Existing,2,0,2,0,0,0,0,1,1,0,0,0,0,0,0,0,0,0,0,0,0,0,0,0,0
Exit,1,1,0,0,0,1,0,0,0,0,0,0,0,0,0,0,0,0,0,0,0,0,0,0,0
Expunge,2,0,1,1,0,0,1,0,1,0,0,0,0,0,0,0,0,0,0,0,0,0,0,0,0
Extension,1,0,0,1,0,0,0,1,0,0,0,0,0,0,0,0,0,0,0,0,0,0,0,0,0
External,7,2,4,1,0,2,5,0,0,0,0,0,0,0,0,0,0,0,0,0,0,0,0,0,0
Extra,2,0,2,0,0,0,2,0,0,0,0,0,0,0,0,0,0,0,0,0,0,0,0,0,0
extract,4,3,1,0,0,3,1,0,0,0,0,0,0,0,0,0,0,0,0,0,0,0,0,0,0
Extractable,8,0,0,8,0,0,7,1,0,0,0,0,0,0,0,0,0,0,0,0,0,0,0,0,0
Factor,2,0,0,2,0,0,0,0,2,0,0,0,0,0,0,0,0,0,0,0,0,0,0,0,0
Failure,10,0,0,10,0,0,1,7,0,0,0,2,0,0,0,0,0,0,0,0,0,0,0,0,0
Featured,8,0,0,8,0,0,8,0,0,0,0,0,0,0,0,0,0,0,0,0,0,0,0,0,0
Fence,2,2,0,0,0,2,0,0,0,0,0,0,0,0,0,0,0,0,0,0,0,0,0,0,0
Fetch,1,0,1,0,0,0,1,0,0,0,0,0,0,0,0,0,0,0,0,0,0,0,0,0,0
Fields,2,0,1,1,0,0,0,2,0,0,0,0,0,0,0,0,0,0,0,0,0,0,0,0,0
File,18,0,5,13,0,0,3,8,2,4,1,0,0,0,0,0,0,0,0,0,0,0,0,0,0
Filer,2,0,1,1,0,0,0,0,2,0,0,0,0,0,0,0,0,0,0,0,0,0,0,0,0
fill,1,1,0,0,0,1,0,0,0,0,0,0,0,0,0,0,0,0,0,0,0,0,0,0,0
Filter,3,0,0,3,0,0,0,3,0,0,0,0,0,0,0,0,0,0,0,0,0,0,0,0,0
Fingerprint,5,0,0,5,0,0,5,0,0,0,0,0,0,0,0,0,0,0,0,0,0,0,0,0,0
Firewall,8,1,3,4,0,1,2,5,0,0,0,0,0,0,0,0,0,0,0,0,0,0,0,0,0
First,5,0,5,0,0,0,5,0,0,0,0,0,0,0,0,0,0,0,0,0,0,0,0,0,0
Firstname,3,0,0,3,0,0,3,0,0,0,0,0,0,0,0,0,0,0,0,0,0,0,0,0,0
Folder,3,0,0,3,0,0,1,0,0,0,2,0,0,0,0,0,0,0,0,0,0,0,0,0,0
For,85,2,82,1,0,2,47,24,8,0,3,1,0,0,0,0,0,0,0,0,0,0,0,0,0
Force,2,0,1,1,0,0,2,0,0,0,0,0,0,0,0,0,0,0,0,0,0,0,0,0,0
Forced,9,0,0,9,0,0,9,0,0,0,0,0,0,0,0,0,0,0,0,0,0,0,0,0,0
Format,11,0,0,11,0,0,10,0,1,0,0,0,0,0,0,0,0,0,0,0,0,0,0,0,0
Forwarding,4,0,4,0,0,0,1,3,0,0,0,0,0,0,0,0,0,0,0,0,0,0,0,0,0
free,7,1,6,0,0,1,3,1,2,0,0,0,0,0,0,0,0,0,0,0,0,0,0,0,0
From,23,4,18,1,0,4,4,8,5,2,0,0,0,0,0,0,0,0,0,0,0,0,0,0,0
Full,5,0,4,1,0,0,4,1,0,0,0,0,0,0,0,0,0,0,0,0,0,0,0,0,0
Fw,2,0,2,0,0,0,2,0,0,0,0,0,0,0,0,0,0,0,0,0,0,0,0,0,0
Gate,4,0,4,0,0,0,4,0,0,0,0,0,0,0,0,0,0,0,0,0,0,0,0,0,0
Gateway,65,0,18,47,0,0,38,19,8,0,0,0,0,0,0,0,0,0,0,0,0,0,0,0,0
ge,2,2,0,0,0,2,0,0,0,0,0,0,0,0,0,0,0,0,0,0,0,0,0,0,0
generate,3,3,0,0,0,3,0,0,0,0,0,0,0,0,0,0,0,0,0,0,0,0,0,0,0
Generic,2,0,0,2,0,0,1,1,0,0,0,0,0,0,0,0,0,0,0,0,0,0,0,0,0
get,5505,5492,13,0,2,5492,13,0,0,0,0,0,0,0,0,0,0,0,0,0,0,0,0,0,0
getdir,1,1,0,0,1,1,0,0,0,0,0,0,0,0,0,0,0,0,0,0,0,0,0,0,0
getparam,1,1,0,0,0,1,0,0,0,0,0,0,0,0,0,0,0,0,0,0,0,0,0,0,0
getphysical,3,3,0,0,0,3,0,0,0,0,0,0,0,0,0,0,0,0,0,0,0,0,0,0,0
getping,1,1,0,0,0,1,0,0,0,0,0,0,0,0,0,0,0,0,0,0,0,0,0,0,0
getpingpath,2,2,0,0,2,2,0,0,0,0,0,0,0,0,0,0,0,0,0,0,0,0,0,0,0
Global,5,2,3,0,0,2,3,0,0,0,0,0,0,0,0,0,0,0,0,0,0,0,0,0,0
GPU,12,2,9,1,0,2,9,0,0,1,0,0,0,0,0,0,0,0,0,0,0,0,0,0,0
Graceperiod,4,0,0,4,0,0,0,0,4,0,0,0,0,0,0,0,0,0,0,0,0,0,0,0,0
greater,1,1,0,0,0,1,0,0,0,0,0,0,0,0,0,0,0,0,0,0,0,0,0,0,0
Group,73,1,56,16,0,1,17,42,6,7,0,0,0,0,0,0,0,0,0,0,0,0,0,0,0
Groups,6,0,4,2,0,0,1,4,0,1,0,0,0,0,0,0,0,0,0,0,0,0,0,0,0
Gslb,8,0,8,0,0,0,8,0,0,0,0,0,0,0,0,0,0,0,0,0,0,0,0,0,0
Guest,42,0,42,0,0,0,35,5,0,2,0,0,0,0,0,0,0,0,0,0,0,0,0,0,0
Guests,3,0,3,0,0,0,0,3,0,0,0,0,0,0,0,0,0,0,0,0,0,0,0,0,0
Guid,12,0,0,12,0,0,3,9,0,0,0,0,0,0,0,0,0,0,0,0,0,0,0,0,0
Guru,1,0,1,0,0,0,1,0,0,0,0,0,0,0,0,0,0,0,0,0,0,0,0,0,0
HA,19,3,13,3,0,3,11,5,0,0,0,0,0,0,0,0,0,0,0,0,0,0,0,0,0
handle,2,2,0,0,0,2,0,0,0,0,0,0,0,0,0,0,0,0,0,0,0,0,0,0,0
Handler,3,0,1,2,0,0,1,1,0,0,1,0,0,0,0,0,0,0,0,0,0,0,0,0,0
Handlers,1,0,0,1,0,0,1,0,0,0,0,0,0,0,0,0,0,0,0,0,0,0,0,0,0
Has,6,1,5,0,0,1,5,0,0,0,0,0,0,0,0,0,0,0,0,0,0,0,0,0,0
hash,14,14,0,0,0,14,0,0,0,0,0,0,0,0,0,0,0,0,0,0,0,0,0,0,0
Heads,2,0,0,2,0,0,0,2,0,0,0,0,0,0,0,0,0,0,0,0,0,0,0,0,0
Health,12,2,10,0,0,2,10,0,0,0,0,0,0,0,0,0,0,0,0,0,0,0,0,0,0
Healthcheck,4,0,4,0,0,0,4,0,0,0,0,0,0,0,0,0,0,0,0,0,0,0,0,0,0
Healthy,1,0,1,0,0,0,1,0,0,0,0,0,0,0,0,0,0,0,0,0,0,0,0,0,0
Hex,1,0,1,0,0,0,0,0,1,0,0,0,0,0,0,0,0,0,0,0,0,0,0,0,0
Holder,2,0,2,0,0,0,0,2,0,0,0,0,0,0,0,0,0,0,0,0,0,0,0,0,0
Host,137,4,111,22,0,4,116,16,0,1,0,0,0,0,0,0,0,0,0,0,0,0,0,0,0
Hostguid,1,0,0,1,0,0,1,0,0,0,0,0,0,0,0,0,0,0,0,0,0,0,0,0,0
Hosts,7,0,5,2,0,0,3,2,0,2,0,0,0,0,0,0,0,0,0,0,0,0,0,0,0
Http,7,1,6,0,0,1,5,0,0,1,0,0,0,0,0,0,0,0,0,0,0,0,0,0,0
Https,6,1,2,3,0,1,5,0,0,0,0,0,0,0,0,0,0,0,0,0,0,0,0,0,0
Hvm,5,0,0,5,0,0,0,5,0,0,0,0,0,0,0,0,0,0,0,0,0,0,0,0,0
Hyper,1,0,1,0,0,0,1,0,0,0,0,0,0,0,0,0,0,0,0,0,0,0,0,0,0
Hyperv,4,0,4,0,0,0,4,0,0,0,0,0,0,0,0,0,0,0,0,0,0,0,0,0,0
Hypervisor,56,0,20,36,0,0,52,0,0,4,0,0,0,0,0,0,0,0,0,0,0,0,0,0,0
I,25,0,25,0,0,0,21,4,0,0,0,0,0,0,0,0,0,0,0,0,0,0,0,0,0
Icmp,28,0,28,0,0,0,28,0,0,0,0,0,0,0,0,0,0,0,0,0,0,0,0,0,0
Id,1975,0,26,1949,0,0,436,840,656,38,2,2,0,1,0,0,0,0,0,0,0,0,0,0,0
Identifier,2,0,0,2,0,0,0,2,0,0,0,0,0,0,0,0,0,0,0,0,0,0,0,0,0
Ids,32,0,0,32,0,0,10,12,4,6,0,0,0,0,0,0,0,0,0,0,0,0,0,0,0
Ike,11,0,11,0,0,0,11,0,0,0,0,0,0,0,0,0,0,0,0,0,0,0,0,0,0
Image,9,2,7,0,0,2,6,1,0,0,0,0,0,0,0,0,0,0,0,0,0,0,0,0,0
Impl,1,0,0,1,0,0,0,0,1,0,0,0,0,0,0,0,0,0,0,0,0,0,0,0,0
Implement,1,0,1,0,0,0,0,1,0,0,0,0,0,0,0,0,0,0,0,0,0,0,0,0,0
Implementor,1,0,0,1,0,0,1,0,0,0,0,0,0,0,0,0,0,0,0,0,0,0,0,0,0
In,114,0,114,0,0,0,106,3,1,0,4,0,0,0,0,0,0,0,0,0,0,0,0,0,0
Inactive,1,0,0,1,0,0,0,1,0,0,0,0,0,0,0,0,0,0,0,0,0,0,0,0,0
Incl,1,0,1,0,0,0,1,0,0,0,0,0,0,0,0,0,0,0,0,0,0,0,0,0,0
Include,3,0,3,0,0,0,3,0,0,0,0,0,0,0,0,0,0,0,0,0,0,0,0,0,0
included,1,1,0,0,0,1,0,0,0,0,0,0,0,0,0,0,0,0,0,0,0,0,0,0,0
Index,2,0,0,2,0,0,0,2,0,0,0,0,0,0,0,0,0,0,0,0,0,0,0,0,0
Individual,2,0,2,0,0,0,0,0,2,0,0,0,0,0,0,0,0,0,0,0,0,0,0,0,0
Info,23,0,1,22,0,0,0,17,4,2,0,0,0,0,0,0,0,0,0,0,0,0,0,0,0
Information,3,0,0,3,0,0,0,3,0,0,0,0,0,0,0,0,0,0,0,0,0,0,0,0,0
Ingress,4,0,4,0,0,0,2,0,2,0,0,0,0,0,0,0,0,0,0,0,0,0,0,0,0
init,6,6,0,0,6,6,0,0,0,0,0,0,0,0,0,0,0,0,0,0,0,0,0,0,0
initial,1,1,0,0,0,1,0,0,0,0,0,0,0,0,0,0,0,0,0,0,0,0,0,0,0
initialize,3,3,0,0,2,3,0,0,0,0,0,0,0,0,0,0,0,0,0,0,0,0,0,0,0
Injected,1,0,1,0,0,0,1,0,0,0,0,0,0,0,0,0,0,0,0,0,0,0,0,0,0
Inline,1,0,0,1,0,0,1,0,0,0,0,0,0,0,0,0,0,0,0,0,0,0,0,0,0
Install,6,0,6,0,0,0,4,1,1,0,0,0,0,0,0,0,0,0,0,0,0,0,0,0,0
Instance,189,0,189,0,0,0,187,2,0,0,0,0,0,0,0,0,0,0,0,0,0,0,0,0,0
Instances,1,0,0,1,0,0,0,1,0,0,0,0,0,0,0,0,0,0,0,0,0,0,0,0,0
instantiate,1,1,0,0,0,1,0,0,0,0,0,0,0,0,0,0,0,0,0,0,0,0,0,0,0
Insufficient,6,6,0,0,0,6,0,0,0,0,0,0,0,0,0,0,0,0,0,0,0,0,0,0,0
Int,2,0,2,0,0,0,0,2,0,0,0,0,0,0,0,0,0,0,0,0,0,0,0,0,0
Integer,1,0,0,1,0,0,0,0,1,0,0,0,0,0,0,0,0,0,0,0,0,0,0,0,0
Interface,13,0,0,13,0,0,0,13,0,0,0,0,0,0,0,0,0,0,0,0,0,0,0,0,0
Internal,12,1,11,0,0,1,8,2,1,0,0,0,0,0,0,0,0,0,0,0,0,0,0,0,0
Interval,22,0,5,17,0,0,15,2,5,0,0,0,0,0,0,0,0,0,0,0,0,0,0,0,0
Intf,1,0,0,1,0,0,1,0,0,0,0,0,0,0,0,0,0,0,0,0,0,0,0,0,0
Invalid,4,2,2,0,0,2,1,0,0,1,0,0,0,0,0,0,0,0,0,0,0,0,0,0,0
Invitation,1,0,1,0,0,0,1,0,0,0,0,0,0,0,0,0,0,0,0,0,0,0,0,0,0
Invite,1,0,1,0,0,0,0,1,0,0,0,0,0,0,0,0,0,0,0,0,0,0,0,0,0
IO,4,0,4,0,0,0,0,4,0,0,0,0,0,0,0,0,0,0,0,0,0,0,0,0,0
Iops,55,0,20,35,0,0,20,35,0,0,0,0,0,0,0,0,0,0,0,0,0,0,0,0,0
Ip,256,6,135,115,0,6,77,134,30,9,0,0,0,0,0,0,0,0,0,0,0,0,0,0,0
Ip4,3,0,3,0,0,0,3,0,0,0,0,0,0,0,0,0,0,0,0,0,0,0,0,0,0
Ip6,40,0,39,1,0,0,37,3,0,0,0,0,0,0,0,0,0,0,0,0,0,0,0,0,0
Ipaddress,5,0,0,5,0,0,4,1,0,0,0,0,0,0,0,0,0,0,0,0,0,0,0,0,0
Ipm,1,1,0,0,0,1,0,0,0,0,0,0,0,0,0,0,0,0,0,0,0,0,0,0,0
Ips,12,0,3,9,0,0,1,9,2,0,0,0,0,0,0,0,0,0,0,0,0,0,0,0,0
Ipsec,6,0,6,0,0,0,6,0,0,0,0,0,0,0,0,0,0,0,0,0,0,0,0,0,0
Ipv6,7,0,0,7,0,0,0,7,0,0,0,0,0,0,0,0,0,0,0,0,0,0,0,0,0
Iqn,2,0,2,0,0,0,2,0,0,0,0,0,0,0,0,0,0,0,0,0,0,0,0,0,0
is,248,207,41,0,0,207,39,0,0,0,0,0,0,1,1,0,0,0,0,0,0,0,0,0,0
Iscutomized,1,0,0,1,0,0,1,0,0,0,0,0,0,0,0,0,0,0,0,0,0,0,0,0,0
Isflag,4,0,0,4,0,0,4,0,0,0,0,0,0,0,0,0,0,0,0,0,0,0,0,0,0
Iso,27,0,25,2,0,0,22,0,5,0,0,0,0,0,0,0,0,0,0,0,0,0,0,0,0
Isolated,2,0,1,1,0,0,2,0,0,0,0,0,0,0,0,0,0,0,0,0,0,0,0,0,0
Isolation,15,3,12,0,0,3,12,0,0,0,0,0,0,0,0,0,0,0,0,0,0,0,0,0,0
Isolationuri,1,0,0,1,0,0,1,0,0,0,0,0,0,0,0,0,0,0,0,0,0,0,0,0,0
Job,16,0,14,2,0,0,13,3,0,0,0,0,0,0,0,0,0,0,0,0,0,0,0,0,0
K,18,0,18,0,0,0,0,2,14,2,0,0,0,0,0,0,0,0,0,0,0,0,0,0,0
Kbs,14,0,14,0,0,0,0,14,0,0,0,0,0,0,0,0,0,0,0,0,0,0,0,0,0
Keep,5,0,5,0,0,0,2,0,3,0,0,0,0,0,0,0,0,0,0,0,0,0,0,0,0
Key,61,0,9,52,0,0,13,42,2,0,4,0,0,0,0,0,0,0,0,0,0,0,0,0,0
Keyboard,1,0,0,1,0,0,1,0,0,0,0,0,0,0,0,0,0,0,0,0,0,0,0,0,0
Keys,2,0,1,1,0,0,0,2,0,0,0,0,0,0,0,0,0,0,0,0,0,0,0,0,0
Keystore,7,0,6,1,0,0,6,1,0,0,0,0,0,0,0,0,0,0,0,0,0,0,0,0,0
Keyword,1,0,0,1,0,0,1,0,0,0,0,0,0,0,0,0,0,0,0,0,0,0,0,0,0
Kvm,5,0,5,0,0,0,5,0,0,0,0,0,0,0,0,0,0,0,0,0,0,0,0,0,0
L2,3,0,3,0,0,0,0,2,1,0,0,0,0,0,0,0,0,0,0,0,0,0,0,0,0
Label,26,0,0,26,0,0,0,21,4,0,1,0,0,0,0,0,0,0,0,0,0,0,0,0,0
Lable,2,0,2,0,0,0,0,2,0,0,0,0,0,0,0,0,0,0,0,0,0,0,0,0,0
Last,10,0,10,0,0,0,10,0,0,0,0,0,0,0,0,0,0,0,0,0,0,0,0,0,0
Lastname,3,0,0,3,0,0,3,0,0,0,0,0,0,0,0,0,0,0,0,0,0,0,0,0,0
Latest,1,0,0,1,0,0,0,1,0,0,0,0,0,0,0,0,0,0,0,0,0,0,0,0,0
launch,4,4,0,0,0,4,0,0,0,0,0,0,0,0,0,0,0,0,0,0,0,0,0,0,0
Lb,41,12,29,0,0,12,25,4,0,0,0,0,0,0,0,0,0,0,0,0,0,0,0,0,0
Leave,2,0,2,0,0,0,2,0,0,0,0,0,0,0,0,0,0,0,0,0,0,0,0,0,0
Level,12,0,2,10,0,0,6,5,1,0,0,0,0,0,0,0,0,0,0,0,0,0,0,0,0
Lifetime,12,0,0,12,0,0,1,11,0,0,0,0,0,0,0,0,0,0,0,0,0,0,0,0,0
Limit,51,0,9,42,0,0,7,31,11,2,0,0,0,0,0,0,0,0,0,0,0,0,0,0,0
Line,1,0,1,0,0,0,0,1,0,0,0,0,0,0,0,0,0,0,0,0,0,0,0,0,0
Link,11,0,10,1,0,0,11,0,0,0,0,0,0,0,0,0,0,0,0,0,0,0,0,0,0
List,97,8,17,72,0,8,4,21,39,16,7,0,2,0,0,0,0,0,0,0,0,0,0,0,0
Listener,3,0,0,3,0,0,0,3,0,0,0,0,0,0,0,0,0,0,0,0,0,0,0,0,0
Live,1,0,1,0,0,0,1,0,0,0,0,0,0,0,0,0,0,0,0,0,0,0,0,0,0
load,44,5,36,3,0,5,25,13,1,0,0,0,0,0,0,0,0,0,0,0,0,0,0,0,0
Local,38,0,36,2,0,0,26,11,1,0,0,0,0,0,0,0,0,0,0,0,0,0,0,0,0
Location,3,0,2,1,0,0,2,0,1,0,0,0,0,0,0,0,0,0,0,0,0,0,0,0,0
lock,2,1,1,0,0,1,1,0,0,0,0,0,0,0,0,0,0,0,0,0,0,0,0,0,0
Log,6,1,4,1,0,1,2,3,0,0,0,0,0,0,0,0,0,0,0,0,0,0,0,0,0
Log4j,1,1,0,0,0,1,0,0,0,0,0,0,0,0,0,0,0,0,0,0,0,0,0,0,0
Logger,6,0,0,6,0,0,6,0,0,0,0,0,0,0,0,0,0,0,0,0,0,0,0,0,0
Logical,4,0,4,0,0,0,0,4,0,0,0,0,0,0,0,0,0,0,0,0,0,0,0,0,0
lost,1,1,0,0,0,1,0,0,0,0,0,0,0,0,0,0,0,0,0,0,0,0,0,0,0
Mac,32,0,21,11,0,0,15,14,3,0,0,0,0,0,0,0,0,0,0,0,0,0,0,0,0
Machine,84,0,66,18,0,0,1,83,0,0,0,0,0,0,0,0,0,0,0,0,0,0,0,0,0
Machineid,2,0,0,2,0,0,0,2,0,0,0,0,0,0,0,0,0,0,0,0,0,0,0,0,0
main,3,3,0,0,3,3,0,0,0,0,0,0,0,0,0,0,0,0,0,0,0,0,0,0,0
Maintain,1,1,0,0,0,1,0,0,0,0,0,0,0,0,0,0,0,0,0,0,0,0,0,0,0
Makeredundant,1,0,0,1,0,0,1,0,0,0,0,0,0,0,0,0,0,0,0,0,0,0,0,0,0
Manage,2,2,0,0,0,2,0,0,0,0,0,0,0,0,0,0,0,0,0,0,0,0,0,0,0
Managed,3,0,2,1,0,0,3,0,0,0,0,0,0,0,0,0,0,0,0,0,0,0,0,0,0
Managedstate,4,0,0,4,0,0,4,0,0,0,0,0,0,0,0,0,0,0,0,0,0,0,0,0,0
Management,21,1,20,0,0,1,7,2,5,5,1,0,0,0,0,0,0,0,0,0,0,0,0,0,0
Map,15,0,0,15,0,0,0,0,5,6,3,0,1,0,0,0,0,0,0,0,0,0,0,0,0
Mask,5,0,1,4,0,0,2,2,1,0,0,0,0,0,0,0,0,0,0,0,0,0,0,0,0
Masq,1,0,1,0,0,0,1,0,0,0,0,0,0,0,0,0,0,0,0,0,0,0,0,0,0
matches,8,1,7,0,1,1,7,0,0,0,0,0,0,0,0,0,0,0,0,0,0,0,0,0,0
Max,55,0,50,5,0,0,51,2,2,0,0,0,0,0,0,0,0,0,0,0,0,0,0,0,0
Maxconnections,2,0,0,2,0,0,2,0,0,0,0,0,0,0,0,0,0,0,0,0,0,0,0,0,0
Mbps,3,0,0,3,0,0,0,0,2,1,0,0,0,0,0,0,0,0,0,0,0,0,0,0,0
Media,3,0,3,0,0,0,3,0,0,0,0,0,0,0,0,0,0,0,0,0,0,0,0,0,0
Mem,2,0,2,0,0,0,2,0,0,0,0,0,0,0,0,0,0,0,0,0,0,0,0,0,0
Member,1,0,1,0,0,0,1,0,0,0,0,0,0,0,0,0,0,0,0,0,0,0,0,0,0
Members,8,0,0,8,0,0,0,8,0,0,0,0,0,0,0,0,0,0,0,0,0,0,0,0,0
Memory,44,0,32,12,0,0,33,8,3,0,0,0,0,0,0,0,0,0,0,0,0,0,0,0,0
Message,3,0,0,3,0,0,1,2,0,0,0,0,0,0,0,0,0,0,0,0,0,0,0,0,0
Meta,3,0,3,0,0,0,0,3,0,0,0,0,0,0,0,0,0,0,0,0,0,0,0,0,0
Metadata,2,0,1,1,0,0,2,0,0,0,0,0,0,0,0,0,0,0,0,0,0,0,0,0,0
Metal,1,0,0,1,0,0,0,1,0,0,0,0,0,0,0,0,0,0,0,0,0,0,0,0,0
Metalink,1,1,0,0,0,1,0,0,0,0,0,0,0,0,0,0,0,0,0,0,0,0,0,0,0
Method,23,0,11,12,0,0,8,14,1,0,0,0,0,0,0,0,0,0,0,0,0,0,0,0,0
Methods,2,0,0,2,0,0,0,2,0,0,0,0,0,0,0,0,0,0,0,0,0,0,0,0,0
Mgmt,2,0,2,0,0,0,2,0,0,0,0,0,0,0,0,0,0,0,0,0,0,0,0,0,0
Middle,1,0,0,1,0,0,0,0,1,0,0,0,0,0,0,0,0,0,0,0,0,0,0,0,0
migrate,16,12,2,2,1,12,3,1,0,0,0,0,0,0,0,0,0,0,0,0,0,0,0,0,0
Migrated,1,0,0,1,0,0,0,1,0,0,0,0,0,0,0,0,0,0,0,0,0,0,0,0,0
Migration,8,0,3,5,0,0,0,3,5,0,0,0,0,0,0,0,0,0,0,0,0,0,0,0,0
Min,23,0,23,0,0,0,22,0,1,0,0,0,0,0,0,0,0,0,0,0,0,0,0,0,0
Minus,6,0,6,0,0,0,0,2,2,0,2,0,0,0,0,0,0,0,0,0,0,0,0,0,0
Mock,1,1,0,0,0,1,0,0,0,0,0,0,0,0,0,0,0,0,0,0,0,0,0,0,0
Mode,18,0,0,18,0,0,8,9,0,1,0,0,0,0,0,0,0,0,0,0,0,0,0,0,0
Model,1,0,1,0,0,0,1,0,0,0,0,0,0,0,0,0,0,0,0,0,0,0,0,0,0
Modify,5,5,0,0,0,5,0,0,0,0,0,0,0,0,0,0,0,0,0,0,0,0,0,0,0
Monitor,6,1,5,0,0,1,5,0,0,0,0,0,0,0,0,0,0,0,0,0,0,0,0,0,0
More,2,0,2,0,0,0,0,0,2,0,0,0,0,0,0,0,0,0,0,0,0,0,0,0,0
Motion,3,0,2,1,0,0,0,0,3,0,0,0,0,0,0,0,0,0,0,0,0,0,0,0,0
Mount,1,0,1,0,0,0,1,0,0,0,0,0,0,0,0,0,0,0,0,0,0,0,0,0,0
Moved,1,0,0,1,0,0,0,0,0,1,0,0,0,0,0,0,0,0,0,0,0,0,0,0,0
Ms,5,0,4,1,0,0,4,0,1,0,0,0,0,0,0,0,0,0,0,0,0,0,0,0,0
Multicast,1,0,1,0,0,0,0,0,1,0,0,0,0,0,0,0,0,0,0,0,0,0,0,0,0
Multipath,2,0,1,1,0,0,2,0,0,0,0,0,0,0,0,0,0,0,0,0,0,0,0,0,0
Name,1250,0,11,1239,0,0,151,929,146,19,5,0,0,0,0,0,0,0,0,0,0,0,0,0,0
Names,5,0,0,5,0,0,0,5,0,0,0,0,0,0,0,0,0,0,0,0,0,0,0,0,0
Nat,20,0,8,12,0,0,1,15,3,1,0,0,0,0,0,0,0,0,0,0,0,0,0,0,0
Need,6,3,3,0,0,3,3,0,0,0,0,0,0,0,0,0,0,0,0,0,0,0,0,0,0
Needed,1,0,1,0,0,0,1,0,0,0,0,0,0,0,0,0,0,0,0,0,0,0,0,0,0
Net,3,1,2,0,0,1,2,0,0,0,0,0,0,0,0,0,0,0,0,0,0,0,0,0,0
Netmask,39,0,0,39,0,0,25,7,7,0,0,0,0,0,0,0,0,0,0,0,0,0,0,0,0
Networ,1,0,1,0,0,0,1,0,0,0,0,0,0,0,0,0,0,0,0,0,0,0,0,0,0
Network,251,10,219,22,0,10,154,62,23,0,2,0,0,0,0,0,0,0,0,0,0,0,0,0,0
Network1,2,0,0,2,0,0,0,2,0,0,0,0,0,0,0,0,0,0,0,0,0,0,0,0,0
Network2,2,0,0,2,0,0,0,2,0,0,0,0,0,0,0,0,0,0,0,0,0,0,0,0,0
Networkid,2,0,0,2,0,0,2,0,0,0,0,0,0,0,0,0,0,0,0,0,0,0,0,0,0
Networks,2,0,0,2,0,0,2,0,0,0,0,0,0,0,0,0,0,0,0,0,0,0,0,0,0
New,8,0,8,0,0,0,8,0,0,0,0,0,0,0,0,0,0,0,0,0,0,0,0,0,0
Next,10,0,10,0,0,0,10,0,0,0,0,0,0,0,0,0,0,0,0,0,0,0,0,0,0
Nfs,4,2,2,0,0,2,2,0,0,0,0,0,0,0,0,0,0,0,0,0,0,0,0,0,0
Nic,40,4,23,13,0,4,26,8,0,0,2,0,0,0,0,0,0,0,0,0,0,0,0,0,0
Nics,7,0,0,7,0,0,7,0,0,0,0,0,0,0,0,0,0,0,0,0,0,0,0,0,0
Node,1,0,0,1,0,0,0,1,0,0,0,0,0,0,0,0,0,0,0,0,0,0,0,0,0
Nodes,2,0,1,1,0,0,1,1,0,0,0,0,0,0,0,0,0,0,0,0,0,0,0,0,0
Non,1,0,1,0,0,0,1,0,0,0,0,0,0,0,0,0,0,0,0,0,0,0,0,0,0
Not,4,0,4,0,0,0,0,2,2,0,0,0,0,0,0,0,0,0,0,0,0,0,0,0,0
Nsp,12,0,12,0,0,0,12,0,0,0,0,0,0,0,0,0,0,0,0,0,0,0,0,0,0
Nsx,4,0,4,0,0,0,4,0,0,0,0,0,0,0,0,0,0,0,0,0,0,0,0,0,0
Null,14,0,9,5,0,0,0,3,9,0,0,1,0,0,1,0,0,0,0,0,0,0,0,0,0
Num,8,0,7,1,0,0,6,2,0,0,0,0,0,0,0,0,0,0,0,0,0,0,0,0,0
Number,16,0,0,16,0,0,4,10,1,0,0,1,0,0,0,0,0,0,0,0,0,0,0,0,0
Nw,3,0,3,0,0,0,2,0,1,0,0,0,0,0,0,0,0,0,0,0,0,0,0,0,0
Obj,90,0,90,0,0,0,0,90,0,0,0,0,0,0,0,0,0,0,0,0,0,0,0,0,0
Object,81,0,76,5,0,0,33,47,1,0,0,0,0,0,0,0,0,0,0,0,0,0,0,0,0
OCFS2,1,0,1,0,0,0,1,0,0,0,0,0,0,0,0,0,0,0,0,0,0,0,0,0,0
Of,14,0,13,1,0,0,5,6,3,0,0,0,0,0,0,0,0,0,0,0,0,0,0,0,0
Off,4,0,4,0,0,0,0,4,0,0,0,0,0,0,0,0,0,0,0,0,0,0,0,0,0
Offer,3,0,3,0,0,0,3,0,0,0,0,0,0,0,0,0,0,0,0,0,0,0,0,0,0
Offering,78,0,70,8,0,0,3,72,2,0,0,1,0,0,0,0,0,0,0,0,0,0,0,0,0
Offerings,1,0,0,1,0,0,0,0,1,0,0,0,0,0,0,0,0,0,0,0,0,0,0,0,0
Offset,2,0,0,2,0,0,0,0,2,0,0,0,0,0,0,0,0,0,0,0,0,0,0,0,0
Ok,1,0,0,1,0,0,0,1,0,0,0,0,0,0,0,0,0,0,0,0,0,0,0,0,0
On,13,4,5,4,0,4,2,5,2,0,0,0,0,0,0,0,0,0,0,0,0,0,0,0,0
Once,2,0,2,0,0,0,0,0,0,2,0,0,0,0,0,0,0,0,0,0,0,0,0,0,0
One,8,0,2,6,0,0,1,0,3,2,0,2,0,0,0,0,0,0,0,0,0,0,0,0,0
Only,4,0,0,4,0,0,0,2,0,0,2,0,0,0,0,0,0,0,0,0,0,0,0,0,0
Op,1,0,0,1,0,0,1,0,0,0,0,0,0,0,0,0,0,0,0,0,0,0,0,0,0
Open,4,0,4,0,0,0,4,0,0,0,0,0,0,0,0,0,0,0,0,0,0,0,0,0,0
Operation,4,1,1,2,0,1,2,1,0,0,0,0,0,0,0,0,0,0,0,0,0,0,0,0,0
Operator,3,0,0,3,0,0,0,3,0,0,0,0,0,0,0,0,0,0,0,0,0,0,0,0,0
Option,2,0,1,1,0,0,1,0,1,0,0,0,0,0,0,0,0,0,0,0,0,0,0,0,0
Options,6,0,3,3,0,0,1,3,2,0,0,0,0,0,0,0,0,0,0,0,0,0,0,0,0
Or,2,0,2,0,0,0,1,0,0,0,1,0,0,0,0,0,0,0,0,0,0,0,0,0,0
Order,3,1,0,2,0,1,0,0,2,0,0,0,0,0,0,0,0,0,0,0,0,0,0,0,0
Ordinal,2,0,0,2,0,0,2,0,0,0,0,0,0,0,0,0,0,0,0,0,0,0,0,0,0
Orig,1,0,1,0,0,0,1,0,0,0,0,0,0,0,0,0,0,0,0,0,0,0,0,0,0
Os,57,0,47,10,0,0,45,4,8,0,0,0,0,0,0,0,0,0,0,0,0,0,0,0,0
Other,8,1,7,0,0,1,7,0,0,0,0,0,0,0,0,0,0,0,0,0,0,0,0,0,0
Out,12,5,6,1,0,5,5,1,1,0,0,0,0,0,0,0,0,0,0,0,0,0,0,0,0
OVA,2,0,2,0,0,0,1,1,0,0,0,0,0,0,0,0,0,0,0,0,0,0,0,0,0
Over,3,0,3,0,0,0,3,0,0,0,0,0,0,0,0,0,0,0,0,0,0,0,0,0,0
Overcommit,4,0,4,0,0,0,0,4,0,0,0,0,0,0,0,0,0,0,0,0,0,0,0,0,0
Overlap,1,0,1,0,0,0,0,0,1,0,0,0,0,0,0,0,0,0,0,0,0,0,0,0,0
Overprovisioning,7,0,1,6,0,0,1,0,6,0,0,0,0,0,0,0,0,0,0,0,0,0,0,0,0
OVF,2,0,2,0,0,0,2,0,0,0,0,0,0,0,0,0,0,0,0,0,0,0,0,0,0
Ovm3,9,0,9,0,0,0,9,0,0,0,0,0,0,0,0,0,0,0,0,0,0,0,0,0,0
Ovs,1,0,1,0,0,0,0,0,1,0,0,0,0,0,0,0,0,0,0,0,0,0,0,0,0
Owner,376,0,374,2,0,0,3,370,3,0,0,0,0,0,0,0,0,0,0,0,0,0,0,0,0
Owners,1,0,0,1,0,0,0,1,0,0,0,0,0,0,0,0,0,0,0,0,0,0,0,0,0
Package,2,0,2,0,0,0,0,1,1,0,0,0,0,0,0,0,0,0,0,0,0,0,0,0,0
Packing,1,0,1,0,0,0,0,1,0,0,0,0,0,0,0,0,0,0,0,0,0,0,0,0,0
Page,4,0,3,1,0,0,4,0,0,0,0,0,0,0,0,0,0,0,0,0,0,0,0,0,0
Pair,6,0,6,0,0,0,0,4,2,0,0,0,0,0,0,0,0,0,0,0,0,0,0,0,0
Param,24,1,16,7,1,1,13,6,4,0,0,0,0,0,0,0,0,0,0,0,0,0,0,0,0
Parameter,6,0,1,5,0,0,1,4,1,0,0,0,0,0,0,0,0,0,0,0,0,0,0,0,0
Parameters,6,0,0,6,0,0,1,5,0,0,0,0,0,0,0,0,0,0,0,0,0,0,0,0,0
Params,22,0,2,20,0,0,9,6,7,0,0,0,0,0,0,0,0,0,0,0,0,0,0,0,0
Parent,13,0,11,2,0,0,13,0,0,0,0,0,0,0,0,0,0,0,0,0,0,0,0,0,0
Parents,2,0,0,2,0,0,0,0,2,0,0,0,0,0,0,0,0,0,0,0,0,0,0,0,0
parse,5,5,0,0,0,5,0,0,0,0,0,0,0,0,0,0,0,0,0,0,0,0,0,0,0
Parser,1,0,1,0,0,0,0,1,0,0,0,0,0,0,0,0,0,0,0,0,0,0,0,0,0
Partial,1,0,1,0,0,0,1,0,0,0,0,0,0,0,0,0,0,0,0,0,0,0,0,0,0
Passive,4,0,0,4,0,0,4,0,0,0,0,0,0,0,0,0,0,0,0,0,0,0,0,0,0
Passwd,1,0,1,0,0,0,0,1,0,0,0,0,0,0,0,0,0,0,0,0,0,0,0,0,0
Password,53,1,11,41,0,1,30,15,0,4,2,1,0,0,0,0,0,0,0,0,0,0,0,0,0
Path,54,0,3,51,0,0,23,24,4,2,1,0,0,0,0,0,0,0,0,0,0,0,0,0,0
Paths,2,0,0,2,0,0,0,2,0,0,0,0,0,0,0,0,0,0,0,0,0,0,0,0,0
Peer,4,0,4,0,0,0,4,0,0,0,0,0,0,0,0,0,0,0,0,0,0,0,0,0,0
Per,4,0,4,0,0,0,0,0,4,0,0,0,0,0,0,0,0,0,0,0,0,0,0,0,0
Percent,4,0,2,2,0,0,2,2,0,0,0,0,0,0,0,0,0,0,0,0,0,0,0,0,0
Percentage,2,0,0,2,0,0,0,0,2,0,0,0,0,0,0,0,0,0,0,0,0,0,0,0,0
perform,1,1,0,0,0,1,0,0,0,0,0,0,0,0,0,0,0,0,0,0,0,0,0,0,0
Performance,2,2,0,0,0,2,0,0,0,0,0,0,0,0,0,0,0,0,0,0,0,0,0,0,0
Permission,8,2,2,4,0,2,1,5,0,0,0,0,0,0,0,0,0,0,0,0,0,0,0,0,0
persist,1,1,0,0,1,1,0,0,0,0,0,0,0,0,0,0,0,0,0,0,0,0,0,0,0
Persistence,2,0,1,1,0,0,1,1,0,0,0,0,0,0,0,0,0,0,0,0,0,0,0,0,0
Persistent,5,0,2,3,0,0,2,3,0,0,0,0,0,0,0,0,0,0,0,0,0,0,0,0,0
Pgpu,1,0,0,1,0,0,0,0,0,1,0,0,0,0,0,0,0,0,0,0,0,0,0,0,0
Physica,1,0,1,0,0,0,1,0,0,0,0,0,0,0,0,0,0,0,0,0,0,0,0,0,0
Physical,38,0,38,0,0,0,32,4,0,2,0,0,0,0,0,0,0,0,0,0,0,0,0,0,0
Physicalsize,2,0,0,2,0,0,2,0,0,0,0,0,0,0,0,0,0,0,0,0,0,0,0,0,0
Pid,1,0,1,0,0,0,1,0,0,0,0,0,0,0,0,0,0,0,0,0,0,0,0,0,0
Ping,10,7,3,0,0,7,2,1,0,0,0,0,0,0,0,0,0,0,0,0,0,0,0,0,0
Pinged,3,0,0,3,0,0,0,3,0,0,0,0,0,0,0,0,0,0,0,0,0,0,0,0,0
Place,2,0,2,0,0,0,2,0,0,0,0,0,0,0,0,0,0,0,0,0,0,0,0,0,0
Planner,5,0,0,5,0,0,0,5,0,0,0,0,0,0,0,0,0,0,0,0,0,0,0,0,0
Platform,2,0,2,0,0,0,2,0,0,0,0,0,0,0,0,0,0,0,0,0,0,0,0,0,0
Plug,2,2,0,0,0,2,0,0,0,0,0,0,0,0,0,0,0,0,0,0,0,0,0,0,0
PM,1,0,1,0,0,0,0,1,0,0,0,0,0,0,0,0,0,0,0,0,0,0,0,0,0
Pod,61,0,57,4,0,0,61,0,0,0,0,0,0,0,0,0,0,0,0,0,0,0,0,0,0
Pods,1,0,1,0,0,0,1,0,0,0,0,0,0,0,0,0,0,0,0,0,0,0,0,0,0
Point,9,0,0,9,0,0,0,9,0,0,0,0,0,0,0,0,0,0,0,0,0,0,0,0,0
Policies,12,0,0,12,0,0,2,3,7,0,0,0,0,0,0,0,0,0,0,0,0,0,0,0,0
Policy,33,0,15,18,0,0,5,18,10,0,0,0,0,0,0,0,0,0,0,0,0,0,0,0,0
Pool,50,0,35,15,0,0,29,15,4,1,1,0,0,0,0,0,0,0,0,0,0,0,0,0,0
Pools,3,0,3,0,0,0,3,0,0,0,0,0,0,0,0,0,0,0,0,0,0,0,0,0,0
Pooltype,2,0,0,2,0,0,2,0,0,0,0,0,0,0,0,0,0,0,0,0,0,0,0,0,0
Port,109,1,38,70,0,1,18,75,13,2,0,0,0,0,0,0,0,0,0,0,0,0,0,0,0
Portable,6,0,2,4,0,0,6,0,0,0,0,0,0,0,0,0,0,0,0,0,0,0,0,0,0
Portableip,1,0,1,0,0,0,1,0,0,0,0,0,0,0,0,0,0,0,0,0,0,0,0,0,0
Possible,4,0,4,0,0,0,4,0,0,0,0,0,0,0,0,0,0,0,0,0,0,0,0,0,0
post,5,1,4,0,0,1,4,0,0,0,0,0,0,0,0,0,0,0,0,0,0,0,0,0,0
Power,9,0,9,0,0,0,6,1,0,0,1,1,0,0,0,0,0,0,0,0,0,0,0,0,0
Prefix,2,0,0,2,0,0,0,1,1,0,0,0,0,0,0,0,0,0,0,0,0,0,0,0,0
Prepare,7,7,0,0,0,7,0,0,0,0,0,0,0,0,0,0,0,0,0,0,0,0,0,0,0
Present,7,0,2,5,0,0,0,3,0,0,0,0,2,0,2,0,0,0,0,0,0,0,0,0,0
Preshared,3,0,3,0,0,0,3,0,0,0,0,0,0,0,0,0,0,0,0,0,0,0,0,0,0
Prev,2,0,2,0,0,0,2,0,0,0,0,0,0,0,0,0,0,0,0,0,0,0,0,0,0
Previous,2,0,2,0,0,0,2,0,0,0,0,0,0,0,0,0,0,0,0,0,0,0,0,0,0
Primary,11,0,10,1,0,0,11,0,0,0,0,0,0,0,0,0,0,0,0,0,0,0,0,0,0
Priority,1,0,1,0,0,0,0,1,0,0,0,0,0,0,0,0,0,0,0,0,0,0,0,0,0
Private,39,0,39,0,0,0,36,1,2,0,0,0,0,0,0,0,0,0,0,0,0,0,0,0,0
Proc,1,0,1,0,0,0,0,1,0,0,0,0,0,0,0,0,0,0,0,0,0,0,0,0,0
process,9,9,0,0,0,9,0,0,0,0,0,0,0,0,0,0,0,0,0,0,0,0,0,0,0
Processname,1,0,0,1,0,0,1,0,0,0,0,0,0,0,0,0,0,0,0,0,0,0,0,0,0
Processor,1,0,0,1,0,0,0,1,0,0,0,0,0,0,0,0,0,0,0,0,0,0,0,0,0
Profile,10,0,4,6,0,0,7,1,1,1,0,0,0,0,0,0,0,0,0,0,0,0,0,0,0
Projec,1,0,1,0,0,0,1,0,0,0,0,0,0,0,0,0,0,0,0,0,0,0,0,0,0
Project,127,0,122,5,0,0,124,0,0,0,0,2,1,0,0,0,0,0,0,0,0,0,0,0,0
Projects,1,0,0,1,0,0,0,0,0,1,0,0,0,0,0,0,0,0,0,0,0,0,0,0,0
Prop,1,0,0,1,0,0,1,0,0,0,0,0,0,0,0,0,0,0,0,0,0,0,0,0,0
Propagate,1,1,0,0,0,1,0,0,0,0,0,0,0,0,0,0,0,0,0,0,0,0,0,0,0
Properties,4,0,0,4,0,0,3,0,1,0,0,0,0,0,0,0,0,0,0,0,0,0,0,0,0
Property,5,0,0,5,0,0,1,4,0,0,0,0,0,0,0,0,0,0,0,0,0,0,0,0,0
Proto,2,0,0,2,0,0,1,0,1,0,0,0,0,0,0,0,0,0,0,0,0,0,0,0,0
Protocol,34,0,1,33,0,0,28,6,0,0,0,0,0,0,0,0,0,0,0,0,0,0,0,0,0
Provder,1,0,0,1,0,0,0,0,1,0,0,0,0,0,0,0,0,0,0,0,0,0,0,0,0
Provided,1,0,0,1,0,0,0,0,0,0,0,0,0,0,0,1,0,0,0,0,0,0,0,0,0
Provider,42,2,20,20,2,2,29,11,0,0,0,0,0,0,0,0,0,0,0,0,0,0,0,0,0
Providers,5,0,1,4,0,0,1,4,0,0,0,0,0,0,0,0,0,0,0,0,0,0,0,0,0
Provision,2,0,2,0,0,0,0,2,0,0,0,0,0,0,0,0,0,0,0,0,0,0,0,0,0
Provisioning,14,1,11,2,0,1,11,2,0,0,0,0,0,0,0,0,0,0,0,0,0,0,0,0,0
Proxy,27,1,25,1,0,1,18,7,1,0,0,0,0,0,0,0,0,0,0,0,0,0,0,0,0
Prv,1,0,1,0,0,0,1,0,0,0,0,0,0,0,0,0,0,0,0,0,0,0,0,0,0
Psk,6,0,0,6,0,0,0,6,0,0,0,0,0,0,0,0,0,0,0,0,0,0,0,0,0
Pub,1,0,1,0,0,0,1,0,0,0,0,0,0,0,0,0,0,0,0,0,0,0,0,0,0
Public,79,0,70,9,0,0,67,8,2,2,0,0,0,0,0,0,0,0,0,0,0,0,0,0,0
Purpose,8,0,0,8,0,0,8,0,0,0,0,0,0,0,0,0,0,0,0,0,0,0,0,0,0
put,5,5,0,0,1,5,0,0,0,0,0,0,0,0,0,0,0,0,0,0,0,0,0,0,0
Pv4,12,0,10,2,0,0,0,10,2,0,0,0,0,0,0,0,0,0,0,0,0,0,0,0,0
Pv6,12,0,10,2,0,0,0,10,2,0,0,0,0,0,0,0,0,0,0,0,0,0,0,0,0
Pvlan,2,1,0,1,0,1,0,1,0,0,0,0,0,0,0,0,0,0,0,0,0,0,0,0,0
Pxe,4,0,4,0,0,0,4,0,0,0,0,0,0,0,0,0,0,0,0,0,0,0,0,0,0
Query,5,0,0,5,0,0,5,0,0,0,0,0,0,0,0,0,0,0,0,0,0,0,0,0,0
Quiescevm,4,0,0,4,0,0,2,2,0,0,0,0,0,0,0,0,0,0,0,0,0,0,0,0,0
Quiet,4,0,4,0,0,0,4,0,0,0,0,0,0,0,0,0,0,0,0,0,0,0,0,0,0
Quota,2,0,2,0,0,0,0,2,0,0,0,0,0,0,0,0,0,0,0,0,0,0,0,0,0
R,3,0,3,0,0,0,0,3,0,0,0,0,0,0,0,0,0,0,0,0,0,0,0,0,0
Ram,10,0,1,9,0,0,2,8,0,0,0,0,0,0,0,0,0,0,0,0,0,0,0,0,0
Range,18,0,2,16,0,0,1,5,10,2,0,0,0,0,0,0,0,0,0,0,0,0,0,0,0
Ranges,6,0,0,6,0,0,0,0,6,0,0,0,0,0,0,0,0,0,0,0,0,0,0,0,0
Rate,50,0,3,47,0,0,0,10,40,0,0,0,0,0,0,0,0,0,0,0,0,0,0,0,0
Ratio,4,0,0,4,0,0,0,0,4,0,0,0,0,0,0,0,0,0,0,0,0,0,0,0,0
Raw,1,0,1,0,0,0,1,0,0,0,0,0,0,0,0,0,0,0,0,0,0,0,0,0,0
Read,32,0,23,9,0,0,0,23,9,0,0,0,0,0,0,0,0,0,0,0,0,0,0,0,0
Ready,7,2,3,2,0,2,3,2,0,0,0,0,0,0,0,0,0,0,0,0,0,0,0,0,0
Reason,8,0,0,8,0,0,8,0,0,0,0,0,0,0,0,0,0,0,0,0,0,0,0,0,0
Reauthenticating,4,0,0,4,0,0,4,0,0,0,0,0,0,0,0,0,0,0,0,0,0,0,0,0,0
Reauthentication,2,0,0,2,0,0,2,0,0,0,0,0,0,0,0,0,0,0,0,0,0,0,0,0,0
reboot,4,4,0,0,0,4,0,0,0,0,0,0,0,0,0,0,0,0,0,0,0,0,0,0,0
Receive,2,0,2,0,0,0,0,0,2,0,0,0,0,0,0,0,0,0,0,0,0,0,0,0,0
Received,4,0,0,4,0,0,0,3,0,0,1,0,0,0,0,0,0,0,0,0,0,0,0,0,0
reconnect,4,1,0,3,1,1,3,0,0,0,0,0,0,0,0,0,0,0,0,0,0,0,0,0,0
Record,1,0,1,0,0,0,1,0,0,0,0,0,0,0,0,0,0,0,0,0,0,0,0,0,0
Recover,1,0,1,0,0,0,0,0,0,1,0,0,0,0,0,0,0,0,0,0,0,0,0,0,0
Recreatable,1,0,0,1,0,0,1,0,0,0,0,0,0,0,0,0,0,0,0,0,0,0,0,0,0
Recurring,2,2,0,0,0,2,0,0,0,0,0,0,0,0,0,0,0,0,0,0,0,0,0,0,0
Recursive,2,0,0,2,0,0,2,0,0,0,0,0,0,0,0,0,0,0,0,0,0,0,0,0,0
Redownload,1,0,0,1,0,0,1,0,0,0,0,0,0,0,0,0,0,0,0,0,0,0,0,0,0
Redundant,4,0,3,1,0,0,3,1,0,0,0,0,0,0,0,0,0,0,0,0,0,0,0,0,0
Region,14,0,14,0,0,0,13,1,0,0,0,0,0,0,0,0,0,0,0,0,0,0,0,0,0
register,7,7,0,0,2,7,0,0,0,0,0,0,0,0,0,0,0,0,0,0,0,0,0,0,0
Registered,3,0,0,3,0,0,2,0,1,0,0,0,0,0,0,0,0,0,0,0,0,0,0,0,0
Registry,1,0,0,1,0,0,0,1,0,0,0,0,0,0,0,0,0,0,0,0,0,0,0,0,0
Related,6,0,0,6,0,0,6,0,0,0,0,0,0,0,0,0,0,0,0,0,0,0,0,0,0
Relational,3,0,3,0,0,0,3,0,0,0,0,0,0,0,0,0,0,0,0,0,0,0,0,0,0
Reload,2,0,2,0,0,0,2,0,0,0,0,0,0,0,0,0,0,0,0,0,0,0,0,0,0
Remaining,3,0,3,0,0,0,3,0,0,0,0,0,0,0,0,0,0,0,0,0,0,0,0,0,0
Remote,1,1,0,0,0,1,0,0,0,0,0,0,0,0,0,0,0,0,0,0,0,0,0,0,0
remove,13,5,6,2,1,5,6,0,0,2,0,0,0,0,0,0,0,0,0,0,0,0,0,0,0
Removed,11,0,0,11,0,0,9,2,0,0,0,0,0,0,0,0,0,0,0,0,0,0,0,0,0
Replug,2,2,0,0,0,2,0,0,0,0,0,0,0,0,0,0,0,0,0,0,0,0,0,0,0
report,4,1,2,1,0,1,0,0,2,1,0,0,0,0,0,0,0,0,0,0,0,0,0,0,0
represent,1,1,0,0,1,1,0,0,0,0,0,0,0,0,0,0,0,0,0,0,0,0,0,0,0
Representation,1,0,0,1,0,0,0,0,0,1,0,0,0,0,0,0,0,0,0,0,0,0,0,0,0
Request,13,1,2,10,0,1,9,3,0,0,0,0,0,0,0,0,0,0,0,0,0,0,0,0,0
Requested,5,0,4,1,0,0,4,1,0,0,0,0,0,0,0,0,0,0,0,0,0,0,0,0,0
Required,12,0,0,12,0,0,4,7,1,0,0,0,0,0,0,0,0,0,0,0,0,0,0,0,0
Requires,8,1,7,0,0,1,7,0,0,0,0,0,0,0,0,0,0,0,0,0,0,0,0,0,0
Reservation,6,0,6,0,0,0,6,0,0,0,0,0,0,0,0,0,0,0,0,0,0,0,0,0,0
Reserve,6,0,0,6,0,0,0,0,6,0,0,0,0,0,0,0,0,0,0,0,0,0,0,0,0
Reserved,1,0,1,0,0,0,1,0,0,0,0,0,0,0,0,0,0,0,0,0,0,0,0,0,0
reset,2,2,0,0,0,2,0,0,0,0,0,0,0,0,0,0,0,0,0,0,0,0,0,0,0
Resize,1,1,0,0,0,1,0,0,0,0,0,0,0,0,0,0,0,0,0,0,0,0,0,0,0
Resolution,4,0,4,0,0,0,0,4,0,0,0,0,0,0,0,0,0,0,0,0,0,0,0,0,0
Resource,57,8,47,2,0,8,45,4,0,0,0,0,0,0,0,0,0,0,0,0,0,0,0,0,0
Respons,1,0,1,0,0,0,1,0,0,0,0,0,0,0,0,0,0,0,0,0,0,0,0,0,0
Response,65,0,14,51,0,0,38,9,10,5,3,0,0,0,0,0,0,0,0,0,0,0,0,0,0
Responses,5,0,0,5,0,0,2,2,1,0,0,0,0,0,0,0,0,0,0,0,0,0,0,0,0
Restart,5,0,5,0,0,0,5,0,0,0,0,0,0,0,0,0,0,0,0,0,0,0,0,0,0
Restore,2,2,0,0,0,2,0,0,0,0,0,0,0,0,0,0,0,0,0,0,0,0,0,0,0
Restricted,1,0,1,0,0,0,0,0,1,0,0,0,0,0,0,0,0,0,0,0,0,0,0,0,0
Result,68,0,51,17,0,0,52,3,5,8,0,0,0,0,0,0,0,0,0,0,0,0,0,0,0
Results,7,0,0,7,0,0,7,0,0,0,0,0,0,0,0,0,0,0,0,0,0,0,0,0,0
Resume,2,0,0,2,0,0,2,0,0,0,0,0,0,0,0,0,0,0,0,0,0,0,0,0,0
Retries,8,0,0,8,0,0,1,7,0,0,0,0,0,0,0,0,0,0,0,0,0,0,0,0,0
Retry,3,0,0,3,0,0,0,0,3,0,0,0,0,0,0,0,0,0,0,0,0,0,0,0,0
Revert,2,2,0,0,0,2,0,0,0,0,0,0,0,0,0,0,0,0,0,0,0,0,0,0,0
Revertable,1,0,0,1,0,0,1,0,0,0,0,0,0,0,0,0,0,0,0,0,0,0,0,0,0
Revoke,4,0,0,4,0,0,2,2,0,0,0,0,0,0,0,0,0,0,0,0,0,0,0,0,0
revoked,5,2,0,3,2,2,3,0,0,0,0,0,0,0,0,0,0,0,0,0,0,0,0,0,0
rewrite,1,1,0,0,0,1,0,0,0,0,0,0,0,0,0,0,0,0,0,0,0,0,0,0,0
Role,51,1,35,15,0,1,39,6,0,1,2,0,2,0,0,0,0,0,0,0,0,0,0,0,0
Roles,1,0,1,0,0,0,0,1,0,0,0,0,0,0,0,0,0,0,0,0,0,0,0,0,0
Rollback,2,0,0,2,0,0,2,0,0,0,0,0,0,0,0,0,0,0,0,0,0,0,0,0,0
Root,8,0,8,0,0,0,4,0,0,4,0,0,0,0,0,0,0,0,0,0,0,0,0,0,0
Route,6,0,5,1,0,0,3,3,0,0,0,0,0,0,0,0,0,0,0,0,0,0,0,0,0
Router,24,0,18,6,0,0,17,4,3,0,0,0,0,0,0,0,0,0,0,0,0,0,0,0,0
Routerip,3,0,0,3,0,0,3,0,0,0,0,0,0,0,0,0,0,0,0,0,0,0,0,0,0
Routes,3,0,0,3,0,0,0,3,0,0,0,0,0,0,0,0,0,0,0,0,0,0,0,0,0
Routing,6,0,6,0,0,0,6,0,0,0,0,0,0,0,0,0,0,0,0,0,0,0,0,0,0
Rp,1,0,1,0,0,0,1,0,0,0,0,0,0,0,0,0,0,0,0,0,0,0,0,0,0
RRS,2,0,0,2,0,0,0,2,0,0,0,0,0,0,0,0,0,0,0,0,0,0,0,0,0
Rule,47,1,40,6,1,1,16,19,6,4,1,0,0,0,0,0,0,0,0,0,0,0,0,0,0
Rules,30,0,14,16,0,0,11,8,9,2,0,0,0,0,0,0,0,0,0,0,0,0,0,0,0
Run,8,4,4,0,2,4,4,0,0,0,0,0,0,0,0,0,0,0,0,0,0,0,0,0,0
Running,2,0,0,2,0,0,0,2,0,0,0,0,0,0,0,0,0,0,0,0,0,0,0,0,0
S,3,0,3,0,0,0,1,2,0,0,0,0,0,0,0,0,0,0,0,0,0,0,0,0,0
S2,2,0,2,0,0,0,2,0,0,0,0,0,0,0,0,0,0,0,0,0,0,0,0,0,0
S3,3,1,0,2,0,1,2,0,0,0,0,0,0,0,0,0,0,0,0,0,0,0,0,0,0
Save,1,1,0,0,0,1,0,0,0,0,0,0,0,0,0,0,0,0,0,0,0,0,0,0,0
Scalable,11,0,0,11,0,0,0,9,2,0,0,0,0,0,0,0,0,0,0,0,0,0,0,0,0
Scale,31,2,28,1,0,2,13,14,2,0,0,0,0,0,0,0,0,0,0,0,0,0,0,0,0
Scaler,1,0,1,0,0,0,1,0,0,0,0,0,0,0,0,0,0,0,0,0,0,0,0,0,0
Scan,1,0,0,1,0,0,0,0,1,0,0,0,0,0,0,0,0,0,0,0,0,0,0,0,0
schedule,5,2,0,3,0,2,3,0,0,0,0,0,0,0,0,0,0,0,0,0,0,0,0,0,0
Scheduled,2,0,0,2,0,0,2,0,0,0,0,0,0,0,0,0,0,0,0,0,0,0,0,0,0
Scheme,6,1,1,4,1,1,5,0,0,0,0,0,0,0,0,0,0,0,0,0,0,0,0,0,0
Scope,12,0,0,12,0,0,12,0,0,0,0,0,0,0,0,0,0,0,0,0,0,0,0,0,0
Scripts,6,0,4,2,0,0,3,3,0,0,0,0,0,0,0,0,0,0,0,0,0,0,0,0,0
Search,2,0,2,0,0,0,1,1,0,0,0,0,0,0,0,0,0,0,0,0,0,0,0,0,0
Sec,15,4,11,0,0,4,7,4,0,0,0,0,0,0,0,0,0,0,0,0,0,0,0,0,0
Secondary,23,0,23,0,0,0,19,3,1,0,0,0,0,0,0,0,0,0,0,0,0,0,0,0,0
Seconds,1,0,0,1,0,0,0,0,0,1,0,0,0,0,0,0,0,0,0,0,0,0,0,0,0
Secret,10,0,10,0,0,0,8,0,0,2,0,0,0,0,0,0,0,0,0,0,0,0,0,0,0
Security,34,4,30,0,0,4,26,4,0,0,0,0,0,0,0,0,0,0,0,0,0,0,0,0,0
Securitygroupenabled,1,0,0,1,0,0,1,0,0,0,0,0,0,0,0,0,0,0,0,0,0,0,0,0,0
send,4,2,2,0,0,2,0,0,2,0,0,0,0,0,0,0,0,0,0,0,0,0,0,0,0
Sent,5,0,1,4,0,0,0,4,1,0,0,0,0,0,0,0,0,0,0,0,0,0,0,0,0
Separated,1,0,1,0,0,0,0,1,0,0,0,0,0,0,0,0,0,0,0,0,0,0,0,0,0
Separator,3,0,0,3,0,0,0,3,0,0,0,0,0,0,0,0,0,0,0,0,0,0,0,0,0
Seq,4,0,1,3,0,0,2,2,0,0,0,0,0,0,0,0,0,0,0,0,0,0,0,0,0
Sequence,105,0,2,103,0,0,2,102,1,0,0,0,0,0,0,0,0,0,0,0,0,0,0,0,0
Serial,2,0,2,0,0,0,2,0,0,0,0,0,0,0,0,0,0,0,0,0,0,0,0,0,0
Server,21,2,14,5,0,2,4,14,1,0,0,0,0,0,0,0,0,0,0,0,0,0,0,0,0
Service,64,2,60,2,2,2,57,5,0,0,0,0,0,0,0,0,0,0,0,0,0,0,0,0,0
Services,18,0,0,18,0,0,6,10,0,2,0,0,0,0,0,0,0,0,0,0,0,0,0,0,0
Session,7,0,3,4,0,0,3,4,0,0,0,0,0,0,0,0,0,0,0,0,0,0,0,0,0
Sessions,2,0,0,2,0,0,0,0,2,0,0,0,0,0,0,0,0,0,0,0,0,0,0,0,0
set,2202,2193,4,5,1,2193,3,1,5,0,0,0,0,0,0,0,0,0,0,0,0,0,0,0,0
setike,1,1,0,0,0,1,0,0,0,0,0,0,0,0,0,0,0,0,0,0,0,0,0,0,0
setlb,2,2,0,0,0,2,0,0,0,0,0,0,0,0,0,0,0,0,0,0,0,0,0,0,0
setmax,1,1,0,0,0,1,0,0,0,0,0,0,0,0,0,0,0,0,0,0,0,0,0,0,0
setpingpath,1,1,0,0,1,1,0,0,0,0,0,0,0,0,0,0,0,0,0,0,0,0,0,0,0
Settings,1,0,1,0,0,0,0,1,0,0,0,0,0,0,0,0,0,0,0,0,0,0,0,0,0
setup,30,21,5,4,0,21,3,5,1,0,0,0,0,0,0,0,0,0,0,0,0,0,0,0,0
SG,2,0,2,0,0,0,0,2,0,0,0,0,0,0,0,0,0,0,0,0,0,0,0,0,0
Shaded,1,0,1,0,0,0,1,0,0,0,0,0,0,0,0,0,0,0,0,0,0,0,0,0,0
Shared,4,0,3,1,0,0,2,2,0,0,0,0,0,0,0,0,0,0,0,0,0,0,0,0,0
Shot,1,0,1,0,0,0,0,0,1,0,0,0,0,0,0,0,0,0,0,0,0,0,0,0,0
should,1,1,0,0,0,1,0,0,0,0,0,0,0,0,0,0,0,0,0,0,0,0,0,0,0
Show,5,0,5,0,0,0,5,0,0,0,0,0,0,0,0,0,0,0,0,0,0,0,0,0,0
Shrink,1,0,1,0,0,0,1,0,0,0,0,0,0,0,0,0,0,0,0,0,0,0,0,0,0
Shutdown,3,2,0,1,0,2,0,0,1,0,0,0,0,0,0,0,0,0,0,0,0,0,0,0,0
Sid,1,0,0,1,0,0,1,0,0,0,0,0,0,0,0,0,0,0,0,0,0,0,0,0,0
Signature,4,0,0,4,0,0,4,0,0,0,0,0,0,0,0,0,0,0,0,0,0,0,0,0,0
Signer,3,0,0,3,0,0,3,0,0,0,0,0,0,0,0,0,0,0,0,0,0,0,0,0,0
Simulator,1,0,1,0,0,0,1,0,0,0,0,0,0,0,0,0,0,0,0,0,0,0,0,0,0
Single,3,0,3,0,0,0,1,2,0,0,0,0,0,0,0,0,0,0,0,0,0,0,0,0,0
Site,5,1,4,0,0,1,4,0,0,0,0,0,0,0,0,0,0,0,0,0,0,0,0,0,0
Site2,1,1,0,0,0,1,0,0,0,0,0,0,0,0,0,0,0,0,0,0,0,0,0,0,0
Sites,2,0,0,2,0,0,0,0,2,0,0,0,0,0,0,0,0,0,0,0,0,0,0,0,0
Size,50,0,16,34,0,0,16,29,1,4,0,0,0,0,0,0,0,0,0,0,0,0,0,0,0
Snap,1,0,1,0,0,0,0,1,0,0,0,0,0,0,0,0,0,0,0,0,0,0,0,0,0
Snaps,3,0,0,3,0,0,0,3,0,0,0,0,0,0,0,0,0,0,0,0,0,0,0,0,0
Snapshot,63,2,60,1,0,2,35,19,4,3,0,0,0,0,0,0,0,0,0,0,0,0,0,0,0
Snapshots,3,0,1,2,0,0,3,0,0,0,0,0,0,0,0,0,0,0,0,0,0,0,0,0,0
Socket,3,0,3,0,0,0,3,0,0,0,0,0,0,0,0,0,0,0,0,0,0,0,0,0,0
Sockets,2,0,0,2,0,0,0,2,0,0,0,0,0,0,0,0,0,0,0,0,0,0,0,0,0
Sort,7,2,5,0,0,2,5,0,0,0,0,0,0,0,0,0,0,0,0,0,0,0,0,0,0
Source,64,0,57,7,0,0,60,4,0,0,0,0,0,0,0,0,0,0,0,0,0,0,0,0,0
Space,1,0,0,1,0,0,0,1,0,0,0,0,0,0,0,0,0,0,0,0,0,0,0,0,0
Spanned,1,0,1,0,0,0,0,1,0,0,0,0,0,0,0,0,0,0,0,0,0,0,0,0,0
Sparse,1,0,0,1,0,0,1,0,0,0,0,0,0,0,0,0,0,0,0,0,0,0,0,0,0
Spec,1,0,0,1,0,0,0,0,1,0,0,0,0,0,0,0,0,0,0,0,0,0,0,0,0
Specific,3,0,3,0,0,0,1,2,0,0,0,0,0,0,0,0,0,0,0,0,0,0,0,0,0
Specify,9,0,9,0,0,0,9,0,0,0,0,0,0,0,0,0,0,0,0,0,0,0,0,0,0
Speed,20,0,0,20,0,0,1,18,1,0,0,0,0,0,0,0,0,0,0,0,0,0,0,0,0
Sr,2,0,0,2,0,0,0,0,2,0,0,0,0,0,0,0,0,0,0,0,0,0,0,0,0
Src,14,0,14,0,0,0,13,1,0,0,0,0,0,0,0,0,0,0,0,0,0,0,0,0,0
Ssh,9,1,8,0,0,1,8,0,0,0,0,0,0,0,0,0,0,0,0,0,0,0,0,0,0
SSL,4,0,4,0,0,0,3,1,0,0,0,0,0,0,0,0,0,0,0,0,0,0,0,0,0
Stack,3,0,3,0,0,0,0,2,1,0,0,0,0,0,0,0,0,0,0,0,0,0,0,0,0
Stamp,3,0,0,3,0,0,0,2,0,1,0,0,0,0,0,0,0,0,0,0,0,0,0,0,0
start,79,10,54,15,6,10,53,4,12,0,0,0,0,0,0,0,0,0,0,0,0,0,0,0,0
Started,1,0,0,1,0,0,0,1,0,0,0,0,0,0,0,0,0,0,0,0,0,0,0,0,0
Startup,7,3,3,1,0,3,4,0,0,0,0,0,0,0,0,0,0,0,0,0,0,0,0,0,0
State,168,5,14,149,5,5,107,47,8,0,0,0,1,0,0,0,0,0,0,0,0,0,0,0,0
States,7,0,0,7,0,0,1,4,2,0,0,0,0,0,0,0,0,0,0,0,0,0,0,0,0
Static,19,2,17,0,0,2,16,1,0,0,0,0,0,0,0,0,0,0,0,0,0,0,0,0,0
Stats,17,0,13,4,0,0,1,12,4,0,0,0,0,0,0,0,0,0,0,0,0,0,0,0,0
Status,19,2,0,17,2,2,8,8,1,0,0,0,0,0,0,0,0,0,0,0,0,0,0,0,0
Std,3,0,3,0,0,0,0,3,0,0,0,0,0,0,0,0,0,0,0,0,0,0,0,0,0
Stickiness,11,2,9,0,0,2,8,1,0,0,0,0,0,0,0,0,0,0,0,0,0,0,0,0,0
Sticky,3,0,3,0,0,0,3,0,0,0,0,0,0,0,0,0,0,0,0,0,0,0,0,0,0
stop,7,7,0,0,6,7,0,0,0,0,0,0,0,0,0,0,0,0,0,0,0,0,0,0,0
Stopped,3,0,0,3,0,0,0,3,0,0,0,0,0,0,0,0,0,0,0,0,0,0,0,0,0
Storage,108,4,94,10,0,4,49,49,4,2,0,0,0,0,0,0,0,0,0,0,0,0,0,0,0
Storagepool,2,0,2,0,0,0,2,0,0,0,0,0,0,0,0,0,0,0,0,0,0,0,0,0,0
Store,19,0,11,8,0,0,9,10,0,0,0,0,0,0,0,0,0,0,0,0,0,0,0,0,0
Strategy,2,0,0,2,0,0,0,2,0,0,0,0,0,0,0,0,0,0,0,0,0,0,0,0,0
Streched,3,0,3,0,0,0,2,1,0,0,0,0,0,0,0,0,0,0,0,0,0,0,0,0,0
String,41,0,4,37,0,0,32,5,1,1,2,0,0,0,0,0,0,0,0,0,0,0,0,0,0
Stringified,1,0,1,0,0,0,1,0,0,0,0,0,0,0,0,0,0,0,0,0,0,0,0,0,0
stringify,3,3,0,0,0,3,0,0,0,0,0,0,0,0,0,0,0,0,0,0,0,0,0,0,0
Strings,3,0,0,3,0,0,2,1,0,0,0,0,0,0,0,0,0,0,0,0,0,0,0,0,0
Sub,3,1,2,0,0,1,0,0,2,0,0,0,0,0,0,0,0,0,0,0,0,0,0,0,0
Subdomain,3,0,2,1,0,0,2,0,1,0,0,0,0,0,0,0,0,0,0,0,0,0,0,0,0
Subnet,4,0,0,4,0,0,0,0,1,3,0,0,0,0,0,0,0,0,0,0,0,0,0,0,0
succeeded,1,1,0,0,1,1,0,0,0,0,0,0,0,0,0,0,0,0,0,0,0,0,0,0,0
Succesful,3,0,3,0,0,0,3,0,0,0,0,0,0,0,0,0,0,0,0,0,0,0,0,0,0
Success,23,1,0,22,0,1,10,10,0,0,0,2,0,0,0,0,0,0,0,0,0,0,0,0,0
Suffix,2,0,0,2,0,0,0,1,1,0,0,0,0,0,0,0,0,0,0,0,0,0,0,0,0
Suitability,2,0,1,1,0,0,0,0,2,0,0,0,0,0,0,0,0,0,0,0,0,0,0,0,0
Suitable,5,0,5,0,0,0,5,0,0,0,0,0,0,0,0,0,0,0,0,0,0,0,0,0,0
Support,5,2,1,2,0,2,1,2,0,0,0,0,0,0,0,0,0,0,0,0,0,0,0,0,0
Supported,13,0,10,3,0,0,10,0,1,2,0,0,0,0,0,0,0,0,0,0,0,0,0,0,0
supports,8,4,4,0,0,4,4,0,0,0,0,0,0,0,0,0,0,0,0,0,0,0,0,0,0
Suspect,1,0,1,0,0,0,1,0,0,0,0,0,0,0,0,0,0,0,0,0,0,0,0,0,0
Swift,3,1,0,2,0,1,2,0,0,0,0,0,0,0,0,0,0,0,0,0,0,0,0,0,0
Switch,11,0,8,3,0,0,2,5,4,0,0,0,0,0,0,0,0,0,0,0,0,0,0,0,0
sync,93,1,92,0,0,1,90,0,0,2,0,0,0,0,0,0,0,0,0,0,0,0,0,0,0
System,33,0,24,9,0,0,16,16,1,0,0,0,0,0,0,0,0,0,0,0,0,0,0,0,0
T,8,0,8,0,0,0,0,8,0,0,0,0,0,0,0,0,0,0,0,0,0,0,0,0,0
Table,4,0,0,4,0,0,0,4,0,0,0,0,0,0,0,0,0,0,0,0,0,0,0,0,0
Tag,19,0,2,17,0,0,8,9,2,0,0,0,0,0,0,0,0,0,0,0,0,0,0,0,0
Tagged,1,0,0,1,0,0,1,0,0,0,0,0,0,0,0,0,0,0,0,0,0,0,0,0,0
Tags,51,0,1,50,0,0,44,7,0,0,0,0,0,0,0,0,0,0,0,0,0,0,0,0,0
Target,5,0,5,0,0,0,3,2,0,0,0,0,0,0,0,0,0,0,0,0,0,0,0,0,0
Targets,2,0,0,2,0,0,2,0,0,0,0,0,0,0,0,0,0,0,0,0,0,0,0,0,0
Task,6,0,0,6,0,0,3,2,0,1,0,0,0,0,0,0,0,0,0,0,0,0,0,0,0
Tasks,1,0,0,1,0,0,1,0,0,0,0,0,0,0,0,0,0,0,0,0,0,0,0,0,0
TCP,3,0,3,0,0,0,0,3,0,0,0,0,0,0,0,0,0,0,0,0,0,0,0,0,0
tear,3,3,0,0,0,3,0,0,0,0,0,0,0,0,0,0,0,0,0,0,0,0,0,0,0
Temp,2,0,2,0,0,0,0,0,1,1,0,0,0,0,0,0,0,0,0,0,0,0,0,0,0
Template,92,6,77,9,0,6,69,14,2,1,0,0,0,0,0,0,0,0,0,0,0,0,0,0,0
Templates,1,0,0,1,0,0,0,1,0,0,0,0,0,0,0,0,0,0,0,0,0,0,0,0,0
Temporary,1,0,1,0,0,0,1,0,0,0,0,0,0,0,0,0,0,0,0,0,0,0,0,0,0
test,101,90,1,10,0,90,2,4,3,2,0,0,0,0,0,0,0,0,0,0,0,0,0,0,0
Text,54,0,0,54,0,0,0,41,8,5,0,0,0,0,0,0,0,0,0,0,0,0,0,0,0
Than,3,0,2,1,0,0,1,0,0,2,0,0,0,0,0,0,0,0,0,0,0,0,0,0,0
The,1,0,1,0,0,0,1,0,0,0,0,0,0,0,0,0,0,0,0,0,0,0,0,0,0
Thin,1,0,1,0,0,0,1,0,0,0,0,0,0,0,0,0,0,0,0,0,0,0,0,0,0
Thread,1,0,0,1,0,0,1,0,0,0,0,0,0,0,0,0,0,0,0,0,0,0,0,0,0
Threshold,5,0,0,5,0,0,3,2,0,0,0,0,0,0,0,0,0,0,0,0,0,0,0,0,0
Thresshold,4,0,0,4,0,0,0,4,0,0,0,0,0,0,0,0,0,0,0,0,0,0,0,0,0
Ticket,1,0,0,1,0,0,1,0,0,0,0,0,0,0,0,0,0,0,0,0,0,0,0,0,0
Tier,1,0,1,0,0,0,1,0,0,0,0,0,0,0,0,0,0,0,0,0,0,0,0,0,0
Time,20,0,10,10,0,0,7,11,1,1,0,0,0,0,0,0,0,0,0,0,0,0,0,0,0
Timedout,1,0,1,0,0,0,1,0,0,0,0,0,0,0,0,0,0,0,0,0,0,0,0,0,0
Timeout,16,0,0,16,0,0,8,8,0,0,0,0,0,0,0,0,0,0,0,0,0,0,0,0,0
Timezone,7,0,0,7,0,0,7,0,0,0,0,0,0,0,0,0,0,0,0,0,0,0,0,0,0
To,91,31,31,29,0,31,16,28,10,3,3,0,0,0,0,0,0,0,0,0,0,0,0,0,0
Token,5,0,0,5,0,0,3,2,0,0,0,0,0,0,0,0,0,0,0,0,0,0,0,0,0
Tos,4,0,0,4,0,0,0,2,0,2,0,0,0,0,0,0,0,0,0,0,0,0,0,0,0
Total,50,0,5,45,0,0,4,35,11,0,0,0,0,0,0,0,0,0,0,0,0,0,0,0,0
Traffic,34,0,30,4,0,0,30,0,0,0,4,0,0,0,0,0,0,0,0,0,0,0,0,0,0
Traffictype,1,0,0,1,0,0,1,0,0,0,0,0,0,0,0,0,0,0,0,0,0,0,0,0,0
transaction,1,1,0,0,0,1,0,0,0,0,0,0,0,0,0,0,0,0,0,0,0,0,0,0,0
Transitional,1,0,0,1,0,0,1,0,0,0,0,0,0,0,0,0,0,0,0,0,0,0,0,0,0
Ttl,3,0,0,3,0,0,0,3,0,0,0,0,0,0,0,0,0,0,0,0,0,0,0,0,0
Tunnel,8,0,8,0,0,0,8,0,0,0,0,0,0,0,0,0,0,0,0,0,0,0,0,0,0
Type,752,3,39,710,3,3,59,596,88,4,2,0,0,0,0,0,0,0,0,0,0,0,0,0,0
Types,8,0,3,5,0,0,3,1,2,0,1,0,0,0,1,0,0,0,0,0,0,0,0,0,0
Unable,1,1,0,0,0,1,0,0,0,0,0,0,0,0,0,0,0,0,0,0,0,0,0,0,0
Unavailable,3,0,3,0,0,0,3,0,0,0,0,0,0,0,0,0,0,0,0,0,0,0,0,0,0
Unhealth,2,0,2,0,0,0,2,0,0,0,0,0,0,0,0,0,0,0,0,0,0,0,0,0,0
Unhealthy,1,0,1,0,0,0,1,0,0,0,0,0,0,0,0,0,0,0,0,0,0,0,0,0,0
Unique,2,0,2,0,0,0,2,0,0,0,0,0,0,0,0,0,0,0,0,0,0,0,0,0,0
unregister,4,4,0,0,2,4,0,0,0,0,0,0,0,0,0,0,0,0,0,0,0,0,0,0,0
Unregistered,1,0,0,1,0,0,1,0,0,0,0,0,0,0,0,0,0,0,0,0,0,0,0,0,0
Unsupported,4,2,2,0,0,2,2,0,0,0,0,0,0,0,0,0,0,0,0,0,0,0,0,0,0
Up,23,0,4,19,0,0,20,3,0,0,0,0,0,0,0,0,0,0,0,0,0,0,0,0,0
update,6,2,3,1,0,2,4,0,0,0,0,0,0,0,0,0,0,0,0,0,0,0,0,0,0
Upgrade,3,0,0,3,0,0,1,2,0,0,0,0,0,0,0,0,0,0,0,0,0,0,0,0,0
Upload,13,0,12,1,0,0,7,4,2,0,0,0,0,0,0,0,0,0,0,0,0,0,0,0,0
Uri,19,0,1,18,0,0,2,16,1,0,0,0,0,0,0,0,0,0,0,0,0,0,0,0,0
Url,52,0,2,50,0,0,30,15,5,2,0,0,0,0,0,0,0,0,0,0,0,0,0,0,0
Usage,22,2,18,2,0,2,13,5,2,0,0,0,0,0,0,0,0,0,0,0,0,0,0,0,0
Use,16,2,7,7,0,2,5,4,5,0,0,0,0,0,0,0,0,0,0,0,0,0,0,0,0
Used,18,0,3,15,0,0,3,13,2,0,0,0,0,0,0,0,0,0,0,0,0,0,0,0,0
User,58,2,54,2,0,2,35,17,4,0,0,0,0,0,0,0,0,0,0,0,0,0,0,0,0
Username,24,0,1,23,0,0,23,1,0,0,0,0,0,0,0,0,0,0,0,0,0,0,0,0,0
Userpwds,1,0,0,1,0,0,1,0,0,0,0,0,0,0,0,0,0,0,0,0,0,0,0,0,0
Users,4,0,2,2,0,0,3,1,0,0,0,0,0,0,0,0,0,0,0,0,0,0,0,0,0
Uses,1,0,1,0,0,0,1,0,0,0,0,0,0,0,0,0,0,0,0,0,0,0,0,0,0
Utilization,7,0,0,7,0,0,3,3,1,0,0,0,0,0,0,0,0,0,0,0,0,0,0,0,0
Uuid,91,0,1,90,0,0,51,27,10,3,0,0,0,0,0,0,0,0,0,0,0,0,0,0,0
Uuids,2,0,0,2,0,0,0,2,0,0,0,0,0,0,0,0,0,0,0,0,0,0,0,0,0
V,5,0,5,0,0,0,4,1,0,0,0,0,0,0,0,0,0,0,0,0,0,0,0,0,0
Val,2,0,0,2,0,0,0,0,2,0,0,0,0,0,0,0,0,0,0,0,0,0,0,0,0
Valid,11,0,11,0,0,0,10,0,0,1,0,0,0,0,0,0,0,0,0,0,0,0,0,0,0
validate,10,8,2,0,1,8,2,0,0,0,0,0,0,0,0,0,0,0,0,0,0,0,0,0,0
Validity,1,0,1,0,0,0,1,0,0,0,0,0,0,0,0,0,0,0,0,0,0,0,0,0,0
value,27,1,3,23,1,1,22,3,0,0,1,0,0,0,0,0,0,0,0,0,0,0,0,0,0
Vcpu,2,0,2,0,0,0,2,0,0,0,0,0,0,0,0,0,0,0,0,0,0,0,0,0,0
Vdi,1,0,0,1,0,0,1,0,0,0,0,0,0,0,0,0,0,0,0,0,0,0,0,0,0
Version,28,0,4,24,0,0,9,16,3,0,0,0,0,0,0,0,0,0,0,0,0,0,0,0,0
Vgpu,7,1,3,3,0,1,5,1,0,0,0,0,0,0,0,0,0,0,0,0,0,0,0,0,0
Video,2,0,2,0,0,0,2,0,0,0,0,0,0,0,0,0,0,0,0,0,0,0,0,0,0
View,2,0,1,1,0,0,0,1,1,0,0,0,0,0,0,0,0,0,0,0,0,0,0,0,0
Viewer,2,0,2,0,0,0,0,2,0,0,0,0,0,0,0,0,0,0,0,0,0,0,0,0,0
Vif,1,0,1,0,0,0,1,0,0,0,0,0,0,0,0,0,0,0,0,0,0,0,0,0,0
Violation,1,0,0,1,0,0,0,0,1,0,0,0,0,0,0,0,0,0,0,0,0,0,0,0,0
Violations,1,0,0,1,0,0,1,0,0,0,0,0,0,0,0,0,0,0,0,0,0,0,0,0,0
Vip,3,0,0,3,0,0,0,3,0,0,0,0,0,0,0,0,0,0,0,0,0,0,0,0,0
Virtual,93,1,91,1,0,1,82,10,0,0,0,0,0,0,0,0,0,0,0,0,0,0,0,0,0
Virtualsize,2,0,0,2,0,0,2,0,0,0,0,0,0,0,0,0,0,0,0,0,0,0,0,0,0
Vlan,49,4,15,30,0,4,29,14,2,0,0,0,0,0,0,0,0,0,0,0,0,0,0,0,0
Vlanid,1,0,0,1,0,0,1,0,0,0,0,0,0,0,0,0,0,0,0,0,0,0,0,0,0
Vm,220,1,197,22,0,1,153,44,14,6,2,0,0,0,0,0,0,0,0,0,0,0,0,0,0
Vmip,1,0,0,1,0,0,0,0,1,0,0,0,0,0,0,0,0,0,0,0,0,0,0,0,0
Vms,6,0,0,6,0,0,0,0,6,0,0,0,0,0,0,0,0,0,0,0,0,0,0,0,0
Vmware,4,0,4,0,0,0,4,0,0,0,0,0,0,0,0,0,0,0,0,0,0,0,0,0,0
Vnc,13,0,13,0,0,0,13,0,0,0,0,0,0,0,0,0,0,0,0,0,0,0,0,0,0
Vnet,5,0,3,2,0,0,5,0,0,0,0,0,0,0,0,0,0,0,0,0,0,0,0,0,0
VO,1,0,0,1,0,0,0,1,0,0,0,0,0,0,0,0,0,0,0,0,0,0,0,0,0
Vol,2,0,2,0,0,0,2,0,0,0,0,0,0,0,0,0,0,0,0,0,0,0,0,0,0
Volatile,3,0,3,0,0,0,3,0,0,0,0,0,0,0,0,0,0,0,0,0,0,0,0,0,0
Volume,78,2,72,4,0,2,70,5,0,1,0,0,0,0,0,0,0,0,0,0,0,0,0,0,0
Volumes,2,0,2,0,0,0,0,0,2,0,0,0,0,0,0,0,0,0,0,0,0,0,0,0,0
Vpc,68,0,57,11,0,0,54,10,2,2,0,0,0,0,0,0,0,0,0,0,0,0,0,0,0
Vpn,11,1,10,0,0,1,6,2,2,0,0,0,0,0,0,0,0,0,0,0,0,0,0,0,0
Vpu,1,0,1,0,0,0,0,1,0,0,0,0,0,0,0,0,0,0,0,0,0,0,0,0,0
VSM,3,0,3,0,0,0,3,0,0,0,0,0,0,0,0,0,0,0,0,0,0,0,0,0,0
Wait,3,0,1,2,0,0,3,0,0,0,0,0,0,0,0,0,0,0,0,0,0,0,0,0,0
War,1,0,1,0,0,0,0,1,0,0,0,0,0,0,0,0,0,0,0,0,0,0,0,0,0
Watch,2,1,0,1,0,1,1,0,0,0,0,0,0,0,0,0,0,0,0,0,0,0,0,0,0
Way,4,0,0,4,0,0,0,4,0,0,0,0,0,0,0,0,0,0,0,0,0,0,0,0,0
Web,1,0,1,0,0,0,1,0,0,0,0,0,0,0,0,0,0,0,0,0,0,0,0,0,0
Weight,3,0,1,2,0,0,2,0,0,1,0,0,0,0,0,0,0,0,0,0,0,0,0,0,0
When,2,0,2,0,0,0,0,0,0,0,0,2,0,0,0,0,0,0,0,0,0,0,0,0,0
Wide,1,0,0,1,0,0,0,0,0,1,0,0,0,0,0,0,0,0,0,0,0,0,0,0,0
Wildcard,3,0,3,0,0,0,0,3,0,0,0,0,0,0,0,0,0,0,0,0,0,0,0,0,0
Windows,2,0,0,2,0,0,2,0,0,0,0,0,0,0,0,0,0,0,0,0,0,0,0,0,0
With,31,0,31,0,0,0,12,16,3,0,0,0,0,0,0,0,0,0,0,0,0,0,0,0,0
Without,1,0,1,0,0,0,0,0,1,0,0,0,0,0,0,0,0,0,0,0,0,0,0,0,0
Workers,1,0,0,1,0,0,1,0,0,0,0,0,0,0,0,0,0,0,0,0,0,0,0,0,0
Write,32,0,23,9,0,0,0,23,9,0,0,0,0,0,0,0,0,0,0,0,0,0,0,0,0
wrong,1,1,0,0,0,1,0,0,0,0,0,0,0,0,0,0,0,0,0,0,0,0,0,0,0
X,2,0,0,2,0,0,0,0,2,0,0,0,0,0,0,0,0,0,0,0,0,0,0,0,0
Xen,4,0,4,0,0,0,4,0,0,0,0,0,0,0,0,0,0,0,0,0,0,0,0,0,0
Xid,6,0,0,6,0,0,6,0,0,0,0,0,0,0,0,0,0,0,0,0,0,0,0,0,0
Y,2,0,0,2,0,0,0,0,2,0,0,0,0,0,0,0,0,0,0,0,0,0,0,0,0
Zone,175,1,164,10,0,1,153,13,6,0,2,0,0,0,0,0,0,0,0,0,0,0,0,0,0
Zoneid,18,0,18,0,0,0,14,2,2,0,0,0,0,0,0,0,0,0,0,0,0,0,0,0,0
Zones,8,0,0,8,0,0,0,7,1,0,0,0,0,0,0,0,0,0,0,0,0,0,0,0,0
