A,6,0,6,0,0,0,2,3,1,0,0,0,0,0,0,0,0,0,0,0,0,0,0,0,0,
AC,4,1,3,0,0,1,1,1,0,1,0,0,0,0,0,0,0,0,0,0,0,0,0,0,0,
Accept,7,5,2,0,2,5,2,0,0,0,0,0,0,0,0,0,0,0,0,0,0,0,0,0,0,
Access,3,0,0,3,0,0,0,3,0,0,0,0,0,0,0,0,0,0,0,0,0,0,0,0,0,
Acl,60,2,35,23,0,2,34,16,0,0,8,0,0,0,0,0,0,0,0,0,0,0,0,0,0,
Acquire,11,10,1,0,6,10,1,0,0,0,0,0,0,0,0,0,0,0,0,0,0,0,0,0,0,
Acquire1,1,0,1,0,0,0,1,0,0,0,0,0,0,0,0,0,0,0,0,0,0,0,0,0,0,
Acquired,5,0,4,1,0,0,5,0,0,0,0,0,0,0,0,0,0,0,0,0,0,0,0,0,0,
Active,2,0,1,1,0,0,2,0,0,0,0,0,0,0,0,0,0,0,0,0,0,0,0,0,0,
Actual,3,0,3,0,0,0,3,0,0,0,0,0,0,0,0,0,0,0,0,0,0,0,0,0,0,
add,33,30,2,1,8,30,3,0,0,0,0,0,0,0,0,0,0,0,0,0,0,0,0,0,0,
Added,2,0,2,0,0,0,2,0,0,0,0,0,0,0,0,0,0,0,0,0,0,0,0,0,0,
Addition,2,0,0,2,0,0,0,2,0,0,0,0,0,0,0,0,0,0,0,0,0,0,0,0,0,
Additional,2,1,1,0,0,1,0,0,0,0,0,0,1,0,0,0,0,0,0,0,0,0,0,0,0,
Additions,1,0,0,1,0,0,1,0,0,0,0,0,0,0,0,0,0,0,0,0,0,0,0,0,0,
Addr,3,0,1,2,0,0,0,0,0,0,0,0,1,0,2,0,0,0,0,0,0,0,0,0,0,
Address,7,1,0,6,1,1,5,1,0,0,0,0,0,0,0,0,0,0,0,0,0,0,0,0,0,
adjust,1,1,0,0,0,1,0,0,0,0,0,0,0,0,0,0,0,0,0,0,0,0,0,0,0,
Advanced,1,0,1,0,0,0,1,0,0,0,0,0,0,0,0,0,0,0,0,0,0,0,0,0,0,
After,10,1,9,0,0,1,3,3,3,0,0,0,0,0,0,0,0,0,0,0,0,0,0,0,0,
Against,2,0,2,0,0,0,0,2,0,0,0,0,0,0,0,0,0,0,0,0,0,0,0,0,0,
Age,6,0,0,6,0,0,6,0,0,0,0,0,0,0,0,0,0,0,0,0,0,0,0,0,0,
All,13,0,6,7,0,0,10,3,0,0,0,0,0,0,0,0,0,0,0,0,0,0,0,0,0,
allocate,1,1,0,0,0,1,0,0,0,0,0,0,0,0,0,0,0,0,0,0,0,0,0,0,0,
Allocator,1,0,0,1,0,0,1,0,0,0,0,0,0,0,0,0,0,0,0,0,0,0,0,0,0,
allow,5,5,0,0,1,5,0,0,0,0,0,0,0,0,0,0,0,0,0,0,0,0,0,0,0,
Allowance,1,0,0,1,0,0,1,0,0,0,0,0,0,0,0,0,0,0,0,0,0,0,0,0,0,
Alt,3,0,0,3,0,0,0,2,0,0,0,1,0,0,0,0,0,0,0,0,0,0,0,0,0,
Analyzer,1,0,0,1,0,0,1,0,0,0,0,0,0,0,0,0,0,0,0,0,0,0,0,0,0,
And,38,1,37,0,1,1,17,11,6,0,1,1,1,0,0,0,0,0,0,0,0,0,0,0,0,
answer,1,1,0,0,1,1,0,0,0,0,0,0,0,0,0,0,0,0,0,0,0,0,0,0,0,
Any,2,0,0,2,0,0,2,0,0,0,0,0,0,0,0,0,0,0,0,0,0,0,0,0,0,
Api,1,0,1,0,0,0,1,0,0,0,0,0,0,0,0,0,0,0,0,0,0,0,0,0,0,
Apis,1,0,0,1,0,0,0,0,1,0,0,0,0,0,0,0,0,0,0,0,0,0,0,0,0,
Apply,31,25,6,0,21,25,1,1,0,0,0,4,0,0,0,0,0,0,0,0,0,0,0,0,0,
as,17,8,9,0,0,8,4,4,1,0,0,0,0,0,0,0,0,0,0,0,0,0,0,0,0,
assert,8,8,0,0,0,8,0,0,0,0,0,0,0,0,0,0,0,0,0,0,0,0,0,0,0,
Async,38,19,4,15,1,19,5,10,4,0,0,0,0,0,0,0,0,0,0,0,0,0,0,0,0,
At,8,0,7,1,0,0,0,2,6,0,0,0,0,0,0,0,0,0,0,0,0,0,0,0,0,
Atomic,8,2,6,0,0,2,6,0,0,0,0,0,0,0,0,0,0,0,0,0,0,0,0,0,0,
attempt,2,2,0,0,0,2,0,0,0,0,0,0,0,0,0,0,0,0,0,0,0,0,0,0,0,
Auth,8,1,4,3,0,1,5,0,0,2,0,0,0,0,0,0,0,0,0,0,0,0,0,0,0,
authorization,1,1,0,0,1,1,0,0,0,0,0,0,0,0,0,0,0,0,0,0,0,0,0,0,0,
Auths,3,0,0,3,0,0,1,0,0,2,0,0,0,0,0,0,0,0,0,0,0,0,0,0,0,
Auto,3,1,2,0,0,1,2,0,0,0,0,0,0,0,0,0,0,0,0,0,0,0,0,0,0,
Available,6,0,1,5,0,0,1,3,0,2,0,0,0,0,0,0,0,0,0,0,0,0,0,0,0,
await,7,7,0,0,3,7,0,0,0,0,0,0,0,0,0,0,0,0,0,0,0,0,0,0,0,
Awaiting,1,0,1,0,0,0,0,0,0,0,1,0,0,0,0,0,0,0,0,0,0,0,0,0,0,
Aware,4,0,4,0,0,0,0,4,0,0,0,0,0,0,0,0,0,0,0,0,0,0,0,0,0,
Background,92,5,49,38,0,5,52,8,4,9,6,3,2,1,0,2,0,0,0,0,0,0,0,0,0,
Backgrounding,1,1,0,0,1,1,0,0,0,0,0,0,0,0,0,0,0,0,0,0,0,0,0,0,0,
Backoff,3,0,3,0,0,0,1,2,0,0,0,0,0,0,0,0,0,0,0,0,0,0,0,0,0,
Backup,4,0,3,1,0,0,4,0,0,0,0,0,0,0,0,0,0,0,0,0,0,0,0,0,0,
Backward,2,0,2,0,0,0,2,0,0,0,0,0,0,0,0,0,0,0,0,0,0,0,0,0,0,
Bad,5,0,5,0,0,0,1,1,1,2,0,0,0,0,0,0,0,0,0,0,0,0,0,0,0,
bar,1,1,0,0,1,1,0,0,0,0,0,0,0,0,0,0,0,0,0,0,0,0,0,0,0,
Barrier,6,0,0,6,0,0,3,3,0,0,0,0,0,0,0,0,0,0,0,0,0,0,0,0,0,
Base,3,2,1,0,0,2,1,0,0,0,0,0,0,0,0,0,0,0,0,0,0,0,0,0,0,
Basic,45,1,10,34,1,1,42,2,0,0,0,0,0,0,0,0,0,0,0,0,0,0,0,0,0,
Basics,6,0,2,4,0,0,6,0,0,0,0,0,0,0,0,0,0,0,0,0,0,0,0,0,0,
Be,3,0,3,0,0,0,3,0,0,0,0,0,0,0,0,0,0,0,0,0,0,0,0,0,0,
Before,3,2,1,0,0,2,0,0,1,0,0,0,0,0,0,0,0,0,0,0,0,0,0,0,0,
Bit,3,0,0,3,0,0,0,2,1,0,0,0,0,0,0,0,0,0,0,0,0,0,0,0,0,
Block,14,7,7,0,0,7,7,0,0,0,0,0,0,0,0,0,0,0,0,0,0,0,0,0,0,
blocking,2,2,0,0,0,2,0,0,0,0,0,0,0,0,0,0,0,0,0,0,0,0,0,0,0,
Boolean,2,1,0,1,0,1,1,0,0,0,0,0,0,0,0,0,0,0,0,0,0,0,0,0,0,
Both,2,0,2,0,0,0,0,2,0,0,0,0,0,0,0,0,0,0,0,0,0,0,0,0,0,
Bounded,1,1,0,0,0,1,0,0,0,0,0,0,0,0,0,0,0,0,0,0,0,0,0,0,0,
Brain,1,0,0,1,0,0,0,1,0,0,0,0,0,0,0,0,0,0,0,0,0,0,0,0,0,
build,25,25,0,0,15,25,0,0,0,0,0,0,0,0,0,0,0,0,0,0,0,0,0,0,0,
Builder,55,14,26,15,11,14,9,21,10,1,0,0,0,0,0,0,0,0,0,0,0,0,0,0,0,
By,1,0,1,0,0,0,0,1,0,0,0,0,0,0,0,0,0,0,0,0,0,0,0,0,0,
Bytes,18,2,4,12,0,2,2,11,3,0,0,0,0,0,0,0,0,0,0,0,0,0,0,0,0,
Bytesable,2,0,0,2,0,0,0,0,0,0,0,1,0,1,0,0,0,0,0,0,0,0,0,0,0,
Cache,27,4,9,14,1,4,16,5,2,0,0,0,0,0,0,0,0,0,0,0,0,0,0,0,0,
Cached,5,5,0,0,2,5,0,0,0,0,0,0,0,0,0,0,0,0,0,0,0,0,0,0,0,
Caches,2,0,1,1,0,0,0,0,0,2,0,0,0,0,0,0,0,0,0,0,0,0,0,0,0,
Caching,2,0,2,0,0,0,0,0,0,2,0,0,0,0,0,0,0,0,0,0,0,0,0,0,0,
Call,58,55,2,1,47,55,1,0,0,0,0,2,0,0,0,0,0,0,0,0,0,0,0,0,0,
Callable,2,0,0,2,0,0,0,2,0,0,0,0,0,0,0,0,0,0,0,0,0,0,0,0,0,
Callback,18,0,6,12,0,0,7,7,1,1,0,1,1,0,0,0,0,0,0,0,0,0,0,0,0,
Called,3,0,1,2,0,0,1,2,0,0,0,0,0,0,0,0,0,0,0,0,0,0,0,0,0,
Calls,1,0,0,1,0,0,0,1,0,0,0,0,0,0,0,0,0,0,0,0,0,0,0,0,0,
can,3,3,0,0,0,3,0,0,0,0,0,0,0,0,0,0,0,0,0,0,0,0,0,0,0,
Cancel,4,4,0,0,1,4,0,0,0,0,0,0,0,0,0,0,0,0,0,0,0,0,0,0,0,
Cancelled,1,0,0,1,0,0,1,0,0,0,0,0,0,0,0,0,0,0,0,0,0,0,0,0,0,
Causes,1,0,1,0,0,0,0,1,0,0,0,0,0,0,0,0,0,0,0,0,0,0,0,0,0,
Change,6,0,1,5,0,0,1,5,0,0,0,0,0,0,0,0,0,0,0,0,0,0,0,0,0,
Changed,48,0,0,48,0,0,42,4,0,2,0,0,0,0,0,0,0,0,0,0,0,0,0,0,0,
Changes,1,0,0,1,0,0,0,1,0,0,0,0,0,0,0,0,0,0,0,0,0,0,0,0,0,
Changing,1,0,0,1,0,0,1,0,0,0,0,0,0,0,0,0,0,0,0,0,0,0,0,0,0,
Chaos,1,1,0,0,0,1,0,0,0,0,0,0,0,0,0,0,0,0,0,0,0,0,0,0,0,
check,38,32,5,1,3,32,4,2,0,0,0,0,0,0,0,0,0,0,0,0,0,0,0,0,0,
Checksum,2,0,2,0,0,0,2,0,0,0,0,0,0,0,0,0,0,0,0,0,0,0,0,0,0,
Child,22,16,4,2,4,16,5,0,1,0,0,0,0,0,0,0,0,0,0,0,0,0,0,0,0,
Children,59,6,15,38,2,6,27,18,4,4,0,0,0,0,0,0,0,0,0,0,0,0,0,0,0,
Chunks,1,0,0,1,0,0,0,0,1,0,0,0,0,0,0,0,0,0,0,0,0,0,0,0,0,
Class,1,0,0,1,0,0,0,1,0,0,0,0,0,0,0,0,0,0,0,0,0,0,0,0,0,
Classes,4,0,0,4,0,0,4,0,0,0,0,0,0,0,0,0,0,0,0,0,0,0,0,0,0,
Clean,2,1,0,1,1,1,0,0,1,0,0,0,0,0,0,0,0,0,0,0,0,0,0,0,0,
Cleaning,1,0,0,1,0,0,1,0,0,0,0,0,0,0,0,0,0,0,0,0,0,0,0,0,0,
Cleans,1,0,1,0,0,0,0,0,1,0,0,0,0,0,0,0,0,0,0,0,0,0,0,0,0,
Cleanup,3,0,0,3,0,0,2,1,0,0,0,0,0,0,0,0,0,0,0,0,0,0,0,0,0,
clear,7,6,0,1,2,6,0,1,0,0,0,0,0,0,0,0,0,0,0,0,0,0,0,0,0,
Client,36,2,8,26,1,2,19,10,1,1,0,1,0,2,0,0,0,0,0,0,0,0,0,0,0,
Clients,3,0,0,3,0,0,1,1,0,0,1,0,0,0,0,0,0,0,0,0,0,0,0,0,0,
Close,68,55,8,5,49,55,2,6,0,5,0,0,0,0,0,0,0,0,0,0,0,0,0,0,0,
Closeable,4,2,2,0,0,2,2,0,0,0,0,0,0,0,0,0,0,0,0,0,0,0,0,0,0,
Closed,4,0,1,3,0,0,2,0,1,1,0,0,0,0,0,0,0,0,0,0,0,0,0,0,0,
Closing,2,0,1,1,0,0,2,0,0,0,0,0,0,0,0,0,0,0,0,0,0,0,0,0,0,
Cluster,4,0,0,4,0,0,3,1,0,0,0,0,0,0,0,0,0,0,0,0,0,0,0,0,0,
CNX,2,0,2,0,0,0,2,0,0,0,0,0,0,0,0,0,0,0,0,0,0,0,0,0,0,
Cnxn,2,0,2,0,0,0,1,1,0,0,0,0,0,0,0,0,0,0,0,0,0,0,0,0,0,
Cnxns,1,0,0,1,0,0,0,0,1,0,0,0,0,0,0,0,0,0,0,0,0,0,0,0,0,
code,26,1,0,25,0,1,22,3,0,0,0,0,0,0,0,0,0,0,0,0,0,0,0,0,0,
Combine,1,0,1,0,0,0,1,0,0,0,0,0,0,0,0,0,0,0,0,0,0,0,0,0,0,
Commands,2,0,0,2,0,0,2,0,0,0,0,0,0,0,0,0,0,0,0,0,0,0,0,0,0,
commit,5,5,0,0,4,5,0,0,0,0,0,0,0,0,0,0,0,0,0,0,0,0,0,0,0,
Common,1,0,0,1,0,0,1,0,0,0,0,0,0,0,0,0,0,0,0,0,0,0,0,0,0,
Compare,14,12,2,0,5,12,2,0,0,0,0,0,0,0,0,0,0,0,0,0,0,0,0,0,0,
Compatibility,7,0,4,3,0,0,2,5,0,0,0,0,0,0,0,0,0,0,0,0,0,0,0,0,0,
complete,6,3,1,2,1,3,3,0,0,0,0,0,0,0,0,0,0,0,0,0,0,0,0,0,0,
Completed,5,2,0,3,2,2,3,0,0,0,0,0,0,0,0,0,0,0,0,0,0,0,0,0,0,
Compose,1,0,1,0,0,0,1,0,0,0,0,0,0,0,0,0,0,0,0,0,0,0,0,0,0,
compress,2,2,0,0,2,2,0,0,0,0,0,0,0,0,0,0,0,0,0,0,0,0,0,0,0,
Compressed,13,5,4,4,4,5,1,5,1,1,0,0,0,0,0,0,0,0,0,0,0,0,0,0,0,
Compression,5,1,3,1,0,1,3,1,0,0,0,0,0,0,0,0,0,0,0,0,0,0,0,0,0,
Concurrency1,1,0,0,1,0,0,1,0,0,0,0,0,0,0,0,0,0,0,0,0,0,0,0,0,0,
Concurrency2,1,0,0,1,0,0,1,0,0,0,0,0,0,0,0,0,0,0,0,0,0,0,0,0,0,
Concurrently,1,0,0,1,0,0,0,0,1,0,0,0,0,0,0,0,0,0,0,0,0,0,0,0,0,
Config,23,2,9,12,0,2,13,6,2,0,0,0,0,0,0,0,0,0,0,0,0,0,0,0,0,
Connect,8,1,4,3,0,1,3,1,1,1,1,0,0,0,0,0,0,0,0,0,0,0,0,0,0,
Connected,18,0,10,8,0,0,3,6,7,0,1,1,0,0,0,0,0,0,0,0,0,0,0,0,0,
Connection,54,8,42,4,2,8,29,10,6,1,0,0,0,0,0,0,0,0,0,0,0,0,0,0,0,
consume,6,6,0,0,0,6,0,0,0,0,0,0,0,0,0,0,0,0,0,0,0,0,0,0,0,
Consumer,3,0,0,3,0,0,2,1,0,0,0,0,0,0,0,0,0,0,0,0,0,0,0,0,0,
Container,14,1,9,4,0,1,6,2,5,0,0,0,0,0,0,0,0,0,0,0,0,0,0,0,0,
Containers,15,0,5,10,0,0,3,8,2,2,0,0,0,0,0,0,0,0,0,0,0,0,0,0,0,
Contention,1,0,0,1,0,0,1,0,0,0,0,0,0,0,0,0,0,0,0,0,0,0,0,0,0,
Contents,1,0,0,1,0,0,0,1,0,0,0,0,0,0,0,0,0,0,0,0,0,0,0,0,0,
Context,12,0,1,11,0,0,7,4,1,0,0,0,0,0,0,0,0,0,0,0,0,0,0,0,0,
Continue,2,0,0,2,0,0,2,0,0,0,0,0,0,0,0,0,0,0,0,0,0,0,0,0,0,
convert,1,1,0,0,0,1,0,0,0,0,0,0,0,0,0,0,0,0,0,0,0,0,0,0,0,
Correct,1,0,1,0,0,0,1,0,0,0,0,0,0,0,0,0,0,0,0,0,0,0,0,0,0,
Corrupted,1,0,1,0,0,0,1,0,0,0,0,0,0,0,0,0,0,0,0,0,0,0,0,0,0,
Corruption,1,0,1,0,0,0,1,0,0,0,0,0,0,0,0,0,0,0,0,0,0,0,0,0,0,
Count,19,5,2,12,0,5,5,4,4,1,0,0,0,0,0,0,0,0,0,0,0,0,0,0,0,
Counting,1,1,0,0,0,1,0,0,0,0,0,0,0,0,0,0,0,0,0,0,0,0,0,0,0,
Crash,2,0,0,2,0,0,0,1,1,0,0,0,0,0,0,0,0,0,0,0,0,0,0,0,0,
Crashed,3,0,3,0,0,0,3,0,0,0,0,0,0,0,0,0,0,0,0,0,0,0,0,0,0,
Create,94,33,52,9,8,33,44,9,6,0,1,1,0,0,0,0,0,0,0,0,0,0,0,0,0,
Created,6,1,1,4,1,1,2,3,0,0,0,0,0,0,0,0,0,0,0,0,0,0,0,0,0,
creates,2,2,0,0,0,2,0,0,0,0,0,0,0,0,0,0,0,0,0,0,0,0,0,0,0,
Creating,10,4,6,0,0,4,2,3,1,0,0,0,0,0,0,0,0,0,0,0,0,0,0,0,0,
Crud,2,0,0,2,0,0,2,0,0,0,0,0,0,0,0,0,0,0,0,0,0,0,0,0,0,
Curator,23,7,14,2,0,7,10,4,2,0,0,0,0,0,0,0,0,0,0,0,0,0,0,0,0,
Curator56,1,0,0,1,0,0,0,0,0,1,0,0,0,0,0,0,0,0,0,0,0,0,0,0,0,
Current,14,2,12,0,0,2,11,0,1,0,0,0,0,0,0,0,0,0,0,0,0,0,0,0,0,
Currently,3,0,3,0,0,0,0,0,0,3,0,0,0,0,0,0,0,0,0,0,0,0,0,0,0,
Custom,5,0,5,0,0,0,5,0,0,0,0,0,0,0,0,0,0,0,0,0,0,0,0,0,0,
Data,98,3,30,65,1,3,45,36,11,1,2,0,0,0,0,0,0,0,0,0,0,0,0,0,0,
debug,2,2,0,0,0,2,0,0,0,0,0,0,0,0,0,0,0,0,0,0,0,0,0,0,0,
decode,1,1,0,0,0,1,0,0,0,0,0,0,0,0,0,0,0,0,0,0,0,0,0,0,0,
decompress,2,2,0,0,2,2,0,0,0,0,0,0,0,0,0,0,0,0,0,0,0,0,0,0,0,
decompressed,4,4,0,0,3,4,0,0,0,0,0,0,0,0,0,0,0,0,0,0,0,0,0,0,0,
decrement,3,3,0,0,3,3,0,0,0,0,0,0,0,0,0,0,0,0,0,0,0,0,0,0,0,
Deep,3,0,3,0,0,0,0,0,2,1,0,0,0,0,0,0,0,0,0,0,0,0,0,0,0,
Deeper,2,0,0,2,0,0,0,1,1,0,0,0,0,0,0,0,0,0,0,0,0,0,0,0,0,
Default,16,2,14,0,0,2,13,0,1,0,0,0,0,0,0,0,0,0,0,0,0,0,0,0,0,
Delay,8,0,3,5,0,0,5,0,1,0,2,0,0,0,0,0,0,0,0,0,0,0,0,0,0,
Delegating,1,1,0,0,0,1,0,0,0,0,0,0,0,0,0,0,0,0,0,0,0,0,0,0,0,
Delete,56,19,28,9,8,19,18,16,3,0,0,0,0,0,0,0,0,0,0,0,0,0,0,0,0,
Deleted,6,1,0,5,0,1,1,3,0,0,0,1,0,0,0,0,0,0,0,0,0,0,0,0,0,
Deletes,2,0,2,0,0,0,2,0,0,0,0,0,0,0,0,0,0,0,0,0,0,0,0,0,0,
deleting,2,1,1,0,0,1,1,0,0,0,0,0,0,0,0,0,0,0,0,0,0,0,0,0,0,
Deletion,1,0,0,1,0,0,0,0,0,1,0,0,0,0,0,0,0,0,0,0,0,0,0,0,0,
Deprecated,2,0,1,1,0,0,1,1,0,0,0,0,0,0,0,0,0,0,0,0,0,0,0,0,0,
Depth,3,0,0,3,0,0,0,1,0,1,0,1,0,0,0,0,0,0,0,0,0,0,0,0,0,
Depth0,1,0,0,1,0,0,1,0,0,0,0,0,0,0,0,0,0,0,0,0,0,0,0,0,0,
Depth1,2,0,1,1,0,0,2,0,0,0,0,0,0,0,0,0,0,0,0,0,0,0,0,0,0,
Description,4,0,0,4,0,0,4,0,0,0,0,0,0,0,0,0,0,0,0,0,0,0,0,0,0,
deserialize,11,11,0,0,11,11,0,0,0,0,0,0,0,0,0,0,0,0,0,0,0,0,0,0,0,
Desired,1,0,1,0,0,0,0,1,0,0,0,0,0,0,0,0,0,0,0,0,0,0,0,0,0,
Details,5,0,2,3,0,0,4,0,1,0,0,0,0,0,0,0,0,0,0,0,0,0,0,0,0,
Different,5,0,5,0,0,0,0,0,5,0,0,0,0,0,0,0,0,0,0,0,0,0,0,0,0,
Digest,2,0,0,2,0,0,0,2,0,0,0,0,0,0,0,0,0,0,0,0,0,0,0,0,0,
Directory,4,0,2,2,0,0,1,3,0,0,0,0,0,0,0,0,0,0,0,0,0,0,0,0,0,
Disabled,1,0,1,0,0,0,1,0,0,0,0,0,0,0,0,0,0,0,0,0,0,0,0,0,0,
Disallowed,1,0,0,1,0,0,0,0,0,1,0,0,0,0,0,0,0,0,0,0,0,0,0,0,0,
Disconnect,3,0,3,0,0,0,3,0,0,0,0,0,0,0,0,0,0,0,0,0,0,0,0,0,0,
Disconnected,1,0,0,1,0,0,0,0,0,1,0,0,0,0,0,0,0,0,0,0,0,0,0,0,0,
Disconnects,1,0,0,1,0,0,0,0,0,0,1,0,0,0,0,0,0,0,0,0,0,0,0,0,0,
Discovery,15,1,11,3,0,1,9,5,0,0,0,0,0,0,0,0,0,0,0,0,0,0,0,0,0,
Distributed,11,9,2,0,0,9,1,1,0,0,0,0,0,0,0,0,0,0,0,0,0,0,0,0,0,
Distribution,1,0,0,1,0,0,1,0,0,0,0,0,0,0,0,0,0,0,0,0,0,0,0,0,0,
do,16,15,1,0,0,15,1,0,0,0,0,0,0,0,0,0,0,0,0,0,0,0,0,0,0,
Doc,1,0,1,0,0,0,1,0,0,0,0,0,0,0,0,0,0,0,0,0,0,0,0,0,0,
Docs,2,0,0,2,0,0,0,0,0,0,1,1,0,0,0,0,0,0,0,0,0,0,0,0,0,
Documentation,4,1,0,3,1,1,3,0,0,0,0,0,0,0,0,0,0,0,0,0,0,0,0,0,0,
Does,3,0,3,0,0,0,0,1,0,1,1,0,0,0,0,0,0,0,0,0,0,0,0,0,0,
Doesnt,2,0,2,0,0,0,0,0,0,0,2,0,0,0,0,0,0,0,0,0,0,0,0,0,0,
Done,2,1,0,1,1,1,1,0,0,0,0,0,0,0,0,0,0,0,0,0,0,0,0,0,0,
dont,2,1,1,0,0,1,0,1,0,0,0,0,0,0,0,0,0,0,0,0,0,0,0,0,0,
Double,1,0,1,0,0,0,1,0,0,0,0,0,0,0,0,0,0,0,0,0,0,0,0,0,0,
Down,9,3,2,4,0,3,6,0,0,0,0,0,0,0,0,0,0,0,0,0,0,0,0,0,0,
Downgrading,2,0,1,1,0,0,1,1,0,0,0,0,0,0,0,0,0,0,0,0,0,0,0,0,0,
drain,1,1,0,0,0,1,0,0,0,0,0,0,0,0,0,0,0,0,0,0,0,0,0,0,0,
Driver,3,0,0,3,0,0,1,2,0,0,0,0,0,0,0,0,0,0,0,0,0,0,0,0,0,
Duplicate,1,0,1,0,0,0,0,1,0,0,0,0,0,0,0,0,0,0,0,0,0,0,0,0,0,
Dying,1,0,0,1,0,0,0,1,0,0,0,0,0,0,0,0,0,0,0,0,0,0,0,0,0,
Dynamic,1,0,0,1,0,0,1,0,0,0,0,0,0,0,0,0,0,0,0,0,0,0,0,0,0,
Each,1,0,0,1,0,0,1,0,0,0,0,0,0,0,0,0,0,0,0,0,0,0,0,0,0,
Either,3,0,3,0,0,0,1,2,0,0,0,0,0,0,0,0,0,0,0,0,0,0,0,0,0,
Elapsed,2,0,1,1,0,0,1,1,0,0,0,0,0,0,0,0,0,0,0,0,0,0,0,0,0,
Elect,2,0,2,0,0,0,0,0,0,0,0,2,0,0,0,0,0,0,0,0,0,0,0,0,0,
Election,2,0,1,1,0,0,1,1,0,0,0,0,0,0,0,0,0,0,0,0,0,0,0,0,0,
Element,2,1,0,1,1,1,1,0,0,0,0,0,0,0,0,0,0,0,0,0,0,0,0,0,0,
Element1,1,0,0,1,0,0,1,0,0,0,0,0,0,0,0,0,0,0,0,0,0,0,0,0,0,
Element2,1,0,0,1,0,0,1,0,0,0,0,0,0,0,0,0,0,0,0,0,0,0,0,0,0,
Element3,1,0,0,1,0,0,1,0,0,0,0,0,0,0,0,0,0,0,0,0,0,0,0,0,0,
Element4,1,0,0,1,0,0,1,0,0,0,0,0,0,0,0,0,0,0,0,0,0,0,0,0,0,
Empty,7,0,4,3,0,0,2,2,1,1,1,0,0,0,0,0,0,0,0,0,0,0,0,0,0,
Enabled,9,1,1,7,1,1,2,1,5,0,0,0,0,0,0,0,0,0,0,0,0,0,0,0,0,
Ensemble,15,3,7,5,0,3,10,0,1,1,0,0,0,0,0,0,0,0,0,0,0,0,0,0,0,
Ensure,18,8,8,2,3,8,5,0,4,1,0,0,0,0,0,0,0,0,0,0,0,0,0,0,0,
Enter,2,1,0,1,1,1,1,0,0,0,0,0,0,0,0,0,0,0,0,0,0,0,0,0,0,
Entering,2,0,0,2,0,0,0,0,2,0,0,0,0,0,0,0,0,0,0,0,0,0,0,0,0,
Entries,1,0,0,1,0,0,1,0,0,0,0,0,0,0,0,0,0,0,0,0,0,0,0,0,0,
Entry,3,2,0,1,2,2,1,0,0,0,0,0,0,0,0,0,0,0,0,0,0,0,0,0,0,
Ephemeral,8,1,5,2,1,1,4,2,0,1,0,0,0,0,0,0,0,0,0,0,0,0,0,0,0,
Ephemerals,2,0,1,1,0,0,0,2,0,0,0,0,0,0,0,0,0,0,0,0,0,0,0,0,0,
epoch,2,1,0,1,0,1,1,0,0,0,0,0,0,0,0,0,0,0,0,0,0,0,0,0,0,
Equals,25,23,0,2,22,23,0,2,0,0,0,0,0,0,0,0,0,0,0,0,0,0,0,0,0,
Error,55,0,37,18,0,0,27,22,4,2,0,0,0,0,0,0,0,0,0,0,0,0,0,0,0,
Errors,1,0,0,1,0,0,1,0,0,0,0,0,0,0,0,0,0,0,0,0,0,0,0,0,0,
ES,2,0,2,0,0,0,0,0,0,1,1,0,0,0,0,0,0,0,0,0,0,0,0,0,0,
Escapes,1,0,0,1,0,0,1,0,0,0,0,0,0,0,0,0,0,0,0,0,0,0,0,0,0,
Established,1,0,0,1,0,0,0,0,0,0,1,0,0,0,0,0,0,0,0,0,0,0,0,0,0,
Event,34,9,5,20,3,9,15,6,4,0,0,0,0,0,0,0,0,0,0,0,0,0,0,0,0,
Events,3,0,1,2,0,0,2,0,1,0,0,0,0,0,0,0,0,0,0,0,0,0,0,0,0,
Everything,1,0,0,1,0,0,0,1,0,0,0,0,0,0,0,0,0,0,0,0,0,0,0,0,0,
Example,4,3,0,1,0,3,0,1,0,0,0,0,0,0,0,0,0,0,0,0,0,0,0,0,0,
Exception,18,0,0,18,0,0,12,5,1,0,0,0,0,0,0,0,0,0,0,0,0,0,0,0,0,
Exceptionally,3,2,0,1,2,2,1,0,0,0,0,0,0,0,0,0,0,0,0,0,0,0,0,0,0,
excluding,1,1,0,0,0,1,0,0,0,0,0,0,0,0,0,0,0,0,0,0,0,0,0,0,0,
execute,10,8,2,0,5,8,2,0,0,0,0,0,0,0,0,0,0,0,0,0,0,0,0,0,0,
Execution,1,0,0,1,0,0,0,1,0,0,0,0,0,0,0,0,0,0,0,0,0,0,0,0,0,
Executor,19,2,7,10,1,2,8,3,2,1,0,0,3,0,0,0,0,0,0,0,0,0,0,0,0,
Exhausted,4,0,0,4,0,0,4,0,0,0,0,0,0,0,0,0,0,0,0,0,0,0,0,0,0,
Exhibitor,4,1,3,0,0,1,3,0,0,0,0,0,0,0,0,0,0,0,0,0,0,0,0,0,0,
Exhibitors,3,1,0,2,1,1,2,0,0,0,0,0,0,0,0,0,0,0,0,0,0,0,0,0,0,
Exist,2,0,1,1,0,0,1,0,0,1,0,0,0,0,0,0,0,0,0,0,0,0,0,0,0,
Existent,2,0,2,0,0,0,0,0,0,0,2,0,0,0,0,0,0,0,0,0,0,0,0,0,0,
Exists,17,1,9,7,0,1,12,1,0,2,1,0,0,0,0,0,0,0,0,0,0,0,0,0,0,
Expiration,11,0,3,8,0,0,1,7,3,0,0,0,0,0,0,0,0,0,0,0,0,0,0,0,0,
Expired,2,0,2,0,0,0,2,0,0,0,0,0,0,0,0,0,0,0,0,0,0,0,0,0,0,
Expires,1,0,0,1,0,0,0,0,0,0,0,0,1,0,0,0,0,0,0,0,0,0,0,0,0,
Exponential,3,1,2,0,0,1,2,0,0,0,0,0,0,0,0,0,0,0,0,0,0,0,0,0,0,
Facade,4,0,2,2,0,0,2,2,0,0,0,0,0,0,0,0,0,0,0,0,0,0,0,0,0,
Factory,20,0,1,19,0,0,9,10,1,0,0,0,0,0,0,0,0,0,0,0,0,0,0,0,0,
Fail,4,0,3,1,0,0,1,1,2,0,0,0,0,0,0,0,0,0,0,0,0,0,0,0,0,
Failed,10,4,5,1,0,4,5,0,0,1,0,0,0,0,0,0,0,0,0,0,0,0,0,0,0,
Failure,4,0,0,4,0,0,1,2,0,1,0,0,0,0,0,0,0,0,0,0,0,0,0,0,0,
Failure ,1,0,1,0,0,0,0,0,1,0,0,0,0,0,0,0,0,0,0,0,0,0,0,0,0,
Failures,1,0,0,1,0,0,0,1,0,0,0,0,0,0,0,0,0,0,0,0,0,0,0,0,0,
Fast,1,0,0,1,0,0,0,0,0,1,0,0,0,0,0,0,0,0,0,0,0,0,0,0,0,
Faulty,3,2,1,0,0,2,0,0,0,1,0,0,0,0,0,0,0,0,0,0,0,0,0,0,0,
Field,1,0,0,1,0,0,0,1,0,0,0,0,0,0,0,0,0,0,0,0,0,0,0,0,0,
filter,11,3,1,7,2,3,2,3,3,0,0,0,0,0,0,0,0,0,0,0,0,0,0,0,0,
Filtered,1,1,0,0,0,1,0,0,0,0,0,0,0,0,0,0,0,0,0,0,0,0,0,0,0,
Filters,1,1,0,0,1,1,0,0,0,0,0,0,0,0,0,0,0,0,0,0,0,0,0,0,0,
final,1,1,0,0,0,1,0,0,0,0,0,0,0,0,0,0,0,0,0,0,0,0,0,0,0,
Find,5,5,0,0,1,5,0,0,0,0,0,0,0,0,0,0,0,0,0,0,0,0,0,0,0,
Fire,1,0,1,0,0,0,0,0,0,0,0,1,0,0,0,0,0,0,0,0,0,0,0,0,0,
fired,1,1,0,0,0,1,0,0,0,0,0,0,0,0,0,0,0,0,0,0,0,0,0,0,0,
First,5,0,5,0,0,0,5,0,0,0,0,0,0,0,0,0,0,0,0,0,0,0,0,0,0,
Fix,12,11,1,0,0,11,1,0,0,0,0,0,0,0,0,0,0,0,0,0,0,0,0,0,0,
Fixed,6,1,5,0,0,1,2,1,0,2,0,0,0,0,0,0,0,0,0,0,0,0,0,0,0,
flapping,1,1,0,0,0,1,0,0,0,0,0,0,0,0,0,0,0,0,0,0,0,0,0,0,0,
Flush,6,4,1,1,0,4,2,0,0,0,0,0,0,0,0,0,0,0,0,0,0,0,0,0,0,
foo,1,1,0,0,1,1,0,0,0,0,0,0,0,0,0,0,0,0,0,0,0,0,0,0,0,
For,92,33,56,3,0,33,40,15,4,0,0,0,0,0,0,0,0,0,0,0,0,0,0,0,0,
Force,4,3,1,0,0,3,1,0,0,0,0,0,0,0,0,0,0,0,0,0,0,0,0,0,0,
Forced,1,0,1,0,0,0,1,0,0,0,0,0,0,0,0,0,0,0,0,0,0,0,0,0,0,
Foreground,17,0,1,16,0,0,0,12,3,1,0,0,0,1,0,0,0,0,0,0,0,0,0,0,0,
Forever,2,0,0,2,0,0,1,1,0,0,0,0,0,0,0,0,0,0,0,0,0,0,0,0,0,
Forward,1,0,1,0,0,0,1,0,0,0,0,0,0,0,0,0,0,0,0,0,0,0,0,0,0,
Framework,10,0,7,3,0,0,3,5,0,2,0,0,0,0,0,0,0,0,0,0,0,0,0,0,0,
Fresh,1,0,1,0,0,0,0,0,0,0,1,0,0,0,0,0,0,0,0,0,0,0,0,0,0,
From,68,38,23,7,36,38,19,8,3,0,0,0,0,0,0,0,0,0,0,0,0,0,0,0,0,
Full,2,1,1,0,0,1,1,0,0,0,0,0,0,0,0,0,0,0,0,0,0,0,0,0,0,
Future,4,0,3,1,0,0,3,1,0,0,0,0,0,0,0,0,0,0,0,0,0,0,0,0,0,
general,2,1,0,1,0,1,1,0,0,0,0,0,0,0,0,0,0,0,0,0,0,0,0,0,0,
Generic,2,1,1,0,0,1,1,0,0,0,0,0,0,0,0,0,0,0,0,0,0,0,0,0,0,
get,525,504,20,1,9,504,16,4,1,0,0,0,0,0,0,0,0,0,0,0,0,0,0,0,0,
Gets,4,3,1,0,0,3,0,0,0,0,1,0,0,0,0,0,0,0,0,0,0,0,0,0,0,
Getter,1,0,0,1,0,0,0,0,0,1,0,0,0,0,0,0,0,0,0,0,0,0,0,0,0,
Giant,3,0,3,0,0,0,2,1,0,0,0,0,0,0,0,0,0,0,0,0,0,0,0,0,0,
Gone,2,0,1,1,0,0,0,0,2,0,0,0,0,0,0,0,0,0,0,0,0,0,0,0,0,
Group,4,2,1,1,1,2,1,1,0,0,0,0,0,0,0,0,0,0,0,0,0,0,0,0,0,
Guaranteed,13,3,10,0,2,3,6,2,2,0,0,0,0,0,0,0,0,0,0,0,0,0,0,0,0,
handle,14,14,0,0,0,14,0,0,0,0,0,0,0,0,0,0,0,0,0,0,0,0,0,0,0,
Handling,4,0,4,0,0,0,1,3,0,0,0,0,0,0,0,0,0,0,0,0,0,0,0,0,0,
Hang,1,0,1,0,0,0,1,0,0,0,0,0,0,0,0,0,0,0,0,0,0,0,0,0,0,
Has,12,7,5,0,0,7,4,0,1,0,0,0,0,0,0,0,0,0,0,0,0,0,0,0,0,
hash,22,22,0,0,1,22,0,0,0,0,0,0,0,0,0,0,0,0,0,0,0,0,0,0,0,
Help,2,0,0,2,0,0,2,0,0,0,0,0,0,0,0,0,0,0,0,0,0,0,0,0,0,
Holder,2,0,0,2,0,0,2,0,0,0,0,0,0,0,0,0,0,0,0,0,0,0,0,0,0,
Hostname,2,0,0,2,0,0,2,0,0,0,0,0,0,0,0,0,0,0,0,0,0,0,0,0,0,
Hostnames,1,0,0,1,0,0,1,0,0,0,0,0,0,0,0,0,0,0,0,0,0,0,0,0,0,
I,9,0,9,0,0,0,2,2,1,0,4,0,0,0,0,0,0,0,0,0,0,0,0,0,0,
Id,32,3,5,24,2,3,22,7,0,0,0,0,0,0,0,0,0,0,0,0,0,0,0,0,0,
Ids,2,0,0,2,0,0,0,2,0,0,0,0,0,0,0,0,0,0,0,0,0,0,0,0,0,
If,15,0,13,2,0,0,2,5,7,1,0,0,0,0,0,0,0,0,0,0,0,0,0,0,0,
Impl,46,0,0,46,0,0,1,19,19,7,0,0,0,0,0,0,0,0,0,0,0,0,0,0,0,
In,84,18,52,14,0,18,17,24,10,5,3,3,2,0,2,0,0,0,0,0,0,0,0,0,0,
Inactive,1,0,0,1,0,0,1,0,0,0,0,0,0,0,0,0,0,0,0,0,0,0,0,0,0,
Inactivity,1,0,0,1,0,0,1,0,0,0,0,0,0,0,0,0,0,0,0,0,0,0,0,0,0,
Including,2,0,2,0,0,0,0,0,0,2,0,0,0,0,0,0,0,0,0,0,0,0,0,0,0,
Increase,1,0,0,1,0,0,0,0,1,0,0,0,0,0,0,0,0,0,0,0,0,0,0,0,0,
Increment,6,5,1,0,3,5,0,1,0,0,0,0,0,0,0,0,0,0,0,0,0,0,0,0,0,
Index,4,0,0,4,0,0,0,4,0,0,0,0,0,0,0,0,0,0,0,0,0,0,0,0,0,
Info,1,0,0,1,0,0,1,0,0,0,0,0,0,0,0,0,0,0,0,0,0,0,0,0,0,
Infos,1,0,0,1,0,0,0,1,0,0,0,0,0,0,0,0,0,0,0,0,0,0,0,0,0,
init,1,1,0,0,0,1,0,0,0,0,0,0,0,0,0,0,0,0,0,0,0,0,0,0,0,
Initial,11,0,11,0,0,0,5,6,0,0,0,0,0,0,0,0,0,0,0,0,0,0,0,0,0,
initialisation,1,1,0,0,0,1,0,0,0,0,0,0,0,0,0,0,0,0,0,0,0,0,0,0,0,
initialize,3,3,0,0,3,3,0,0,0,0,0,0,0,0,0,0,0,0,0,0,0,0,0,0,0,
Initialized,8,1,5,2,1,1,1,6,0,0,0,0,0,0,0,0,0,0,0,0,0,0,0,0,0,
inject,4,4,0,0,0,4,0,0,0,0,0,0,0,0,0,0,0,0,0,0,0,0,0,0,0,
Injected,1,0,1,0,0,0,1,0,0,0,0,0,0,0,0,0,0,0,0,0,0,0,0,0,0,
Instance,50,5,20,25,1,5,32,11,1,0,0,1,0,0,0,0,0,0,0,0,0,0,0,0,0,
Instances,17,0,1,16,0,0,10,6,0,1,0,0,0,0,0,0,0,0,0,0,0,0,0,0,0,
Integer,6,1,0,5,0,1,3,2,0,0,0,0,0,0,0,0,0,0,0,0,0,0,0,0,0,
Inter,7,6,1,0,0,6,1,0,0,0,0,0,0,0,0,0,0,0,0,0,0,0,0,0,0,
intercept,1,1,0,0,1,1,0,0,0,0,0,0,0,0,0,0,0,0,0,0,0,0,0,0,0,
internal,42,41,0,1,0,41,1,0,0,0,0,0,0,0,0,0,0,0,0,0,0,0,0,0,0,
Internals,1,0,0,1,0,0,1,0,0,0,0,0,0,0,0,0,0,0,0,0,0,0,0,0,0,
Interrupt,5,1,2,2,0,1,2,0,0,1,1,0,0,0,0,0,0,0,0,0,0,0,0,0,0,
Interrupted,2,0,1,1,0,0,2,0,0,0,0,0,0,0,0,0,0,0,0,0,0,0,0,0,0,
Invalid,1,0,0,1,0,0,1,0,0,0,0,0,0,0,0,0,0,0,0,0,0,0,0,0,0,
Invocation,2,0,0,2,0,0,2,0,0,0,0,0,0,0,0,0,0,0,0,0,0,0,0,0,0,
invoke,6,6,0,0,4,6,0,0,0,0,0,0,0,0,0,0,0,0,0,0,0,0,0,0,0,
Invoked,1,0,0,1,0,0,0,0,0,1,0,0,0,0,0,0,0,0,0,0,0,0,0,0,0,
Ip,2,0,2,0,0,0,0,2,0,0,0,0,0,0,0,0,0,0,0,0,0,0,0,0,0,
is,67,58,9,0,0,58,3,1,5,0,0,0,0,0,0,0,0,0,0,0,0,0,0,0,0,
Issue27,2,0,1,1,0,0,2,0,0,0,0,0,0,0,0,0,0,0,0,0,0,0,0,0,0,
It,1,0,1,0,0,0,0,0,0,1,0,0,0,0,0,0,0,0,0,0,0,0,0,0,0,
Item,8,0,3,5,0,0,5,3,0,0,0,0,0,0,0,0,0,0,0,0,0,0,0,0,0,
Items,4,0,1,3,0,0,2,1,1,0,0,0,0,0,0,0,0,0,0,0,0,0,0,0,0,
iterator,1,1,0,0,1,1,0,0,0,0,0,0,0,0,0,0,0,0,0,0,0,0,0,0,0,
Jackson,1,1,0,0,0,1,0,0,0,0,0,0,0,0,0,0,0,0,0,0,0,0,0,0,0,
join,1,1,0,0,0,1,0,0,0,0,0,0,0,0,0,0,0,0,0,0,0,0,0,0,0,
Joining,2,1,1,0,1,1,1,0,0,0,0,0,0,0,0,0,0,0,0,0,0,0,0,0,0,
Json,10,3,0,7,0,3,4,3,0,0,0,0,0,0,0,0,0,0,0,0,0,0,0,0,0,
Keeper,12,0,3,9,0,0,1,11,0,0,0,0,0,0,0,0,0,0,0,0,0,0,0,0,0,
Kill,9,6,3,0,5,6,3,0,0,0,0,0,0,0,0,0,0,0,0,0,0,0,0,0,0,
Killed,7,0,6,1,0,0,5,1,1,0,0,0,0,0,0,0,0,0,0,0,0,0,0,0,0,
Kinds,1,0,0,1,0,0,0,0,0,1,0,0,0,0,0,0,0,0,0,0,0,0,0,0,0,
Kinds1,1,0,1,0,0,0,0,0,0,1,0,0,0,0,0,0,0,0,0,0,0,0,0,0,0,
Lable,1,0,0,1,0,0,0,0,0,0,1,0,0,0,0,0,0,0,0,0,0,0,0,0,0,
Large,1,0,1,0,0,0,1,0,0,0,0,0,0,0,0,0,0,0,0,0,0,0,0,0,0,
Last,12,0,11,1,0,0,12,0,0,0,0,0,0,0,0,0,0,0,0,0,0,0,0,0,0,
Latch,7,0,1,6,0,0,3,2,1,1,0,0,0,0,0,0,0,0,0,0,0,0,0,0,0,
Late,1,0,1,0,0,0,1,0,0,0,0,0,0,0,0,0,0,0,0,0,0,0,0,0,0,
Latency,2,0,2,0,0,0,1,1,0,0,0,0,0,0,0,0,0,0,0,0,0,0,0,0,0,
Leader,24,2,7,15,0,2,11,2,5,2,0,0,0,2,0,0,0,0,0,0,0,0,0,0,0,
Leaders,2,0,0,2,0,0,2,0,0,0,0,0,0,0,0,0,0,0,0,0,0,0,0,0,0,
Leadership,18,0,2,16,0,0,15,3,0,0,0,0,0,0,0,0,0,0,0,0,0,0,0,0,0,
Lease,6,0,1,5,0,0,4,2,0,0,0,0,0,0,0,0,0,0,0,0,0,0,0,0,0,
Leases,1,0,0,1,0,0,0,1,0,0,0,0,0,0,0,0,0,0,0,0,0,0,0,0,0,
Leave,2,1,0,1,1,1,1,0,0,0,0,0,0,0,0,0,0,0,0,0,0,0,0,0,0,
Leaving,2,1,0,1,1,1,0,0,1,0,0,0,0,0,0,0,0,0,0,0,0,0,0,0,0,
Length,4,0,0,4,0,0,0,0,4,0,0,0,0,0,0,0,0,0,0,0,0,0,0,0,0,
Limit,1,0,0,1,0,0,0,0,0,1,0,0,0,0,0,0,0,0,0,0,0,0,0,0,0,
Ling,1,0,0,1,0,0,1,0,0,0,0,0,0,0,0,0,0,0,0,0,0,0,0,0,0,
List,17,5,5,7,2,5,1,10,1,0,0,0,0,0,0,0,0,0,0,0,0,0,0,0,0,
listen,1,1,0,0,1,1,0,0,0,0,0,0,0,0,0,0,0,0,0,0,0,0,0,0,0,
Listenable,18,2,0,16,2,2,6,3,7,0,0,0,0,0,0,0,0,0,0,0,0,0,0,0,0,
Listener,43,1,8,34,0,1,17,8,17,0,0,0,0,0,0,0,0,0,0,0,0,0,0,0,0,
Listeners,10,0,4,6,0,0,7,1,0,2,0,0,0,0,0,0,0,0,0,0,0,0,0,0,0,
Listening,2,0,2,0,0,0,2,0,0,0,0,0,0,0,0,0,0,0,0,0,0,0,0,0,0,
Live,1,0,0,1,0,0,1,0,0,0,0,0,0,0,0,0,0,0,0,0,0,0,0,0,0,
load,4,3,0,1,2,3,0,1,0,0,0,0,0,0,0,0,0,0,0,0,0,0,0,0,0,
Loader,1,0,0,1,0,0,0,1,0,0,0,0,0,0,0,0,0,0,0,0,0,0,0,0,0,
Local,6,0,6,0,0,0,3,3,0,0,0,0,0,0,0,0,0,0,0,0,0,0,0,0,0,
locally,1,1,0,0,1,1,0,0,0,0,0,0,0,0,0,0,0,0,0,0,0,0,0,0,0,
Location,3,1,2,0,0,1,2,0,0,0,0,0,0,0,0,0,0,0,0,0,0,0,0,0,0,
Locations,1,0,1,0,0,0,1,0,0,0,0,0,0,0,0,0,0,0,0,0,0,0,0,0,0,
Lock,47,8,15,24,1,8,19,12,5,1,2,0,0,0,0,0,0,0,0,0,0,0,0,0,0,
Locker,2,1,0,1,1,1,1,0,0,0,0,0,0,0,0,0,0,0,0,0,0,0,0,0,0,
Locking,1,0,0,1,0,0,1,0,0,0,0,0,0,0,0,0,0,0,0,0,0,0,0,0,0,
Locks,5,0,2,3,0,0,1,1,3,0,0,0,0,0,0,0,0,0,0,0,0,0,0,0,0,
log,3,3,0,0,0,3,0,0,0,0,0,0,0,0,0,0,0,0,0,0,0,0,0,0,0,
Long,4,0,1,3,0,0,1,2,0,1,0,0,0,0,0,0,0,0,0,0,0,0,0,0,0,
Loop,14,0,1,13,0,0,2,9,1,1,1,0,0,0,0,0,0,0,0,0,0,0,0,0,0,
Loss,6,0,2,4,0,0,1,2,1,2,0,0,0,0,0,0,0,0,0,0,0,0,0,0,0,
Lost,7,0,6,1,0,0,3,0,2,2,0,0,0,0,0,0,0,0,0,0,0,0,0,0,0,
Ls,2,0,1,1,0,0,0,1,1,0,0,0,0,0,0,0,0,0,0,0,0,0,0,0,0,
main,7,7,0,0,7,7,0,0,0,0,0,0,0,0,0,0,0,0,0,0,0,0,0,0,0,
make,30,29,1,0,1,29,1,0,0,0,0,0,0,0,0,0,0,0,0,0,0,0,0,0,0,
Manager,14,0,0,14,0,0,1,6,6,1,0,0,0,0,0,0,0,0,0,0,0,0,0,0,0,
Manual,1,0,1,0,0,0,0,1,0,0,0,0,0,0,0,0,0,0,0,0,0,0,0,0,0,
Map,4,2,0,2,0,2,0,1,1,0,0,0,0,0,0,0,0,0,0,0,0,0,0,0,0,
mark,1,1,0,0,0,1,0,0,0,0,0,0,0,0,0,0,0,0,0,0,0,0,0,0,0,
Marshall,6,3,3,0,0,3,3,0,0,0,0,0,0,0,0,0,0,0,0,0,0,0,0,0,0,
Marshaller,2,0,0,2,0,0,0,0,2,0,0,0,0,0,0,0,0,0,0,0,0,0,0,0,0,
Max,17,3,14,0,0,3,14,0,0,0,0,0,0,0,0,0,0,0,0,0,0,0,0,0,0,
Maxed,1,0,0,1,0,0,0,1,0,0,0,0,0,0,0,0,0,0,0,0,0,0,0,0,0,
maybe,1,1,0,0,0,1,0,0,0,0,0,0,0,0,0,0,0,0,0,0,0,0,0,0,0,
Melement,1,0,1,0,0,0,0,1,0,0,0,0,0,0,0,0,0,0,0,0,0,0,0,0,0,
Member,1,0,0,1,0,0,1,0,0,0,0,0,0,0,0,0,0,0,0,0,0,0,0,0,0,
Members,4,0,0,4,0,0,0,4,0,0,0,0,0,0,0,0,0,0,0,0,0,0,0,0,0,
Message,13,1,5,7,1,1,8,4,0,0,0,0,0,0,0,0,0,0,0,0,0,0,0,0,0,
Messages,1,0,0,1,0,0,1,0,0,0,0,0,0,0,0,0,0,0,0,0,0,0,0,0,0,
Meta,2,0,2,0,0,0,2,0,0,0,0,0,0,0,0,0,0,0,0,0,0,0,0,0,0,
metadata,4,2,0,2,1,2,2,0,0,0,0,0,0,0,0,0,0,0,0,0,0,0,0,0,0,
Method,3,1,0,2,0,1,2,0,0,0,0,0,0,0,0,0,0,0,0,0,0,0,0,0,0,
Methods,2,0,0,2,0,0,0,0,2,0,0,0,0,0,0,0,0,0,0,0,0,0,0,0,0,
migrate,1,1,0,0,1,1,0,0,0,0,0,0,0,0,0,0,0,0,0,0,0,0,0,0,0,
Migration,4,2,2,0,0,2,2,0,0,0,0,0,0,0,0,0,0,0,0,0,0,0,0,0,0,
migrations,1,1,0,0,1,1,0,0,0,0,0,0,0,0,0,0,0,0,0,0,0,0,0,0,0,
milliseconds,2,2,0,0,2,2,0,0,0,0,0,0,0,0,0,0,0,0,0,0,0,0,0,0,0,
Min,1,0,1,0,0,0,1,0,0,0,0,0,0,0,0,0,0,0,0,0,0,0,0,0,0,
Missed,3,0,3,0,0,0,3,0,0,0,0,0,0,0,0,0,0,0,0,0,0,0,0,0,0,
Missing,3,0,2,1,0,0,2,0,1,0,0,0,0,0,0,0,0,0,0,0,0,0,0,0,0,
Mixed,2,0,2,0,0,0,2,0,0,0,0,0,0,0,0,0,0,0,0,0,0,0,0,0,0,
mkdirs,1,1,0,0,1,1,0,0,0,0,0,0,0,0,0,0,0,0,0,0,0,0,0,0,0,
Mode,24,0,3,21,0,0,4,12,7,1,0,0,0,0,0,0,0,0,0,0,0,0,0,0,0,
Model,19,11,4,4,3,11,6,2,0,0,0,0,0,0,0,0,0,0,0,0,0,0,0,0,0,
Modeled,5,3,2,0,0,3,2,0,0,0,0,0,0,0,0,0,0,0,0,0,0,0,0,0,0,
models,1,1,0,0,1,1,0,0,0,0,0,0,0,0,0,0,0,0,0,0,0,0,0,0,0,
Modes,2,0,0,2,0,0,1,1,0,0,0,0,0,0,0,0,0,0,0,0,0,0,0,0,0,
Monkey,1,0,1,0,0,0,1,0,0,0,0,0,0,0,0,0,0,0,0,0,0,0,0,0,0,
More,1,0,1,0,0,0,0,1,0,0,0,0,0,0,0,0,0,0,0,0,0,0,0,0,0,
Ms,29,0,0,29,0,0,0,5,18,4,2,0,0,0,0,0,0,0,0,0,0,0,0,0,0,
Mtest,1,0,0,1,0,0,0,1,0,0,0,0,0,0,0,0,0,0,0,0,0,0,0,0,0,
Multi,16,0,10,6,0,0,13,2,1,0,0,0,0,0,0,0,0,0,0,0,0,0,0,0,0,
Multiple,10,2,6,2,2,2,1,3,2,1,0,1,0,0,0,0,0,0,0,0,0,0,0,0,0,
Mutable,1,1,0,0,0,1,0,0,0,0,0,0,0,0,0,0,0,0,0,0,0,0,0,0,0,
Mutex,4,0,0,4,0,0,0,2,2,0,0,0,0,0,0,0,0,0,0,0,0,0,0,0,0,
N,2,0,1,1,0,0,2,0,0,0,0,0,0,0,0,0,0,0,0,0,0,0,0,0,0,
Name,34,4,0,30,3,4,16,14,0,0,0,0,0,0,0,0,0,0,0,0,0,0,0,0,0,
Named,2,0,2,0,0,0,2,0,0,0,0,0,0,0,0,0,0,0,0,0,0,0,0,0,0,
Names,7,0,0,7,0,0,2,3,2,0,0,0,0,0,0,0,0,0,0,0,0,0,0,0,0,
Namespace,56,6,15,35,1,6,22,19,2,7,0,0,0,0,0,0,0,0,0,0,0,0,0,0,0,
Namespace1,1,0,0,1,0,0,0,1,0,0,0,0,0,0,0,0,0,0,0,0,0,0,0,0,0,
Namespace2,1,0,0,1,0,0,0,1,0,0,0,0,0,0,0,0,0,0,0,0,0,0,0,0,0,
Namespace3,1,0,0,1,0,0,0,1,0,0,0,0,0,0,0,0,0,0,0,0,0,0,0,0,0,
Needed,7,0,0,7,0,0,0,0,4,3,0,0,0,0,0,0,0,0,0,0,0,0,0,0,0,
Negotiated,3,0,3,0,0,0,1,2,0,0,0,0,0,0,0,0,0,0,0,0,0,0,0,0,0,
Nested,1,0,1,0,0,0,1,0,0,0,0,0,0,0,0,0,0,0,0,0,0,0,0,0,0,
Never,2,0,2,0,0,0,1,0,0,0,1,0,0,0,0,0,0,0,0,0,0,0,0,0,0,
New,54,36,16,2,0,36,13,2,1,0,0,0,2,0,0,0,0,0,0,0,0,0,0,0,0,
New1,1,0,0,1,0,0,1,0,0,0,0,0,0,0,0,0,0,0,0,0,0,0,0,0,0,
New2,1,0,0,1,0,0,1,0,0,0,0,0,0,0,0,0,0,0,0,0,0,0,0,0,0,
New3,1,0,0,1,0,0,1,0,0,0,0,0,0,0,0,0,0,0,0,0,0,0,0,0,0,
New4,1,0,0,1,0,0,1,0,0,0,0,0,0,0,0,0,0,0,0,0,0,0,0,0,0,
Newer,1,0,1,0,0,0,1,0,0,0,0,0,0,0,0,0,0,0,0,0,0,0,0,0,0,
Next,7,6,1,0,2,6,1,0,0,0,0,0,0,0,0,0,0,0,0,0,0,0,0,0,0,
Nio,1,1,0,0,0,1,0,0,0,0,0,0,0,0,0,0,0,0,0,0,0,0,0,0,0,
No,17,0,17,0,0,0,11,0,2,0,1,2,1,0,0,0,0,0,0,0,0,0,0,0,0,
Node,68,7,33,28,0,7,21,26,6,5,1,2,0,0,0,0,0,0,0,0,0,0,0,0,0,
Nodes,15,0,1,14,0,0,1,6,6,1,0,1,0,0,0,0,0,0,0,0,0,0,0,0,0,
Non,5,3,2,0,0,3,0,0,0,2,0,0,0,0,0,0,0,0,0,0,0,0,0,0,0,
Normal,3,0,0,3,0,0,0,0,1,0,0,0,2,0,0,0,0,0,0,0,0,0,0,0,0,
Normally,1,0,0,1,0,0,1,0,0,0,0,0,0,0,0,0,0,0,0,0,0,0,0,0,0,
Not,10,2,8,0,0,2,1,1,3,0,2,1,0,0,0,0,0,0,0,0,0,0,0,0,0,
note,3,3,0,0,0,3,0,0,0,0,0,0,0,0,0,0,0,0,0,0,0,0,0,0,0,
Notify,12,8,2,2,0,8,1,1,2,0,0,0,0,0,0,0,0,0,0,0,0,0,0,0,0,
Now,2,0,0,2,0,0,2,0,0,0,0,0,0,0,0,0,0,0,0,0,0,0,0,0,0,
Nremove,2,0,2,0,0,0,2,0,0,0,0,0,0,0,0,0,0,0,0,0,0,0,0,0,0,
Null,6,1,4,1,0,1,4,0,0,0,0,1,0,0,0,0,0,0,0,0,0,0,0,0,0,
Number,1,0,0,1,0,0,0,1,0,0,0,0,0,0,0,0,0,0,0,0,0,0,0,0,0,
Of,5,3,2,0,1,3,0,1,1,0,0,0,0,0,0,0,0,0,0,0,0,0,0,0,0,
Offer,3,2,1,0,1,2,1,0,0,0,0,0,0,0,0,0,0,0,0,0,0,0,0,0,0,
Offer1,1,0,0,1,0,0,1,0,0,0,0,0,0,0,0,0,0,0,0,0,0,0,0,0,0,
Offer2,1,0,0,1,0,0,1,0,0,0,0,0,0,0,0,0,0,0,0,0,0,0,0,0,0,
OK,2,0,0,2,0,0,0,0,0,2,0,0,0,0,0,0,0,0,0,0,0,0,0,0,0,
Old,2,1,0,1,0,1,1,0,0,0,0,0,0,0,0,0,0,0,0,0,0,0,0,0,0,
On,15,0,15,0,0,0,1,3,10,1,0,0,0,0,0,0,0,0,0,0,0,0,0,0,0,
Once,2,0,0,2,0,0,1,0,1,0,0,0,0,0,0,0,0,0,0,0,0,0,0,0,0,
One,1,0,1,0,0,0,1,0,0,0,0,0,0,0,0,0,0,0,0,0,0,0,0,0,0,
Only,3,0,0,3,0,0,0,2,1,0,0,0,0,0,0,0,0,0,0,0,0,0,0,0,0,
Op,14,0,3,11,0,0,11,3,0,0,0,0,0,0,0,0,0,0,0,0,0,0,0,0,0,
open,1,1,0,0,0,1,0,0,0,0,0,0,0,0,0,0,0,0,0,0,0,0,0,0,0,
Opened,2,0,0,2,0,0,2,0,0,0,0,0,0,0,0,0,0,0,0,0,0,0,0,0,0,
Operation,39,2,5,32,0,2,7,25,3,2,0,0,0,0,0,0,0,0,0,0,0,0,0,0,0,
Operations,4,0,2,2,0,0,3,0,1,0,0,0,0,0,0,0,0,0,0,0,0,0,0,0,0,
Ops,2,0,0,2,0,0,0,0,0,1,1,0,0,0,0,0,0,0,0,0,0,0,0,0,0,
Optimistic,5,0,4,1,0,0,5,0,0,0,0,0,0,0,0,0,0,0,0,0,0,0,0,0,0,
Options,11,0,1,10,0,0,8,3,0,0,0,0,0,0,0,0,0,0,0,0,0,0,0,0,0,
Or,9,1,8,0,0,1,4,1,1,1,0,0,0,1,0,0,0,0,0,0,0,0,0,0,0,
Ordering,4,0,0,4,0,0,3,1,0,0,0,0,0,0,0,0,0,0,0,0,0,0,0,0,0,
Orphaned,1,0,1,0,0,0,0,1,0,0,0,0,0,0,0,0,0,0,0,0,0,0,0,0,0,
Other,2,0,2,0,0,0,0,0,2,0,0,0,0,0,0,0,0,0,0,0,0,0,0,0,0,
Our,3,0,3,0,0,0,2,1,0,0,0,0,0,0,0,0,0,0,0,0,0,0,0,0,0,
Out,2,0,0,2,0,0,0,0,0,0,1,1,0,0,0,0,0,0,0,0,0,0,0,0,0,
output,1,1,0,0,0,1,0,0,0,0,0,0,0,0,0,0,0,0,0,0,0,0,0,0,0,
Outstanding,1,0,0,1,0,0,1,0,0,0,0,0,0,0,0,0,0,0,0,0,0,0,0,0,0,
Over,1,0,1,0,0,0,1,0,0,0,0,0,0,0,0,0,0,0,0,0,0,0,0,0,0,
Override,1,0,1,0,0,0,1,0,0,0,0,0,0,0,0,0,0,0,0,0,0,0,0,0,0,
Owned,1,0,1,0,0,0,1,0,0,0,0,0,0,0,0,0,0,0,0,0,0,0,0,0,0,
Owner,1,0,1,0,0,0,0,0,0,0,1,0,0,0,0,0,0,0,0,0,0,0,0,0,0,
Parameter,2,1,0,1,1,1,1,0,0,0,0,0,0,0,0,0,0,0,0,0,0,0,0,0,0,
Parent,17,4,11,2,4,4,7,3,3,0,0,0,0,0,0,0,0,0,0,0,0,0,0,0,0,
Parents,32,0,20,12,0,0,2,10,12,2,2,0,0,4,0,0,0,0,0,0,0,0,0,0,0,
parse,5,5,0,0,2,5,0,0,0,0,0,0,0,0,0,0,0,0,0,0,0,0,0,0,0,
Parsing,1,0,0,1,0,0,1,0,0,0,0,0,0,0,0,0,0,0,0,0,0,0,0,0,0,
Part,2,1,0,1,1,1,1,0,0,0,0,0,0,0,0,0,0,0,0,0,0,0,0,0,0,
Partial,3,0,3,0,0,0,3,0,0,0,0,0,0,0,0,0,0,0,0,0,0,0,0,0,0,
Participant,8,2,6,0,1,2,4,2,0,0,0,0,0,0,0,0,0,0,0,0,0,0,0,0,0,
Participants,2,0,0,2,0,0,2,0,0,0,0,0,0,0,0,0,0,0,0,0,0,0,0,0,0,
Parts,2,1,0,1,1,1,1,0,0,0,0,0,0,0,0,0,0,0,0,0,0,0,0,0,0,
Path,137,23,14,100,2,23,62,30,15,6,0,1,0,0,0,0,0,0,0,0,0,0,0,0,0,
Paths,5,0,2,3,0,0,1,2,0,2,0,0,0,0,0,0,0,0,0,0,0,0,0,0,0,
Paths1,1,0,1,0,0,0,0,0,0,1,0,0,0,0,0,0,0,0,0,0,0,0,0,0,0,
Pattern,1,0,0,1,0,0,0,0,1,0,0,0,0,0,0,0,0,0,0,0,0,0,0,0,0,
Payload,10,2,4,4,2,2,6,2,0,0,0,0,0,0,0,0,0,0,0,0,0,0,0,0,0,
peek,1,1,0,0,1,1,0,0,0,0,0,0,0,0,0,0,0,0,0,0,0,0,0,0,0,
Peer,2,0,0,2,0,0,0,1,1,0,0,0,0,0,0,0,0,0,0,0,0,0,0,0,0,
Per,3,0,3,0,0,0,0,1,1,1,0,0,0,0,0,0,0,0,0,0,0,0,0,0,0,
Percent,1,0,0,1,0,0,0,0,0,1,0,0,0,0,0,0,0,0,0,0,0,0,0,0,0,
Perform,18,16,2,0,0,16,2,0,0,0,0,0,0,0,0,0,0,0,0,0,0,0,0,0,0,
Permission,2,0,0,2,0,0,0,0,2,0,0,0,0,0,0,0,0,0,0,0,0,0,0,0,0,
Permutations,1,0,0,1,0,0,0,1,0,0,0,0,0,0,0,0,0,0,0,0,0,0,0,0,0,
Persistent,5,3,2,0,0,3,2,0,0,0,0,0,0,0,0,0,0,0,0,0,0,0,0,0,0,
Person,5,3,0,2,0,3,2,0,0,0,0,0,0,0,0,0,0,0,0,0,0,0,0,0,0,
Policies,3,0,0,3,0,0,0,3,0,0,0,0,0,0,0,0,0,0,0,0,0,0,0,0,0,
Policy,16,0,0,16,0,0,2,7,5,2,0,0,0,0,0,0,0,0,0,0,0,0,0,0,0,
poll,6,4,1,1,3,4,2,0,0,0,0,0,0,0,0,0,0,0,0,0,0,0,0,0,0,
Pool,2,0,0,2,0,0,0,0,1,1,0,0,0,0,0,0,0,0,0,0,0,0,0,0,0,
Population,3,0,0,3,0,0,0,0,3,0,0,0,0,0,0,0,0,0,0,0,0,0,0,0,0,
Port,16,1,0,15,1,1,7,7,0,0,0,0,0,0,1,0,0,0,0,0,0,0,0,0,0,
Position,1,0,0,1,0,0,1,0,0,0,0,0,0,0,0,0,0,0,0,0,0,0,0,0,0,
Post,7,5,2,0,0,5,2,0,0,0,0,0,0,0,0,0,0,0,0,0,0,0,0,0,0,
pre,3,3,0,0,0,3,0,0,0,0,0,0,0,0,0,0,0,0,0,0,0,0,0,0,0,
Predicate,2,1,0,1,0,1,0,1,0,0,0,0,0,0,0,0,0,0,0,0,0,0,0,0,0,
Prefix,1,0,0,1,0,0,0,1,0,0,0,0,0,0,0,0,0,0,0,0,0,0,0,0,0,
print,2,2,0,0,0,2,0,0,0,0,0,0,0,0,0,0,0,0,0,0,0,0,0,0,0,
priority,4,1,2,1,0,1,3,0,0,0,0,0,0,0,0,0,0,0,0,0,0,0,0,0,0,
Proc,1,0,0,1,0,0,1,0,0,0,0,0,0,0,0,0,0,0,0,0,0,0,0,0,0,
process,102,89,9,4,29,89,7,2,0,4,0,0,0,0,0,0,0,0,0,0,0,0,0,0,0,
Processes,2,0,0,2,0,0,0,0,0,2,0,0,0,0,0,0,0,0,0,0,0,0,0,0,0,
Processing,1,0,0,1,0,0,0,0,1,0,0,0,0,0,0,0,0,0,0,0,0,0,0,0,0,
Processor,1,0,0,1,0,0,0,1,0,0,0,0,0,0,0,0,0,0,0,0,0,0,0,0,0,
Producer,1,0,0,1,0,0,0,1,0,0,0,0,0,0,0,0,0,0,0,0,0,0,0,0,0,
Promoted,5,1,4,0,0,1,4,0,0,0,0,0,0,0,0,0,0,0,0,0,0,0,0,0,0,
propagate,1,1,0,0,1,1,0,0,0,0,0,0,0,0,0,0,0,0,0,0,0,0,0,0,0,
Proper,1,0,1,0,0,0,1,0,0,0,0,0,0,0,0,0,0,0,0,0,0,0,0,0,0,
Properties,2,0,0,2,0,0,0,2,0,0,0,0,0,0,0,0,0,0,0,0,0,0,0,0,0,
Protected,11,1,7,3,0,1,8,0,1,0,1,0,0,0,0,0,0,0,0,0,0,0,0,0,0,
Protecting,2,0,2,0,0,0,0,0,1,1,0,0,0,0,0,0,0,0,0,0,0,0,0,0,0,
Protection,1,0,0,1,0,0,1,0,0,0,0,0,0,0,0,0,0,0,0,0,0,0,0,0,0,
Provider,30,3,8,19,0,3,11,14,1,0,1,0,0,0,0,0,0,0,0,0,0,0,0,0,0,
Ps,1,0,0,1,0,0,0,0,0,1,0,0,0,0,0,0,0,0,0,0,0,0,0,0,0,
Pub,1,0,1,0,0,0,1,0,0,0,0,0,0,0,0,0,0,0,0,0,0,0,0,0,0,
publish,10,10,0,0,0,10,0,0,0,0,0,0,0,0,0,0,0,0,0,0,0,0,0,0,0,
Publisher,1,1,0,0,1,1,0,0,0,0,0,0,0,0,0,0,0,0,0,0,0,0,0,0,0,
purge,1,1,0,0,1,1,0,0,0,0,0,0,0,0,0,0,0,0,0,0,0,0,0,0,0,
Put,21,12,8,1,4,12,9,0,0,0,0,0,0,0,0,0,0,0,0,0,0,0,0,0,0,
Puts,4,0,0,4,0,0,4,0,0,0,0,0,0,0,0,0,0,0,0,0,0,0,0,0,0,
Putter,1,0,1,0,0,0,0,1,0,0,0,0,0,0,0,0,0,0,0,0,0,0,0,0,0,
Pv1,1,0,0,1,0,0,0,0,1,0,0,0,0,0,0,0,0,0,0,0,0,0,0,0,0,
Pv2,1,0,0,1,0,0,0,0,1,0,0,0,0,0,0,0,0,0,0,0,0,0,0,0,0,
Pv4,3,0,3,0,0,0,0,0,0,0,0,3,0,0,0,0,0,0,0,0,0,0,0,0,0,
Pv6,3,0,3,0,0,0,0,2,0,0,0,1,0,0,0,0,0,0,0,0,0,0,0,0,0,
Qty,4,0,0,4,0,0,0,4,0,0,0,0,0,0,0,0,0,0,0,0,0,0,0,0,0,
query,7,7,0,0,0,7,0,0,0,0,0,0,0,0,0,0,0,0,0,0,0,0,0,0,0,
Queue,29,8,7,14,0,8,9,11,1,0,0,0,0,0,0,0,0,0,0,0,0,0,0,0,0,
Queued,2,0,0,2,0,0,0,2,0,0,0,0,0,0,0,0,0,0,0,0,0,0,0,0,0,
Queues,3,0,0,3,0,0,1,2,0,0,0,0,0,0,0,0,0,0,0,0,0,0,0,0,0,
Quick,4,0,4,0,0,0,4,0,0,0,0,0,0,0,0,0,0,0,0,0,0,0,0,0,0,
Quiet,2,0,2,0,0,0,2,0,0,0,0,0,0,0,0,0,0,0,0,0,0,0,0,0,0,
Quietly,4,2,0,2,2,2,1,0,0,1,0,0,0,0,0,0,0,0,0,0,0,0,0,0,0,
Quorum,5,1,4,0,0,1,3,1,0,0,0,0,0,0,0,0,0,0,0,0,0,0,0,0,0,
Race,3,0,1,2,0,0,1,1,1,0,0,0,0,0,0,0,0,0,0,0,0,0,0,0,0,
Random,8,1,5,2,1,1,3,3,1,0,0,0,0,0,0,0,0,0,0,0,0,0,0,0,0,
Raw,5,0,3,2,0,0,5,0,0,0,0,0,0,0,0,0,0,0,0,0,0,0,0,0,0,
re,1,1,0,0,0,1,0,0,0,0,0,0,0,0,0,0,0,0,0,0,0,0,0,0,0,
read,24,19,3,2,4,19,3,2,0,0,0,0,0,0,0,0,0,0,0,0,0,0,0,0,0,
Readable,3,0,0,3,0,0,3,0,0,0,0,0,0,0,0,0,0,0,0,0,0,0,0,0,0,
Reap,7,2,4,1,2,2,4,0,0,1,0,0,0,0,0,0,0,0,0,0,0,0,0,0,0,
Reaper,4,1,2,1,1,1,1,1,1,0,0,0,0,0,0,0,0,0,0,0,0,0,0,0,0,
Rebuild,8,3,4,1,2,3,5,0,0,0,0,0,0,0,0,0,0,0,0,0,0,0,0,0,0,
Received,4,0,0,4,0,0,4,0,0,0,0,0,0,0,0,0,0,0,0,0,0,0,0,0,0,
Recipe,2,0,1,1,0,0,0,2,0,0,0,0,0,0,0,0,0,0,0,0,0,0,0,0,0,
Reconfig,6,3,2,1,2,3,3,0,0,0,0,0,0,0,0,0,0,0,0,0,0,0,0,0,0,
Reconnect,6,0,4,2,0,0,3,2,0,0,0,1,0,0,0,0,0,0,0,0,0,0,0,0,0,
Reconnected,5,0,3,2,0,0,1,3,0,0,1,0,0,0,0,0,0,0,0,0,0,0,0,0,0,
Reconnects,2,0,1,1,0,0,0,0,0,0,2,0,0,0,0,0,0,0,0,0,0,0,0,0,0,
Record,1,0,0,1,0,0,1,0,0,0,0,0,0,0,0,0,0,0,0,0,0,0,0,0,0,
Recreates,4,0,4,0,0,0,4,0,0,0,0,0,0,0,0,0,0,0,0,0,0,0,0,0,0,
Recursively,1,0,0,1,0,0,1,0,0,0,0,0,0,0,0,0,0,0,0,0,0,0,0,0,0,
Reentrant,2,0,1,1,0,0,2,0,0,0,0,0,0,0,0,0,0,0,0,0,0,0,0,0,0,
Reentrant2,1,0,1,0,0,0,1,0,0,0,0,0,0,0,0,0,0,0,0,0,0,0,0,0,0,
Refresh,12,5,5,2,2,5,2,4,0,1,0,0,0,0,0,0,0,0,0,0,0,0,0,0,0,
Regex,1,0,0,1,0,0,0,1,0,0,0,0,0,0,0,0,0,0,0,0,0,0,0,0,0,
register,10,3,7,0,0,3,7,0,0,0,0,0,0,0,0,0,0,0,0,0,0,0,0,0,0,
Registered,1,0,1,0,0,0,1,0,0,0,0,0,0,0,0,0,0,0,0,0,0,0,0,0,0,
Registration,4,1,3,0,0,1,3,0,0,0,0,0,0,0,0,0,0,0,0,0,0,0,0,0,0,
Relative,1,0,1,0,0,0,1,0,0,0,0,0,0,0,0,0,0,0,0,0,0,0,0,0,0,
Release,8,7,1,0,5,7,1,0,0,0,0,0,0,0,0,0,0,0,0,0,0,0,0,0,0,
Release1,1,0,1,0,0,0,1,0,0,0,0,0,0,0,0,0,0,0,0,0,0,0,0,0,0,
Releases,1,0,1,0,0,0,0,1,0,0,0,0,0,0,0,0,0,0,0,0,0,0,0,0,0,
Remova1,1,0,0,1,0,0,1,0,0,0,0,0,0,0,0,0,0,0,0,0,0,0,0,0,0,
Removal,6,0,5,1,0,0,4,2,0,0,0,0,0,0,0,0,0,0,0,0,0,0,0,0,0,
Remove,46,21,22,3,6,21,19,5,1,0,0,0,0,0,0,0,0,0,0,0,0,0,0,0,0,
Remove2,1,0,0,1,0,0,1,0,0,0,0,0,0,0,0,0,0,0,0,0,0,0,0,0,0,
Remove3,1,0,0,1,0,0,1,0,0,0,0,0,0,0,0,0,0,0,0,0,0,0,0,0,0,
removing,2,2,0,0,1,2,0,0,0,0,0,0,0,0,0,0,0,0,0,0,0,0,0,0,0,
Request,3,0,2,1,0,0,3,0,0,0,0,0,0,0,0,0,0,0,0,0,0,0,0,0,0,
Requested,1,0,0,1,0,0,1,0,0,0,0,0,0,0,0,0,0,0,0,0,0,0,0,0,0,
Requeue,7,1,2,4,1,1,4,1,0,1,0,0,0,0,0,0,0,0,0,0,0,0,0,0,0,
Requeuing,1,0,1,0,0,0,1,0,0,0,0,0,0,0,0,0,0,0,0,0,0,0,0,0,0,
Required,1,0,0,1,0,0,0,1,0,0,0,0,0,0,0,0,0,0,0,0,0,0,0,0,0,
Reset,17,11,3,3,10,11,3,1,0,2,0,0,0,0,0,0,0,0,0,0,0,0,0,0,0,
Resolution,1,0,0,1,0,0,0,1,0,0,0,0,0,0,0,0,0,0,0,0,0,0,0,0,0,
resolve,1,1,0,0,0,1,0,0,0,0,0,0,0,0,0,0,0,0,0,0,0,0,0,0,0,
Resolved,6,3,1,2,3,3,3,0,0,0,0,0,0,0,0,0,0,0,0,0,0,0,0,0,0,
Resource,5,0,0,5,0,0,1,3,1,0,0,0,0,0,0,0,0,0,0,0,0,0,0,0,0,
Respects,1,0,1,0,0,0,0,0,1,0,0,0,0,0,0,0,0,0,0,0,0,0,0,0,0,
Response,5,0,4,1,0,0,2,3,0,0,0,0,0,0,0,0,0,0,0,0,0,0,0,0,0,
Rest,2,0,2,0,0,0,1,1,0,0,0,0,0,0,0,0,0,0,0,0,0,0,0,0,0,
Restart,6,3,0,3,2,3,1,1,0,0,0,1,0,0,0,0,0,0,0,0,0,0,0,0,0,
Result,52,0,7,45,0,0,49,3,0,0,0,0,0,0,0,0,0,0,0,0,0,0,0,0,0,
Results,3,0,0,3,0,0,2,1,0,0,0,0,0,0,0,0,0,0,0,0,0,0,0,0,0,
Retries,7,4,0,3,0,4,2,1,0,0,0,0,0,0,0,0,0,0,0,0,0,0,0,0,0,
Retry,46,9,20,17,1,9,22,9,4,0,0,0,2,0,0,0,0,0,0,0,0,0,0,0,0,
Return,6,4,2,0,0,4,2,0,0,0,0,0,0,0,0,0,0,0,0,0,0,0,0,0,0,
Returning,6,0,6,0,0,0,0,6,0,0,0,0,0,0,0,0,0,0,0,0,0,0,0,0,0,
reveal,1,1,0,0,1,1,0,0,0,0,0,0,0,0,0,0,0,0,0,0,0,0,0,0,0,
Reverse,1,0,0,1,0,0,0,0,0,0,0,1,0,0,0,0,0,0,0,0,0,0,0,0,0,
Revocable,3,0,1,2,0,0,3,0,0,0,0,0,0,0,0,0,0,0,0,0,0,0,0,0,0,
Revocation,2,2,0,0,0,2,0,0,0,0,0,0,0,0,0,0,0,0,0,0,0,0,0,0,0,
Revoke,1,0,0,1,0,0,1,0,0,0,0,0,0,0,0,0,0,0,0,0,0,0,0,0,0,
Revoking,1,0,0,1,0,0,1,0,0,0,0,0,0,0,0,0,0,0,0,0,0,0,0,0,0,
Robin,1,0,0,1,0,0,0,1,0,0,0,0,0,0,0,0,0,0,0,0,0,0,0,0,0,
Root,9,0,3,6,0,0,5,2,0,2,0,0,0,0,0,0,0,0,0,0,0,0,0,0,0,
Rotating,1,0,1,0,0,0,1,0,0,0,0,0,0,0,0,0,0,0,0,0,0,0,0,0,0,
Round,1,0,1,0,0,0,1,0,0,0,0,0,0,0,0,0,0,0,0,0,0,0,0,0,0,
run,30,27,2,1,22,27,2,1,0,0,0,0,0,0,0,0,0,0,0,0,0,0,0,0,0,
Runnable,5,0,0,5,0,0,2,3,0,0,0,0,0,0,0,0,0,0,0,0,0,0,0,0,0,
Running,1,0,0,1,0,0,1,0,0,0,0,0,0,0,0,0,0,0,0,0,0,0,0,0,0,
safe,1,1,0,0,0,1,0,0,0,0,0,0,0,0,0,0,0,0,0,0,0,0,0,0,0,
Safety,5,0,2,3,0,0,3,0,2,0,0,0,0,0,0,0,0,0,0,0,0,0,0,0,0,
Salary,2,0,0,2,0,0,2,0,0,0,0,0,0,0,0,0,0,0,0,0,0,0,0,0,0,
Same,10,0,8,2,0,0,7,0,0,2,0,1,0,0,0,0,0,0,0,0,0,0,0,0,0,
Sanity,1,0,0,1,0,0,0,1,0,0,0,0,0,0,0,0,0,0,0,0,0,0,0,0,0,
Schedule,6,4,2,0,3,4,0,2,0,0,0,0,0,0,0,0,0,0,0,0,0,0,0,0,0,
Scheduled,4,0,4,0,0,0,2,0,2,0,0,0,0,0,0,0,0,0,0,0,0,0,0,0,0,
Schema,22,7,9,6,2,7,12,3,0,0,0,0,0,0,0,0,0,0,0,0,0,0,0,0,0,
Schemas,2,0,0,2,0,0,2,0,0,0,0,0,0,0,0,0,0,0,0,0,0,0,0,0,0,
Scheme,3,0,0,3,0,0,2,1,0,0,0,0,0,0,0,0,0,0,0,0,0,0,0,0,0,
seconds,2,2,0,0,2,2,0,0,0,0,0,0,0,0,0,0,0,0,0,0,0,0,0,0,0,
See,1,0,1,0,0,0,1,0,0,0,0,0,0,0,0,0,0,0,0,0,0,0,0,0,0,
Seed,1,0,0,1,0,0,0,0,0,1,0,0,0,0,0,0,0,0,0,0,0,0,0,0,0,
Selector,3,0,0,3,0,0,3,0,0,0,0,0,0,0,0,0,0,0,0,0,0,0,0,0,0,
Semaphore,6,1,2,3,0,1,2,3,0,0,0,0,0,0,0,0,0,0,0,0,0,0,0,0,0,
send,2,2,0,0,0,2,0,0,0,0,0,0,0,0,0,0,0,0,0,0,0,0,0,0,0,
Separator,1,0,0,1,0,0,0,0,0,1,0,0,0,0,0,0,0,0,0,0,0,0,0,0,0,
Sequential,8,1,3,4,1,1,2,3,2,0,0,0,0,0,0,0,0,0,0,0,0,0,0,0,0,
serialize,12,12,0,0,12,12,0,0,0,0,0,0,0,0,0,0,0,0,0,0,0,0,0,0,0,
Serializer,7,2,0,5,2,2,1,4,0,0,0,0,0,0,0,0,0,0,0,0,0,0,0,0,0,
Server,30,1,18,11,0,1,15,8,4,2,0,0,0,0,0,0,0,0,0,0,0,0,0,0,0,
Servers,1,0,0,1,0,0,1,0,0,0,0,0,0,0,0,0,0,0,0,0,0,0,0,0,0,
Service,57,19,13,25,0,19,19,17,1,1,0,0,0,0,0,0,0,0,0,0,0,0,0,0,0,
Services,3,0,1,2,0,0,2,1,0,0,0,0,0,0,0,0,0,0,0,0,0,0,0,0,0,
Session,43,5,28,10,2,5,17,12,3,3,2,1,0,0,0,0,0,0,0,0,0,0,0,0,0,
Set,119,71,26,22,4,71,29,15,4,0,0,0,0,0,0,0,0,0,0,0,0,0,0,0,0,
Setting,2,0,2,0,0,0,2,0,0,0,0,0,0,0,0,0,0,0,0,0,0,0,0,0,0,
setup,18,18,0,0,18,18,0,0,0,0,0,0,0,0,0,0,0,0,0,0,0,0,0,0,0,
Shard,1,0,1,0,0,0,1,0,0,0,0,0,0,0,0,0,0,0,0,0,0,0,0,0,0,
Sharder,3,0,2,1,0,0,3,0,0,0,0,0,0,0,0,0,0,0,0,0,0,0,0,0,0,
Shared,5,2,3,0,0,2,3,0,0,0,0,0,0,0,0,0,0,0,0,0,0,0,0,0,0,
Should,7,5,2,0,0,5,0,0,0,0,2,0,0,0,0,0,0,0,0,0,0,0,0,0,0,
Shutdown,11,5,0,6,2,5,5,0,0,1,0,0,0,0,0,0,0,0,0,0,0,0,0,0,0,
Simple,19,1,3,15,0,1,17,0,1,0,0,0,0,0,0,0,0,0,0,0,0,0,0,0,0,
Simple2,1,0,0,1,0,0,1,0,0,0,0,0,0,0,0,0,0,0,0,0,0,0,0,0,0,
Simulated,1,0,1,0,0,0,1,0,0,0,0,0,0,0,0,0,0,0,0,0,0,0,0,0,0,
Simulation,4,0,2,2,0,0,4,0,0,0,0,0,0,0,0,0,0,0,0,0,0,0,0,0,0,
Simultaneous,2,0,0,2,0,0,2,0,0,0,0,0,0,0,0,0,0,0,0,0,0,0,0,0,0,
Single,7,0,7,0,0,0,3,1,3,0,0,0,0,0,0,0,0,0,0,0,0,0,0,0,0,
Singletons,4,0,0,4,0,0,4,0,0,0,0,0,0,0,0,0,0,0,0,0,0,0,0,0,0,
Size,8,4,0,4,4,4,4,0,0,0,0,0,0,0,0,0,0,0,0,0,0,0,0,0,0,
Sleep,17,7,7,3,1,7,6,3,0,1,0,0,0,0,0,0,0,0,0,0,0,0,0,0,0,
Sleeper,1,0,0,1,0,0,0,0,1,0,0,0,0,0,0,0,0,0,0,0,0,0,0,0,0,
Sleeping,2,1,1,0,0,1,1,0,0,0,0,0,0,0,0,0,0,0,0,0,0,0,0,0,0,
snafu,1,1,0,0,1,1,0,0,0,0,0,0,0,0,0,0,0,0,0,0,0,0,0,0,0,
Some,3,0,3,0,0,0,3,0,0,0,0,0,0,0,0,0,0,0,0,0,0,0,0,0,0,
Something,1,0,0,1,0,0,1,0,0,0,0,0,0,0,0,0,0,0,0,0,0,0,0,0,0,
Sort,5,3,2,0,0,3,1,1,0,0,0,0,0,0,0,0,0,0,0,0,0,0,0,0,0,
Sorted,3,0,3,0,0,0,3,0,0,0,0,0,0,0,0,0,0,0,0,0,0,0,0,0,0,
Sorting,6,0,1,5,0,0,2,3,1,0,0,0,0,0,0,0,0,0,0,0,0,0,0,0,0,
Sparse,1,0,1,0,0,0,1,0,0,0,0,0,0,0,0,0,0,0,0,0,0,0,0,0,0,
Spec,18,0,2,16,0,0,8,10,0,0,0,0,0,0,0,0,0,0,0,0,0,0,0,0,0,
Specs,3,0,0,3,0,0,1,2,0,0,0,0,0,0,0,0,0,0,0,0,0,0,0,0,0,
Split,3,1,1,1,1,1,2,0,0,0,0,0,0,0,0,0,0,0,0,0,0,0,0,0,0,
Ssl,4,1,3,0,0,1,3,0,0,0,0,0,0,0,0,0,0,0,0,0,0,0,0,0,0,
Stage,3,0,0,3,0,0,1,2,0,0,0,0,0,0,0,0,0,0,0,0,0,0,0,0,0,
Staged,1,0,0,1,0,0,1,0,0,0,0,0,0,0,0,0,0,0,0,0,0,0,0,0,0,
Standard,3,2,0,1,0,2,0,0,1,0,0,0,0,0,0,0,0,0,0,0,0,0,0,0,0,
Start,55,45,4,6,39,45,5,0,0,5,0,0,0,0,0,0,0,0,0,0,0,0,0,0,0,
Started,6,0,1,5,0,0,1,4,1,0,0,0,0,0,0,0,0,0,0,0,0,0,0,0,0,
starts,1,1,0,0,0,1,0,0,0,0,0,0,0,0,0,0,0,0,0,0,0,0,0,0,0,
Startup,3,1,0,2,1,1,2,0,0,0,0,0,0,0,0,0,0,0,0,0,0,0,0,0,0,
Stat,31,1,20,10,1,1,16,2,8,3,1,0,0,0,0,0,0,0,0,0,0,0,0,0,0,
State,73,38,18,17,0,38,14,15,4,2,0,0,0,0,0,0,0,0,0,0,0,0,0,0,0,
Static,2,0,0,2,0,0,0,2,0,0,0,0,0,0,0,0,0,0,0,0,0,0,0,0,0,
Stats,3,0,0,3,0,0,3,0,0,0,0,0,0,0,0,0,0,0,0,0,0,0,0,0,0,
Sticky,2,1,0,1,0,1,1,0,0,0,0,0,0,0,0,0,0,0,0,0,0,0,0,0,0,
stop,3,3,0,0,3,3,0,0,0,0,0,0,0,0,0,0,0,0,0,0,0,0,0,0,0,
Stopped,1,0,0,1,0,0,1,0,0,0,0,0,0,0,0,0,0,0,0,0,0,0,0,0,0,
Storing,14,12,2,0,0,12,1,0,0,1,0,0,0,0,0,0,0,0,0,0,0,0,0,0,0,
Strategy,5,0,0,5,0,0,2,3,0,0,0,0,0,0,0,0,0,0,0,0,0,0,0,0,0,
String,56,3,5,48,0,3,27,14,7,5,0,0,0,0,0,0,0,0,0,0,0,0,0,0,0,
Sub,1,1,0,0,0,1,0,0,0,0,0,0,0,0,0,0,0,0,0,0,0,0,0,0,0,
submit,5,5,0,0,2,5,0,0,0,0,0,0,0,0,0,0,0,0,0,0,0,0,0,0,0,
Subscribed,1,0,0,1,0,0,0,1,0,0,0,0,0,0,0,0,0,0,0,0,0,0,0,0,0,
Subscriber,5,1,0,4,1,1,1,1,2,0,0,0,0,0,0,0,0,0,0,0,0,0,0,0,0,
subtract,3,3,0,0,3,3,0,0,0,0,0,0,0,0,0,0,0,0,0,0,0,0,0,0,0,
succeeded,3,3,0,0,3,3,0,0,0,0,0,0,0,0,0,0,0,0,0,0,0,0,0,0,0,
Suite,1,0,0,1,0,0,1,0,0,0,0,0,0,0,0,0,0,0,0,0,0,0,0,0,0,
Support,1,0,0,1,0,0,0,1,0,0,0,0,0,0,0,0,0,0,0,0,0,0,0,0,0,
Survives,1,0,0,1,0,0,0,1,0,0,0,0,0,0,0,0,0,0,0,0,0,0,0,0,0,
suspend,1,1,0,0,0,1,0,0,0,0,0,0,0,0,0,0,0,0,0,0,0,0,0,0,0,
Suspended,2,0,0,2,0,0,0,2,0,0,0,0,0,0,0,0,0,0,0,0,0,0,0,0,0,
Sync,13,6,4,3,5,6,6,0,1,0,0,0,0,0,0,0,0,0,0,0,0,0,0,0,0,
take,16,14,2,0,2,14,2,0,0,0,0,0,0,0,0,0,0,0,0,0,0,0,0,0,0,
Take1,1,0,0,1,0,0,1,0,0,0,0,0,0,0,0,0,0,0,0,0,0,0,0,0,0,
Taken,1,0,1,0,0,0,0,1,0,0,0,0,0,0,0,0,0,0,0,0,0,0,0,0,0,
Taking,1,0,0,1,0,0,0,0,1,0,0,0,0,0,0,0,0,0,0,0,0,0,0,0,0,
Task,4,0,0,4,0,0,0,3,1,0,0,0,0,0,0,0,0,0,0,0,0,0,0,0,0,
Tasks,1,0,0,1,0,0,0,0,0,0,0,0,0,1,0,0,0,0,0,0,0,0,0,0,0,
tear,3,3,0,0,0,3,0,0,0,0,0,0,0,0,0,0,0,0,0,0,0,0,0,0,0,
teardown,16,16,0,0,16,16,0,0,0,0,0,0,0,0,0,0,0,0,0,0,0,0,0,0,0,
Temp,4,1,2,1,0,1,3,0,0,0,0,0,0,0,0,0,0,0,0,0,0,0,0,0,0,
Terminated,2,0,0,2,0,0,2,0,0,0,0,0,0,0,0,0,0,0,0,0,0,0,0,0,0,
Termination,2,0,0,2,0,0,2,0,0,0,0,0,0,0,0,0,0,0,0,0,0,0,0,0,0,
test,590,577,7,6,2,577,6,3,1,1,2,0,0,0,0,0,0,0,0,0,0,0,0,0,0,
test2,1,1,0,0,0,1,0,0,0,0,0,0,0,0,0,0,0,0,0,0,0,0,0,0,0,
Testing,4,3,1,0,0,3,1,0,0,0,0,0,0,0,0,0,0,0,0,0,0,0,0,0,0,
Text,1,0,0,1,0,0,1,0,0,0,0,0,0,0,0,0,0,0,0,0,0,0,0,0,0,
That,3,0,3,0,0,0,2,1,0,0,0,0,0,0,0,0,0,0,0,0,0,0,0,0,0,
The,7,0,7,0,0,0,5,0,2,0,0,0,0,0,0,0,0,0,0,0,0,0,0,0,0,
Then,17,6,11,0,0,6,3,4,4,0,0,0,0,0,0,0,0,0,0,0,0,0,0,0,0,
This,8,1,7,0,0,1,3,0,4,0,0,0,0,0,0,0,0,0,0,0,0,0,0,0,0,
Thread,17,5,11,1,0,5,5,6,0,1,0,0,0,0,0,0,0,0,0,0,0,0,0,0,0,
Threaded,1,0,1,0,0,0,1,0,0,0,0,0,0,0,0,0,0,0,0,0,0,0,0,0,0,
Threads,3,0,0,3,0,0,1,1,0,1,0,0,0,0,0,0,0,0,0,0,0,0,0,0,0,
Threshold,7,1,1,5,0,1,3,2,1,0,0,0,0,0,0,0,0,0,0,0,0,0,0,0,0,
Through,2,0,1,1,0,0,2,0,0,0,0,0,0,0,0,0,0,0,0,0,0,0,0,0,0,
Tick,1,0,1,0,0,0,1,0,0,0,0,0,0,0,0,0,0,0,0,0,0,0,0,0,0,
Tight,1,0,1,0,0,0,0,0,0,1,0,0,0,0,0,0,0,0,0,0,0,0,0,0,0,
Time,22,1,16,5,0,1,1,15,4,1,0,0,0,0,0,0,0,0,0,0,0,0,0,0,0,
Timed,2,0,2,0,0,0,0,0,0,1,1,0,0,0,0,0,0,0,0,0,0,0,0,0,0,
Timeout,15,1,10,4,1,1,3,3,2,4,2,0,0,0,0,0,0,0,0,0,0,0,0,0,0,
Timeouts,2,0,0,2,0,0,2,0,0,0,0,0,0,0,0,0,0,0,0,0,0,0,0,0,0,
Times,3,0,0,3,0,0,0,1,1,0,0,0,1,0,0,0,0,0,0,0,0,0,0,0,0,
Timing,1,1,0,0,1,1,0,0,0,0,0,0,0,0,0,0,0,0,0,0,0,0,0,0,0,
Timing2,1,1,0,0,1,1,0,0,0,0,0,0,0,0,0,0,0,0,0,0,0,0,0,0,0,
To,71,32,32,7,0,32,26,8,0,1,0,0,4,0,0,0,0,0,0,0,0,0,0,0,0,
Touch,1,0,1,0,0,0,0,0,0,1,0,0,0,0,0,0,0,0,0,0,0,0,0,0,0,
Trace,4,0,0,4,0,0,4,0,0,0,0,0,0,0,0,0,0,0,0,0,0,0,0,0,0,
Tracer,4,0,2,2,0,0,3,1,0,0,0,0,0,0,0,0,0,0,0,0,0,0,0,0,0,
Tracker,2,0,0,2,0,0,1,1,0,0,0,0,0,0,0,0,0,0,0,0,0,0,0,0,0,
Trailing,1,0,1,0,0,0,0,0,1,0,0,0,0,0,0,0,0,0,0,0,0,0,0,0,0,
Transaction,21,6,10,5,3,6,13,2,0,0,0,0,0,0,0,0,0,0,0,0,0,0,0,0,0,
traverse,2,2,0,0,0,2,0,0,0,0,0,0,0,0,0,0,0,0,0,0,0,0,0,0,0,
Tree,8,3,3,2,0,3,2,0,0,2,1,0,0,0,0,0,0,0,0,0,0,0,0,0,0,
Tries,4,0,0,4,0,0,0,3,1,0,0,0,0,0,0,0,0,0,0,0,0,0,0,0,0,
Trigger,1,1,0,0,1,1,0,0,0,0,0,0,0,0,0,0,0,0,0,0,0,0,0,0,0,
Triggered,4,0,1,3,0,0,2,0,0,0,2,0,0,0,0,0,0,0,0,0,0,0,0,0,0,
try,11,10,1,0,0,10,1,0,0,0,0,0,0,0,0,0,0,0,0,0,0,0,0,0,0,
Ttl,8,1,1,6,1,1,7,0,0,0,0,0,0,0,0,0,0,0,0,0,0,0,0,0,0,
Two,2,0,2,0,0,0,0,0,2,0,0,0,0,0,0,0,0,0,0,0,0,0,0,0,0,
Type,18,1,3,14,0,1,12,4,1,0,0,0,0,0,0,0,0,0,0,0,0,0,0,0,0,
Un,5,4,1,0,0,4,0,0,1,0,0,0,0,0,0,0,0,0,0,0,0,0,0,0,0,
uncaught,1,1,0,0,0,1,0,0,0,0,0,0,0,0,0,0,0,0,0,0,0,0,0,0,0,
Uncompressed,4,0,0,4,0,0,0,0,0,4,0,0,0,0,0,0,0,0,0,0,0,0,0,0,0,
Uncreated,1,0,1,0,0,0,1,0,0,0,0,0,0,0,0,0,0,0,0,0,0,0,0,0,0,
Unfix,5,4,1,0,0,4,1,0,0,0,0,0,0,0,0,0,0,0,0,0,0,0,0,0,0,
Unfixed,1,0,1,0,0,0,1,0,0,0,0,0,0,0,0,0,0,0,0,0,0,0,0,0,0,
Unhandled,24,6,18,0,0,6,18,0,0,0,0,0,0,0,0,0,0,0,0,0,0,0,0,0,0,
Uninitialized,1,0,0,1,0,0,1,0,0,0,0,0,0,0,0,0,0,0,0,0,0,0,0,0,0,
Unique,1,0,1,0,0,0,0,0,1,0,0,0,0,0,0,0,0,0,0,0,0,0,0,0,0,
Unit,1,0,0,1,0,0,0,0,0,1,0,0,0,0,0,0,0,0,0,0,0,0,0,0,0,
Unregister,4,2,2,0,0,2,2,0,0,0,0,0,0,0,0,0,0,0,0,0,0,0,0,0,0,
Unregistered,2,0,2,0,0,0,0,2,0,0,0,0,0,0,0,0,0,0,0,0,0,0,0,0,0,
Unresolved,1,0,1,0,0,0,1,0,0,0,0,0,0,0,0,0,0,0,0,0,0,0,0,0,0,
Until,18,0,18,0,0,0,7,11,0,0,0,0,0,0,0,0,0,0,0,0,0,0,0,0,0,
unwrap,3,3,0,0,3,3,0,0,0,0,0,0,0,0,0,0,0,0,0,0,0,0,0,0,0,
Up,1,0,1,0,0,0,0,0,0,1,0,0,0,0,0,0,0,0,0,0,0,0,0,0,0,
Update,21,16,2,3,3,16,3,2,0,0,0,0,0,0,0,0,0,0,0,0,0,0,0,0,0,
Updated,1,0,1,0,0,0,0,1,0,0,0,0,0,0,0,0,0,0,0,0,0,0,0,0,0,
Upgrading,1,0,1,0,0,0,0,1,0,0,0,0,0,0,0,0,0,0,0,0,0,0,0,0,0,
Uri,6,2,4,0,0,2,4,0,0,0,0,0,0,0,0,0,0,0,0,0,0,0,0,0,0,
use,8,6,2,0,3,6,1,1,0,0,0,0,0,0,0,0,0,0,0,0,0,0,0,0,0,
User,4,1,2,1,0,1,3,0,0,0,0,0,0,0,0,0,0,0,0,0,0,0,0,0,0,
Users,1,0,1,0,0,0,1,0,0,0,0,0,0,0,0,0,0,0,0,0,0,0,0,0,0,
Using,11,7,4,0,0,7,3,0,1,0,0,0,0,0,0,0,0,0,0,0,0,0,0,0,0,
UTC,4,0,0,4,0,0,0,1,3,0,0,0,0,0,0,0,0,0,0,0,0,0,0,0,0,
V1,1,0,0,1,0,0,1,0,0,0,0,0,0,0,0,0,0,0,0,0,0,0,0,0,0,
V2,2,0,0,2,0,0,1,0,1,0,0,0,0,0,0,0,0,0,0,0,0,0,0,0,0,
V3,1,0,0,1,0,0,1,0,0,0,0,0,0,0,0,0,0,0,0,0,0,0,0,0,0,
Val,2,0,0,2,0,0,2,0,0,0,0,0,0,0,0,0,0,0,0,0,0,0,0,0,0,
Valid,4,0,1,3,0,0,4,0,0,0,0,0,0,0,0,0,0,0,0,0,0,0,0,0,0,
validate,10,10,0,0,2,10,0,0,0,0,0,0,0,0,0,0,0,0,0,0,0,0,0,0,0,
Validator,4,0,0,4,0,0,1,3,0,0,0,0,0,0,0,0,0,0,0,0,0,0,0,0,0,
Value,34,4,2,28,0,4,17,12,0,0,0,0,1,0,0,0,0,0,0,0,0,0,0,0,0,
Values,2,0,0,2,0,0,1,0,1,0,0,0,0,0,0,0,0,0,0,0,0,0,0,0,0,
Variable,1,0,0,1,0,0,1,0,0,0,0,0,0,0,0,0,0,0,0,0,0,0,0,0,0,
Verifier,1,0,0,1,0,0,0,1,0,0,0,0,0,0,0,0,0,0,0,0,0,0,0,0,0,
Version,18,1,1,16,1,1,11,3,2,0,1,0,0,0,0,0,0,0,0,0,0,0,0,0,0,
Versioned,9,4,2,3,2,4,3,1,1,0,0,0,0,0,0,0,0,0,0,0,0,0,0,0,0,
Via,1,0,1,0,0,0,1,0,0,0,0,0,0,0,0,0,0,0,0,0,0,0,0,0,0,
View,3,0,0,3,0,0,0,3,0,0,0,0,0,0,0,0,0,0,0,0,0,0,0,0,0,
Violation,2,0,0,2,0,0,2,0,0,0,0,0,0,0,0,0,0,0,0,0,0,0,0,0,0,
Violator,2,1,1,0,0,1,1,0,0,0,0,0,0,0,0,0,0,0,0,0,0,0,0,0,0,
Wait,8,5,3,0,0,5,0,2,1,0,0,0,0,0,0,0,0,0,0,0,0,0,0,0,0,
Wait1,1,0,0,1,0,0,0,1,0,0,0,0,0,0,0,0,0,0,0,0,0,0,0,0,0,
Wait2,1,0,0,1,0,0,0,1,0,0,0,0,0,0,0,0,0,0,0,0,0,0,0,0,0,
Waiter,1,0,0,1,0,0,0,1,0,0,0,0,0,0,0,0,0,0,0,0,0,0,0,0,0,
Waiting,7,0,4,3,0,0,6,1,0,0,0,0,0,0,0,0,0,0,0,0,0,0,0,0,0,
warn,2,2,0,0,0,2,0,0,0,0,0,0,0,0,0,0,0,0,0,0,0,0,0,0,0,
was,3,3,0,0,0,3,0,0,0,0,0,0,0,0,0,0,0,0,0,0,0,0,0,0,0,
Watch,20,2,9,9,0,2,1,9,6,0,2,0,0,0,0,0,0,0,0,0,0,0,0,0,0,
Watched,17,8,5,4,7,8,7,2,0,0,0,0,0,0,0,0,0,0,0,0,0,0,0,0,0,
Watcher,50,2,14,34,0,2,15,22,7,2,1,0,0,1,0,0,0,0,0,0,0,0,0,0,0,
Watchers,2,0,0,2,0,0,2,0,0,0,0,0,0,0,0,0,0,0,0,0,0,0,0,0,0,
Watches,11,1,2,8,1,1,2,5,1,2,0,0,0,0,0,0,0,0,0,0,0,0,0,0,0,
Watching,5,1,2,2,1,1,2,2,0,0,0,0,0,0,0,0,0,0,0,0,0,0,0,0,0,
When,12,1,11,0,0,1,0,2,8,1,0,0,0,0,0,0,0,0,0,0,0,0,0,0,0,
While,1,0,1,0,0,0,0,1,0,0,0,0,0,0,0,0,0,0,0,0,0,0,0,0,0,
Wildcard,1,0,1,0,0,0,0,0,0,0,0,0,1,0,0,0,0,0,0,0,0,0,0,0,0,
Wildcard1,1,0,0,1,0,0,0,0,1,0,0,0,0,0,0,0,0,0,0,0,0,0,0,0,0,
Wildcard2,1,0,0,1,0,0,0,0,1,0,0,0,0,0,0,0,0,0,0,0,0,0,0,0,0,
With,147,59,87,1,1,59,30,21,22,10,5,0,0,0,0,0,0,0,0,0,0,0,0,0,0,
Within,1,0,0,1,0,0,1,0,0,0,0,0,0,0,0,0,0,0,0,0,0,0,0,0,0,
Without,4,0,4,0,0,0,0,1,1,2,0,0,0,0,0,0,0,0,0,0,0,0,0,0,0,
Work,8,0,1,7,0,0,7,1,0,0,0,0,0,0,0,0,0,0,0,0,0,0,0,0,0,
worker,2,2,0,0,2,2,0,0,0,0,0,0,0,0,0,0,0,0,0,0,0,0,0,0,0,
wrap,7,7,0,0,4,7,0,0,0,0,0,0,0,0,0,0,0,0,0,0,0,0,0,0,0,
Wrapped,1,1,0,0,0,1,0,0,0,0,0,0,0,0,0,0,0,0,0,0,0,0,0,0,0,
Wrapper,1,0,0,1,0,0,0,1,0,0,0,0,0,0,0,0,0,0,0,0,0,0,0,0,0,
Write,7,5,2,0,0,5,0,1,1,0,0,0,0,0,0,0,0,0,0,0,0,0,0,0,0,
Writeable,3,0,0,3,0,0,3,0,0,0,0,0,0,0,0,0,0,0,0,0,0,0,0,0,0,
Wrong,1,0,1,0,0,0,1,0,0,0,0,0,0,0,0,0,0,0,0,0,0,0,0,0,0,
Yaml,1,0,0,1,0,0,1,0,0,0,0,0,0,0,0,0,0,0,0,0,0,0,0,0,0,
Yet,1,0,0,1,0,0,0,0,0,1,0,0,0,0,0,0,0,0,0,0,0,0,0,0,0,
Z,8,2,6,0,0,2,0,4,2,0,0,0,0,0,0,0,0,0,0,0,0,0,0,0,0,
ZK,3,0,3,0,0,0,1,0,0,1,1,0,0,0,0,0,0,0,0,0,0,0,0,0,0,
Zk34,6,1,2,3,0,1,5,0,0,0,0,0,0,0,0,0,0,0,0,0,0,0,0,0,0,
Zoo,11,0,11,0,0,0,11,0,0,0,0,0,0,0,0,0,0,0,0,0,0,0,0,0,0,
Zookeeper,8,1,7,0,0,1,6,1,0,0,0,0,0,0,0,0,0,0,0,0,0,0,0,0,0,
