A,2,0,1,1,0,0,1,1,0,0,0,0,0,0,0,0,0,0,0,0,0,0,0,0,0,
Ab,1,0,1,0,0,0,1,0,0,0,0,0,0,0,0,0,0,0,0,0,0,0,0,0,0,
Above,3,0,3,0,0,0,2,1,0,0,0,0,0,0,0,0,0,0,0,0,0,0,0,0,0,
Abstract,4,4,0,0,0,4,0,0,0,0,0,0,0,0,0,0,0,0,0,0,0,0,0,0,0,
accept,19,19,0,0,1,19,0,0,0,0,0,0,0,0,0,0,0,0,0,0,0,0,0,0,0,
accepts,1,1,0,0,1,1,0,0,0,0,0,0,0,0,0,0,0,0,0,0,0,0,0,0,0,
accumulate,4,4,0,0,4,4,0,0,0,0,0,0,0,0,0,0,0,0,0,0,0,0,0,0,0,
Accumulation,2,0,2,0,0,0,1,1,0,0,0,0,0,0,0,0,0,0,0,0,0,0,0,0,0,
Accumulator,4,0,0,4,0,0,2,2,0,0,0,0,0,0,0,0,0,0,0,0,0,0,0,0,0,
accumulators,2,1,1,0,1,1,1,0,0,0,0,0,0,0,0,0,0,0,0,0,0,0,0,0,0,
Accuracy,1,0,0,1,0,0,0,0,1,0,0,0,0,0,0,0,0,0,0,0,0,0,0,0,0,
Action,3,3,0,0,1,3,0,0,0,0,0,0,0,0,0,0,0,0,0,0,0,0,0,0,0,
Actions,4,1,1,2,0,1,2,1,0,0,0,0,0,0,0,0,0,0,0,0,0,0,0,0,0,
Actual,1,0,1,0,0,0,1,0,0,0,0,0,0,0,0,0,0,0,0,0,0,0,0,0,0,
Actually,2,0,2,0,0,0,0,0,1,1,0,0,0,0,0,0,0,0,0,0,0,0,0,0,0,
AD,2,0,2,0,0,0,0,0,0,0,2,0,0,0,0,0,0,0,0,0,0,0,0,0,0,
Adapter,55,6,39,10,0,6,11,37,0,1,0,0,0,0,0,0,0,0,0,0,0,0,0,0,0,
Adapters,6,0,4,2,0,0,1,2,1,2,0,0,0,0,0,0,0,0,0,0,0,0,0,0,0,
add,107,91,15,1,7,91,9,1,0,0,2,3,1,0,0,0,0,0,0,0,0,0,0,0,0,
Adding,1,0,1,0,0,0,0,0,0,1,0,0,0,0,0,0,0,0,0,0,0,0,0,0,0,
Additional,4,0,4,0,0,0,4,0,0,0,0,0,0,0,0,0,0,0,0,0,0,0,0,0,0,
advance,9,7,1,1,5,7,1,1,0,0,0,0,0,0,0,0,0,0,0,0,0,0,0,0,0,
after,7,1,4,2,0,1,0,1,1,3,0,0,1,0,0,0,0,0,0,0,0,0,0,0,0,
Against,1,0,1,0,0,0,0,1,0,0,0,0,0,0,0,0,0,0,0,0,0,0,0,0,0,
Aggregator,1,0,0,1,0,0,0,1,0,0,0,0,0,0,0,0,0,0,0,0,0,0,0,0,0,
Agree,1,0,0,1,0,0,0,0,0,1,0,0,0,0,0,0,0,0,0,0,0,0,0,0,0,
Algorithm,1,0,0,1,0,0,1,0,0,0,0,0,0,0,0,0,0,0,0,0,0,0,0,0,0,
Alias,1,0,0,1,0,0,0,1,0,0,0,0,0,0,0,0,0,0,0,0,0,0,0,0,0,
Align,3,0,3,0,0,0,2,1,0,0,0,0,0,0,0,0,0,0,0,0,0,0,0,0,0,
Aligned,7,0,6,1,0,0,2,2,1,1,0,0,1,0,0,0,0,0,0,0,0,0,0,0,0,
Aligner,2,0,2,0,0,0,0,2,0,0,0,0,0,0,0,0,0,0,0,0,0,0,0,0,0,
Alignment,30,2,15,13,0,2,18,7,2,1,0,0,0,0,0,0,0,0,0,0,0,0,0,0,0,
Alignments,8,0,1,7,0,0,2,2,2,1,0,1,0,0,0,0,0,0,0,0,0,0,0,0,0,
All,31,3,25,3,0,3,18,3,4,2,0,0,1,0,0,0,0,0,0,0,0,0,0,0,0,
Allele,7,1,5,1,0,1,4,0,1,0,1,0,0,0,0,0,0,0,0,0,0,0,0,0,0,
Allele1,7,0,2,5,0,0,3,4,0,0,0,0,0,0,0,0,0,0,0,0,0,0,0,0,0,
Allele2,7,0,2,5,0,0,3,4,0,0,0,0,0,0,0,0,0,0,0,0,0,0,0,0,0,
Alleles,18,3,5,10,1,3,6,5,0,1,3,0,0,0,0,0,0,0,0,0,0,0,0,0,0,
Allelic,1,0,1,0,0,0,0,0,0,0,0,1,0,0,0,0,0,0,0,0,0,0,0,0,0,
Allow,2,1,1,0,0,1,1,0,0,0,0,0,0,0,0,0,0,0,0,0,0,0,0,0,0,
Already,1,0,1,0,0,0,1,0,0,0,0,0,0,0,0,0,0,0,0,0,0,0,0,0,0,
alt,6,1,3,2,0,1,1,3,1,0,0,0,0,0,0,0,0,0,0,0,0,0,0,0,0,
Alternate,1,0,1,0,0,0,0,0,1,0,0,0,0,0,0,0,0,0,0,0,0,0,0,0,0,
Analysis,1,0,0,1,0,0,1,0,0,0,0,0,0,0,0,0,0,0,0,0,0,0,0,0,0,
anchor,1,1,0,0,0,1,0,0,0,0,0,0,0,0,0,0,0,0,0,0,0,0,0,0,0,
And,78,0,78,0,0,0,15,20,17,14,5,2,3,2,0,0,0,0,0,0,0,0,0,0,0,
Annotation,1,1,0,0,0,1,0,0,0,0,0,0,0,0,0,0,0,0,0,0,0,0,0,0,0,
Annotations,1,0,0,1,0,0,0,0,0,0,1,0,0,0,0,0,0,0,0,0,0,0,0,0,0,
Appear,1,0,1,0,0,0,0,0,0,0,0,0,0,0,1,0,0,0,0,0,0,0,0,0,0,
Append,1,0,1,0,0,0,0,1,0,0,0,0,0,0,0,0,0,0,0,0,0,0,0,0,0,
Apply,3,2,1,0,2,2,1,0,0,0,0,0,0,0,0,0,0,0,0,0,0,0,0,0,0,
Applying,1,0,1,0,0,0,1,0,0,0,0,0,0,0,0,0,0,0,0,0,0,0,0,0,0,
are,7,6,1,0,0,6,0,0,1,0,0,0,0,0,0,0,0,0,0,0,0,0,0,0,0,
Arg,7,0,0,7,0,0,7,0,0,0,0,0,0,0,0,0,0,0,0,0,0,0,0,0,0,
Args,6,0,0,6,0,0,2,1,2,1,0,0,0,0,0,0,0,0,0,0,0,0,0,0,0,
Argument,16,2,14,0,0,2,4,10,0,0,0,0,0,0,0,0,0,0,0,0,0,0,0,0,0,
Arguments,6,0,3,3,0,0,3,1,1,0,0,1,0,0,0,0,0,0,0,0,0,0,0,0,0,
Arr,1,0,0,1,0,0,1,0,0,0,0,0,0,0,0,0,0,0,0,0,0,0,0,0,0,
Array,10,2,1,7,0,2,3,1,2,0,1,1,0,0,0,0,0,0,0,0,0,0,0,0,0,
Arrays,3,0,2,1,0,0,2,0,1,0,0,0,0,0,0,0,0,0,0,0,0,0,0,0,0,
Artifact,2,1,1,0,0,1,1,0,0,0,0,0,0,0,0,0,0,0,0,0,0,0,0,0,0,
as,13,2,11,0,0,2,5,1,0,3,0,0,0,2,0,0,0,0,0,0,0,0,0,0,0,
Ascii11,1,0,1,0,0,0,0,0,1,0,0,0,0,0,0,0,0,0,0,0,0,0,0,0,0,
Ascii13,1,0,0,1,0,0,0,0,0,0,0,1,0,0,0,0,0,0,0,0,0,0,0,0,0,
assert,29,27,2,0,0,27,2,0,0,0,0,0,0,0,0,0,0,0,0,0,0,0,0,0,0,
assign,1,1,0,0,0,1,0,0,0,0,0,0,0,0,0,0,0,0,0,0,0,0,0,0,0,
Assigned,1,0,1,0,0,0,0,1,0,0,0,0,0,0,0,0,0,0,0,0,0,0,0,0,0,
Async,1,1,0,0,0,1,0,0,0,0,0,0,0,0,0,0,0,0,0,0,0,0,0,0,0,
At,12,0,9,3,0,0,0,3,2,0,5,0,1,0,0,1,0,0,0,0,0,0,0,0,0,
atomic,1,1,0,0,0,1,0,0,0,0,0,0,0,0,0,0,0,0,0,0,0,0,0,0,0,
attempt,1,1,0,0,0,1,0,0,0,0,0,0,0,0,0,0,0,0,0,0,0,0,0,0,0,
Attributes,4,0,4,0,0,0,4,0,0,0,0,0,0,0,0,0,0,0,0,0,0,0,0,0,0,
Autosomal,1,0,1,0,0,0,0,0,1,0,0,0,0,0,0,0,0,0,0,0,0,0,0,0,0,
Available,11,0,3,8,0,0,6,2,0,2,0,1,0,0,0,0,0,0,0,0,0,0,0,0,0,
await,3,3,0,0,0,3,0,0,0,0,0,0,0,0,0,0,0,0,0,0,0,0,0,0,0,
Aware,2,0,2,0,0,0,2,0,0,0,0,0,0,0,0,0,0,0,0,0,0,0,0,0,0,
B,1,0,0,1,0,0,0,1,0,0,0,0,0,0,0,0,0,0,0,0,0,0,0,0,0,
Back,1,0,1,0,0,0,1,0,0,0,0,0,0,0,0,0,0,0,0,0,0,0,0,0,0,
Backed,2,0,2,0,0,0,1,1,0,0,0,0,0,0,0,0,0,0,0,0,0,0,0,0,0,
bad,26,10,13,3,0,10,8,1,3,0,2,0,2,0,0,0,0,0,0,0,0,0,0,0,0,
Bait,7,1,6,0,1,1,6,0,0,0,0,0,0,0,0,0,0,0,0,0,0,0,0,0,0,
Baits,1,0,0,1,0,0,1,0,0,0,0,0,0,0,0,0,0,0,0,0,0,0,0,0,0,
Balance,1,0,1,0,0,0,1,0,0,0,0,0,0,0,0,0,0,0,0,0,0,0,0,0,0,
Bam,19,9,4,6,0,9,4,1,3,2,0,0,0,0,0,0,0,0,0,0,0,0,0,0,0,
Bams,1,0,0,1,0,0,1,0,0,0,0,0,0,0,0,0,0,0,0,0,0,0,0,0,0,
Band,1,0,1,0,0,0,0,0,0,1,0,0,0,0,0,0,0,0,0,0,0,0,0,0,0,
Barclay,1,0,1,0,0,0,0,0,0,0,0,0,1,0,0,0,0,0,0,0,0,0,0,0,0,
Barcode,42,6,31,5,0,6,16,8,4,8,0,0,0,0,0,0,0,0,0,0,0,0,0,0,0,
Barcoded,10,0,8,2,0,0,0,10,0,0,0,0,0,0,0,0,0,0,0,0,0,0,0,0,0,
Barcodes,11,0,1,10,0,0,1,6,1,2,0,1,0,0,0,0,0,0,0,0,0,0,0,0,0,
Base,28,4,18,6,1,4,6,11,3,0,2,1,1,0,0,0,0,0,0,0,0,0,0,0,0,
Basecall,2,0,0,2,0,0,1,0,1,0,0,0,0,0,0,0,0,0,0,0,0,0,0,0,0,
Basecalling,3,0,3,0,0,0,0,1,0,0,2,0,0,0,0,0,0,0,0,0,0,0,0,0,0,
Basecalls,4,1,3,0,0,1,1,2,0,0,0,0,0,0,0,0,0,0,0,0,0,0,0,0,0,
Based,4,0,3,1,0,0,1,2,1,0,0,0,0,0,0,0,0,0,0,0,0,0,0,0,0,
basedir,1,1,0,0,0,1,0,0,0,0,0,0,0,0,0,0,0,0,0,0,0,0,0,0,0,
Bases,28,2,6,20,0,2,10,4,7,2,2,1,0,0,0,0,0,0,0,0,0,0,0,0,0,
Basic,16,7,6,3,0,7,9,0,0,0,0,0,0,0,0,0,0,0,0,0,0,0,0,0,0,
Bcf,5,0,2,3,0,0,2,0,3,0,0,0,0,0,0,0,0,0,0,0,0,0,0,0,0,
Bci,2,0,2,0,0,0,2,0,0,0,0,0,0,0,0,0,0,0,0,0,0,0,0,0,0,
Bcl,22,6,16,0,0,6,9,5,1,1,0,0,0,0,0,0,0,0,0,0,0,0,0,0,0,
Bcls,1,0,0,1,0,0,1,0,0,0,0,0,0,0,0,0,0,0,0,0,0,0,0,0,0,
Be,2,0,2,0,0,0,1,0,0,1,0,0,0,0,0,0,0,0,0,0,0,0,0,0,0,
Bed,9,0,8,1,0,0,8,0,1,0,0,0,0,0,0,0,0,0,0,0,0,0,0,0,0,
Before,4,2,1,1,0,2,0,1,0,1,0,0,0,0,0,0,0,0,0,0,0,0,0,0,0,
Best,7,0,4,3,0,0,5,0,1,1,0,0,0,0,0,0,0,0,0,0,0,0,0,0,0,
Bfq,4,0,3,1,0,0,1,2,1,0,0,0,0,0,0,0,0,0,0,0,0,0,0,0,0,
Bfqs,2,0,0,2,0,0,0,0,2,0,0,0,0,0,0,0,0,0,0,0,0,0,0,0,0,
Bias,8,0,7,1,0,0,2,5,1,0,0,0,0,0,0,0,0,0,0,0,0,0,0,0,0,
Big,3,0,3,0,0,0,1,2,0,0,0,0,0,0,0,0,0,0,0,0,0,0,0,0,0,
Bigger,1,0,1,0,0,0,1,0,0,0,0,0,0,0,0,0,0,0,0,0,0,0,0,0,0,
Bin,6,0,5,1,0,0,4,0,1,1,0,0,0,0,0,0,0,0,0,0,0,0,0,0,0,
Binary,4,2,1,1,0,2,0,1,0,0,0,1,0,0,0,0,0,0,0,0,0,0,0,0,0,
Binned,1,0,1,0,0,0,0,1,0,0,0,0,0,0,0,0,0,0,0,0,0,0,0,0,0,
Bisulfite,2,0,1,1,0,0,2,0,0,0,0,0,0,0,0,0,0,0,0,0,0,0,0,0,0,
Bit,2,0,2,0,0,0,0,1,0,1,0,0,0,0,0,0,0,0,0,0,0,0,0,0,0,
Blank,3,0,2,1,0,0,1,2,0,0,0,0,0,0,0,0,0,0,0,0,0,0,0,0,0,
Block,9,1,5,3,0,1,4,4,0,0,0,0,0,0,0,0,0,0,0,0,0,0,0,0,0,
Bogus,1,0,1,0,0,0,1,0,0,0,0,0,0,0,0,0,0,0,0,0,0,0,0,0,0,
Boolean,2,0,1,1,0,0,1,0,1,0,0,0,0,0,0,0,0,0,0,0,0,0,0,0,0,
Both,4,0,2,2,0,0,1,1,1,0,0,0,1,0,0,0,0,0,0,0,0,0,0,0,0,
Bound,1,0,1,0,0,0,0,0,0,1,0,0,0,0,0,0,0,0,0,0,0,0,0,0,0,
Boundaries,1,0,0,1,0,0,0,0,0,0,0,0,0,0,0,0,0,1,0,0,0,0,0,0,0,
Bounds,3,0,1,2,0,0,0,0,1,0,0,0,2,0,0,0,0,0,0,0,0,0,0,0,0,
box,1,1,0,0,0,1,0,0,0,0,0,0,0,0,0,0,0,0,0,0,0,0,0,0,0,
Bq,2,0,2,0,0,0,0,2,0,0,0,0,0,0,0,0,0,0,0,0,0,0,0,0,0,
Breaks,1,0,0,1,0,0,0,0,0,1,0,0,0,0,0,0,0,0,0,0,0,0,0,0,0,
broken,1,1,0,0,0,1,0,0,0,0,0,0,0,0,0,0,0,0,0,0,0,0,0,0,0,
Bs,5,0,1,4,0,0,0,0,2,3,0,0,0,0,0,0,0,0,0,0,0,0,0,0,0,
buffer,18,9,2,7,0,9,3,3,2,0,1,0,0,0,0,0,0,0,0,0,0,0,0,0,0,
Buffers,1,0,1,0,0,0,1,0,0,0,0,0,0,0,0,0,0,0,0,0,0,0,0,0,0,
build,15,15,0,0,3,15,0,0,0,0,0,0,0,0,0,0,0,0,0,0,0,0,0,0,0,
Builder,11,1,1,9,1,1,7,0,1,1,1,0,0,0,0,0,0,0,0,0,0,0,0,0,0,
Bulk,2,0,2,0,0,0,2,0,0,0,0,0,0,0,0,0,0,0,0,0,0,0,0,0,0,
But,2,0,2,0,0,0,0,2,0,0,0,0,0,0,0,0,0,0,0,0,0,0,0,0,0,
By,42,6,30,6,0,6,6,10,7,6,6,0,0,0,1,0,0,0,0,0,0,0,0,0,0,
Byte,15,4,10,1,0,4,8,3,0,0,0,0,0,0,0,0,0,0,0,0,0,0,0,0,0,
Bytes,24,0,9,15,0,0,1,5,18,0,0,0,0,0,0,0,0,0,0,0,0,0,0,0,0,
C,2,0,0,2,0,0,2,0,0,0,0,0,0,0,0,0,0,0,0,0,0,0,0,0,0,
cache,2,2,0,0,0,2,0,0,0,0,0,0,0,0,0,0,0,0,0,0,0,0,0,0,0,
calculate,30,30,0,0,0,30,0,0,0,0,0,0,0,0,0,0,0,0,0,0,0,0,0,0,0,
Calculation,2,0,1,1,0,0,0,0,2,0,0,0,0,0,0,0,0,0,0,0,0,0,0,0,0,
Calculator,1,1,0,0,1,1,0,0,0,0,0,0,0,0,0,0,0,0,0,0,0,0,0,0,0,
call,10,4,5,1,2,4,1,3,0,1,1,0,0,0,0,0,0,0,0,0,0,0,0,0,0,
Calling,1,1,0,0,0,1,0,0,0,0,0,0,0,0,0,0,0,0,0,0,0,0,0,0,0,
can,8,6,1,1,0,6,1,1,0,0,0,0,0,0,0,0,0,0,0,0,0,0,0,0,0,
Candidates,1,0,0,1,0,0,0,1,0,0,0,0,0,0,0,0,0,0,0,0,0,0,0,0,0,
Cannot,1,0,1,0,0,0,1,0,0,0,0,0,0,0,0,0,0,0,0,0,0,0,0,0,0,
Canonical,2,0,0,2,0,0,0,0,0,0,0,0,1,1,0,0,0,0,0,0,0,0,0,0,0,
Capacity,1,0,0,1,0,0,1,0,0,0,0,0,0,0,0,0,0,0,0,0,0,0,0,0,0,
Capping,1,0,0,1,0,0,0,0,0,1,0,0,0,0,0,0,0,0,0,0,0,0,0,0,0,
Casava18,1,1,0,0,0,1,0,0,0,0,0,0,0,0,0,0,0,0,0,0,0,0,0,0,0,
Cases,6,0,0,6,0,0,0,0,3,1,0,0,2,0,0,0,0,0,0,0,0,0,0,0,0,
Category,2,0,2,0,0,0,0,2,0,0,0,0,0,0,0,0,0,0,0,0,0,0,0,0,0,
Cbcl,6,2,4,0,0,2,4,0,0,0,0,0,0,0,0,0,0,0,0,0,0,0,0,0,0,
Cbcls,4,0,1,3,0,0,2,2,0,0,0,0,0,0,0,0,0,0,0,0,0,0,0,0,0,
Cd,2,0,0,2,0,0,1,1,0,0,0,0,0,0,0,0,0,0,0,0,0,0,0,0,0,
Central,1,0,1,0,0,0,1,0,0,0,0,0,0,0,0,0,0,0,0,0,0,0,0,0,0,
Chain,1,0,0,1,0,0,0,0,0,0,0,0,1,0,0,0,0,0,0,0,0,0,0,0,0,
Chained,1,0,1,0,0,0,1,0,0,0,0,0,0,0,0,0,0,0,0,0,0,0,0,0,0,
Chaining,2,0,2,0,0,0,0,2,0,0,0,0,0,0,0,0,0,0,0,0,0,0,0,0,0,
change,1,1,0,0,0,1,0,0,0,0,0,0,0,0,0,0,0,0,0,0,0,0,0,0,0,
Changed,1,0,1,0,0,0,0,1,0,0,0,0,0,0,0,0,0,0,0,0,0,0,0,0,0,
Changing,2,0,2,0,0,0,2,0,0,0,0,0,0,0,0,0,0,0,0,0,0,0,0,0,0,
Channel,2,0,1,1,0,0,2,0,0,0,0,0,0,0,0,0,0,0,0,0,0,0,0,0,0,
Char,1,0,1,0,0,0,0,0,1,0,0,0,0,0,0,0,0,0,0,0,0,0,0,0,0,
check,56,24,31,1,0,24,15,15,2,0,0,0,0,0,0,0,0,0,0,0,0,0,0,0,0,
Checker,2,0,1,1,0,0,2,0,0,0,0,0,0,0,0,0,0,0,0,0,0,0,0,0,0,
Checking,1,0,1,0,0,0,1,0,0,0,0,0,0,0,0,0,0,0,0,0,0,0,0,0,0,
Child,7,0,7,0,0,0,7,0,0,0,0,0,0,0,0,0,0,0,0,0,0,0,0,0,0,
Chimeras,1,0,0,1,0,0,1,0,0,0,0,0,0,0,0,0,0,0,0,0,0,0,0,0,0,
Chimeric,1,0,0,1,0,0,1,0,0,0,0,0,0,0,0,0,0,0,0,0,0,0,0,0,0,
chr,1,1,0,0,0,1,0,0,0,0,0,0,0,0,0,0,0,0,0,0,0,0,0,0,0,
Chrom,1,0,0,1,0,0,1,0,0,0,0,0,0,0,0,0,0,0,0,0,0,0,0,0,0,
Chromosomes,6,0,5,1,0,0,1,1,0,0,4,0,0,0,0,0,0,0,0,0,0,0,0,0,0,
Chunk,2,0,1,1,0,0,0,2,0,0,0,0,0,0,0,0,0,0,0,0,0,0,0,0,0,
Chunking,1,0,1,0,0,0,0,0,0,0,0,0,0,0,0,0,1,0,0,0,0,0,0,0,0,
Chunks,2,0,1,1,0,0,0,0,2,0,0,0,0,0,0,0,0,0,0,0,0,0,0,0,0,
Cigar,16,0,7,9,0,0,2,1,1,4,2,2,2,0,0,0,0,0,2,0,0,0,0,0,0,
Cigars,2,0,1,1,0,0,0,1,1,0,0,0,0,0,0,0,0,0,0,0,0,0,0,0,0,
Circle,1,1,0,0,0,1,0,0,0,0,0,0,0,0,0,0,0,0,0,0,0,0,0,0,0,
Circular,1,1,0,0,0,1,0,0,0,0,0,0,0,0,0,0,0,0,0,0,0,0,0,0,0,
Class,8,1,1,6,0,1,2,1,3,0,0,0,1,0,0,0,0,0,0,0,0,0,0,0,0,
Classes,1,0,0,1,0,0,1,0,0,0,0,0,0,0,0,0,0,0,0,0,0,0,0,0,0,
Classifier,1,0,0,1,0,0,1,0,0,0,0,0,0,0,0,0,0,0,0,0,0,0,0,0,0,
classify,2,2,0,0,0,2,0,0,0,0,0,0,0,0,0,0,0,0,0,0,0,0,0,0,0,
Classpath,1,0,0,1,0,0,0,1,0,0,0,0,0,0,0,0,0,0,0,0,0,0,0,0,0,
Clean,6,1,5,0,0,1,4,1,0,0,0,0,0,0,0,0,0,0,0,0,0,0,0,0,0,
Cleanly,1,0,1,0,0,0,1,0,0,0,0,0,0,0,0,0,0,0,0,0,0,0,0,0,0,
clear,3,2,1,0,2,2,0,1,0,0,0,0,0,0,0,0,0,0,0,0,0,0,0,0,0,
clip,13,2,7,4,1,2,4,1,2,0,4,0,0,0,0,0,0,0,0,0,0,0,0,0,0,
Clipped,2,0,1,1,0,0,0,0,0,0,1,1,0,0,0,0,0,0,0,0,0,0,0,0,0,
Clipping,17,1,9,7,0,1,1,0,5,1,0,6,2,0,0,1,0,0,0,0,0,0,0,0,0,
Clips,2,0,0,2,0,0,0,0,0,1,0,1,0,0,0,0,0,0,0,0,0,0,0,0,0,
Clique,1,0,1,0,0,0,0,0,0,0,1,0,0,0,0,0,0,0,0,0,0,0,0,0,0,
Clocs,2,1,1,0,0,1,0,0,1,0,0,0,0,0,0,0,0,0,0,0,0,0,0,0,0,
clone,10,10,0,0,10,10,0,0,0,0,0,0,0,0,0,0,0,0,0,0,0,0,0,0,0,
Closable,1,0,1,0,0,0,0,0,1,0,0,0,0,0,0,0,0,0,0,0,0,0,0,0,0,
close,35,35,0,0,32,35,0,0,0,0,0,0,0,0,0,0,0,0,0,0,0,0,0,0,0,
Closed,2,0,0,2,0,0,2,0,0,0,0,0,0,0,0,0,0,0,0,0,0,0,0,0,0,
Closer,1,1,0,0,1,1,0,0,0,0,0,0,0,0,0,0,0,0,0,0,0,0,0,0,0,
Cloud,1,0,1,0,0,0,1,0,0,0,0,0,0,0,0,0,0,0,0,0,0,0,0,0,0,
Clp,1,0,0,1,0,0,1,0,0,0,0,0,0,0,0,0,0,0,0,0,0,0,0,0,0,
cluster,32,8,15,9,1,8,9,1,7,4,1,0,0,0,1,1,0,0,0,0,0,0,0,0,0,
Clustered,1,1,0,0,0,1,0,0,0,0,0,0,0,0,0,0,0,0,0,0,0,0,0,0,0,
Clustering,1,0,0,1,0,0,0,0,0,0,0,1,0,0,0,0,0,0,0,0,0,0,0,0,0,
Clusters,8,0,3,5,0,0,0,5,2,0,1,0,0,0,0,0,0,0,0,0,0,0,0,0,0,
Code,29,1,1,27,1,1,18,5,2,2,0,0,1,0,0,0,0,0,0,0,0,0,0,0,0,
Codec,4,2,0,2,2,2,1,0,0,1,0,0,0,0,0,0,0,0,0,0,0,0,0,0,0,
collect,16,7,9,0,0,7,9,0,0,0,0,0,0,0,0,0,0,0,0,0,0,0,0,0,0,
Collection,12,0,0,12,0,0,0,3,9,0,0,0,0,0,0,0,0,0,0,0,0,0,0,0,0,
Collector,49,0,5,44,0,0,7,19,13,5,3,1,1,0,0,0,0,0,0,0,0,0,0,0,0,
Color,1,0,0,1,0,0,1,0,0,0,0,0,0,0,0,0,0,0,0,0,0,0,0,0,0,
column,9,3,4,2,0,3,4,2,0,0,0,0,0,0,0,0,0,0,0,0,0,0,0,0,0,
Columns,3,0,0,3,0,0,0,1,1,1,0,0,0,0,0,0,0,0,0,0,0,0,0,0,0,
Combination,2,0,2,0,0,0,2,0,0,0,0,0,0,0,0,0,0,0,0,0,0,0,0,0,0,
Combinations,2,0,0,2,0,0,1,0,1,0,0,0,0,0,0,0,0,0,0,0,0,0,0,0,0,
Combinationsdata,2,0,0,2,0,0,1,1,0,0,0,0,0,0,0,0,0,0,0,0,0,0,0,0,0,
Combined,1,0,1,0,0,0,1,0,0,0,0,0,0,0,0,0,0,0,0,0,0,0,0,0,0,
combining,1,1,0,0,0,1,0,0,0,0,0,0,0,0,0,0,0,0,0,0,0,0,0,0,0,
Command,98,0,98,0,0,0,90,4,4,0,0,0,0,0,0,0,0,0,0,0,0,0,0,0,0,
Comment,1,0,0,1,0,0,1,0,0,0,0,0,0,0,0,0,0,0,0,0,0,0,0,0,0,
Comments,1,0,1,0,0,0,0,1,0,0,0,0,0,0,0,0,0,0,0,0,0,0,0,0,0,
Comparable,1,0,1,0,0,0,1,0,0,0,0,0,0,0,0,0,0,0,0,0,0,0,0,0,0,
Comparator,3,0,0,3,0,0,0,0,3,0,0,0,0,0,0,0,0,0,0,0,0,0,0,0,0,
compare,47,47,0,0,10,47,0,0,0,0,0,0,0,0,0,0,0,0,0,0,0,0,0,0,0,
Comparison,4,0,2,2,0,0,0,1,1,0,0,1,1,0,0,0,0,0,0,0,0,0,0,0,0,
complement,8,1,3,4,1,1,3,1,0,3,0,0,0,0,0,0,0,0,0,0,0,0,0,0,0,
Complemented,1,0,1,0,0,0,0,1,0,0,0,0,0,0,0,0,0,0,0,0,0,0,0,0,0,
Complete,5,1,0,4,0,1,2,2,0,0,0,0,0,0,0,0,0,0,0,0,0,0,0,0,0,
Completed,1,0,0,1,0,0,0,1,0,0,0,0,0,0,0,0,0,0,0,0,0,0,0,0,0,
Completeness,1,0,0,1,0,0,0,0,1,0,0,0,0,0,0,0,0,0,0,0,0,0,0,0,0,
Completion,2,0,0,2,0,0,1,0,0,0,0,1,0,0,0,0,0,0,0,0,0,0,0,0,0,
Complex,1,0,0,1,0,0,0,0,1,0,0,0,0,0,0,0,0,0,0,0,0,0,0,0,0,
Complexity,1,0,0,1,0,0,0,1,0,0,0,0,0,0,0,0,0,0,0,0,0,0,0,0,0,
Complicated,1,0,1,0,0,0,0,1,0,0,0,0,0,0,0,0,0,0,0,0,0,0,0,0,0,
compose,2,2,0,0,0,2,0,0,0,0,0,0,0,0,0,0,0,0,0,0,0,0,0,0,0,
Compressed,3,0,1,2,0,0,1,0,1,1,0,0,0,0,0,0,0,0,0,0,0,0,0,0,0,
Compression,1,0,0,1,0,0,0,1,0,0,0,0,0,0,0,0,0,0,0,0,0,0,0,0,0,
compute,3,3,0,0,0,3,0,0,0,0,0,0,0,0,0,0,0,0,0,0,0,0,0,0,0,
Concordance,16,0,13,3,0,0,5,10,0,1,0,0,0,0,0,0,0,0,0,0,0,0,0,0,0,
Conditionally,1,0,1,0,0,0,0,1,0,0,0,0,0,0,0,0,0,0,0,0,0,0,0,0,0,
Configuration,1,0,0,1,0,0,0,0,1,0,0,0,0,0,0,0,0,0,0,0,0,0,0,0,0,
Configurations,1,0,0,1,0,0,0,1,0,0,0,0,0,0,0,0,0,0,0,0,0,0,0,0,0,
consider,1,1,0,0,0,1,0,0,0,0,0,0,0,0,0,0,0,0,0,0,0,0,0,0,0,
construct,1,1,0,0,0,1,0,0,0,0,0,0,0,0,0,0,0,0,0,0,0,0,0,0,0,
Containing,1,0,1,0,0,0,0,1,0,0,0,0,0,0,0,0,0,0,0,0,0,0,0,0,0,
contains,1,1,0,0,1,1,0,0,0,0,0,0,0,0,0,0,0,0,0,0,0,0,0,0,0,
Contaminant,4,0,0,4,0,0,3,1,0,0,0,0,0,0,0,0,0,0,0,0,0,0,0,0,0,
Contamination,1,0,1,0,0,0,1,0,0,0,0,0,0,0,0,0,0,0,0,0,0,0,0,0,0,
Contaminator,3,0,3,0,0,0,0,0,1,1,1,0,0,0,0,0,0,0,0,0,0,0,0,0,0,
Content,1,0,0,1,0,0,0,1,0,0,0,0,0,0,0,0,0,0,0,0,0,0,0,0,0,
Context,19,1,8,10,0,1,5,6,3,2,0,2,0,0,0,0,0,0,0,0,0,0,0,0,0,
Contexts,1,0,0,1,0,0,0,0,0,1,0,0,0,0,0,0,0,0,0,0,0,0,0,0,0,
Contig,13,3,7,3,3,3,2,3,1,4,0,0,0,0,0,0,0,0,0,0,0,0,0,0,0,
Contigs,1,0,0,1,0,0,1,0,0,0,0,0,0,0,0,0,0,0,0,0,0,0,0,0,0,
Contingency,5,0,5,0,0,0,4,1,0,0,0,0,0,0,0,0,0,0,0,0,0,0,0,0,0,
Conventionally,1,0,0,1,0,0,1,0,0,0,0,0,0,0,0,0,0,0,0,0,0,0,0,0,0,
convert,17,13,2,2,0,13,1,3,0,0,0,0,0,0,0,0,0,0,0,0,0,0,0,0,0,
Converter,7,0,0,7,0,0,2,2,1,1,0,1,0,0,0,0,0,0,0,0,0,0,0,0,0,
Coord,3,1,0,2,1,1,0,0,0,2,0,0,0,0,0,0,0,0,0,0,0,0,0,0,0,
Coordinate,14,1,3,10,0,1,1,7,0,3,0,0,1,0,1,0,0,0,0,0,0,0,0,0,0,
Coordinates,1,0,0,1,0,0,0,1,0,0,0,0,0,0,0,0,0,0,0,0,0,0,0,0,0,
copy,10,6,2,2,1,6,3,0,1,0,0,0,0,0,0,0,0,0,0,0,0,0,0,0,0,
Copying,2,0,1,1,0,0,0,1,1,0,0,0,0,0,0,0,0,0,0,0,0,0,0,0,0,
Correct,2,0,2,0,0,0,0,2,0,0,0,0,0,0,0,0,0,0,0,0,0,0,0,0,0,
corresponding,1,1,0,0,0,1,0,0,0,0,0,0,0,0,0,0,0,0,0,0,0,0,0,0,0,
Corrupt,1,0,1,0,0,0,1,0,0,0,0,0,0,0,0,0,0,0,0,0,0,0,0,0,0,
count,33,11,4,18,0,11,3,15,1,1,1,1,0,0,0,0,0,0,0,0,0,0,0,0,0,
Counter,14,2,4,8,1,2,5,2,4,0,1,0,0,0,0,0,0,0,0,0,0,0,0,0,0,
Counting,1,1,0,0,0,1,0,0,0,0,0,0,0,0,0,0,0,0,0,0,0,0,0,0,0,
Counts,8,0,2,6,0,0,1,3,4,0,0,0,0,0,0,0,0,0,0,0,0,0,0,0,0,
Coverage,14,1,8,5,1,1,6,2,2,0,3,0,0,0,0,0,0,0,0,0,0,0,0,0,0,
Cpg,2,1,0,1,0,1,0,1,0,0,0,0,0,0,0,0,0,0,0,0,0,0,0,0,0,
CRAM,4,0,2,2,0,0,2,0,2,0,0,0,0,0,0,0,0,0,0,0,0,0,0,0,0,
create,41,41,0,0,0,41,0,0,0,0,0,0,0,0,0,0,0,0,0,0,0,0,0,0,0,
cross,10,2,8,0,0,2,8,0,0,0,0,0,0,0,0,0,0,0,0,0,0,0,0,0,0,
Crosscheck,3,0,3,0,0,0,1,2,0,0,0,0,0,0,0,0,0,0,0,0,0,0,0,0,0,
Csv,1,1,0,0,0,1,0,0,0,0,0,0,0,0,0,0,0,0,0,0,0,0,0,0,0,
Cumulative,1,0,1,0,0,0,1,0,0,0,0,0,0,0,0,0,0,0,0,0,0,0,0,0,0,
Cur,1,0,1,0,0,0,1,0,0,0,0,0,0,0,0,0,0,0,0,0,0,0,0,0,0,
Current,9,0,9,0,0,0,9,0,0,0,0,0,0,0,0,0,0,0,0,0,0,0,0,0,0,
custom,42,40,2,0,0,40,0,2,0,0,0,0,0,0,0,0,0,0,0,0,0,0,0,0,0,
Cutoff,2,0,0,2,0,0,0,0,2,0,0,0,0,0,0,0,0,0,0,0,0,0,0,0,0,
Cycle,31,2,25,4,0,2,10,3,7,5,1,1,2,0,0,0,0,0,0,0,0,0,0,0,0,
Cycled,1,0,1,0,0,0,1,0,0,0,0,0,0,0,0,0,0,0,0,0,0,0,0,0,0,
Cycles,7,0,0,7,0,0,1,4,2,0,0,0,0,0,0,0,0,0,0,0,0,0,0,0,0,
Cyto,1,0,1,0,0,0,0,1,0,0,0,0,0,0,0,0,0,0,0,0,0,0,0,0,0,
D,2,0,2,0,0,0,1,0,1,0,0,0,0,0,0,0,0,0,0,0,0,0,0,0,0,
Dat,1,0,0,1,0,0,0,1,0,0,0,0,0,0,0,0,0,0,0,0,0,0,0,0,0,
Data,173,10,78,85,0,10,40,49,24,34,6,7,1,2,0,0,0,0,0,0,0,0,0,0,0,
Database,1,0,0,1,0,0,0,1,0,0,0,0,0,0,0,0,0,0,0,0,0,0,0,0,0,
Datas,1,0,0,1,0,0,0,0,0,0,1,0,0,0,0,0,0,0,0,0,0,0,0,0,0,
Db,3,1,2,0,0,1,2,0,0,0,0,0,0,0,0,0,0,0,0,0,0,0,0,0,0,
De,3,0,3,0,0,0,3,0,0,0,0,0,0,0,0,0,0,0,0,0,0,0,0,0,0,
Debug,2,0,2,0,0,0,1,1,0,0,0,0,0,0,0,0,0,0,0,0,0,0,0,0,0,
decode,11,11,0,0,8,11,0,0,0,0,0,0,0,0,0,0,0,0,0,0,0,0,0,0,0,
decompress,1,1,0,0,0,1,0,0,0,0,0,0,0,0,0,0,0,0,0,0,0,0,0,0,0,
Decorating,1,0,1,0,0,0,0,1,0,0,0,0,0,0,0,0,0,0,0,0,0,0,0,0,0,
Decorator,1,0,0,1,0,0,0,1,0,0,0,0,0,0,0,0,0,0,0,0,0,0,0,0,0,
deduce,1,1,0,0,0,1,0,0,0,0,0,0,0,0,0,0,0,0,0,0,0,0,0,0,0,
Deduplicate,1,0,1,0,0,0,0,0,1,0,0,0,0,0,0,0,0,0,0,0,0,0,0,0,0,
Def,1,0,0,1,0,0,0,1,0,0,0,0,0,0,0,0,0,0,0,0,0,0,0,0,0,
Default,13,0,13,0,0,0,8,2,2,1,0,0,0,0,0,0,0,0,0,0,0,0,0,0,0,
Defaults,1,0,0,1,0,0,1,0,0,0,0,0,0,0,0,0,0,0,0,0,0,0,0,0,0,
Deflater,1,0,1,0,0,0,0,1,0,0,0,0,0,0,0,0,0,0,0,0,0,0,0,0,0,
Defs,1,0,0,1,0,0,0,1,0,0,0,0,0,0,0,0,0,0,0,0,0,0,0,0,0,
delete,4,3,1,0,0,3,1,0,0,0,0,0,0,0,0,0,0,0,0,0,0,0,0,0,0,
Deleted,4,0,4,0,0,0,0,0,0,0,2,2,0,0,0,0,0,0,0,0,0,0,0,0,0,
Deletion,2,0,0,2,0,0,0,2,0,0,0,0,0,0,0,0,0,0,0,0,0,0,0,0,0,
Delimited,1,1,0,0,0,1,0,0,0,0,0,0,0,0,0,0,0,0,0,0,0,0,0,0,0,
Delimiter,5,0,0,5,0,0,5,0,0,0,0,0,0,0,0,0,0,0,0,0,0,0,0,0,0,
Delimiters,2,0,2,0,0,0,0,0,2,0,0,0,0,0,0,0,0,0,0,0,0,0,0,0,0,
Density,3,0,1,2,0,0,1,2,0,0,0,0,0,0,0,0,0,0,0,0,0,0,0,0,0,
Dependent,1,0,1,0,0,0,1,0,0,0,0,0,0,0,0,0,0,0,0,0,0,0,0,0,0,
Depth,13,1,11,1,0,1,5,4,2,1,0,0,0,0,0,0,0,0,0,0,0,0,0,0,0,
Depths,1,0,0,1,0,0,1,0,0,0,0,0,0,0,0,0,0,0,0,0,0,0,0,0,0,
Derived,12,0,12,0,0,0,10,2,0,0,0,0,0,0,0,0,0,0,0,0,0,0,0,0,0,
Description,11,0,0,11,0,0,11,0,0,0,0,0,0,0,0,0,0,0,0,0,0,0,0,0,0,
Descriptor,2,0,1,1,0,0,2,0,0,0,0,0,0,0,0,0,0,0,0,0,0,0,0,0,0,
Descriptors,3,0,0,3,0,0,0,2,0,1,0,0,0,0,0,0,0,0,0,0,0,0,0,0,0,
Design,1,0,1,0,0,0,1,0,0,0,0,0,0,0,0,0,0,0,0,0,0,0,0,0,0,
Detail,9,1,8,0,0,1,5,0,3,0,0,0,0,0,0,0,0,0,0,0,0,0,0,0,0,
Details,4,0,1,3,0,0,0,2,2,0,0,0,0,0,0,0,0,0,0,0,0,0,0,0,0,
Detected,1,0,1,0,0,0,1,0,0,0,0,0,0,0,0,0,0,0,0,0,0,0,0,0,0,
Detection,3,0,1,2,0,0,0,1,2,0,0,0,0,0,0,0,0,0,0,0,0,0,0,0,0,
Detector,3,0,0,3,0,0,1,2,0,0,0,0,0,0,0,0,0,0,0,0,0,0,0,0,0,
determine,11,5,6,0,0,5,0,1,5,0,0,0,0,0,0,0,0,0,0,0,0,0,0,0,0,
Deterministic,1,0,1,0,0,0,1,0,0,0,0,0,0,0,0,0,0,0,0,0,0,0,0,0,0,
Dev,2,0,2,0,0,0,0,0,2,0,0,0,0,0,0,0,0,0,0,0,0,0,0,0,0,
Dictionaries,4,0,2,2,0,0,0,3,1,0,0,0,0,0,0,0,0,0,0,0,0,0,0,0,0,
Dictionary,13,0,4,9,0,0,2,5,0,1,0,3,2,0,0,0,0,0,0,0,0,0,0,0,0,
Diff,4,0,4,0,0,0,0,1,0,3,0,0,0,0,0,0,0,0,0,0,0,0,0,0,0,
Differ,1,0,0,1,0,0,0,1,0,0,0,0,0,0,0,0,0,0,0,0,0,0,0,0,0,
Difference,2,0,0,2,0,0,1,1,0,0,0,0,0,0,0,0,0,0,0,0,0,0,0,0,0,
different,11,1,9,1,0,1,1,1,1,5,0,0,2,0,0,0,0,0,0,0,0,0,0,0,0,
Different1,1,0,0,1,0,0,0,0,1,0,0,0,0,0,0,0,0,0,0,0,0,0,0,0,0,
Different2,1,0,0,1,0,0,0,0,1,0,0,0,0,0,0,0,0,0,0,0,0,0,0,0,0,
Diploid,2,1,1,0,0,1,1,0,0,0,0,0,0,0,0,0,0,0,0,0,0,0,0,0,0,
Dir,9,0,1,8,0,0,2,3,1,0,0,0,1,1,0,1,0,0,0,0,0,0,0,0,0,
Directory,4,0,2,2,0,0,2,0,0,0,0,2,0,0,0,0,0,0,0,0,0,0,0,0,0,
Dirs,3,0,0,3,0,0,0,2,0,0,0,0,0,1,0,0,0,0,0,0,0,0,0,0,0,
Disk,1,1,0,0,0,1,0,0,0,0,0,0,0,0,0,0,0,0,0,0,0,0,0,0,0,
Dissimilar,2,0,2,0,0,0,0,0,2,0,0,0,0,0,0,0,0,0,0,0,0,0,0,0,0,
Distance,10,0,3,7,0,0,0,1,3,0,2,0,0,2,0,0,2,0,0,0,0,0,0,0,0,
Distant,3,0,3,0,0,0,1,2,0,0,0,0,0,0,0,0,0,0,0,0,0,0,0,0,0,
Distribution,3,0,1,2,0,0,0,0,2,1,0,0,0,0,0,0,0,0,0,0,0,0,0,0,0,
Distributions,1,0,0,1,0,0,0,0,1,0,0,0,0,0,0,0,0,0,0,0,0,0,0,0,0,
Distributor,4,1,0,3,1,1,2,1,0,0,0,0,0,0,0,0,0,0,0,0,0,0,0,0,0,
divide,7,4,2,1,1,4,3,0,0,0,0,0,0,0,0,0,0,0,0,0,0,0,0,0,0,
do,98,97,1,0,0,97,1,0,0,0,0,0,0,0,0,0,0,0,0,0,0,0,0,0,0,
Doc,7,0,1,6,0,0,0,7,0,0,0,0,0,0,0,0,0,0,0,0,0,0,0,0,0,
Documentation,1,0,0,1,0,0,0,1,0,0,0,0,0,0,0,0,0,0,0,0,0,0,0,0,0,
Does,1,0,1,0,0,0,0,0,0,1,0,0,0,0,0,0,0,0,0,0,0,0,0,0,0,
Doesnt,1,0,1,0,0,0,1,0,0,0,0,0,0,0,0,0,0,0,0,0,0,0,0,0,0,
Done,1,0,0,1,0,0,1,0,0,0,0,0,0,0,0,0,0,0,0,0,0,0,0,0,0,
Double,5,0,3,2,0,0,2,2,1,0,0,0,0,0,0,0,0,0,0,0,0,0,0,0,0,
Down,10,0,0,10,0,0,10,0,0,0,0,0,0,0,0,0,0,0,0,0,0,0,0,0,0,
Downsample,4,0,4,0,0,0,4,0,0,0,0,0,0,0,0,0,0,0,0,0,0,0,0,0,0,
DP,4,0,2,2,0,0,2,0,1,0,1,0,0,0,0,0,0,0,0,0,0,0,0,0,0,
draw,1,1,0,0,1,1,0,0,0,0,0,0,0,0,0,0,0,0,0,0,0,0,0,0,0,
Dropout,1,0,1,0,0,0,1,0,0,0,0,0,0,0,0,0,0,0,0,0,0,0,0,0,0,
Dt,1,0,0,1,0,0,1,0,0,0,0,0,0,0,0,0,0,0,0,0,0,0,0,0,0,
Dual,10,0,9,1,0,0,4,1,0,1,0,0,0,4,0,0,0,0,0,0,0,0,0,0,0,
Due,1,0,1,0,0,0,1,0,0,0,0,0,0,0,0,0,0,0,0,0,0,0,0,0,0,
Dummy,1,1,0,0,0,1,0,0,0,0,0,0,0,0,0,0,0,0,0,0,0,0,0,0,0,
Dup,2,0,1,1,0,0,1,0,0,1,0,0,0,0,0,0,0,0,0,0,0,0,0,0,0,
Dupes,1,0,1,0,0,0,0,1,0,0,0,0,0,0,0,0,0,0,0,0,0,0,0,0,0,
Duplicate,36,1,28,7,0,1,8,15,6,5,0,1,0,0,0,0,0,0,0,0,0,0,0,0,0,
Duplicates,40,0,23,17,0,0,12,11,6,5,0,2,0,3,1,0,0,0,0,0,0,0,0,0,0,
Duplication,2,0,2,0,0,0,1,1,0,0,0,0,0,0,0,0,0,0,0,0,0,0,0,0,0,
Dups,1,0,1,0,0,0,0,1,0,0,0,0,0,0,0,0,0,0,0,0,0,0,0,0,0,
Eamss,7,4,2,1,0,4,2,1,0,0,0,0,0,0,0,0,0,0,0,0,0,0,0,0,0,
Earliest,4,0,4,0,0,0,3,0,1,0,0,0,0,0,0,0,0,0,0,0,0,0,0,0,0,
Edge,1,0,0,1,0,0,1,0,0,0,0,0,0,0,0,0,0,0,0,0,0,0,0,0,0,
Edit,1,0,1,0,0,0,1,0,0,0,0,0,0,0,0,0,0,0,0,0,0,0,0,0,0,
effective,1,1,0,0,0,1,0,0,0,0,0,0,0,0,0,0,0,0,0,0,0,0,0,0,0,
Effects,1,0,0,1,0,0,0,0,1,0,0,0,0,0,0,0,0,0,0,0,0,0,0,0,0,
Elc,4,4,0,0,0,4,0,0,0,0,0,0,0,0,0,0,0,0,0,0,0,0,0,0,0,
Element,2,0,2,0,0,0,2,0,0,0,0,0,0,0,0,0,0,0,0,0,0,0,0,0,0,
Elements,2,0,2,0,0,0,1,1,0,0,0,0,0,0,0,0,0,0,0,0,0,0,0,0,0,
Else,1,0,0,1,0,0,0,0,1,0,0,0,0,0,0,0,0,0,0,0,0,0,0,0,0,
emit,1,1,0,0,0,1,0,0,0,0,0,0,0,0,0,0,0,0,0,0,0,0,0,0,0,
Empirical,1,1,0,0,0,1,0,0,0,0,0,0,0,0,0,0,0,0,0,0,0,0,0,0,0,
Empty,18,4,7,7,0,4,10,3,1,0,0,0,0,0,0,0,0,0,0,0,0,0,0,0,0,
Enclosing,1,0,0,1,0,0,0,1,0,0,0,0,0,0,0,0,0,0,0,0,0,0,0,0,0,
encode,12,12,0,0,8,12,0,0,0,0,0,0,0,0,0,0,0,0,0,0,0,0,0,0,0,
Encoder,2,0,0,2,0,0,0,0,2,0,0,0,0,0,0,0,0,0,0,0,0,0,0,0,0,
end,35,1,29,5,1,1,2,16,6,0,2,6,2,0,0,0,0,0,0,0,0,0,0,0,0,
Ends,9,0,7,2,0,0,5,3,1,0,0,0,0,0,0,0,0,0,0,0,0,0,0,0,0,
enforce,2,2,0,0,0,2,0,0,0,0,0,0,0,0,0,0,0,0,0,0,0,0,0,0,0,
Enough,3,0,0,3,0,0,1,0,2,0,0,0,0,0,0,0,0,0,0,0,0,0,0,0,0,
Enqueue,1,0,1,0,0,0,0,1,0,0,0,0,0,0,0,0,0,0,0,0,0,0,0,0,0,
ensure,7,7,0,0,0,7,0,0,0,0,0,0,0,0,0,0,0,0,0,0,0,0,0,0,0,
Entry,2,0,0,2,0,0,0,0,1,1,0,0,0,0,0,0,0,0,0,0,0,0,0,0,0,
EOF,1,0,0,1,0,0,0,0,0,0,0,1,0,0,0,0,0,0,0,0,0,0,0,0,0,
equal,9,1,1,7,0,1,2,2,3,1,0,0,0,0,0,0,0,0,0,0,0,0,0,0,0,
equals,21,17,0,4,17,17,4,0,0,0,0,0,0,0,0,0,0,0,0,0,0,0,0,0,0,
Equivalence,3,0,1,2,0,0,2,1,0,0,0,0,0,0,0,0,0,0,0,0,0,0,0,0,0,
Error,9,1,7,1,1,1,0,1,3,2,0,2,0,0,0,0,0,0,0,0,0,0,0,0,0,
escape,1,1,0,0,0,1,0,0,0,0,0,0,0,0,0,0,0,0,0,0,0,0,0,0,0,
Especially,1,0,1,0,0,0,0,0,0,1,0,0,0,0,0,0,0,0,0,0,0,0,0,0,0,
estimate,4,4,0,0,0,4,0,0,0,0,0,0,0,0,0,0,0,0,0,0,0,0,0,0,0,
Evaluation,1,0,1,0,0,0,0,1,0,0,0,0,0,0,0,0,0,0,0,0,0,0,0,0,0,
Evidence,11,0,6,5,0,0,6,4,0,0,0,1,0,0,0,0,0,0,0,0,0,0,0,0,0,
Examine,2,1,0,1,0,1,0,0,1,0,0,0,0,0,0,0,0,0,0,0,0,0,0,0,0,
Exception,17,0,6,11,0,0,10,1,1,3,2,0,0,0,0,0,0,0,0,0,0,0,0,0,0,
Exceptions,1,0,0,1,0,0,0,0,0,1,0,0,0,0,0,0,0,0,0,0,0,0,0,0,0,
exclude,1,1,0,0,0,1,0,0,0,0,0,0,0,0,0,0,0,0,0,0,0,0,0,0,0,
Excluded,3,0,2,1,0,0,0,3,0,0,0,0,0,0,0,0,0,0,0,0,0,0,0,0,0,
excluding,2,1,1,0,0,1,1,0,0,0,0,0,0,0,0,0,0,0,0,0,0,0,0,0,0,
Exclusion,1,0,1,0,0,0,0,1,0,0,0,0,0,0,0,0,0,0,0,0,0,0,0,0,0,
Exclusions,1,0,0,1,0,0,1,0,0,0,0,0,0,0,0,0,0,0,0,0,0,0,0,0,0,
execute,4,2,0,2,0,2,2,0,0,0,0,0,0,0,0,0,0,0,0,0,0,0,0,0,0,
Executor,1,0,1,0,0,0,0,1,0,0,0,0,0,0,0,0,0,0,0,0,0,0,0,0,0,
Exist,1,0,1,0,0,0,0,1,0,0,0,0,0,0,0,0,0,0,0,0,0,0,0,0,0,
Existant,2,0,2,0,0,0,0,1,1,0,0,0,0,0,0,0,0,0,0,0,0,0,0,0,0,
Existent,1,0,1,0,0,0,0,1,0,0,0,0,0,0,0,0,0,0,0,0,0,0,0,0,0,
Existing,2,0,2,0,0,0,0,0,0,0,2,0,0,0,0,0,0,0,0,0,0,0,0,0,0,
Exists,2,0,0,2,0,0,1,1,0,0,0,0,0,0,0,0,0,0,0,0,0,0,0,0,0,
Exit,3,0,1,2,0,0,0,1,2,0,0,0,0,0,0,0,0,0,0,0,0,0,0,0,0,
Exon,3,1,0,2,1,1,2,0,0,0,0,0,0,0,0,0,0,0,0,0,0,0,0,0,0,
Expected,14,1,12,1,0,1,10,2,1,0,0,0,0,0,0,0,0,0,0,0,0,0,0,0,0,
Ext,1,0,0,1,0,0,0,1,0,0,0,0,0,0,0,0,0,0,0,0,0,0,0,0,0,
extend,1,1,0,0,0,1,0,0,0,0,0,0,0,0,0,0,0,0,0,0,0,0,0,0,0,
Extension,7,0,0,7,0,0,3,3,1,0,0,0,0,0,0,0,0,0,0,0,0,0,0,0,0,
Extra,1,0,1,0,0,0,1,0,0,0,0,0,0,0,0,0,0,0,0,0,0,0,0,0,0,
extract,2,2,0,0,0,2,0,0,0,0,0,0,0,0,0,0,0,0,0,0,0,0,0,0,0,
Extractor,2,0,0,2,0,0,0,0,1,1,0,0,0,0,0,0,0,0,0,0,0,0,0,0,0,
f,1,1,0,0,1,1,0,0,0,0,0,0,0,0,0,0,0,0,0,0,0,0,0,0,0,
Factory,4,0,1,3,0,0,3,0,1,0,0,0,0,0,0,0,0,0,0,0,0,0,0,0,0,
Fail,8,2,1,5,0,2,0,3,2,0,0,1,0,0,0,0,0,0,0,0,0,0,0,0,0,
failing,9,7,2,0,0,7,1,0,1,0,0,0,0,0,0,0,0,0,0,0,0,0,0,0,0,
Fails,5,0,3,2,0,0,3,0,0,2,0,0,0,0,0,0,0,0,0,0,0,0,0,0,0,
Failure,4,0,1,3,0,0,0,0,1,1,0,1,0,0,1,0,0,0,0,0,0,0,0,0,0,
Failures,1,0,1,0,0,0,0,0,1,0,0,0,0,0,0,0,0,0,0,0,0,0,0,0,0,
fake,15,15,0,0,0,15,0,0,0,0,0,0,0,0,0,0,0,0,0,0,0,0,0,0,0,
Faked,1,0,1,0,0,0,1,0,0,0,0,0,0,0,0,0,0,0,0,0,0,0,0,0,0,
Family,2,0,1,1,0,0,1,0,1,0,0,0,0,0,0,0,0,0,0,0,0,0,0,0,0,
Faq,1,0,1,0,0,0,1,0,0,0,0,0,0,0,0,0,0,0,0,0,0,0,0,0,0,
Fast,1,1,0,0,0,1,0,0,0,0,0,0,0,0,0,0,0,0,0,0,0,0,0,0,0,
Fasta,2,0,1,1,0,0,0,2,0,0,0,0,0,0,0,0,0,0,0,0,0,0,0,0,0,
Fastq,15,4,9,2,0,4,6,3,2,0,0,0,0,0,0,0,0,0,0,0,0,0,0,0,0,
Fastqs,1,0,0,1,0,0,1,0,0,0,0,0,0,0,0,0,0,0,0,0,0,0,0,0,0,
fetch,1,1,0,0,0,1,0,0,0,0,0,0,0,0,0,0,0,0,0,0,0,0,0,0,0,
Few,1,0,1,0,0,0,0,0,0,0,0,0,0,0,0,1,0,0,0,0,0,0,0,0,0,
Field,4,0,0,4,0,0,2,2,0,0,0,0,0,0,0,0,0,0,0,0,0,0,0,0,0,
Fields,14,0,0,14,0,0,2,9,3,0,0,0,0,0,0,0,0,0,0,0,0,0,0,0,0,
Fies,1,0,0,1,0,0,1,0,0,0,0,0,0,0,0,0,0,0,0,0,0,0,0,0,0,
Fifo,2,1,1,0,0,1,1,0,0,0,0,0,0,0,0,0,0,0,0,0,0,0,0,0,0,
File,212,9,90,113,0,9,56,78,49,12,7,0,1,0,0,0,0,0,0,0,0,0,0,0,0,
Filename,1,0,0,1,0,0,0,1,0,0,0,0,0,0,0,0,0,0,0,0,0,0,0,0,0,
Files,75,6,18,51,0,6,30,27,7,3,2,0,0,0,0,0,0,0,0,0,0,0,0,0,0,
fill,9,7,2,0,0,7,2,0,0,0,0,0,0,0,0,0,0,0,0,0,0,0,0,0,0,
Filter,43,18,10,15,7,18,7,10,6,1,1,0,0,0,0,0,0,0,0,0,0,0,0,0,0,
Filtered,6,0,3,3,0,0,2,3,1,0,0,0,0,0,0,0,0,0,0,0,0,0,0,0,0,
Filtering,15,0,5,10,0,0,2,7,1,0,4,0,0,1,0,0,0,0,0,0,0,0,0,0,0,
Filters,3,0,0,3,0,0,1,1,1,0,0,0,0,0,0,0,0,0,0,0,0,0,0,0,0,
finalize,2,2,0,0,0,2,0,0,0,0,0,0,0,0,0,0,0,0,0,0,0,0,0,0,0,
find,16,11,5,0,1,11,5,0,0,0,0,0,0,0,0,0,0,0,0,0,0,0,0,0,0,
Finder,7,0,1,6,0,0,1,3,1,2,0,0,0,0,0,0,0,0,0,0,0,0,0,0,0,
Finding,1,0,0,1,0,0,0,0,1,0,0,0,0,0,0,0,0,0,0,0,0,0,0,0,0,
Finger,1,0,1,0,0,0,1,0,0,0,0,0,0,0,0,0,0,0,0,0,0,0,0,0,0,
Fingerprint,20,8,8,4,1,8,5,6,0,1,0,0,0,0,0,0,0,0,0,0,0,0,0,0,0,
Fingerprints,17,0,13,4,0,0,10,7,0,0,0,0,0,0,0,0,0,0,0,0,0,0,0,0,0,
finish,17,17,0,0,17,17,0,0,0,0,0,0,0,0,0,0,0,0,0,0,0,0,0,0,0,
First,22,0,22,0,0,0,5,2,2,1,1,5,5,0,1,0,0,0,0,0,0,0,0,0,0,
Fisher,1,1,0,0,0,1,0,0,0,0,0,0,0,0,0,0,0,0,0,0,0,0,0,0,0,
Fit,1,0,0,1,0,0,0,1,0,0,0,0,0,0,0,0,0,0,0,0,0,0,0,0,0,
fix,10,6,4,0,0,6,3,1,0,0,0,0,0,0,0,0,0,0,0,0,0,0,0,0,0,
Flag,1,0,0,1,0,0,0,0,0,0,0,0,0,1,0,0,0,0,0,0,0,0,0,0,0,
Flags,4,0,1,3,0,0,0,1,0,1,2,0,0,0,0,0,0,0,0,0,0,0,0,0,0,
Flat,5,0,4,1,0,0,1,2,0,2,0,0,0,0,0,0,0,0,0,0,0,0,0,0,0,
Flatten,1,0,0,1,0,0,1,0,0,0,0,0,0,0,0,0,0,0,0,0,0,0,0,0,0,
flip,6,1,5,0,1,1,4,1,0,0,0,0,0,0,0,0,0,0,0,0,0,0,0,0,0,
Flipped,2,0,2,0,0,0,0,0,0,2,0,0,0,0,0,0,0,0,0,0,0,0,0,0,0,
Float,3,1,1,1,0,1,1,0,1,0,0,0,0,0,0,0,0,0,0,0,0,0,0,0,0,
Flow,1,0,1,0,0,0,0,0,1,0,0,0,0,0,0,0,0,0,0,0,0,0,0,0,0,
flush,1,1,0,0,1,1,0,0,0,0,0,0,0,0,0,0,0,0,0,0,0,0,0,0,0,
Fly,1,0,1,0,0,0,0,0,0,0,0,0,1,0,0,0,0,0,0,0,0,0,0,0,0,
fold,1,1,0,0,0,1,0,0,0,0,0,0,0,0,0,0,0,0,0,0,0,0,0,0,0,
For,76,3,73,0,0,3,26,28,15,4,0,0,0,0,0,0,0,0,0,0,0,0,0,0,0,
Force,1,0,1,0,0,0,1,0,0,0,0,0,0,0,0,0,0,0,0,0,0,0,0,0,0,
Format,7,0,4,3,0,0,3,2,2,0,0,0,0,0,0,0,0,0,0,0,0,0,0,0,0,
Formats,3,0,0,3,0,0,1,1,0,0,1,0,0,0,0,0,0,0,0,0,0,0,0,0,0,
Forth,1,0,1,0,0,0,0,0,1,0,0,0,0,0,0,0,0,0,0,0,0,0,0,0,0,
Found,3,0,2,1,0,0,1,0,1,1,0,0,0,0,0,0,0,0,0,0,0,0,0,0,0,
Four,3,1,2,0,0,1,0,0,0,0,1,0,0,0,1,0,0,0,0,0,0,0,0,0,0,
FP,1,0,0,1,0,0,0,1,0,0,0,0,0,0,0,0,0,0,0,0,0,0,0,0,0,
Fraction,2,0,1,1,0,0,1,1,0,0,0,0,0,0,0,0,0,0,0,0,0,0,0,0,0,
Frag,1,0,1,0,0,0,0,0,0,1,0,0,0,0,0,0,0,0,0,0,0,0,0,0,0,
Fragment,32,0,18,14,0,0,6,12,5,2,3,2,2,0,0,0,0,0,0,0,0,0,0,0,0,
Fragments,9,0,5,4,0,0,0,6,2,0,0,0,0,1,0,0,0,0,0,0,0,0,0,0,0,
Frequencies,4,0,0,4,0,0,0,1,1,0,1,1,0,0,0,0,0,0,0,0,0,0,0,0,0,
Frequency,1,0,0,1,0,0,0,1,0,0,0,0,0,0,0,0,0,0,0,0,0,0,0,0,0,
From,67,6,60,1,0,6,8,26,14,12,1,0,0,0,0,0,0,0,0,0,0,0,0,0,0,
Fs,1,0,1,0,0,0,1,0,0,0,0,0,0,0,0,0,0,0,0,0,0,0,0,0,0,
full,8,8,0,0,0,8,0,0,0,0,0,0,0,0,0,0,0,0,0,0,0,0,0,0,0,
Function,2,0,1,1,0,0,0,1,0,0,1,0,0,0,0,0,0,0,0,0,0,0,0,0,0,
G,12,0,10,2,0,0,1,1,5,2,2,1,0,0,0,0,0,0,0,0,0,0,0,0,0,
GA4,4,0,4,0,0,0,4,0,0,0,0,0,0,0,0,0,0,0,0,0,0,0,0,0,0,
gather,5,4,1,0,0,4,1,0,0,0,0,0,0,0,0,0,0,0,0,0,0,0,0,0,0,
Gathering,2,0,0,2,0,0,0,1,1,0,0,0,0,0,0,0,0,0,0,0,0,0,0,0,0,
Gc,14,2,10,2,0,2,9,1,1,1,0,0,0,0,0,0,0,0,0,0,0,0,0,0,0,
Gcs,1,0,0,1,0,0,0,1,0,0,0,0,0,0,0,0,0,0,0,0,0,0,0,0,0,
Gene,3,1,1,1,1,1,2,0,0,0,0,0,0,0,0,0,0,0,0,0,0,0,0,0,0,
generate,18,18,0,0,0,18,0,0,0,0,0,0,0,0,0,0,0,0,0,0,0,0,0,0,0,
generating,1,1,0,0,0,1,0,0,0,0,0,0,0,0,0,0,0,0,0,0,0,0,0,0,0,
Generation,1,0,0,1,0,0,0,1,0,0,0,0,0,0,0,0,0,0,0,0,0,0,0,0,0,
Generator,3,0,0,3,0,0,1,1,1,0,0,0,0,0,0,0,0,0,0,0,0,0,0,0,0,
Generous,1,0,1,0,0,0,1,0,0,0,0,0,0,0,0,0,0,0,0,0,0,0,0,0,0,
Genes,2,0,2,0,0,0,2,0,0,0,0,0,0,0,0,0,0,0,0,0,0,0,0,0,0,
Genotype,34,6,14,14,1,6,12,4,8,3,1,0,0,0,0,0,0,0,0,0,0,0,0,0,0,
Genotypes,2,0,0,2,0,0,1,1,0,0,0,0,0,0,0,0,0,0,0,0,0,0,0,0,0,
Genotyping,1,0,1,0,0,0,1,0,0,0,0,0,0,0,0,0,0,0,0,0,0,0,0,0,0,
get,685,674,10,1,4,674,5,3,2,0,1,0,0,0,0,0,0,0,0,0,0,0,0,0,0,
get3,16,16,0,0,0,16,0,0,0,0,0,0,0,0,0,0,0,0,0,0,0,0,0,0,0,
get5,16,16,0,0,0,16,0,0,0,0,0,0,0,0,0,0,0,0,0,0,0,0,0,0,0,
GH,4,0,4,0,0,0,0,4,0,0,0,0,0,0,0,0,0,0,0,0,0,0,0,0,0,
Giant,1,0,1,0,0,0,1,0,0,0,0,0,0,0,0,0,0,0,0,0,0,0,0,0,0,
Github1146,1,0,0,1,0,0,0,0,1,0,0,0,0,0,0,0,0,0,0,0,0,0,0,0,0,
Given,4,0,4,0,0,0,0,1,1,2,0,0,0,0,0,0,0,0,0,0,0,0,0,0,0,
good,1,1,0,0,0,1,0,0,0,0,0,0,0,0,0,0,0,0,0,0,0,0,0,0,0,
Gq,2,0,1,1,0,0,1,0,0,0,1,0,0,0,0,0,0,0,0,0,0,0,0,0,0,
Graph,2,1,0,1,1,1,1,0,0,0,0,0,0,0,0,0,0,0,0,0,0,0,0,0,0,
Greater,2,0,2,0,0,0,2,0,0,0,0,0,0,0,0,0,0,0,0,0,0,0,0,0,0,
grep,2,2,0,0,1,2,0,0,0,0,0,0,0,0,0,0,0,0,0,0,0,0,0,0,0,
Group,38,1,23,14,0,1,5,18,1,1,2,6,4,0,0,0,0,0,0,0,0,0,0,0,0,
Grouped,10,0,9,1,0,0,3,7,0,0,0,0,0,0,0,0,0,0,0,0,0,0,0,0,0,
Grouping,2,0,1,1,0,0,0,1,0,0,1,0,0,0,0,0,0,0,0,0,0,0,0,0,0,
Groups,8,0,7,1,0,0,0,5,1,2,0,0,0,0,0,0,0,0,0,0,0,0,0,0,0,
Gs,4,0,0,4,0,0,0,0,2,2,0,0,0,0,0,0,0,0,0,0,0,0,0,0,0,
Gvcf,2,1,0,1,0,1,0,0,1,0,0,0,0,0,0,0,0,0,0,0,0,0,0,0,0,
GZ,3,0,2,1,0,0,1,0,1,1,0,0,0,0,0,0,0,0,0,0,0,0,0,0,0,
Gzipped,2,0,0,2,0,0,1,1,0,0,0,0,0,0,0,0,0,0,0,0,0,0,0,0,0,
Half,1,0,1,0,0,0,1,0,0,0,0,0,0,0,0,0,0,0,0,0,0,0,0,0,0,
Halfmapped,1,0,1,0,0,0,0,1,0,0,0,0,0,0,0,0,0,0,0,0,0,0,0,0,0,
handle,3,3,0,0,0,3,0,0,0,0,0,0,0,0,0,0,0,0,0,0,0,0,0,0,0,
Handler,1,0,0,1,0,0,0,0,0,0,1,0,0,0,0,0,0,0,0,0,0,0,0,0,0,
Hap,1,0,1,0,0,0,0,1,0,0,0,0,0,0,0,0,0,0,0,0,0,0,0,0,0,
Haplotype,31,12,13,6,0,12,13,4,1,1,0,0,0,0,0,0,0,0,0,0,0,0,0,0,0,
Haplotypes,1,0,0,1,0,0,1,0,0,0,0,0,0,0,0,0,0,0,0,0,0,0,0,0,0,
Hard,2,0,2,0,0,0,1,0,0,0,0,0,0,0,1,0,0,0,0,0,0,0,0,0,0,
has,55,51,4,0,0,51,3,0,0,1,0,0,0,0,0,0,0,0,0,0,0,0,0,0,0,
hash,18,14,3,1,0,14,4,0,0,0,0,0,0,0,0,0,0,0,0,0,0,0,0,0,0,
Hashes,3,0,0,3,0,0,3,0,0,0,0,0,0,0,0,0,0,0,0,0,0,0,0,0,0,
Head,1,0,0,1,0,0,0,1,0,0,0,0,0,0,0,0,0,0,0,0,0,0,0,0,0,
Header,43,5,25,13,0,5,17,7,9,4,0,0,0,1,0,0,0,0,0,0,0,0,0,0,0,
Headers,8,0,2,6,0,0,2,2,2,1,0,1,0,0,0,0,0,0,0,0,0,0,0,0,0,
Help,8,0,7,1,0,0,7,0,1,0,0,0,0,0,0,0,0,0,0,0,0,0,0,0,0,
Helper,2,0,0,2,0,0,1,0,1,0,0,0,0,0,0,0,0,0,0,0,0,0,0,0,0,
Het,10,3,5,2,0,3,4,2,0,1,0,0,0,0,0,0,0,0,0,0,0,0,0,0,0,
Heterogyzous,1,0,1,0,0,0,1,0,0,0,0,0,0,0,0,0,0,0,0,0,0,0,0,0,0,
Heterozygous,1,0,0,1,0,0,1,0,0,0,0,0,0,0,0,0,0,0,0,0,0,0,0,0,0,
High,2,0,2,0,0,0,2,0,0,0,0,0,0,0,0,0,0,0,0,0,0,0,0,0,0,
Hiseqx,2,0,2,0,0,0,2,0,0,0,0,0,0,0,0,0,0,0,0,0,0,0,0,0,0,
Histogram,24,1,6,17,0,1,6,9,4,3,1,0,0,0,0,0,0,0,0,0,0,0,0,0,0,
Histograms,1,0,1,0,0,0,1,0,0,0,0,0,0,0,0,0,0,0,0,0,0,0,0,0,0,
Hit,8,1,6,1,0,1,1,2,4,0,0,0,0,0,0,0,0,0,0,0,0,0,0,0,0,
Hits,2,0,0,2,0,0,1,1,0,0,0,0,0,0,0,0,0,0,0,0,0,0,0,0,0,
Hom,3,0,2,1,0,0,1,2,0,0,0,0,0,0,0,0,0,0,0,0,0,0,0,0,0,
Homomozygous,1,0,0,1,0,0,1,0,0,0,0,0,0,0,0,0,0,0,0,0,0,0,0,0,0,
Homozygous,2,0,2,0,0,0,2,0,0,0,0,0,0,0,0,0,0,0,0,0,0,0,0,0,0,
Hs,4,1,3,0,0,1,2,1,0,0,0,0,0,0,0,0,0,0,0,0,0,0,0,0,0,
Hundred,2,0,2,0,0,0,2,0,0,0,0,0,0,0,0,0,0,0,0,0,0,0,0,0,0,
i,1,1,0,0,0,1,0,0,0,0,0,0,0,0,0,0,0,0,0,0,0,0,0,0,0,
Id,20,0,5,15,0,0,2,16,0,0,2,0,0,0,0,0,0,0,0,0,0,0,0,0,0,
Ideal,1,0,1,0,0,0,1,0,0,0,0,0,0,0,0,0,0,0,0,0,0,0,0,0,0,
Identical,3,0,1,2,0,0,3,0,0,0,0,0,0,0,0,0,0,0,0,0,0,0,0,0,0,
identify,2,1,1,0,0,1,1,0,0,0,0,0,0,0,0,0,0,0,0,0,0,0,0,0,0,
Identity,1,0,1,0,0,0,1,0,0,0,0,0,0,0,0,0,0,0,0,0,0,0,0,0,0,
Ids,3,0,2,1,0,0,0,2,1,0,0,0,0,0,0,0,0,0,0,0,0,0,0,0,0,
If,6,0,6,0,0,0,3,0,2,1,0,0,0,0,0,0,0,0,0,0,0,0,0,0,0,
ignore,6,5,1,0,0,5,1,0,0,0,0,0,0,0,0,0,0,0,0,0,0,0,0,0,0,
Ignored,1,0,1,0,0,0,1,0,0,0,0,0,0,0,0,0,0,0,0,0,0,0,0,0,0,
Illegal,1,0,1,0,0,0,1,0,0,0,0,0,0,0,0,0,0,0,0,0,0,0,0,0,0,
Illumina,32,13,19,0,0,13,11,7,1,0,0,0,0,0,0,0,0,0,0,0,0,0,0,0,0,
Impl,3,0,0,3,0,0,0,0,1,1,0,0,1,0,0,0,0,0,0,0,0,0,0,0,0,
in,41,2,39,0,0,2,3,5,15,11,0,4,0,1,0,0,0,0,0,0,0,0,0,0,0,
Inc,2,0,0,2,0,0,0,1,0,0,1,0,0,0,0,0,0,0,0,0,0,0,0,0,0,
Include,1,0,1,0,0,0,1,0,0,0,0,0,0,0,0,0,0,0,0,0,0,0,0,0,0,
Incomplete,1,0,1,0,0,0,1,0,0,0,0,0,0,0,0,0,0,0,0,0,0,0,0,0,0,
increment,5,4,0,1,2,4,0,0,1,0,0,0,0,0,0,0,0,0,0,0,0,0,0,0,0,
Indel,9,3,4,2,0,3,1,2,2,0,1,0,0,0,0,0,0,0,0,0,0,0,0,0,0,
Indels,6,0,1,5,0,0,0,1,1,2,2,0,0,0,0,0,0,0,0,0,0,0,0,0,0,
independent,1,1,0,0,0,1,0,0,0,0,0,0,0,0,0,0,0,0,0,0,0,0,0,0,0,
Index,42,4,23,15,0,4,10,8,7,4,3,1,5,0,0,0,0,0,0,0,0,0,0,0,0,
Indexed,12,1,9,2,0,1,5,4,1,1,0,0,0,0,0,0,0,0,0,0,0,0,0,0,0,
Indexes,3,0,0,3,0,0,0,1,0,1,0,0,0,0,0,0,1,0,0,0,0,0,0,0,0,
Indices,3,0,1,2,0,0,1,1,1,0,0,0,0,0,0,0,0,0,0,0,0,0,0,0,0,
Indicies,3,0,0,3,0,0,0,0,0,0,0,0,1,0,2,0,0,0,0,0,0,0,0,0,0,
Individual,3,1,2,0,0,1,1,1,0,0,0,0,0,0,0,0,0,0,0,0,0,0,0,0,0,
infer,1,1,0,0,0,1,0,0,0,0,0,0,0,0,0,0,0,0,0,0,0,0,0,0,0,
infinite,1,1,0,0,0,1,0,0,0,0,0,0,0,0,0,0,0,0,0,0,0,0,0,0,0,
Inflater,1,0,1,0,0,0,0,1,0,0,0,0,0,0,0,0,0,0,0,0,0,0,0,0,0,
Info,21,0,9,12,0,0,4,15,2,0,0,0,0,0,0,0,0,0,0,0,0,0,0,0,0,
Information,3,0,0,3,0,0,0,2,1,0,0,0,0,0,0,0,0,0,0,0,0,0,0,0,0,
init,2,2,0,0,0,2,0,0,0,0,0,0,0,0,0,0,0,0,0,0,0,0,0,0,0,
initial,1,1,0,0,0,1,0,0,0,0,0,0,0,0,0,0,0,0,0,0,0,0,0,0,0,
initialize,13,13,0,0,8,13,0,0,0,0,0,0,0,0,0,0,0,0,0,0,0,0,0,0,0,
initiate,2,2,0,0,0,2,0,0,0,0,0,0,0,0,0,0,0,0,0,0,0,0,0,0,0,
initilize,1,1,0,0,0,1,0,0,0,0,0,0,0,0,0,0,0,0,0,0,0,0,0,0,0,
Input,27,0,23,4,0,0,19,7,0,0,1,0,0,0,0,0,0,0,0,0,0,0,0,0,0,
Inputs,5,1,0,4,1,1,3,0,0,1,0,0,0,0,0,0,0,0,0,0,0,0,0,0,0,
Insert,5,2,3,0,0,2,2,1,0,0,0,0,0,0,0,0,0,0,0,0,0,0,0,0,0,
Inserts,1,0,0,1,0,0,0,1,0,0,0,0,0,0,0,0,0,0,0,0,0,0,0,0,0,
Instance,7,3,0,4,0,3,3,0,1,0,0,0,0,0,0,0,0,0,0,0,0,0,0,0,0,
Int,13,0,8,5,0,0,5,2,6,0,0,0,0,0,0,0,0,0,0,0,0,0,0,0,0,
Integer,4,1,3,0,0,1,3,0,0,0,0,0,0,0,0,0,0,0,0,0,0,0,0,0,0,
Intel,3,0,3,0,0,0,3,0,0,0,0,0,0,0,0,0,0,0,0,0,0,0,0,0,0,
Intensities,3,0,0,3,0,0,1,2,0,0,0,0,0,0,0,0,0,0,0,0,0,0,0,0,0,
Intensity,3,0,3,0,0,0,2,1,0,0,0,0,0,0,0,0,0,0,0,0,0,0,0,0,0,
Inter,1,0,1,0,0,0,0,0,0,0,0,0,0,1,0,0,0,0,0,0,0,0,0,0,0,
Interleaved,1,0,1,0,0,0,0,1,0,0,0,0,0,0,0,0,0,0,0,0,0,0,0,0,0,
Interval,35,2,30,3,0,2,19,2,10,1,0,0,0,0,0,1,0,0,0,0,0,0,0,0,0,
Intervals,17,0,4,13,0,0,4,8,1,1,1,1,1,0,0,0,0,0,0,0,0,0,0,0,0,
Intevals,1,0,1,0,0,0,0,1,0,0,0,0,0,0,0,0,0,0,0,0,0,0,0,0,0,
Into,3,0,2,1,0,0,1,1,1,0,0,0,0,0,0,0,0,0,0,0,0,0,0,0,0,
Invalid,23,14,9,0,0,14,8,1,0,0,0,0,0,0,0,0,0,0,0,0,0,0,0,0,0,
invert,3,1,1,1,0,1,0,0,1,0,1,0,0,0,0,0,0,0,0,0,0,0,0,0,0,
Io,1,0,1,0,0,0,1,0,0,0,0,0,0,0,0,0,0,0,0,0,0,0,0,0,0,
is,84,70,14,0,0,70,5,1,6,0,1,0,0,1,0,0,0,0,0,0,0,0,0,0,0,
It,5,0,2,3,0,0,5,0,0,0,0,0,0,0,0,0,0,0,0,0,0,0,0,0,0,
Item,1,0,0,1,0,0,1,0,0,0,0,0,0,0,0,0,0,0,0,0,0,0,0,0,0,
Iter,1,0,0,1,0,0,0,0,1,0,0,0,0,0,0,0,0,0,0,0,0,0,0,0,0,
Iteration,3,0,3,0,0,0,3,0,0,0,0,0,0,0,0,0,0,0,0,0,0,0,0,0,0,
Iterator,55,11,3,41,8,11,3,18,12,6,4,0,0,1,0,0,0,0,0,0,0,0,0,0,0,
iterators,4,2,1,1,2,2,1,0,0,1,0,0,0,0,0,0,0,0,0,0,0,0,0,0,0,
Jar,1,0,0,1,0,0,1,0,0,0,0,0,0,0,0,0,0,0,0,0,0,0,0,0,0,
Java,2,0,2,0,0,0,2,0,0,0,0,0,0,0,0,0,0,0,0,0,0,0,0,0,0,
Javascript,2,0,2,0,0,0,1,1,0,0,0,0,0,0,0,0,0,0,0,0,0,0,0,0,0,
join,2,2,0,0,0,2,0,0,0,0,0,0,0,0,0,0,0,0,0,0,0,0,0,0,0,
Js,1,0,1,0,0,0,0,1,0,0,0,0,0,0,0,0,0,0,0,0,0,0,0,0,0,
Jumping,1,0,1,0,0,0,0,1,0,0,0,0,0,0,0,0,0,0,0,0,0,0,0,0,0,
keep,8,2,2,4,2,2,2,0,0,2,0,2,0,0,0,0,0,0,0,0,0,0,0,0,0,
keeper,4,1,2,1,0,1,3,0,0,0,0,0,0,0,0,0,0,0,0,0,0,0,0,0,0,
Key,5,0,1,4,0,0,3,0,1,0,1,0,0,0,0,0,0,0,0,0,0,0,0,0,0,
l,7,2,5,0,0,2,0,2,3,0,0,0,0,0,0,0,0,0,0,0,0,0,0,0,0,
Labels,3,0,1,2,0,0,3,0,0,0,0,0,0,0,0,0,0,0,0,0,0,0,0,0,0,
Lane,32,4,18,10,0,4,22,1,4,1,0,0,0,0,0,0,0,0,0,0,0,0,0,0,0,
Lane1,3,0,1,2,0,0,0,0,2,1,0,0,0,0,0,0,0,0,0,0,0,0,0,0,0,
Lanes,3,0,1,2,0,0,3,0,0,0,0,0,0,0,0,0,0,0,0,0,0,0,0,0,0,
Large,5,0,5,0,0,0,2,0,3,0,0,0,0,0,0,0,0,0,0,0,0,0,0,0,0,
Larger,1,0,1,0,0,0,1,0,0,0,0,0,0,0,0,0,0,0,0,0,0,0,0,0,0,
Last,2,0,2,0,0,0,2,0,0,0,0,0,0,0,0,0,0,0,0,0,0,0,0,0,0,
Launch,1,0,1,0,0,0,1,0,0,0,0,0,0,0,0,0,0,0,0,0,0,0,0,0,0,
Leading,11,0,11,0,0,0,10,0,0,1,0,0,0,0,0,0,0,0,0,0,0,0,0,0,0,
Left,5,2,1,2,0,2,1,2,0,0,0,0,0,0,0,0,0,0,0,0,0,0,0,0,0,
Legacy,1,0,1,0,0,0,1,0,0,0,0,0,0,0,0,0,0,0,0,0,0,0,0,0,0,
length,14,3,4,7,2,3,2,3,1,1,1,2,0,1,0,0,0,0,0,0,0,0,0,0,0,
Lengths,2,0,0,2,0,0,0,1,1,0,0,0,0,0,0,0,0,0,0,0,0,0,0,0,0,
Less,1,0,1,0,0,0,1,0,0,0,0,0,0,0,0,0,0,0,0,0,0,0,0,0,0,
Level,4,0,2,2,0,0,0,1,2,1,0,0,0,0,0,0,0,0,0,0,0,0,0,0,0,
Levels,3,0,2,1,0,0,0,3,0,0,0,0,0,0,0,0,0,0,0,0,0,0,0,0,0,
li,1,1,0,0,0,1,0,0,0,0,0,0,0,0,0,0,0,0,0,0,0,0,0,0,0,
Library,29,2,23,4,0,2,16,3,6,2,0,0,0,0,0,0,0,0,0,0,0,0,0,0,0,
lift,4,2,2,0,0,2,2,0,0,0,0,0,0,0,0,0,0,0,0,0,0,0,0,0,0,
Lifted,1,0,1,0,0,0,1,0,0,0,0,0,0,0,0,0,0,0,0,0,0,0,0,0,0,
liftover,1,1,0,0,0,1,0,0,0,0,0,0,0,0,0,0,0,0,0,0,0,0,0,0,0,
Like,3,0,3,0,0,0,1,0,1,0,1,0,0,0,0,0,0,0,0,0,0,0,0,0,0,
Likelihood,2,0,0,2,0,0,0,2,0,0,0,0,0,0,0,0,0,0,0,0,0,0,0,0,0,
Likelihoods,14,0,2,12,0,0,5,6,1,2,0,0,0,0,0,0,0,0,0,0,0,0,0,0,0,
Likelihoods0,1,0,0,1,0,0,1,0,0,0,0,0,0,0,0,0,0,0,0,0,0,0,0,0,0,
Likely,4,0,4,0,0,0,0,4,0,0,0,0,0,0,0,0,0,0,0,0,0,0,0,0,0,
Limit,2,0,1,1,0,0,0,2,0,0,0,0,0,0,0,0,0,0,0,0,0,0,0,0,0,
Limited,1,0,1,0,0,0,1,0,0,0,0,0,0,0,0,0,0,0,0,0,0,0,0,0,0,
limiting,2,1,1,0,0,1,1,0,0,0,0,0,0,0,0,0,0,0,0,0,0,0,0,0,0,
Limits,1,0,0,1,0,0,0,1,0,0,0,0,0,0,0,0,0,0,0,0,0,0,0,0,0,
Line,107,0,98,9,0,0,1,97,4,4,1,0,0,0,0,0,0,0,0,0,0,0,0,0,0,
Linear,1,0,1,0,0,0,1,0,0,0,0,0,0,0,0,0,0,0,0,0,0,0,0,0,0,
Lines,7,0,0,7,0,0,4,0,2,0,1,0,0,0,0,0,0,0,0,0,0,0,0,0,0,
Link,1,0,0,1,0,0,0,1,0,0,0,0,0,0,0,0,0,0,0,0,0,0,0,0,0,
List,40,0,15,25,0,0,3,16,6,12,3,0,0,0,0,0,0,0,0,0,0,0,0,0,0,
Lists,5,0,0,5,0,0,0,2,0,1,2,0,0,0,0,0,0,0,0,0,0,0,0,0,0,
load,10,10,0,0,1,10,0,0,0,0,0,0,0,0,0,0,0,0,0,0,0,0,0,0,0,
Loc,2,1,1,0,1,1,1,0,0,0,0,0,0,0,0,0,0,0,0,0,0,0,0,0,0,
Location,10,0,6,4,0,0,7,1,1,1,0,0,0,0,0,0,0,0,0,0,0,0,0,0,0,
Locations,2,0,0,2,0,0,1,0,1,0,0,0,0,0,0,0,0,0,0,0,0,0,0,0,0,
Loci,1,0,1,0,0,0,1,0,0,0,0,0,0,0,0,0,0,0,0,0,0,0,0,0,0,
Locs,10,1,6,3,0,1,1,5,3,0,0,0,0,0,0,0,0,0,0,0,0,0,0,0,0,
Locus,5,1,3,1,0,1,3,0,1,0,0,0,0,0,0,0,0,0,0,0,0,0,0,0,0,
Lod,8,0,7,1,0,0,8,0,0,0,0,0,0,0,0,0,0,0,0,0,0,0,0,0,0,
Log,21,4,15,2,0,4,8,5,2,2,0,0,0,0,0,0,0,0,0,0,0,0,0,0,0,
log101p,1,1,0,0,1,1,0,0,0,0,0,0,0,0,0,0,0,0,0,0,0,0,0,0,0,
Logofbase,1,0,0,1,0,0,1,0,0,0,0,0,0,0,0,0,0,0,0,0,0,0,0,0,0,
Loh,1,0,1,0,0,0,1,0,0,0,0,0,0,0,0,0,0,0,0,0,0,0,0,0,0,
long,8,3,4,1,0,3,1,1,2,0,1,0,0,0,0,0,0,0,0,0,0,0,0,0,0,
lookup,1,1,0,0,0,1,0,0,0,0,0,0,0,0,0,0,0,0,0,0,0,0,0,0,0,
Loop,1,0,1,0,0,0,1,0,0,0,0,0,0,0,0,0,0,0,0,0,0,0,0,0,0,
Lossof,1,0,1,0,0,0,1,0,0,0,0,0,0,0,0,0,0,0,0,0,0,0,0,0,0,
low,2,2,0,0,0,2,0,0,0,0,0,0,0,0,0,0,0,0,0,0,0,0,0,0,0,
Ls,4,0,2,2,0,0,0,0,2,0,0,1,1,0,0,0,0,0,0,0,0,0,0,0,0,
lt,2,1,1,0,0,1,0,0,1,0,0,0,0,0,0,0,0,0,0,0,0,0,0,0,0,
M,9,1,8,0,0,1,5,1,1,1,0,0,0,0,0,0,0,0,0,0,0,0,0,0,0,
M4,1,0,1,0,0,0,0,0,1,0,0,0,0,0,0,0,0,0,0,0,0,0,0,0,0,
Maf,2,0,0,2,0,0,2,0,0,0,0,0,0,0,0,0,0,0,0,0,0,0,0,0,0,
main,75,72,1,2,72,72,3,0,0,0,0,0,0,0,0,0,0,0,0,0,0,0,0,0,0,
make,88,88,0,0,1,88,0,0,0,0,0,0,0,0,0,0,0,0,0,0,0,0,0,0,0,
Manager,1,0,0,1,0,0,1,0,0,0,0,0,0,0,0,0,0,0,0,0,0,0,0,0,0,
Many,5,0,5,0,0,0,1,2,0,1,0,0,0,0,0,1,0,0,0,0,0,0,0,0,0,
Map,51,0,24,27,0,0,7,17,13,6,0,1,3,3,1,0,0,0,0,0,0,0,0,0,0,
Mapped,58,0,56,2,0,0,16,25,4,5,3,2,0,3,0,0,0,0,0,0,0,0,0,0,0,
Mapping,7,0,4,3,0,0,2,2,1,0,1,1,0,0,0,0,0,0,0,0,0,0,0,0,0,
Mappings,2,0,2,0,0,0,2,0,0,0,0,0,0,0,0,0,0,0,0,0,0,0,0,0,0,
Mapq,3,0,3,0,0,0,0,0,2,0,1,0,0,0,0,0,0,0,0,0,0,0,0,0,0,
Maps,5,0,2,3,0,0,0,1,2,2,0,0,0,0,0,0,0,0,0,0,0,0,0,0,0,
Mark,21,11,10,0,0,11,2,4,2,1,1,0,0,0,0,0,0,0,0,0,0,0,0,0,0,
Marker,1,0,0,1,0,0,1,0,0,0,0,0,0,0,0,0,0,0,0,0,0,0,0,0,0,
Masked,2,0,2,0,0,0,2,0,0,0,0,0,0,0,0,0,0,0,0,0,0,0,0,0,0,
Match,18,1,13,4,0,1,6,2,5,2,0,0,1,1,0,0,0,0,0,0,0,0,0,0,0,
Matched,3,0,2,1,0,0,3,0,0,0,0,0,0,0,0,0,0,0,0,0,0,0,0,0,0,
matches,5,2,2,1,1,2,1,1,1,0,0,0,0,0,0,0,0,0,0,0,0,0,0,0,0,
Matching,3,0,2,1,0,0,1,1,0,0,1,0,0,0,0,0,0,0,0,0,0,0,0,0,0,
Mate,30,0,28,2,0,0,5,5,4,8,2,1,3,0,0,0,0,2,0,0,0,0,0,0,0,
Maternal,1,0,1,0,0,0,1,0,0,0,0,0,0,0,0,0,0,0,0,0,0,0,0,0,0,
Mates,3,0,1,2,0,0,0,1,0,1,1,0,0,0,0,0,0,0,0,0,0,0,0,0,0,
Math,2,0,1,1,0,0,2,0,0,0,0,0,0,0,0,0,0,0,0,0,0,0,0,0,0,
Matrix,4,0,1,3,0,0,3,1,0,0,0,0,0,0,0,0,0,0,0,0,0,0,0,0,0,
Max,14,1,12,1,1,1,8,1,2,1,0,1,0,0,0,0,0,0,0,0,0,0,0,0,0,
maybe,4,3,1,0,0,3,1,0,0,0,0,0,0,0,0,0,0,0,0,0,0,0,0,0,0,
MC,1,0,1,0,0,0,0,1,0,0,0,0,0,0,0,0,0,0,0,0,0,0,0,0,0,
Md,5,0,5,0,0,0,0,3,1,0,0,0,0,0,1,0,0,0,0,0,0,0,0,0,0,
md5,1,1,0,0,0,1,0,0,0,0,0,0,0,0,0,0,0,0,0,0,0,0,0,0,0,
Mean,2,1,1,0,1,1,1,0,0,0,0,0,0,0,0,0,0,0,0,0,0,0,0,0,0,
Medelian,1,0,1,0,0,0,0,1,0,0,0,0,0,0,0,0,0,0,0,0,0,0,0,0,0,
Median,4,2,2,0,2,2,2,0,0,0,0,0,0,0,0,0,0,0,0,0,0,0,0,0,0,
Megabase,2,0,2,0,0,0,0,2,0,0,0,0,0,0,0,0,0,0,0,0,0,0,0,0,0,
Members,2,0,1,1,0,0,0,0,0,2,0,0,0,0,0,0,0,0,0,0,0,0,0,0,0,
Memory,2,0,2,0,0,0,2,0,0,0,0,0,0,0,0,0,0,0,0,0,0,0,0,0,0,
Mendelian,4,3,1,0,0,3,1,0,0,0,0,0,0,0,0,0,0,0,0,0,0,0,0,0,0,
merge,35,21,9,5,14,21,11,1,2,0,0,0,0,0,0,0,0,0,0,0,0,0,0,0,0,
Merged,2,0,1,1,0,0,0,0,1,0,1,0,0,0,0,0,0,0,0,0,0,0,0,0,0,
Merger,6,0,2,4,0,0,3,2,0,0,1,0,0,0,0,0,0,0,0,0,0,0,0,0,0,
Merging,11,0,10,1,0,0,10,0,1,0,0,0,0,0,0,0,0,0,0,0,0,0,0,0,0,
Message,2,0,0,2,0,0,2,0,0,0,0,0,0,0,0,0,0,0,0,0,0,0,0,0,0,
Meta,1,0,1,0,0,0,1,0,0,0,0,0,0,0,0,0,0,0,0,0,0,0,0,0,0,
Method,4,0,3,1,0,0,3,0,0,0,1,0,0,0,0,0,0,0,0,0,0,0,0,0,0,
Metric,18,0,11,7,0,0,11,4,2,0,0,1,0,0,0,0,0,0,0,0,0,0,0,0,0,
Metrics,142,1,74,67,1,1,45,55,23,15,2,1,0,0,0,0,0,0,0,0,0,0,0,0,0,
Million,1,0,0,1,0,0,0,0,0,0,0,0,0,0,1,0,0,0,0,0,0,0,0,0,0,
min,10,2,7,1,1,2,4,3,0,1,0,0,0,0,0,0,0,0,0,0,0,0,0,0,0,
Minimum,9,0,9,0,0,0,3,1,0,3,0,0,2,0,0,0,0,0,0,0,0,0,0,0,0,
Mismatches,1,0,0,1,0,0,1,0,0,0,0,0,0,0,0,0,0,0,0,0,0,0,0,0,0,
Missing,27,7,19,1,0,7,14,0,2,2,0,1,1,0,0,0,0,0,0,0,0,0,0,0,0,
Mixed,1,0,1,0,0,0,0,1,0,0,0,0,0,0,0,0,0,0,0,0,0,0,0,0,0,
mk,1,1,0,0,0,1,0,0,0,0,0,0,0,0,0,0,0,0,0,0,0,0,0,0,0,
Mock,4,4,0,0,0,4,0,0,0,0,0,0,0,0,0,0,0,0,0,0,0,0,0,0,0,
Mode,1,0,0,1,0,0,0,1,0,0,0,0,0,0,0,0,0,0,0,0,0,0,0,0,0,
Moleclar,1,0,1,0,0,0,0,0,0,0,1,0,0,0,0,0,0,0,0,0,0,0,0,0,0,
Molecular,13,0,13,0,0,0,2,0,1,1,0,6,0,2,0,1,0,0,0,0,0,0,0,0,0,
More,1,0,1,0,0,0,1,0,0,0,0,0,0,0,0,0,0,0,0,0,0,0,0,0,0,
Most,10,1,9,0,0,1,6,2,1,0,0,0,0,0,0,0,0,0,0,0,0,0,0,0,0,
move,1,1,0,0,0,1,0,0,0,0,0,0,0,0,0,0,0,0,0,0,0,0,0,0,0,
Mq,1,0,1,0,0,0,0,1,0,0,0,0,0,0,0,0,0,0,0,0,0,0,0,0,0,
Ms,4,0,0,4,0,0,0,0,2,2,0,0,0,0,0,0,0,0,0,0,0,0,0,0,0,
Msg,4,0,0,4,0,0,0,4,0,0,0,0,0,0,0,0,0,0,0,0,0,0,0,0,0,
MT,1,0,1,0,0,0,1,0,0,0,0,0,0,0,0,0,0,0,0,0,0,0,0,0,0,
Multi,31,18,13,0,0,18,6,5,1,0,1,0,0,0,0,0,0,0,0,0,0,0,0,0,0,
multilevel,1,1,0,0,0,1,0,0,0,0,0,0,0,0,0,0,0,0,0,0,0,0,0,0,0,
Multiple,8,1,7,0,0,1,2,0,4,1,0,0,0,0,0,0,0,0,0,0,0,0,0,0,0,
Multiplex,2,0,2,0,0,0,1,0,1,0,0,0,0,0,0,0,0,0,0,0,0,0,0,0,0,
Multiplexed,7,0,5,2,0,0,4,3,0,0,0,0,0,0,0,0,0,0,0,0,0,0,0,0,0,
multiply,1,1,0,0,1,1,0,0,0,0,0,0,0,0,0,0,0,0,0,0,0,0,0,0,0,
multithreading,1,1,0,0,0,1,0,0,0,0,0,0,0,0,0,0,0,0,0,0,0,0,0,0,0,
Mutex,1,0,1,0,0,0,1,0,0,0,0,0,0,0,0,0,0,0,0,0,0,0,0,0,0,
Mv,1,0,0,1,0,0,1,0,0,0,0,0,0,0,0,0,0,0,0,0,0,0,0,0,0,
N,5,0,2,3,0,0,1,0,2,1,0,0,0,0,1,0,0,0,0,0,0,0,0,0,0,
Name,109,0,19,90,0,0,19,23,11,49,5,2,0,0,0,0,0,0,0,0,0,0,0,0,0,
Named,2,0,2,0,0,0,0,0,0,0,0,0,0,0,2,0,0,0,0,0,0,0,0,0,0,
Names,9,0,1,8,0,0,1,7,0,1,0,0,0,0,0,0,0,0,0,0,0,0,0,0,0,
Near,2,0,2,0,0,0,2,0,0,0,0,0,0,0,0,0,0,0,0,0,0,0,0,0,0,
needs,1,1,0,0,0,1,0,0,0,0,0,0,0,0,0,0,0,0,0,0,0,0,0,0,0,
Negative,8,3,5,0,0,3,2,0,0,2,0,1,0,0,0,0,0,0,0,0,0,0,0,0,0,
Neighbor,1,0,0,1,0,0,1,0,0,0,0,0,0,0,0,0,0,0,0,0,0,0,0,0,0,
new,17,12,5,0,0,12,4,0,1,0,0,0,0,0,0,0,0,0,0,0,0,0,0,0,0,
Newlines,1,0,0,1,0,0,0,1,0,0,0,0,0,0,0,0,0,0,0,0,0,0,0,0,0,
Next,96,41,14,41,36,41,51,0,3,0,1,0,0,0,0,0,0,0,0,0,0,0,0,0,0,
Nibbles,1,0,1,0,0,0,1,0,0,0,0,0,0,0,0,0,0,0,0,0,0,0,0,0,0,
Nm,3,0,3,0,0,0,2,1,0,0,0,0,0,0,0,0,0,0,0,0,0,0,0,0,0,
No,50,4,46,0,0,4,27,2,7,2,1,3,1,1,0,0,2,0,0,0,0,0,0,0,0,
No10,1,0,1,0,0,0,0,1,0,0,0,0,0,0,0,0,0,0,0,0,0,0,0,0,0,
Node,2,0,0,2,0,0,1,1,0,0,0,0,0,0,0,0,0,0,0,0,0,0,0,0,0,
Nodes,1,0,0,1,0,0,1,0,0,0,0,0,0,0,0,0,0,0,0,0,0,0,0,0,0,
Noise,3,0,1,2,0,0,3,0,0,0,0,0,0,0,0,0,0,0,0,0,0,0,0,0,0,
Non,34,4,30,0,0,4,22,2,4,0,1,0,0,0,1,0,0,0,0,0,0,0,0,0,0,
none,1,1,0,0,0,1,0,0,0,0,0,0,0,0,0,0,0,0,0,0,0,0,0,0,0,
Norm,1,0,1,0,0,0,0,1,0,0,0,0,0,0,0,0,0,0,0,0,0,0,0,0,0,
Normal,3,0,2,1,0,0,0,0,1,1,1,0,0,0,0,0,0,0,0,0,0,0,0,0,0,
normalize,6,2,4,0,0,2,4,0,0,0,0,0,0,0,0,0,0,0,0,0,0,0,0,0,0,
Normally,1,0,0,1,0,0,1,0,0,0,0,0,0,0,0,0,0,0,0,0,0,0,0,0,0,
Not,12,1,10,1,0,1,0,3,3,4,1,0,0,0,0,0,0,0,0,0,0,0,0,0,0,
Nova,2,0,2,0,0,0,0,0,0,2,0,0,0,0,0,0,0,0,0,0,0,0,0,0,0,
Novaseq,1,0,1,0,0,0,1,0,0,0,0,0,0,0,0,0,0,0,0,0,0,0,0,0,0,
Ns,1,0,0,1,0,0,0,0,0,1,0,0,0,0,0,0,0,0,0,0,0,0,0,0,0,
NT,1,0,0,1,0,0,0,1,0,0,0,0,0,0,0,0,0,0,0,0,0,0,0,0,0,
Null,7,0,0,7,0,0,1,2,1,2,1,0,0,0,0,0,0,0,0,0,0,0,0,0,0,
Nullable,1,0,0,1,0,0,0,0,1,0,0,0,0,0,0,0,0,0,0,0,0,0,0,0,0,
Num,21,3,17,1,0,3,17,1,0,0,0,0,0,0,0,0,0,0,0,0,0,0,0,0,0,
Number,16,0,7,9,0,0,5,6,3,1,0,0,1,0,0,0,0,0,0,0,0,0,0,0,0,
Object,1,0,1,0,0,0,1,0,0,0,0,0,0,0,0,0,0,0,0,0,0,0,0,0,0,
Obs,10,0,6,4,0,0,6,3,0,1,0,0,0,0,0,0,0,0,0,0,0,0,0,0,0,
Observation,2,0,1,1,0,0,0,2,0,0,0,0,0,0,0,0,0,0,0,0,0,0,0,0,0,
Observations,1,0,1,0,0,0,0,0,1,0,0,0,0,0,0,0,0,0,0,0,0,0,0,0,0,
Of,59,1,52,6,0,1,5,30,9,0,0,7,3,4,0,0,0,0,0,0,0,0,0,0,0,
Off,2,0,2,0,0,0,0,0,0,0,2,0,0,0,0,0,0,0,0,0,0,0,0,0,0,
Offset,3,0,1,2,0,0,2,0,1,0,0,0,0,0,0,0,0,0,0,0,0,0,0,0,0,
ok,17,6,5,6,0,6,5,2,2,1,0,0,0,0,1,0,0,0,0,0,0,0,0,0,0,
Old,1,0,1,0,0,0,1,0,0,0,0,0,0,0,0,0,0,0,0,0,0,0,0,0,0,
on,18,2,16,0,0,2,0,8,4,0,3,1,0,0,0,0,0,0,0,0,0,0,0,0,0,
Once,1,0,0,1,0,0,0,0,0,0,0,0,0,1,0,0,0,0,0,0,0,0,0,0,0,
One,15,0,12,3,0,0,4,3,1,1,3,1,0,1,1,0,0,0,0,0,0,0,0,0,0,
Ones,1,0,1,0,0,0,0,0,0,0,0,0,1,0,0,0,0,0,0,0,0,0,0,0,0,
Only,8,1,4,3,0,1,0,2,0,0,0,0,1,0,0,4,0,0,0,0,0,0,0,0,0,
Op,1,0,0,1,0,0,0,0,0,0,0,0,0,0,1,0,0,0,0,0,0,0,0,0,0,
open,4,3,0,1,1,3,1,0,0,0,0,0,0,0,0,0,0,0,0,0,0,0,0,0,0,
Opposite,6,0,6,0,0,0,0,0,0,3,2,0,1,0,0,0,0,0,0,0,0,0,0,0,0,
Optical,23,1,22,0,0,1,14,2,1,0,1,0,3,1,0,0,0,0,0,0,0,0,0,0,0,
Option,2,0,0,2,0,0,0,1,1,0,0,0,0,0,0,0,0,0,0,0,0,0,0,0,0,
Options,2,0,0,2,0,0,2,0,0,0,0,0,0,0,0,0,0,0,0,0,0,0,0,0,0,
Or,20,0,20,0,0,0,9,5,0,3,2,0,0,0,1,0,0,0,0,0,0,0,0,0,0,
Order,24,0,3,21,0,0,2,2,2,0,9,8,0,1,0,0,0,0,0,0,0,0,0,0,0,
Ordered,2,0,2,0,0,0,1,0,0,1,0,0,0,0,0,0,0,0,0,0,0,0,0,0,0,
Ordering,3,0,2,1,0,0,1,1,0,0,1,0,0,0,0,0,0,0,0,0,0,0,0,0,0,
Ordinal,2,0,1,1,0,0,0,0,1,1,0,0,0,0,0,0,0,0,0,0,0,0,0,0,0,
Orientation,2,0,1,1,0,0,1,1,0,0,0,0,0,0,0,0,0,0,0,0,0,0,0,0,0,
Orientations,4,0,2,2,0,0,0,2,0,0,0,2,0,0,0,0,0,0,0,0,0,0,0,0,0,
Original,7,0,7,0,0,0,1,1,1,3,0,0,1,0,0,0,0,0,0,0,0,0,0,0,0,
Other,3,0,1,2,0,0,0,0,0,0,1,0,0,0,2,0,0,0,0,0,0,0,0,0,0,
Out,18,0,9,9,0,0,7,6,2,0,2,0,1,0,0,0,0,0,0,0,0,0,0,0,0,
Outie,1,0,1,0,0,0,1,0,0,0,0,0,0,0,0,0,0,0,0,0,0,0,0,0,0,
Output,66,5,52,9,0,5,30,16,8,4,1,1,0,0,1,0,0,0,0,0,0,0,0,0,0,
Outputs,2,0,0,2,0,0,0,0,1,1,0,0,0,0,0,0,0,0,0,0,0,0,0,0,0,
Over,3,0,3,0,0,0,0,3,0,0,0,0,0,0,0,0,0,0,0,0,0,0,0,0,0,
Overflow,2,0,0,2,0,0,0,0,0,2,0,0,0,0,0,0,0,0,0,0,0,0,0,0,0,
Overlap,6,0,3,3,0,0,2,2,0,2,0,0,0,0,0,0,0,0,0,0,0,0,0,0,0,
Overlapped,5,0,5,0,0,0,3,1,0,0,0,1,0,0,0,0,0,0,0,0,0,0,0,0,0,
Overlapping,6,0,6,0,0,0,0,5,0,0,0,0,1,0,0,0,0,0,0,0,0,0,0,0,0,
overlaps,2,1,0,1,0,1,0,1,0,0,0,0,0,0,0,0,0,0,0,0,0,0,0,0,0,
Override,1,0,0,1,0,0,0,0,1,0,0,0,0,0,0,0,0,0,0,0,0,0,0,0,0,
Overrides,1,0,0,1,0,0,0,1,0,0,0,0,0,0,0,0,0,0,0,0,0,0,0,0,0,
overwrite,2,2,0,0,0,2,0,0,0,0,0,0,0,0,0,0,0,0,0,0,0,0,0,0,0,
Oxo,5,0,5,0,0,0,1,4,0,0,0,0,0,0,0,0,0,0,0,0,0,0,0,0,0,
p,5,3,2,0,0,3,0,2,0,0,0,0,0,0,0,0,0,0,0,0,0,0,0,0,0,
Pa,1,0,1,0,0,0,0,1,0,0,0,0,0,0,0,0,0,0,0,0,0,0,0,0,0,
Package,1,0,1,0,0,0,1,0,0,0,0,0,0,0,0,0,0,0,0,0,0,0,0,0,0,
Pair,69,0,44,25,0,0,9,22,13,10,6,0,2,3,4,0,0,0,0,0,0,0,0,0,0,
Paired,29,2,22,5,0,2,20,3,2,2,0,0,0,0,0,0,0,0,0,0,0,0,0,0,0,
Pairs,24,0,17,7,0,0,0,2,18,0,0,0,1,0,3,0,0,0,0,0,0,0,0,0,0,
Panels,2,0,0,2,0,0,1,1,0,0,0,0,0,0,0,0,0,0,0,0,0,0,0,0,0,
Parameterized,1,1,0,0,0,1,0,0,0,0,0,0,0,0,0,0,0,0,0,0,0,0,0,0,0,
Parameters,4,0,2,2,0,0,2,0,1,1,0,0,0,0,0,0,0,0,0,0,0,0,0,0,0,
Params,16,0,12,4,0,0,2,3,9,2,0,0,0,0,0,0,0,0,0,0,0,0,0,0,0,
Parents,1,0,0,1,0,0,0,1,0,0,0,0,0,0,0,0,0,0,0,0,0,0,0,0,0,
parse,11,5,6,0,0,5,4,2,0,0,0,0,0,0,0,0,0,0,0,0,0,0,0,0,0,
Parser,44,0,13,31,0,0,9,15,15,2,1,1,0,1,0,0,0,0,0,0,0,0,0,0,0,
Parsing,13,2,8,3,0,2,6,1,4,0,0,0,0,0,0,0,0,0,0,0,0,0,0,0,0,
Part,2,0,1,1,0,0,1,1,0,0,0,0,0,0,0,0,0,0,0,0,0,0,0,0,0,
Partially,1,0,1,0,0,0,0,0,0,0,1,0,0,0,0,0,0,0,0,0,0,0,0,0,0,
partition,2,2,0,0,0,2,0,0,0,0,0,0,0,0,0,0,0,0,0,0,0,0,0,0,0,
pass,2,2,0,0,0,2,0,0,0,0,0,0,0,0,0,0,0,0,0,0,0,0,0,0,0,
passes,1,1,0,0,0,1,0,0,0,0,0,0,0,0,0,0,0,0,0,0,0,0,0,0,0,
Passing,9,5,4,0,0,5,1,1,2,0,0,0,0,0,0,0,0,0,0,0,0,0,0,0,0,
Past,1,0,1,0,0,0,1,0,0,0,0,0,0,0,0,0,0,0,0,0,0,0,0,0,0,
patch,1,1,0,0,0,1,0,0,0,0,0,0,0,0,0,0,0,0,0,0,0,0,0,0,0,
Paternal,1,0,1,0,0,0,1,0,0,0,0,0,0,0,0,0,0,0,0,0,0,0,0,0,0,
Path,2,0,1,1,0,0,1,0,0,0,0,1,0,0,0,0,0,0,0,0,0,0,0,0,0,
Pathological,1,0,1,0,0,0,1,0,0,0,0,0,0,0,0,0,0,0,0,0,0,0,0,0,0,
Paths,5,0,3,2,0,0,1,3,1,0,0,0,0,0,0,0,0,0,0,0,0,0,0,0,0,
Pcr,1,0,1,0,0,0,1,0,0,0,0,0,0,0,0,0,0,0,0,0,0,0,0,0,0,
Ped,2,2,0,0,0,2,0,0,0,0,0,0,0,0,0,0,0,0,0,0,0,0,0,0,0,
peek,1,1,0,0,1,1,0,0,0,0,0,0,0,0,0,0,0,0,0,0,0,0,0,0,0,
Penalty,1,0,0,1,0,0,0,1,0,0,0,0,0,0,0,0,0,0,0,0,0,0,0,0,0,
Per,53,17,36,0,0,17,11,8,6,2,9,0,0,0,0,0,0,0,0,0,0,0,0,0,0,
percentage,2,1,0,1,0,1,0,0,0,0,1,0,0,0,0,0,0,0,0,0,0,0,0,0,0,
performance,1,1,0,0,0,1,0,0,0,0,0,0,0,0,0,0,0,0,0,0,0,0,0,0,0,
Periods,1,0,0,1,0,0,1,0,0,0,0,0,0,0,0,0,0,0,0,0,0,0,0,0,0,
permissive,3,1,2,0,0,1,2,0,0,0,0,0,0,0,0,0,0,0,0,0,0,0,0,0,0,
Pf,8,0,2,6,0,0,5,2,1,0,0,0,0,0,0,0,0,0,0,0,0,0,0,0,0,
Pg,6,2,4,0,0,2,1,3,0,0,0,0,0,0,0,0,0,0,0,0,0,0,0,0,0,
Phasing,19,0,18,1,0,0,11,6,2,0,0,0,0,0,0,0,0,0,0,0,0,0,0,0,0,
Phenotype,1,0,0,1,0,0,1,0,0,0,0,0,0,0,0,0,0,0,0,0,0,0,0,0,0,
Phred,2,0,2,0,0,0,1,0,0,0,1,0,0,0,0,0,0,0,0,0,0,0,0,0,0,
Phreds,2,0,1,1,0,0,0,0,0,1,0,1,0,0,0,0,0,0,0,0,0,0,0,0,0,
Physical,1,1,0,0,0,1,0,0,0,0,0,0,0,0,0,0,0,0,0,0,0,0,0,0,0,
Picard,8,2,6,0,0,2,4,0,1,1,0,0,0,0,0,0,0,0,0,0,0,0,0,0,0,
Pick,7,6,1,0,0,6,0,0,1,0,0,0,0,0,0,0,0,0,0,0,0,0,0,0,0,
Pixel,2,0,2,0,0,0,0,0,0,0,0,0,0,0,0,2,0,0,0,0,0,0,0,0,0,
PL,2,0,2,0,0,0,2,0,0,0,0,0,0,0,0,0,0,0,0,0,0,0,0,0,0,
Place,1,0,0,1,0,0,0,0,0,0,1,0,0,0,0,0,0,0,0,0,0,0,0,0,0,
Platform,2,0,2,0,0,0,2,0,0,0,0,0,0,0,0,0,0,0,0,0,0,0,0,0,0,
Pn,1,0,1,0,0,0,1,0,0,0,0,0,0,0,0,0,0,0,0,0,0,0,0,0,0,
poll,1,1,0,0,1,1,0,0,0,0,0,0,0,0,0,0,0,0,0,0,0,0,0,0,0,
Polling,1,0,1,0,0,0,1,0,0,0,0,0,0,0,0,0,0,0,0,0,0,0,0,0,0,
Pool,3,0,3,0,0,0,2,1,0,0,0,0,0,0,0,0,0,0,0,0,0,0,0,0,0,
Poor,3,0,3,0,0,0,3,0,0,0,0,0,0,0,0,0,0,0,0,0,0,0,0,0,0,
populate,4,3,1,0,0,3,1,0,0,0,0,0,0,0,0,0,0,0,0,0,0,0,0,0,0,
Population,1,0,1,0,0,0,1,0,0,0,0,0,0,0,0,0,0,0,0,0,0,0,0,0,0,
Pos,7,3,3,1,0,3,2,2,0,0,0,0,0,0,0,0,0,0,0,0,0,0,0,0,0,
Position,23,1,14,8,0,1,5,2,1,1,5,5,2,1,0,0,0,0,0,0,0,0,0,0,0,
Positional,1,0,1,0,0,0,1,0,0,0,0,0,0,0,0,0,0,0,0,0,0,0,0,0,0,
Positions,5,0,1,4,0,0,2,1,0,0,2,0,0,0,0,0,0,0,0,0,0,0,0,0,0,
Positive,6,2,4,0,0,2,4,0,0,0,0,0,0,0,0,0,0,0,0,0,0,0,0,0,0,
Posix,1,0,1,0,0,0,0,0,0,1,0,0,0,0,0,0,0,0,0,0,0,0,0,0,0,
Posterior,4,0,3,1,0,0,3,0,1,0,0,0,0,0,0,0,0,0,0,0,0,0,0,0,0,
Posterior0,1,0,0,1,0,0,0,0,1,0,0,0,0,0,0,0,0,0,0,0,0,0,0,0,0,
Postitive,1,0,1,0,0,0,1,0,0,0,0,0,0,0,0,0,0,0,0,0,0,0,0,0,0,
Ppv,1,1,0,0,1,1,0,0,0,0,0,0,0,0,0,0,0,0,0,0,0,0,0,0,0,
Pre,5,0,5,0,0,0,4,1,0,0,0,0,0,0,0,0,0,0,0,0,0,0,0,0,0,
Preamble,1,0,0,1,0,0,0,0,1,0,0,0,0,0,0,0,0,0,0,0,0,0,0,0,0,
Predicate,2,1,0,1,0,1,0,0,1,0,0,0,0,0,0,0,0,0,0,0,0,0,0,0,0,
Preferred,2,0,2,0,0,0,2,0,0,0,0,0,0,0,0,0,0,0,0,0,0,0,0,0,0,
Prefix,2,0,0,2,0,0,0,0,2,0,0,0,0,0,0,0,0,0,0,0,0,0,0,0,0,
prepare,4,4,0,0,0,4,0,0,0,0,0,0,0,0,0,0,0,0,0,0,0,0,0,0,0,
Presorted,2,0,1,1,0,0,2,0,0,0,0,0,0,0,0,0,0,0,0,0,0,0,0,0,0,
Primary,11,1,7,3,0,1,6,1,1,1,0,0,0,0,0,1,0,0,0,0,0,0,0,0,0,
Prime,34,0,34,0,0,0,32,0,2,0,0,0,0,0,0,0,0,0,0,0,0,0,0,0,0,
print,7,5,1,1,0,5,1,1,0,0,0,0,0,0,0,0,0,0,0,0,0,0,0,0,0,
Printable,1,0,1,0,0,0,1,0,0,0,0,0,0,0,0,0,0,0,0,0,0,0,0,0,0,
Prior,3,0,3,0,0,0,1,0,1,1,0,0,0,0,0,0,0,0,0,0,0,0,0,0,0,
Priority,2,1,0,1,0,1,1,0,0,0,0,0,0,0,0,0,0,0,0,0,0,0,0,0,0,
Probabilities,13,0,10,3,0,0,6,4,3,0,0,0,0,0,0,0,0,0,0,0,0,0,0,0,0,
Probabilities0,1,0,0,1,0,0,0,1,0,0,0,0,0,0,0,0,0,0,0,0,0,0,0,0,0,
Probability,6,0,4,2,0,0,1,1,4,0,0,0,0,0,0,0,0,0,0,0,0,0,0,0,0,
Probable,2,0,2,0,0,0,0,0,2,0,0,0,0,0,0,0,0,0,0,0,0,0,0,0,0,
Probablities,1,0,0,1,0,0,0,1,0,0,0,0,0,0,0,0,0,0,0,0,0,0,0,0,0,
Probe,7,0,7,0,0,0,5,2,0,0,0,0,0,0,0,0,0,0,0,0,0,0,0,0,0,
Probs,8,0,0,8,0,0,0,2,1,0,0,0,1,3,1,0,0,0,0,0,0,0,0,0,0,
process,9,7,2,0,3,7,1,1,0,0,0,0,0,0,0,0,0,0,0,0,0,0,0,0,0,
Processed,2,0,1,1,0,0,1,1,0,0,0,0,0,0,0,0,0,0,0,0,0,0,0,0,0,
Processing,3,0,1,2,0,0,0,3,0,0,0,0,0,0,0,0,0,0,0,0,0,0,0,0,0,
Processor,4,0,1,3,0,0,2,1,1,0,0,0,0,0,0,0,0,0,0,0,0,0,0,0,0,
Producer,1,0,1,0,0,0,0,0,1,0,0,0,0,0,0,0,0,0,0,0,0,0,0,0,0,
product,1,1,0,0,1,1,0,0,0,0,0,0,0,0,0,0,0,0,0,0,0,0,0,0,0,
Program,65,0,54,11,0,0,17,0,47,0,1,0,0,0,0,0,0,0,0,0,0,0,0,0,0,
Programs,4,0,2,2,0,0,1,0,0,2,1,0,0,0,0,0,0,0,0,0,0,0,0,0,0,
promote,2,2,0,0,1,2,0,0,0,0,0,0,0,0,0,0,0,0,0,0,0,0,0,0,0,
Proper,3,0,3,0,0,0,1,0,2,0,0,0,0,0,0,0,0,0,0,0,0,0,0,0,0,
Properly,1,0,0,1,0,0,0,0,0,0,1,0,0,0,0,0,0,0,0,0,0,0,0,0,0,
Properties,1,0,1,0,0,0,1,0,0,0,0,0,0,0,0,0,0,0,0,0,0,0,0,0,0,
Property,6,0,0,6,0,0,0,5,1,0,0,0,0,0,0,0,0,0,0,0,0,0,0,0,0,
proportions,2,1,1,0,0,1,1,0,0,0,0,0,0,0,0,0,0,0,0,0,0,0,0,0,0,
Provider,55,0,5,50,0,0,0,6,17,8,17,3,1,1,2,0,0,0,0,0,0,0,0,0,0,
Providers,2,0,1,1,0,0,0,1,1,0,0,0,0,0,0,0,0,0,0,0,0,0,0,0,0,
Providerswith,1,0,1,0,0,0,0,1,0,0,0,0,0,0,0,0,0,0,0,0,0,0,0,0,0,
Pseudo,1,0,1,0,0,0,0,1,0,0,0,0,0,0,0,0,0,0,0,0,0,0,0,0,0,
PU,1,0,1,0,0,0,1,0,0,0,0,0,0,0,0,0,0,0,0,0,0,0,0,0,0,
Public,1,0,0,1,0,0,0,1,0,0,0,0,0,0,0,0,0,0,0,0,0,0,0,0,0,
put,2,2,0,0,2,2,0,0,0,0,0,0,0,0,0,0,0,0,0,0,0,0,0,0,0,
Q,5,0,5,0,0,0,0,3,1,1,0,0,0,0,0,0,0,0,0,0,0,0,0,0,0,
Qc,1,0,1,0,0,0,0,0,1,0,0,0,0,0,0,0,0,0,0,0,0,0,0,0,0,
Qd,1,1,0,0,0,1,0,0,0,0,0,0,0,0,0,0,0,0,0,0,0,0,0,0,0,
Qual,1,0,1,0,0,0,1,0,0,0,0,0,0,0,0,0,0,0,0,0,0,0,0,0,0,
Qualities,6,0,1,5,0,0,3,1,1,0,0,1,0,0,0,0,0,0,0,0,0,0,0,0,0,
Quality,33,1,23,9,0,1,11,11,5,3,1,1,0,0,0,0,0,0,0,0,0,0,0,0,0,
Quals,6,3,0,3,0,3,0,1,2,0,0,0,0,0,0,0,0,0,0,0,0,0,0,0,0,
Queriable,1,0,1,0,0,0,0,0,1,0,0,0,0,0,0,0,0,0,0,0,0,0,0,0,0,
Query,6,3,3,0,0,3,3,0,0,0,0,0,0,0,0,0,0,0,0,0,0,0,0,0,0,
queryable,2,1,0,1,0,1,1,0,0,0,0,0,0,0,0,0,0,0,0,0,0,0,0,0,0,
Queryname,2,0,2,0,0,0,1,1,0,0,0,0,0,0,0,0,0,0,0,0,0,0,0,0,0,
Queue,5,1,2,2,0,1,1,0,2,0,1,0,0,0,0,0,0,0,0,0,0,0,0,0,0,
quick,1,1,0,0,0,1,0,0,0,0,0,0,0,0,0,0,0,0,0,0,0,0,0,0,0,
r,8,1,7,0,0,1,1,4,2,0,0,0,0,0,0,0,0,0,0,0,0,0,0,0,0,
Ram,3,0,0,3,0,0,0,2,0,1,0,0,0,0,0,0,0,0,0,0,0,0,0,0,0,
random,4,1,3,0,0,1,2,1,0,0,0,0,0,0,0,0,0,0,0,0,0,0,0,0,0,
randomly,2,1,1,0,0,1,1,0,0,0,0,0,0,0,0,0,0,0,0,0,0,0,0,0,0,
Range,4,1,0,3,1,1,2,0,0,1,0,0,0,0,0,0,0,0,0,0,0,0,0,0,0,
Ranges,3,0,0,3,0,0,0,0,3,0,0,0,0,0,0,0,0,0,0,0,0,0,0,0,0,
rapid,5,1,4,0,0,1,2,1,1,0,0,0,0,0,0,0,0,0,0,0,0,0,0,0,0,
Rate,7,0,0,7,0,0,0,0,2,2,3,0,0,0,0,0,0,0,0,0,0,0,0,0,0,
Ratio,1,0,0,1,0,0,0,1,0,0,0,0,0,0,0,0,0,0,0,0,0,0,0,0,0,
Raw,5,1,4,0,0,1,4,0,0,0,0,0,0,0,0,0,0,0,0,0,0,0,0,0,0,
rd,1,1,0,0,1,1,0,0,0,0,0,0,0,0,0,0,0,0,0,0,0,0,0,0,0,
Read,197,31,142,24,1,31,68,32,19,22,18,5,2,0,0,0,0,0,0,0,0,0,0,0,0,
Reader,28,0,3,25,0,0,8,12,5,3,0,0,0,0,0,0,0,0,0,0,0,0,0,0,0,
Readers,1,0,1,0,0,0,0,1,0,0,0,0,0,0,0,0,0,0,0,0,0,0,0,0,0,
Reads,31,0,4,27,0,0,5,5,13,3,1,2,1,1,0,0,0,0,0,0,0,0,0,0,0,
really,3,3,0,0,0,3,0,0,0,0,0,0,0,0,0,0,0,0,0,0,0,0,0,0,0,
rebase,3,1,0,2,1,1,0,0,0,0,2,0,0,0,0,0,0,0,0,0,0,0,0,0,0,
Rec,1,0,0,1,0,0,1,0,0,0,0,0,0,0,0,0,0,0,0,0,0,0,0,0,0,
Recognized,1,0,0,1,0,0,0,1,0,0,0,0,0,0,0,0,0,0,0,0,0,0,0,0,0,
Record,63,3,18,42,0,3,33,18,4,5,0,0,0,0,0,0,0,0,0,0,0,0,0,0,0,
Records,30,0,9,21,0,0,8,15,2,3,0,0,1,0,1,0,0,0,0,0,0,0,0,0,0,
Ref,25,3,19,3,1,3,8,9,5,0,0,0,0,0,0,0,0,0,0,0,0,0,0,0,0,
Reference,45,1,27,17,0,1,33,2,2,1,4,0,0,2,0,0,0,0,0,0,0,0,0,0,0,
reflective,1,1,0,0,0,1,0,0,0,0,0,0,0,0,0,0,0,0,0,0,0,0,0,0,0,
Regex,10,2,3,5,0,2,0,4,1,1,0,1,1,0,0,0,0,0,0,0,0,0,0,0,0,
Regexes,1,0,0,1,0,0,0,0,1,0,0,0,0,0,0,0,0,0,0,0,0,0,0,0,0,
Region,1,0,0,1,0,0,0,0,0,1,0,0,0,0,0,0,0,0,0,0,0,0,0,0,0,
Regions,1,0,1,0,0,0,0,1,0,0,0,0,0,0,0,0,0,0,0,0,0,0,0,0,0,
Reheader,2,0,0,2,0,0,1,1,0,0,0,0,0,0,0,0,0,0,0,0,0,0,0,0,0,
reject,1,1,0,0,0,1,0,0,0,0,0,0,0,0,0,0,0,0,0,0,0,0,0,0,0,
Relative,2,0,2,0,0,0,2,0,0,0,0,0,0,0,0,0,0,0,0,0,0,0,0,0,0,
Remaining,1,0,0,1,0,0,1,0,0,0,0,0,0,0,0,0,0,0,0,0,0,0,0,0,0,
remap,1,1,0,0,0,1,0,0,0,0,0,0,0,0,0,0,0,0,0,0,0,0,0,0,0,
remove,41,38,3,0,33,38,2,1,0,0,0,0,0,0,0,0,0,0,0,0,0,0,0,0,0,
render,4,4,0,0,0,4,0,0,0,0,0,0,0,0,0,0,0,0,0,0,0,0,0,0,0,
Rep,1,0,1,0,0,0,1,0,0,0,0,0,0,0,0,0,0,0,0,0,0,0,0,0,0,
replace,4,3,1,0,1,3,1,0,0,0,0,0,0,0,0,0,0,0,0,0,0,0,0,0,0,
Report,3,2,0,1,0,2,1,0,0,0,0,0,0,0,0,0,0,0,0,0,0,0,0,0,0,
Representative,9,0,9,0,0,0,7,1,1,0,0,0,0,0,0,0,0,0,0,0,0,0,0,0,0,
Requested,1,0,0,1,0,0,0,0,0,0,1,0,0,0,0,0,0,0,0,0,0,0,0,0,0,
requires,9,9,0,0,0,9,0,0,0,0,0,0,0,0,0,0,0,0,0,0,0,0,0,0,0,
Reserved,1,0,1,0,0,0,1,0,0,0,0,0,0,0,0,0,0,0,0,0,0,0,0,0,0,
reset,5,4,1,0,2,4,1,0,0,0,0,0,0,0,0,0,0,0,0,0,0,0,0,0,0,
resolve,1,1,0,0,0,1,0,0,0,0,0,0,0,0,0,0,0,0,0,0,0,0,0,0,0,
Resolver,1,0,0,1,0,0,0,0,1,0,0,0,0,0,0,0,0,0,0,0,0,0,0,0,0,
Restricted,2,0,2,0,0,0,0,0,2,0,0,0,0,0,0,0,0,0,0,0,0,0,0,0,0,
Result,9,5,1,3,5,5,4,0,0,0,0,0,0,0,0,0,0,0,0,0,0,0,0,0,0,
Results,17,0,3,14,0,0,8,8,0,1,0,0,0,0,0,0,0,0,0,0,0,0,0,0,0,
Rethrow,1,0,0,1,0,0,0,1,0,0,0,0,0,0,0,0,0,0,0,0,0,0,0,0,0,
Return,2,1,1,0,0,1,0,0,1,0,0,0,0,0,0,0,0,0,0,0,0,0,0,0,0,
Returned,1,0,1,0,0,0,0,0,0,0,0,1,0,0,0,0,0,0,0,0,0,0,0,0,0,
Reverse,11,3,5,3,0,3,3,1,4,0,0,0,0,0,0,0,0,0,0,0,0,0,0,0,0,
Revert,4,4,0,0,0,4,0,0,0,0,0,0,0,0,0,0,0,0,0,0,0,0,0,0,0,
revise,1,1,0,0,0,1,0,0,0,0,0,0,0,0,0,0,0,0,0,0,0,0,0,0,0,
Revised,1,0,1,0,0,0,1,0,0,0,0,0,0,0,0,0,0,0,0,0,0,0,0,0,0,
Rg,10,0,6,4,0,0,2,4,0,1,0,3,0,0,0,0,0,0,0,0,0,0,0,0,0,
Right,3,1,0,2,0,1,0,2,0,0,0,0,0,0,0,0,0,0,0,0,0,0,0,0,0,
rm,1,1,0,0,0,1,0,0,0,0,0,0,0,0,0,0,0,0,0,0,0,0,0,0,0,
Rna,3,1,2,0,0,1,1,1,0,0,0,0,0,0,0,0,0,0,0,0,0,0,0,0,0,
Roi,2,0,1,1,0,0,2,0,0,0,0,0,0,0,0,0,0,0,0,0,0,0,0,0,0,
Roulette,2,1,1,0,0,1,1,0,0,0,0,0,0,0,0,0,0,0,0,0,0,0,0,0,0,
round,1,1,0,0,1,1,0,0,0,0,0,0,0,0,0,0,0,0,0,0,0,0,0,0,0,
rounded,1,1,0,0,0,1,0,0,0,0,0,0,0,0,0,0,0,0,0,0,0,0,0,0,0,
Row,4,2,1,1,2,2,2,0,0,0,0,0,0,0,0,0,0,0,0,0,0,0,0,0,0,
Rrbs,3,2,1,0,0,2,0,1,0,0,0,0,0,0,0,0,0,0,0,0,0,0,0,0,0,
Run,40,32,6,2,8,32,1,2,3,2,0,0,0,0,0,0,0,0,0,0,0,0,0,0,0,
Runnable,1,0,0,1,0,0,1,0,0,0,0,0,0,0,0,0,0,0,0,0,0,0,0,0,0,
Running,1,0,1,0,0,0,0,0,1,0,0,0,0,0,0,0,0,0,0,0,0,0,0,0,0,
S,4,0,4,0,0,0,0,2,2,0,0,0,0,0,0,0,0,0,0,0,0,0,0,0,0,
Sam,66,9,48,9,0,9,31,12,12,2,0,0,0,0,0,0,0,0,0,0,0,0,0,0,0,
Same,23,0,23,0,0,0,5,0,3,5,5,3,1,1,0,0,0,0,0,0,0,0,0,0,0,
sample,21,2,10,9,0,2,10,4,4,1,0,0,0,0,0,0,0,0,0,0,0,0,0,0,0,
Samples,10,0,7,3,0,0,3,4,0,0,3,0,0,0,0,0,0,0,0,0,0,0,0,0,0,
sams,1,1,0,0,0,1,0,0,0,0,0,0,0,0,0,0,0,0,0,0,0,0,0,0,0,
sanitize,5,1,2,2,1,1,2,0,1,1,0,0,0,0,0,0,0,0,0,0,0,0,0,0,0,
Sanitized,1,0,1,0,0,0,1,0,0,0,0,0,0,0,0,0,0,0,0,0,0,0,0,0,0,
sanity,1,1,0,0,0,1,0,0,0,0,0,0,0,0,0,0,0,0,0,0,0,0,0,0,0,
scaled,1,1,0,0,0,1,0,0,0,0,0,0,0,0,0,0,0,0,0,0,0,0,0,0,0,
scan,2,2,0,0,0,2,0,0,0,0,0,0,0,0,0,0,0,0,0,0,0,0,0,0,0,
scatter,8,1,4,3,1,1,5,0,1,1,0,0,0,0,0,0,0,0,0,0,0,0,0,0,0,
Scattered,1,0,1,0,0,0,1,0,0,0,0,0,0,0,0,0,0,0,0,0,0,0,0,0,0,
Scatterer,1,0,0,1,0,0,0,1,0,0,0,0,0,0,0,0,0,0,0,0,0,0,0,0,0,
Scheme,11,0,4,7,0,0,4,1,5,1,0,0,0,0,0,0,0,0,0,0,0,0,0,0,0,
Scoring,2,0,2,0,0,0,2,0,0,0,0,0,0,0,0,0,0,0,0,0,0,0,0,0,0,
Scrambled,5,0,5,0,0,0,2,2,0,1,0,0,0,0,0,0,0,0,0,0,0,0,0,0,0,
Script,6,0,3,3,0,0,1,3,2,0,0,0,0,0,0,0,0,0,0,0,0,0,0,0,0,
Search,7,4,2,1,0,4,2,1,0,0,0,0,0,0,0,0,0,0,0,0,0,0,0,0,0,
Second,18,1,17,0,0,1,7,2,1,0,1,4,0,0,2,0,0,0,0,0,0,0,0,0,0,
Secondary,6,1,5,0,0,1,1,1,0,1,0,2,0,0,0,0,0,0,0,0,0,0,0,0,0,
seek,8,8,0,0,1,8,0,0,0,0,0,0,0,0,0,0,0,0,0,0,0,0,0,0,0,
Seekable,1,0,0,1,0,0,1,0,0,0,0,0,0,0,0,0,0,0,0,0,0,0,0,0,0,
Seeking,4,3,1,0,0,3,1,0,0,0,0,0,0,0,0,0,0,0,0,0,0,0,0,0,0,
Seen,2,0,1,1,0,0,0,1,1,0,0,0,0,0,0,0,0,0,0,0,0,0,0,0,0,
Segment,3,1,1,1,1,1,0,2,0,0,0,0,0,0,0,0,0,0,0,0,0,0,0,0,0,
segregate,3,1,1,1,0,1,2,0,0,0,0,0,0,0,0,0,0,0,0,0,0,0,0,0,0,
Select,2,1,1,0,1,1,1,0,0,0,0,0,0,0,0,0,0,0,0,0,0,0,0,0,0,
Selecting,2,0,2,0,0,0,0,0,2,0,0,0,0,0,0,0,0,0,0,0,0,0,0,0,0,
selective,1,1,0,0,0,1,0,0,0,0,0,0,0,0,0,0,0,0,0,0,0,0,0,0,0,
Selector,1,0,0,1,0,0,1,0,0,0,0,0,0,0,0,0,0,0,0,0,0,0,0,0,0,
Self,1,0,0,1,0,0,0,0,1,0,0,0,0,0,0,0,0,0,0,0,0,0,0,0,0,
Sens,4,0,3,1,0,0,1,2,0,0,1,0,0,0,0,0,0,0,0,0,0,0,0,0,0,
Sensitivity,3,0,0,3,0,0,1,1,1,0,0,0,0,0,0,0,0,0,0,0,0,0,0,0,0,
Separate,1,1,0,0,0,1,0,0,0,0,0,0,0,0,0,0,0,0,0,0,0,0,0,0,0,
Separated,1,0,1,0,0,0,0,0,1,0,0,0,0,0,0,0,0,0,0,0,0,0,0,0,0,
Seq,10,2,8,0,1,2,2,1,3,0,2,0,0,0,0,0,0,0,0,0,0,0,0,0,0,
Seqs,4,0,4,0,0,0,4,0,0,0,0,0,0,0,0,0,0,0,0,0,0,0,0,0,0,
Sequence,46,1,29,16,0,1,17,11,4,3,7,3,0,0,0,0,0,0,0,0,0,0,0,0,0,
Sequences,3,0,0,3,0,0,1,1,1,0,0,0,0,0,0,0,0,0,0,0,0,0,0,0,0,
Sequential,2,0,2,0,0,0,2,0,0,0,0,0,0,0,0,0,0,0,0,0,0,0,0,0,0,
Series,3,0,0,3,0,0,0,0,0,1,2,0,0,0,0,0,0,0,0,0,0,0,0,0,0,
set,149,117,18,14,0,117,2,16,8,3,3,0,0,0,0,0,0,0,0,0,0,0,0,0,0,
setmaximal,1,1,0,0,0,1,0,0,0,0,0,0,0,0,0,0,0,0,0,0,0,0,0,0,0,
setp,1,1,0,0,0,1,0,0,0,0,0,0,0,0,0,0,0,0,0,0,0,0,0,0,0,
Sets,5,0,3,2,0,0,0,2,1,1,1,0,0,0,0,0,0,0,0,0,0,0,0,0,0,
setup,31,31,0,0,19,31,0,0,0,0,0,0,0,0,0,0,0,0,0,0,0,0,0,0,0,
Sex,5,1,3,1,1,1,2,2,0,0,0,0,0,0,0,0,0,0,0,0,0,0,0,0,0,
shard,1,1,0,0,0,1,0,0,0,0,0,0,0,0,0,0,0,0,0,0,0,0,0,0,0,
shifted,5,3,2,0,0,3,2,0,0,0,0,0,0,0,0,0,0,0,0,0,0,0,0,0,0,
Short,7,0,6,1,0,0,4,0,2,0,1,0,0,0,0,0,0,0,0,0,0,0,0,0,0,
should,2,2,0,0,0,2,0,0,0,0,0,0,0,0,0,0,0,0,0,0,0,0,0,0,0,
shutdown,1,1,0,0,1,1,0,0,0,0,0,0,0,0,0,0,0,0,0,0,0,0,0,0,0,
Side,2,0,1,1,0,0,0,1,0,1,0,0,0,0,0,0,0,0,0,0,0,0,0,0,0,
Sided,3,0,3,0,0,0,0,2,0,0,0,0,1,0,0,0,0,0,0,0,0,0,0,0,0,
Signal,2,1,1,0,0,1,0,0,0,0,1,0,0,0,0,0,0,0,0,0,0,0,0,0,0,
Silent,1,0,0,1,0,0,0,0,0,1,0,0,0,0,0,0,0,0,0,0,0,0,0,0,0,
Similar,1,0,1,0,0,0,1,0,0,0,0,0,0,0,0,0,0,0,0,0,0,0,0,0,0,
Simple,16,4,12,0,0,4,7,0,4,0,1,0,0,0,0,0,0,0,0,0,0,0,0,0,0,
Single,34,6,28,0,0,6,16,7,4,0,1,0,0,0,0,0,0,0,0,0,0,0,0,0,0,
Singleton,3,0,3,0,0,0,2,1,0,0,0,0,0,0,0,0,0,0,0,0,0,0,0,0,0,
Sink,1,1,0,0,1,1,0,0,0,0,0,0,0,0,0,0,0,0,0,0,0,0,0,0,0,
Site,3,0,2,1,0,0,2,0,1,0,0,0,0,0,0,0,0,0,0,0,0,0,0,0,0,
Sites,2,0,1,1,0,0,1,1,0,0,0,0,0,0,0,0,0,0,0,0,0,0,0,0,0,
Size,36,7,8,21,5,7,14,9,4,2,0,0,0,0,0,0,0,0,0,0,0,0,0,0,0,
Sized,2,0,2,0,0,0,2,0,0,0,0,0,0,0,0,0,0,0,0,0,0,0,0,0,0,
Sizes,1,0,0,1,0,0,0,1,0,0,0,0,0,0,0,0,0,0,0,0,0,0,0,0,0,
skip,10,5,4,1,0,5,5,0,0,0,0,0,0,0,0,0,0,0,0,0,0,0,0,0,0,
Skips,6,0,1,5,0,0,0,0,1,0,1,2,2,0,0,0,0,0,0,0,0,0,0,0,0,
slurp,1,1,0,0,0,1,0,0,0,0,0,0,0,0,0,0,0,0,0,0,0,0,0,0,0,
smart,2,2,0,0,0,2,0,0,0,0,0,0,0,0,0,0,0,0,0,0,0,0,0,0,0,
SNP,21,2,9,10,1,2,11,6,1,1,0,0,0,0,0,0,0,0,0,0,0,0,0,0,0,
Snps,5,0,2,3,0,0,1,3,1,0,0,0,0,0,0,0,0,0,0,0,0,0,0,0,0,
So,2,0,0,2,0,0,0,2,0,0,0,0,0,0,0,0,0,0,0,0,0,0,0,0,0,
Soft,15,0,15,0,0,0,0,1,1,3,8,2,0,0,0,0,0,0,0,0,0,0,0,0,0,
Sole,1,0,1,0,0,0,1,0,0,0,0,0,0,0,0,0,0,0,0,0,0,0,0,0,0,
Solexa,4,1,3,0,0,1,2,0,0,1,0,0,0,0,0,0,0,0,0,0,0,0,0,0,0,
Solo,1,0,1,0,0,0,1,0,0,0,0,0,0,0,0,0,0,0,0,0,0,0,0,0,0,
sort,13,5,5,3,1,5,2,4,2,0,0,0,0,0,0,0,0,0,0,0,0,0,0,0,0,
Sorted,9,1,7,1,1,1,4,3,1,0,0,0,0,0,0,0,0,0,0,0,0,0,0,0,0,
Sorter,1,0,0,1,0,0,0,1,0,0,0,0,0,0,0,0,0,0,0,0,0,0,0,0,0,
Sorting,6,0,6,0,0,0,5,0,1,0,0,0,0,0,0,0,0,0,0,0,0,0,0,0,0,
Sorts,1,0,1,0,0,0,1,0,0,0,0,0,0,0,0,0,0,0,0,0,0,0,0,0,0,
Source,1,0,0,1,0,0,1,0,0,0,0,0,0,0,0,0,0,0,0,0,0,0,0,0,0,
Sources,3,0,0,3,0,0,0,2,1,0,0,0,0,0,0,0,0,0,0,0,0,0,0,0,0,
Space,1,0,1,0,0,0,0,0,1,0,0,0,0,0,0,0,0,0,0,0,0,0,0,0,0,
Spanning,1,0,1,0,0,0,1,0,0,0,0,0,0,0,0,0,0,0,0,0,0,0,0,0,0,
Spec,3,0,0,3,0,0,1,1,0,1,0,0,0,0,0,0,0,0,0,0,0,0,0,0,0,
Specificity,1,0,0,1,0,0,1,0,0,0,0,0,0,0,0,0,0,0,0,0,0,0,0,0,0,
Specified,1,0,0,1,0,0,0,0,1,0,0,0,0,0,0,0,0,0,0,0,0,0,0,0,0,
splice,1,1,0,0,0,1,0,0,0,0,0,0,0,0,0,0,0,0,0,0,0,0,0,0,0,
split,8,3,2,3,1,3,1,2,0,0,0,0,1,1,0,0,0,0,0,0,0,0,0,0,0,
Stack,1,0,1,0,0,0,1,0,0,0,0,0,0,0,0,0,0,0,0,0,0,0,0,0,0,
Standard,4,1,3,0,0,1,3,0,0,0,0,0,0,0,0,0,0,0,0,0,0,0,0,0,0,
start,9,7,1,1,6,7,0,0,0,0,0,2,0,0,0,0,0,0,0,0,0,0,0,0,0,
Starting,1,0,1,0,0,0,0,1,0,0,0,0,0,0,0,0,0,0,0,0,0,0,0,0,0,
Startup,2,0,2,0,0,0,0,2,0,0,0,0,0,0,0,0,0,0,0,0,0,0,0,0,0,
State,20,0,11,9,0,0,6,8,1,5,0,0,0,0,0,0,0,0,0,0,0,0,0,0,0,
States,3,0,0,3,0,0,0,0,2,0,0,1,0,0,0,0,0,0,0,0,0,0,0,0,0,
Statistics,2,0,0,2,0,0,1,1,0,0,0,0,0,0,0,0,0,0,0,0,0,0,0,0,0,
Stats,2,0,0,2,0,0,0,2,0,0,0,0,0,0,0,0,0,0,0,0,0,0,0,0,0,
Status,2,0,0,2,0,0,0,0,2,0,0,0,0,0,0,0,0,0,0,0,0,0,0,0,0,
stddev,1,1,0,0,1,1,0,0,0,0,0,0,0,0,0,0,0,0,0,0,0,0,0,0,0,
Stop,5,3,0,2,3,3,0,1,1,0,0,0,0,0,0,0,0,0,0,0,0,0,0,0,0,
Storage,1,0,1,0,0,0,0,1,0,0,0,0,0,0,0,0,0,0,0,0,0,0,0,0,0,
Str,5,0,1,4,0,0,1,4,0,0,0,0,0,0,0,0,0,0,0,0,0,0,0,0,0,
Strand,6,0,4,2,0,0,1,2,0,0,2,0,0,1,0,0,0,0,0,0,0,0,0,0,0,
Strands,2,0,0,2,0,0,0,0,0,1,0,0,0,1,0,0,0,0,0,0,0,0,0,0,0,
Strands2,1,0,0,1,0,0,0,0,0,0,0,0,0,1,0,0,0,0,0,0,0,0,0,0,0,
Strategies,2,0,1,1,0,0,0,2,0,0,0,0,0,0,0,0,0,0,0,0,0,0,0,0,0,
Strategy,15,0,7,8,0,0,0,5,6,3,0,1,0,0,0,0,0,0,0,0,0,0,0,0,0,
strdel,1,1,0,0,1,1,0,0,0,0,0,0,0,0,0,0,0,0,0,0,0,0,0,0,0,
Stream,21,0,1,20,0,0,1,18,0,0,0,0,0,0,0,2,0,0,0,0,0,0,0,0,0,
Streams,1,0,0,1,0,0,0,0,1,0,0,0,0,0,0,0,0,0,0,0,0,0,0,0,0,
Strict,1,0,0,1,0,0,0,0,0,1,0,0,0,0,0,0,0,0,0,0,0,0,0,0,0,
String,42,1,7,34,0,1,23,7,8,2,1,0,0,0,0,0,0,0,0,0,0,0,0,0,0,
Stringency,2,0,0,2,0,0,0,2,0,0,0,0,0,0,0,0,0,0,0,0,0,0,0,0,0,
Strings,1,0,0,1,0,0,0,1,0,0,0,0,0,0,0,0,0,0,0,0,0,0,0,0,0,
Structure,13,0,5,8,0,0,2,2,7,1,1,0,0,0,0,0,0,0,0,0,0,0,0,0,0,
Structures,5,0,3,2,0,0,0,5,0,0,0,0,0,0,0,0,0,0,0,0,0,0,0,0,0,
Style,2,0,1,1,0,0,0,1,0,0,1,0,0,0,0,0,0,0,0,0,0,0,0,0,0,
Sub,1,0,1,0,0,0,0,1,0,0,0,0,0,0,0,0,0,0,0,0,0,0,0,0,0,
Subdivider,1,0,0,1,0,0,0,0,1,0,0,0,0,0,0,0,0,0,0,0,0,0,0,0,0,
Subdividing,1,0,1,0,0,0,0,0,1,0,0,0,0,0,0,0,0,0,0,0,0,0,0,0,0,
Sublist,2,0,0,2,0,0,1,1,0,0,0,0,0,0,0,0,0,0,0,0,0,0,0,0,0,
submit,1,1,0,0,1,1,0,0,0,0,0,0,0,0,0,0,0,0,0,0,0,0,0,0,0,
Subsequence,3,0,3,0,0,0,2,1,0,0,0,0,0,0,0,0,0,0,0,0,0,0,0,0,0,
subset,5,3,1,1,0,3,1,0,0,1,0,0,0,0,0,0,0,0,0,0,0,0,0,0,0,
subsetted,1,1,0,0,0,1,0,0,0,0,0,0,0,0,0,0,0,0,0,0,0,0,0,0,0,
substring,2,1,0,1,0,1,1,0,0,0,0,0,0,0,0,0,0,0,0,0,0,0,0,0,0,
Substructure,4,3,1,0,1,3,1,0,0,0,0,0,0,0,0,0,0,0,0,0,0,0,0,0,0,
Success,1,0,0,1,0,0,0,0,0,0,0,1,0,0,0,0,0,0,0,0,0,0,0,0,0,
Suffix,3,1,0,2,0,1,0,1,1,0,0,0,0,0,0,0,0,0,0,0,0,0,0,0,0,
sum,4,2,1,1,2,2,2,0,0,0,0,0,0,0,0,0,0,0,0,0,0,0,0,0,0,
summarize,1,1,0,0,0,1,0,0,0,0,0,0,0,0,0,0,0,0,0,0,0,0,0,0,0,
Summary,15,1,14,0,0,1,7,5,2,0,0,0,0,0,0,0,0,0,0,0,0,0,0,0,0,
Sums,1,0,0,1,0,0,0,1,0,0,0,0,0,0,0,0,0,0,0,0,0,0,0,0,0,
Super,3,0,3,0,0,0,2,1,0,0,0,0,0,0,0,0,0,0,0,0,0,0,0,0,0,
Superseded,1,0,1,0,0,0,0,0,0,1,0,0,0,0,0,0,0,0,0,0,0,0,0,0,0,
Supplemental,6,0,5,1,0,0,5,0,1,0,0,0,0,0,0,0,0,0,0,0,0,0,0,0,0,
Supplementary,6,0,6,0,0,0,1,0,1,0,2,1,0,1,0,0,0,0,0,0,0,0,0,0,0,
supported,8,7,0,1,0,7,0,1,0,0,0,0,0,0,0,0,0,0,0,0,0,0,0,0,0,
supports,1,1,0,0,0,1,0,0,0,0,0,0,0,0,0,0,0,0,0,0,0,0,0,0,0,
Surface,1,0,1,0,0,0,1,0,0,0,0,0,0,0,0,0,0,0,0,0,0,0,0,0,0,
Suspect,1,0,1,0,0,0,1,0,0,0,0,0,0,0,0,0,0,0,0,0,0,0,0,0,0,
swap,7,4,2,1,0,4,2,0,0,0,0,1,0,0,0,0,0,0,0,0,0,0,0,0,0,
Symbolic,2,0,1,1,0,0,0,0,1,0,0,1,0,0,0,0,0,0,0,0,0,0,0,0,0,
Symlink,4,2,1,1,0,2,1,0,1,0,0,0,0,0,0,0,0,0,0,0,0,0,0,0,0,
Symlinks,1,0,0,1,0,0,0,0,1,0,0,0,0,0,0,0,0,0,0,0,0,0,0,0,0,
T,1,0,0,1,0,0,1,0,0,0,0,0,0,0,0,0,0,0,0,0,0,0,0,0,0,
Tabbed,4,2,2,0,0,2,2,0,0,0,0,0,0,0,0,0,0,0,0,0,0,0,0,0,0,
Tag,32,0,24,8,0,0,14,5,6,7,0,0,0,0,0,0,0,0,0,0,0,0,0,0,0,
Tags,4,0,0,4,0,0,0,0,0,1,1,0,0,0,0,0,2,0,0,0,0,0,0,0,0,
Tails,1,0,0,1,0,0,1,0,0,0,0,0,0,0,0,0,0,0,0,0,0,0,0,0,0,
tally,4,4,0,0,0,4,0,0,0,0,0,0,0,0,0,0,0,0,0,0,0,0,0,0,0,
Target,5,1,3,1,0,1,1,2,1,0,0,0,0,0,0,0,0,0,0,0,0,0,0,0,0,
Targeted,5,3,1,1,0,3,0,1,1,0,0,0,0,0,0,0,0,0,0,0,0,0,0,0,0,
tear,10,10,0,0,0,10,0,0,0,0,0,0,0,0,0,0,0,0,0,0,0,0,0,0,0,
teardown,3,3,0,0,3,3,0,0,0,0,0,0,0,0,0,0,0,0,0,0,0,0,0,0,0,
Temp,6,0,4,2,0,0,6,0,0,0,0,0,0,0,0,0,0,0,0,0,0,0,0,0,0,
Template,4,0,3,1,0,0,1,2,1,0,0,0,0,0,0,0,0,0,0,0,0,0,0,0,0,
Temporary,2,0,2,0,0,0,2,0,0,0,0,0,0,0,0,0,0,0,0,0,0,0,0,0,0,
Ten,1,0,1,0,0,0,0,0,0,0,0,0,0,1,0,0,0,0,0,0,0,0,0,0,0,
Terminal,2,0,2,0,0,0,0,0,0,0,2,0,0,0,0,0,0,0,0,0,0,0,0,0,0,
Terminate,1,0,1,0,0,0,1,0,0,0,0,0,0,0,0,0,0,0,0,0,0,0,0,0,0,
Termination,1,0,0,1,0,0,0,0,1,0,0,0,0,0,0,0,0,0,0,0,0,0,0,0,0,
tes,1,1,0,0,0,1,0,0,0,0,0,0,0,0,0,0,0,0,0,0,0,0,0,0,0,
test,773,625,58,90,12,625,35,53,30,21,4,4,0,1,0,0,0,0,0,0,0,0,0,0,0,
Test1,1,0,0,1,0,0,1,0,0,0,0,0,0,0,0,0,0,0,0,0,0,0,0,0,0,
Test2,1,0,0,1,0,0,1,0,0,0,0,0,0,0,0,0,0,0,0,0,0,0,0,0,0,
Testcase,1,1,0,0,1,1,0,0,0,0,0,0,0,0,0,0,0,0,0,0,0,0,0,0,0,
Testcases,2,0,0,2,0,0,0,2,0,0,0,0,0,0,0,0,0,0,0,0,0,0,0,0,0,
tester,20,2,1,17,2,2,6,3,2,1,1,3,1,0,0,1,0,0,0,0,0,0,0,0,0,
Testp,2,1,1,0,0,1,1,0,0,0,0,0,0,0,0,0,0,0,0,0,0,0,0,0,0,
Tests,9,0,1,8,0,0,7,1,1,0,0,0,0,0,0,0,0,0,0,0,0,0,0,0,0,
Text,7,0,6,1,0,0,6,1,0,0,0,0,0,0,0,0,0,0,0,0,0,0,0,0,0,
Than,3,0,0,3,0,0,0,3,0,0,0,0,0,0,0,0,0,0,0,0,0,0,0,0,0,
That,1,0,1,0,0,0,0,0,0,0,0,0,0,1,0,0,0,0,0,0,0,0,0,0,0,
The,8,0,8,0,0,0,1,2,1,2,0,2,0,0,0,0,0,0,0,0,0,0,0,0,0,
Their,1,0,1,0,0,0,0,0,0,1,0,0,0,0,0,0,0,0,0,0,0,0,0,0,0,
Theorem,1,0,0,1,0,0,0,0,1,0,0,0,0,0,0,0,0,0,0,0,0,0,0,0,0,
Theoretical,1,0,1,0,0,0,1,0,0,0,0,0,0,0,0,0,0,0,0,0,0,0,0,0,0,
Thread,2,1,1,0,0,1,1,0,0,0,0,0,0,0,0,0,0,0,0,0,0,0,0,0,0,
Threaded,1,0,1,0,0,0,1,0,0,0,0,0,0,0,0,0,0,0,0,0,0,0,0,0,0,
Threadsafe,1,1,0,0,1,1,0,0,0,0,0,0,0,0,0,0,0,0,0,0,0,0,0,0,0,
Three,7,0,7,0,0,0,4,1,0,0,0,0,2,0,0,0,0,0,0,0,0,0,0,0,0,
Threshold,3,0,2,1,0,0,2,0,0,1,0,0,0,0,0,0,0,0,0,0,0,0,0,0,0,
Thresholds,2,0,0,2,0,0,0,1,1,0,0,0,0,0,0,0,0,0,0,0,0,0,0,0,0,
Throws,1,0,1,0,0,0,1,0,0,0,0,0,0,0,0,0,0,0,0,0,0,0,0,0,0,
Tile,135,14,85,36,2,14,74,32,7,6,2,0,0,0,0,0,0,0,0,0,0,0,0,0,0,
Tiled,2,0,2,0,0,0,2,0,0,0,0,0,0,0,0,0,0,0,0,0,0,0,0,0,0,
Tiles,21,0,2,19,0,0,10,8,0,2,1,0,0,0,0,0,0,0,0,0,0,0,0,0,0,
Time,1,0,1,0,0,0,1,0,0,0,0,0,0,0,0,0,0,0,0,0,0,0,0,0,0,
Timeouts,1,0,0,1,0,0,0,1,0,0,0,0,0,0,0,0,0,0,0,0,0,0,0,0,0,
Tiny,2,0,1,1,0,0,0,2,0,0,0,0,0,0,0,0,0,0,0,0,0,0,0,0,0,
TN,1,0,0,1,0,0,0,1,0,0,0,0,0,0,0,0,0,0,0,0,0,0,0,0,0,
To,184,25,147,12,0,25,53,78,16,4,3,1,3,1,0,0,0,0,0,0,0,0,0,0,0,
Tokens,1,0,0,1,0,0,0,0,1,0,0,0,0,0,0,0,0,0,0,0,0,0,0,0,0,
Too,6,1,5,0,0,1,2,0,1,0,0,0,0,0,2,0,0,0,0,0,0,0,0,0,0,
Tool,1,0,1,0,0,0,1,0,0,0,0,0,0,0,0,0,0,0,0,0,0,0,0,0,0,
total,17,1,15,1,1,1,9,5,2,0,0,0,0,0,0,0,0,0,0,0,0,0,0,0,0,
track,3,2,0,1,0,2,0,1,0,0,0,0,0,0,0,0,0,0,0,0,0,0,0,0,0,
Trailing,1,0,1,0,0,0,0,0,1,0,0,0,0,0,0,0,0,0,0,0,0,0,0,0,0,
Transcript,5,1,2,2,1,1,3,1,0,0,0,0,0,0,0,0,0,0,0,0,0,0,0,0,0,
Transcription,1,0,1,0,0,0,1,0,0,0,0,0,0,0,0,0,0,0,0,0,0,0,0,0,0,
Transcripts,3,0,0,3,0,0,1,0,1,1,0,0,0,0,0,0,0,0,0,0,0,0,0,0,0,
transfer,2,2,0,0,0,2,0,0,0,0,0,0,0,0,0,0,0,0,0,0,0,0,0,0,0,
Transition,5,3,2,0,1,3,2,0,0,0,0,0,0,0,0,0,0,0,0,0,0,0,0,0,0,
Transitions,1,0,0,1,0,0,1,0,0,0,0,0,0,0,0,0,0,0,0,0,0,0,0,0,0,
translate,1,1,0,0,0,1,0,0,0,0,0,0,0,0,0,0,0,0,0,0,0,0,0,0,0,
Treat,2,0,2,0,0,0,2,0,0,0,0,0,0,0,0,0,0,0,0,0,0,0,0,0,0,
Trim,5,0,5,0,0,0,4,0,1,0,0,0,0,0,0,0,0,0,0,0,0,0,0,0,0,
Triming,1,0,1,0,0,0,1,0,0,0,0,0,0,0,0,0,0,0,0,0,0,0,0,0,0,
Trimmed,3,1,2,0,0,1,0,0,1,0,1,0,0,0,0,0,0,0,0,0,0,0,0,0,0,
Trimming,1,0,0,1,0,0,1,0,0,0,0,0,0,0,0,0,0,0,0,0,0,0,0,0,0,
Trio,2,0,1,1,0,0,2,0,0,0,0,0,0,0,0,0,0,0,0,0,0,0,0,0,0,
Trios,1,0,0,1,0,0,0,1,0,0,0,0,0,0,0,0,0,0,0,0,0,0,0,0,0,
True,2,0,0,2,0,0,2,0,0,0,0,0,0,0,0,0,0,0,0,0,0,0,0,0,0,
truncate,1,1,0,0,0,1,0,0,0,0,0,0,0,0,0,0,0,0,0,0,0,0,0,0,0,
Truncated,2,1,1,0,0,1,1,0,0,0,0,0,0,0,0,0,0,0,0,0,0,0,0,0,0,
Truncation,3,0,1,2,0,0,0,1,2,0,0,0,0,0,0,0,0,0,0,0,0,0,0,0,0,
Truth,4,3,1,0,0,3,0,1,0,0,0,0,0,0,0,0,0,0,0,0,0,0,0,0,0,
try,2,2,0,0,0,2,0,0,0,0,0,0,0,0,0,0,0,0,0,0,0,0,0,0,0,
Tumor,3,0,1,2,0,0,0,0,0,1,2,0,0,0,0,0,0,0,0,0,0,0,0,0,0,
Tuple,2,0,0,2,0,0,1,1,0,0,0,0,0,0,0,0,0,0,0,0,0,0,0,0,0,
Twice,2,0,1,1,0,0,1,1,0,0,0,0,0,0,0,0,0,0,0,0,0,0,0,0,0,
Two,39,3,34,2,0,3,27,3,1,0,1,1,2,1,0,0,0,0,0,0,0,0,0,0,0,
Txt,1,0,1,0,0,0,1,0,0,0,0,0,0,0,0,0,0,0,0,0,0,0,0,0,0,
Type,7,0,1,6,0,0,3,3,1,0,0,0,0,0,0,0,0,0,0,0,0,0,0,0,0,
Types,11,0,1,10,0,0,8,3,0,0,0,0,0,0,0,0,0,0,0,0,0,0,0,0,0,
u,12,12,0,0,0,12,0,0,0,0,0,0,0,0,0,0,0,0,0,0,0,0,0,0,0,
Ull,1,0,0,1,0,0,0,0,0,0,0,0,0,0,0,1,0,0,0,0,0,0,0,0,0,
Umi,16,4,9,3,0,4,8,3,0,1,0,0,0,0,0,0,0,0,0,0,0,0,0,0,0,
Umis,5,0,1,4,0,0,1,2,1,1,0,0,0,0,0,0,0,0,0,0,0,0,0,0,0,
uncaught,1,1,0,0,0,1,0,0,0,0,0,0,0,0,0,0,0,0,0,0,0,0,0,0,0,
Unclipped5,2,0,2,0,0,0,0,2,0,0,0,0,0,0,0,0,0,0,0,0,0,0,0,0,0,
Underlying,1,0,1,0,0,0,1,0,0,0,0,0,0,0,0,0,0,0,0,0,0,0,0,0,0,
Unequal,3,0,3,0,0,0,0,3,0,0,0,0,0,0,0,0,0,0,0,0,0,0,0,0,0,
Uneven,1,0,1,0,0,0,0,0,1,0,0,0,0,0,0,0,0,0,0,0,0,0,0,0,0,
Unexpected,1,0,1,0,0,0,0,1,0,0,0,0,0,0,0,0,0,0,0,0,0,0,0,0,0,
Unfiltered,2,0,2,0,0,0,2,0,0,0,0,0,0,0,0,0,0,0,0,0,0,0,0,0,0,
Unique,4,0,4,0,0,0,3,1,0,0,0,0,0,0,0,0,0,0,0,0,0,0,0,0,0,
Unit,11,0,9,2,0,0,5,3,1,1,1,0,0,0,0,0,0,0,0,0,0,0,0,0,0,
Units,1,0,1,0,0,0,1,0,0,0,0,0,0,0,0,0,0,0,0,0,0,0,0,0,0,
Unknown,4,0,3,1,0,0,3,1,0,0,0,0,0,0,0,0,0,0,0,0,0,0,0,0,0,
Unmapped,25,1,15,9,0,1,7,4,0,3,0,2,5,0,0,3,0,0,0,0,0,0,0,0,0,
Unmapped1,1,0,0,1,0,0,1,0,0,0,0,0,0,0,0,0,0,0,0,0,0,0,0,0,0,
Unmapped2,1,0,0,1,0,0,1,0,0,0,0,0,0,0,0,0,0,0,0,0,0,0,0,0,0,
Unmapped3,1,0,0,1,0,0,1,0,0,0,0,0,0,0,0,0,0,0,0,0,0,0,0,0,0,
Unmapped4,1,0,0,1,0,0,1,0,0,0,0,0,0,0,0,0,0,0,0,0,0,0,0,0,0,
Unmapping,1,1,0,0,0,1,0,0,0,0,0,0,0,0,0,0,0,0,0,0,0,0,0,0,0,
Unmatched,1,0,1,0,0,0,1,0,0,0,0,0,0,0,0,0,0,0,0,0,0,0,0,0,0,
Unpaired,2,0,0,2,0,0,2,0,0,0,0,0,0,0,0,0,0,0,0,0,0,0,0,0,0,
unsafe,4,4,0,0,0,4,0,0,0,0,0,0,0,0,0,0,0,0,0,0,0,0,0,0,0,
Unsorted,2,1,1,0,0,1,1,0,0,0,0,0,0,0,0,0,0,0,0,0,0,0,0,0,0,
Unsorted1,1,0,0,1,0,0,1,0,0,0,0,0,0,0,0,0,0,0,0,0,0,0,0,0,0,
Unsorted2,1,0,0,1,0,0,1,0,0,0,0,0,0,0,0,0,0,0,0,0,0,0,0,0,0,
Up,11,0,0,11,0,0,11,0,0,0,0,0,0,0,0,0,0,0,0,0,0,0,0,0,0,
update,13,9,4,0,0,9,3,0,0,1,0,0,0,0,0,0,0,0,0,0,0,0,0,0,0,
Uq,7,0,4,3,0,0,3,1,0,2,1,0,0,0,0,0,0,0,0,0,0,0,0,0,0,
Usable,1,0,1,0,0,0,0,1,0,0,0,0,0,0,0,0,0,0,0,0,0,0,0,0,0,
Usage,3,0,1,2,0,0,1,2,0,0,0,0,0,0,0,0,0,0,0,0,0,0,0,0,0,
use,3,1,1,1,0,1,0,1,1,0,0,0,0,0,0,0,0,0,0,0,0,0,0,0,0,
uses,4,4,0,0,0,4,0,0,0,0,0,0,0,0,0,0,0,0,0,0,0,0,0,0,0,
Using,6,0,6,0,0,0,2,1,1,1,1,0,0,0,0,0,0,0,0,0,0,0,0,0,0,
Util,18,0,2,16,0,0,1,5,3,5,1,2,1,0,0,0,0,0,0,0,0,0,0,0,0,
Utility,1,0,0,1,0,0,1,0,0,0,0,0,0,0,0,0,0,0,0,0,0,0,0,0,0,
Utils,4,0,3,1,0,0,0,0,2,0,2,0,0,0,0,0,0,0,0,0,0,0,0,0,0,
utr,1,1,0,0,1,1,0,0,0,0,0,0,0,0,0,0,0,0,0,0,0,0,0,0,0,
Valid,28,8,12,8,0,8,11,3,0,2,1,0,0,3,0,0,0,0,0,0,0,0,0,0,0,
validate,23,14,9,0,1,14,9,0,0,0,0,0,0,0,0,0,0,0,0,0,0,0,0,0,0,
Validation,44,0,2,42,0,0,2,0,40,0,2,0,0,0,0,0,0,0,0,0,0,0,0,0,0,
Value,24,1,2,21,1,1,4,12,3,4,0,0,0,0,0,0,0,0,0,0,0,0,0,0,0,
Values,15,0,6,9,0,0,5,4,5,1,0,0,0,0,0,0,0,0,0,0,0,0,0,0,0,
Var,2,0,0,2,0,0,2,0,0,0,0,0,0,0,0,0,0,0,0,0,0,0,0,0,0,
Variant,27,3,19,5,0,3,12,7,4,0,0,1,0,0,0,0,0,0,0,0,0,0,0,0,0,
Variants,5,0,1,4,0,0,1,2,2,0,0,0,0,0,0,0,0,0,0,0,0,0,0,0,0,
varied,1,1,0,0,0,1,0,0,0,0,0,0,0,0,0,0,0,0,0,0,0,0,0,0,0,
Vars,1,0,0,1,0,0,0,1,0,0,0,0,0,0,0,0,0,0,0,0,0,0,0,0,0,
Vc,4,0,2,2,0,0,2,1,1,0,0,0,0,0,0,0,0,0,0,0,0,0,0,0,0,
Vcf,48,6,19,23,3,6,16,9,9,3,4,1,0,0,0,0,0,0,0,0,0,0,0,0,0,
Vcfs,5,1,0,4,0,1,3,1,0,0,0,0,0,0,0,0,0,0,0,0,0,0,0,0,0,
vcfshards,1,1,0,0,1,1,0,0,0,0,0,0,0,0,0,0,0,0,0,0,0,0,0,0,0,
Vector,1,0,0,1,0,0,0,1,0,0,0,0,0,0,0,0,0,0,0,0,0,0,0,0,0,
verify,21,15,6,0,6,15,5,0,1,0,0,0,0,0,0,0,0,0,0,0,0,0,0,0,0,
Version,7,0,4,3,0,0,3,4,0,0,0,0,0,0,0,0,0,0,0,0,0,0,0,0,0,
Very,1,0,1,0,0,0,1,0,0,0,0,0,0,0,0,0,0,0,0,0,0,0,0,0,0,
Via,1,0,1,0,0,0,0,0,1,0,0,0,0,0,0,0,0,0,0,0,0,0,0,0,0,
Violation,3,0,1,2,0,0,2,1,0,0,0,0,0,0,0,0,0,0,0,0,0,0,0,0,0,
Violations,5,1,1,3,1,1,2,1,1,0,0,0,0,0,0,0,0,0,0,0,0,0,0,0,0,
Vn,1,0,0,1,0,0,0,0,1,0,0,0,0,0,0,0,0,0,0,0,0,0,0,0,0,
Vs,1,0,1,0,0,0,0,0,0,1,0,0,0,0,0,0,0,0,0,0,0,0,0,0,0,
W,5,0,5,0,0,0,0,0,0,5,0,0,0,0,0,0,0,0,0,0,0,0,0,0,0,
Walker,2,0,0,2,0,0,0,0,0,2,0,0,0,0,0,0,0,0,0,0,0,0,0,0,0,
Wdith,1,0,1,0,0,0,1,0,0,0,0,0,0,0,0,0,0,0,0,0,0,0,0,0,0,
Web,1,0,1,0,0,0,1,0,0,0,0,0,0,0,0,0,0,0,0,0,0,0,0,0,0,
Wgs,18,7,10,1,0,7,9,1,1,0,0,0,0,0,0,0,0,0,0,0,0,0,0,0,0,
Wheel,2,0,0,2,0,0,1,1,0,0,0,0,0,0,0,0,0,0,0,0,0,0,0,0,0,
White,1,0,1,0,0,0,0,1,0,0,0,0,0,0,0,0,0,0,0,0,0,0,0,0,0,
Whitespace,1,0,0,1,0,0,0,0,0,0,1,0,0,0,0,0,0,0,0,0,0,0,0,0,0,
Whole,2,0,2,0,0,0,2,0,0,0,0,0,0,0,0,0,0,0,0,0,0,0,0,0,0,
Wide,1,0,1,0,0,0,0,0,0,0,1,0,0,0,0,0,0,0,0,0,0,0,0,0,0,
Width,4,1,2,1,0,1,1,1,0,0,1,0,0,0,0,0,0,0,0,0,0,0,0,0,0,
Windows,2,0,2,0,0,0,1,1,0,0,0,0,0,0,0,0,0,0,0,0,0,0,0,0,0,
With,114,5,109,0,0,5,9,20,38,29,7,6,0,0,0,0,0,0,0,0,0,0,0,0,0,
With4,2,0,2,0,0,0,0,2,0,0,0,0,0,0,0,0,0,0,0,0,0,0,0,0,0,
Within,3,0,3,0,0,0,0,0,0,1,0,0,0,0,2,0,0,0,0,0,0,0,0,0,0,
without,7,1,6,0,0,1,1,1,4,0,0,0,0,0,0,0,0,0,0,0,0,0,0,0,0,
Withtwo,1,0,1,0,0,0,0,0,1,0,0,0,0,0,0,0,0,0,0,0,0,0,0,0,0,
Word,5,0,5,0,0,0,5,0,0,0,0,0,0,0,0,0,0,0,0,0,0,0,0,0,0,
Words,2,0,1,1,0,0,0,0,2,0,0,0,0,0,0,0,0,0,0,0,0,0,0,0,0,
Work,94,0,7,87,0,0,90,2,2,0,0,0,0,0,0,0,0,0,0,0,0,0,0,0,0,
Worker,3,1,0,2,1,1,0,2,0,0,0,0,0,0,0,0,0,0,0,0,0,0,0,0,0,
Worst,1,0,1,0,0,0,1,0,0,0,0,0,0,0,0,0,0,0,0,0,0,0,0,0,0,
Wrapper,1,0,0,1,0,0,0,0,1,0,0,0,0,0,0,0,0,0,0,0,0,0,0,0,0,
wrapping,1,1,0,0,1,1,0,0,0,0,0,0,0,0,0,0,0,0,0,0,0,0,0,0,0,
Writable,3,0,2,1,0,0,2,1,0,0,0,0,0,0,0,0,0,0,0,0,0,0,0,0,0,
write,44,34,10,0,4,34,7,2,1,0,0,0,0,0,0,0,0,0,0,0,0,0,0,0,0,
Writer,13,0,1,12,0,0,4,3,6,0,0,0,0,0,0,0,0,0,0,0,0,0,0,0,0,
Writers,9,0,2,7,0,0,4,5,0,0,0,0,0,0,0,0,0,0,0,0,0,0,0,0,0,
Writing,2,0,1,1,0,0,0,0,1,1,0,0,0,0,0,0,0,0,0,0,0,0,0,0,0,
wrong,4,1,3,0,0,1,1,2,0,0,0,0,0,0,0,0,0,0,0,0,0,0,0,0,0,
X,10,1,3,6,0,1,8,0,1,0,0,0,0,0,0,0,0,0,0,0,0,0,0,0,0,
Y,10,1,3,6,0,1,8,0,1,0,0,0,0,0,0,0,0,0,0,0,0,0,0,0,0,
Yield,1,0,1,0,0,0,1,0,0,0,0,0,0,0,0,0,0,0,0,0,0,0,0,0,0,
Zero,8,1,6,1,0,1,3,1,0,3,0,0,0,0,0,0,0,0,0,0,0,0,0,0,0,
Zeros,9,0,0,9,0,0,0,9,0,0,0,0,0,0,0,0,0,0,0,0,0,0,0,0,0,
Zipped,1,0,0,1,0,0,0,0,0,0,0,1,0,0,0,0,0,0,0,0,0,0,0,0,0,
