AB,1,0,1,0,0,0,1,0,0,0,0,0,0,0,0,0,0,0,0,0,0,0,0,0,0,
Accepted,1,0,1,0,0,0,1,0,0,0,0,0,0,0,0,0,0,0,0,0,0,0,0,0,0,
Access,3,0,2,1,0,0,3,0,0,0,0,0,0,0,0,0,0,0,0,0,0,0,0,0,0,
Account,180,15,123,42,1,15,90,40,30,3,1,0,1,0,0,0,0,0,0,0,0,0,0,0,0,
Accounts,20,0,4,16,0,0,6,5,6,2,1,0,0,0,0,0,0,0,0,0,0,0,0,0,0,
action,5,5,0,0,0,5,0,0,0,0,0,0,0,0,0,0,0,0,0,0,0,0,0,0,0,
Actions,1,0,1,0,0,0,0,1,0,0,0,0,0,0,0,0,0,0,0,0,0,0,0,0,0,
Active,6,0,3,3,0,0,6,0,0,0,0,0,0,0,0,0,0,0,0,0,0,0,0,0,0,
Activity,24,0,24,0,0,0,23,1,0,0,0,0,0,0,0,0,0,0,0,0,0,0,0,0,0,
Adapter,5,0,3,2,0,0,1,0,4,0,0,0,0,0,0,0,0,0,0,0,0,0,0,0,0,
Add,34,28,6,0,3,28,3,0,3,0,0,0,0,0,0,0,0,0,0,0,0,0,0,0,0,
Added,1,0,1,0,0,0,0,0,1,0,0,0,0,0,0,0,0,0,0,0,0,0,0,0,0,
Address,10,0,3,7,0,0,1,6,2,1,0,0,0,0,0,0,0,0,0,0,0,0,0,0,0,
Addresses,4,0,0,4,0,0,0,1,1,0,2,0,0,0,0,0,0,0,0,0,0,0,0,0,0,
Adds,1,0,1,0,0,0,0,0,1,0,0,0,0,0,0,0,0,0,0,0,0,0,0,0,0,
Admin,5,0,3,2,0,0,2,3,0,0,0,0,0,0,0,0,0,0,0,0,0,0,0,0,0,
Advance,4,2,2,0,1,2,1,1,0,0,0,0,0,0,0,0,0,0,0,0,0,0,0,0,0,
After,11,6,5,0,0,6,2,3,0,0,0,0,0,0,0,0,0,0,0,0,0,0,0,0,0,
Aggregate,2,0,2,0,0,0,2,0,0,0,0,0,0,0,0,0,0,0,0,0,0,0,0,0,0,
Aggregator,1,0,0,1,0,0,1,0,0,0,0,0,0,0,0,0,0,0,0,0,0,0,0,0,0,
Alarm,5,0,1,4,0,0,1,1,3,0,0,0,0,0,0,0,0,0,0,0,0,0,0,0,0,
Alert,5,0,3,2,0,0,3,2,0,0,0,0,0,0,0,0,0,0,0,0,0,0,0,0,0,
Alias,4,1,0,3,1,1,1,2,0,0,0,0,0,0,0,0,0,0,0,0,0,0,0,0,0,
Aliases,2,0,0,2,0,0,0,2,0,0,0,0,0,0,0,0,0,0,0,0,0,0,0,0,0,
All,23,0,18,5,0,0,15,6,1,1,0,0,0,0,0,0,0,0,0,0,0,0,0,0,0,
Allowed,1,0,0,1,0,0,0,0,1,0,0,0,0,0,0,0,0,0,0,0,0,0,0,0,0,
Already,1,0,1,0,0,0,0,0,0,1,0,0,0,0,0,0,0,0,0,0,0,0,0,0,0,
Alternate,2,0,2,0,0,0,2,0,0,0,0,0,0,0,0,0,0,0,0,0,0,0,0,0,0,
Alternative,1,0,1,0,0,0,0,0,1,0,0,0,0,0,0,0,0,0,0,0,0,0,0,0,0,
am,5,1,4,0,0,1,3,1,0,0,0,0,0,0,0,0,0,0,0,0,0,0,0,0,0,
And,34,0,34,0,0,0,7,21,3,1,1,1,0,0,0,0,0,0,0,0,0,0,0,0,0,
Api,3,0,3,0,0,0,3,0,0,0,0,0,0,0,0,0,0,0,0,0,0,0,0,0,0,
App,3,0,3,0,0,0,1,2,0,0,0,0,0,0,0,0,0,0,0,0,0,0,0,0,0,
Append,10,4,5,1,1,4,3,2,0,1,0,0,0,0,0,0,0,0,0,0,0,0,0,0,0,
Application,3,0,3,0,0,0,3,0,0,0,0,0,0,0,0,0,0,0,0,0,0,0,0,0,0,
apply,2,2,0,0,1,2,0,0,0,0,0,0,0,0,0,0,0,0,0,0,0,0,0,0,0,
Archive,1,0,0,1,0,0,1,0,0,0,0,0,0,0,0,0,0,0,0,0,0,0,0,0,0,
Are,2,1,1,0,0,1,0,0,1,0,0,0,0,0,0,0,0,0,0,0,0,0,0,0,0,
Args,2,0,0,2,0,0,2,0,0,0,0,0,0,0,0,0,0,0,0,0,0,0,0,0,0,
Arguments,2,0,0,2,0,0,2,0,0,0,0,0,0,0,0,0,0,0,0,0,0,0,0,0,0,
Array,12,2,0,10,0,2,9,0,0,1,0,0,0,0,0,0,0,0,0,0,0,0,0,0,0,
As,11,5,6,0,0,5,4,2,0,0,0,0,0,0,0,0,0,0,0,0,0,0,0,0,0,
Ascii,6,0,4,2,0,0,5,1,0,0,0,0,0,0,0,0,0,0,0,0,0,0,0,0,0,
assert,14,14,0,0,0,14,0,0,0,0,0,0,0,0,0,0,0,0,0,0,0,0,0,0,0,
Async,8,0,5,3,0,0,5,1,1,1,0,0,0,0,0,0,0,0,0,0,0,0,0,0,0,
At,1,0,1,0,0,0,0,1,0,0,0,0,0,0,0,0,0,0,0,0,0,0,0,0,0,
Attach,4,0,2,2,0,0,4,0,0,0,0,0,0,0,0,0,0,0,0,0,0,0,0,0,0,
Attachment,71,6,45,20,1,6,38,17,8,1,1,0,0,0,0,0,0,0,0,0,0,0,0,0,0,
Attachments,16,1,5,10,0,1,2,9,1,2,1,0,0,0,0,0,0,0,0,0,0,0,0,0,0,
Attribute,1,0,0,1,0,0,0,1,0,0,0,0,0,0,0,0,0,0,0,0,0,0,0,0,0,
Auth,38,0,28,10,0,0,13,16,4,5,0,0,0,0,0,0,0,0,0,0,0,0,0,0,0,
Authenticate,1,0,0,1,0,0,0,0,1,0,0,0,0,0,0,0,0,0,0,0,0,0,0,0,0,
Authentication,4,3,1,0,0,3,1,0,0,0,0,0,0,0,0,0,0,0,0,0,0,0,0,0,0,
Authenticator,3,1,0,2,1,1,1,1,0,0,0,0,0,0,0,0,0,0,0,0,0,0,0,0,0,
Authority,4,0,0,4,0,0,3,0,1,0,0,0,0,0,0,0,0,0,0,0,0,0,0,0,0,
Auths,1,0,1,0,0,0,0,1,0,0,0,0,0,0,0,0,0,0,0,0,0,0,0,0,0,
Auto,12,6,6,0,0,6,4,0,2,0,0,0,0,0,0,0,0,0,0,0,0,0,0,0,0,
Available,2,1,0,1,1,1,0,1,0,0,0,0,0,0,0,0,0,0,0,0,0,0,0,0,0,
B,3,2,0,1,2,2,1,0,0,0,0,0,0,0,0,0,0,0,0,0,0,0,0,0,0,
Back,4,0,2,2,0,0,3,0,1,0,0,0,0,0,0,0,0,0,0,0,0,0,0,0,0,
Background,24,0,6,18,0,0,5,18,1,0,0,0,0,0,0,0,0,0,0,0,0,0,0,0,0,
Backup,6,2,4,0,1,2,2,2,0,0,0,0,0,0,0,0,0,0,0,0,0,0,0,0,0,
Bad,8,0,6,2,0,0,7,0,1,0,0,0,0,0,0,0,0,0,0,0,0,0,0,0,0,
Bare,3,0,3,0,0,0,3,0,0,0,0,0,0,0,0,0,0,0,0,0,0,0,0,0,0,
Base,2,0,2,0,0,0,2,0,0,0,0,0,0,0,0,0,0,0,0,0,0,0,0,0,0,
Base64,3,1,0,2,0,1,2,0,0,0,0,0,0,0,0,0,0,0,0,0,0,0,0,0,0,
base64bits,1,1,0,0,0,1,0,0,0,0,0,0,0,0,0,0,0,0,0,0,0,0,0,0,0,
Basic,3,0,0,3,0,0,1,0,1,1,0,0,0,0,0,0,0,0,0,0,0,0,0,0,0,
Basics,3,0,1,2,0,0,3,0,0,0,0,0,0,0,0,0,0,0,0,0,0,0,0,0,0,
Batch,3,0,2,1,0,0,3,0,0,0,0,0,0,0,0,0,0,0,0,0,0,0,0,0,0,
Before,2,0,2,0,0,0,2,0,0,0,0,0,0,0,0,0,0,0,0,0,0,0,0,0,0,
Bind,9,0,1,8,0,0,9,0,0,0,0,0,0,0,0,0,0,0,0,0,0,0,0,0,0,
Binder,4,0,0,4,0,0,4,0,0,0,0,0,0,0,0,0,0,0,0,0,0,0,0,0,0,
Bits,1,0,0,1,0,0,1,0,0,0,0,0,0,0,0,0,0,0,0,0,0,0,0,0,0,
Blob,1,0,0,1,0,0,0,0,1,0,0,0,0,0,0,0,0,0,0,0,0,0,0,0,0,
Blocker,1,0,0,1,0,0,0,0,1,0,0,0,0,0,0,0,0,0,0,0,0,0,0,0,0,
Bodies,1,0,0,1,0,0,0,0,1,0,0,0,0,0,0,0,0,0,0,0,0,0,0,0,0,
Body,50,3,35,12,1,3,31,14,1,1,0,0,0,0,0,0,0,0,0,0,0,0,0,0,0,
Boolean,3,0,0,3,0,0,2,0,0,1,0,0,0,0,0,0,0,0,0,0,0,0,0,0,0,
Boot,1,0,1,0,0,0,1,0,0,0,0,0,0,0,0,0,0,0,0,0,0,0,0,0,0,
Boundary,4,0,1,3,0,0,2,1,1,0,0,0,0,0,0,0,0,0,0,0,0,0,0,0,0,
Bracket,1,0,0,1,0,0,1,0,0,0,0,0,0,0,0,0,0,0,0,0,0,0,0,0,0,
Bridge,1,0,0,1,0,0,0,0,1,0,0,0,0,0,0,0,0,0,0,0,0,0,0,0,0,
Broadcast,4,0,4,0,0,0,3,1,0,0,0,0,0,0,0,0,0,0,0,0,0,0,0,0,0,
Broken,1,0,1,0,0,0,1,0,0,0,0,0,0,0,0,0,0,0,0,0,0,0,0,0,0,
brokentest,22,22,0,0,0,22,0,0,0,0,0,0,0,0,0,0,0,0,0,0,0,0,0,0,0,
Buffer,3,0,0,3,0,0,2,0,0,1,0,0,0,0,0,0,0,0,0,0,0,0,0,0,0,
Build,12,9,3,0,1,9,3,0,0,0,0,0,0,0,0,0,0,0,0,0,0,0,0,0,0,
Builder,7,0,2,5,0,0,2,0,2,2,1,0,0,0,0,0,0,0,0,0,0,0,0,0,0,
Bundle,2,0,0,2,0,0,0,1,0,1,0,0,0,0,0,0,0,0,0,0,0,0,0,0,0,
Button,11,0,8,3,0,0,0,10,1,0,0,0,0,0,0,0,0,0,0,0,0,0,0,0,0,
By,10,0,10,0,0,0,0,2,4,0,4,0,0,0,0,0,0,0,0,0,0,0,0,0,0,
Bye,2,1,1,0,0,1,1,0,0,0,0,0,0,0,0,0,0,0,0,0,0,0,0,0,0,
Byte,4,1,0,3,0,1,1,1,1,0,0,0,0,0,0,0,0,0,0,0,0,0,0,0,0,
Cache,10,2,5,3,0,2,5,2,1,0,0,0,0,0,0,0,0,0,0,0,0,0,0,0,0,
Cacheable,1,0,0,1,0,0,1,0,0,0,0,0,0,0,0,0,0,0,0,0,0,0,0,0,0,
Cached,8,1,7,0,0,1,5,2,0,0,0,0,0,0,0,0,0,0,0,0,0,0,0,0,0,
Caches,1,0,0,1,0,0,0,1,0,0,0,0,0,0,0,0,0,0,0,0,0,0,0,0,0,
Calendar,4,0,3,1,0,0,2,1,0,1,0,0,0,0,0,0,0,0,0,0,0,0,0,0,0,
call,4,4,0,0,1,4,0,0,0,0,0,0,0,0,0,0,0,0,0,0,0,0,0,0,0,
Callback,8,0,4,4,0,0,3,5,0,0,0,0,0,0,0,0,0,0,0,0,0,0,0,0,0,
Callbacks,2,0,0,2,0,0,1,1,0,0,0,0,0,0,0,0,0,0,0,0,0,0,0,0,0,
Calls,2,0,0,2,0,0,0,2,0,0,0,0,0,0,0,0,0,0,0,0,0,0,0,0,0,
Camera,2,0,0,2,0,0,0,2,0,0,0,0,0,0,0,0,0,0,0,0,0,0,0,0,0,
can,15,14,1,0,0,14,1,0,0,0,0,0,0,0,0,0,0,0,0,0,0,0,0,0,0,
Cancel,27,16,1,10,3,16,7,0,1,0,3,0,0,0,0,0,0,0,0,0,0,0,0,0,0,
Cancell,1,0,1,0,0,0,1,0,0,0,0,0,0,0,0,0,0,0,0,0,0,0,0,0,0,
Cancelled,2,0,1,1,0,0,1,1,0,0,0,0,0,0,0,0,0,0,0,0,0,0,0,0,0,
Capabilities,6,0,0,6,0,0,4,1,1,0,0,0,0,0,0,0,0,0,0,0,0,0,0,0,0,
Capability,1,0,0,1,0,0,1,0,0,0,0,0,0,0,0,0,0,0,0,0,0,0,0,0,0,
Capable,1,0,0,1,0,0,1,0,0,0,0,0,0,0,0,0,0,0,0,0,0,0,0,0,0,
Cascade,3,0,3,0,0,0,3,0,0,0,0,0,0,0,0,0,0,0,0,0,0,0,0,0,0,
Case,3,0,0,3,0,0,0,1,1,0,0,0,1,0,0,0,0,0,0,0,0,0,0,0,0,
Cases,1,0,0,1,0,0,0,0,0,0,1,0,0,0,0,0,0,0,0,0,0,0,0,0,0,
Catch,8,0,8,0,0,0,8,0,0,0,0,0,0,0,0,0,0,0,0,0,0,0,0,0,0,
Cert,6,0,2,4,0,0,0,4,1,1,0,0,0,0,0,0,0,0,0,0,0,0,0,0,0,
Certificate,11,1,4,6,0,1,7,1,0,0,0,2,0,0,0,0,0,0,0,0,0,0,0,0,0,
Certificates,1,0,0,1,0,0,0,0,1,0,0,0,0,0,0,0,0,0,0,0,0,0,0,0,0,
Certs,2,0,0,2,0,0,0,0,0,2,0,0,0,0,0,0,0,0,0,0,0,0,0,0,0,
Chain,2,0,1,1,0,0,1,1,0,0,0,0,0,0,0,0,0,0,0,0,0,0,0,0,0,
Change,19,0,6,13,0,0,5,7,4,3,0,0,0,0,0,0,0,0,0,0,0,0,0,0,0,
Changed,21,0,2,19,0,0,2,13,5,1,0,0,0,0,0,0,0,0,0,0,0,0,0,0,0,
Changes,4,0,1,3,0,0,1,3,0,0,0,0,0,0,0,0,0,0,0,0,0,0,0,0,0,
Char,1,0,0,1,0,0,1,0,0,0,0,0,0,0,0,0,0,0,0,0,0,0,0,0,0,
Character,2,0,2,0,0,0,1,1,0,0,0,0,0,0,0,0,0,0,0,0,0,0,0,0,0,
Chars,1,0,0,1,0,0,0,0,0,0,1,0,0,0,0,0,0,0,0,0,0,0,0,0,0,
Charset,8,2,2,4,0,2,1,4,1,0,0,0,0,0,0,0,0,0,0,0,0,0,0,0,0,
charsets,1,1,0,0,1,1,0,0,0,0,0,0,0,0,0,0,0,0,0,0,0,0,0,0,0,
check,43,22,21,0,0,22,21,0,0,0,0,0,0,0,0,0,0,0,0,0,0,0,0,0,0,
Checkcheck,1,0,1,0,0,0,0,1,0,0,0,0,0,0,0,0,0,0,0,0,0,0,0,0,0,
Checked,2,0,2,0,0,0,2,0,0,0,0,0,0,0,0,0,0,0,0,0,0,0,0,0,0,
Checking,1,0,1,0,0,0,0,1,0,0,0,0,0,0,0,0,0,0,0,0,0,0,0,0,0,
Childrens,1,0,1,0,0,0,0,0,1,0,0,0,0,0,0,0,0,0,0,0,0,0,0,0,0,
choose,3,2,1,0,0,2,1,0,0,0,0,0,0,0,0,0,0,0,0,0,0,0,0,0,0,
Cid,2,0,1,1,0,0,1,0,0,0,0,0,1,0,0,0,0,0,0,0,0,0,0,0,0,
Cipher,2,0,2,0,0,0,0,2,0,0,0,0,0,0,0,0,0,0,0,0,0,0,0,0,0,
Class,1,0,0,1,0,0,0,0,1,0,0,0,0,0,0,0,0,0,0,0,0,0,0,0,0,
clean,1,1,0,0,0,1,0,0,0,0,0,0,0,0,0,0,0,0,0,0,0,0,0,0,0,
Cleanup,1,0,1,0,0,0,1,0,0,0,0,0,0,0,0,0,0,0,0,0,0,0,0,0,0,
clear,13,10,3,0,2,10,1,1,1,0,0,0,0,0,0,0,0,0,0,0,0,0,0,0,0,
Click,25,0,0,25,0,0,19,5,1,0,0,0,0,0,0,0,0,0,0,0,0,0,0,0,0,
Client,9,0,9,0,0,0,8,0,1,0,0,0,0,0,0,0,0,0,0,0,0,0,0,0,0,
Clock,1,0,0,1,0,0,1,0,0,0,0,0,0,0,0,0,0,0,0,0,0,0,0,0,0,
clone,3,3,0,0,2,3,0,0,0,0,0,0,0,0,0,0,0,0,0,0,0,0,0,0,0,
Close,17,15,1,1,12,15,2,0,0,0,0,0,0,0,0,0,0,0,0,0,0,0,0,0,0,
Closed,1,0,0,1,0,0,1,0,0,0,0,0,0,0,0,0,0,0,0,0,0,0,0,0,0,
Closed1a,1,0,0,1,0,0,0,1,0,0,0,0,0,0,0,0,0,0,0,0,0,0,0,0,0,
Closed1b,1,0,0,1,0,0,0,1,0,0,0,0,0,0,0,0,0,0,0,0,0,0,0,0,0,
Closed1c,1,0,0,1,0,0,0,1,0,0,0,0,0,0,0,0,0,0,0,0,0,0,0,0,0,
Closed2,1,0,0,1,0,0,0,1,0,0,0,0,0,0,0,0,0,0,0,0,0,0,0,0,0,
Closed2a,1,0,0,1,0,0,0,1,0,0,0,0,0,0,0,0,0,0,0,0,0,0,0,0,0,
Closed3,1,0,0,1,0,0,0,1,0,0,0,0,0,0,0,0,0,0,0,0,0,0,0,0,0,
Closed4,1,0,0,1,0,0,0,1,0,0,0,0,0,0,0,0,0,0,0,0,0,0,0,0,0,
Closed6a,1,0,0,1,0,0,0,1,0,0,0,0,0,0,0,0,0,0,0,0,0,0,0,0,0,
Closing,1,1,0,0,0,1,0,0,0,0,0,0,0,0,0,0,0,0,0,0,0,0,0,0,0,
Code,10,0,2,8,0,0,7,2,1,0,0,0,0,0,0,0,0,0,0,0,0,0,0,0,0,
collect,5,4,1,0,0,4,1,0,0,0,0,0,0,0,0,0,0,0,0,0,0,0,0,0,0,
Color,7,0,3,4,0,0,0,6,1,0,0,0,0,0,0,0,0,0,0,0,0,0,0,0,0,
Column,5,0,3,2,0,0,0,2,3,0,0,0,0,0,0,0,0,0,0,0,0,0,0,0,0,
Columns,2,0,0,2,0,0,0,1,1,0,0,0,0,0,0,0,0,0,0,0,0,0,0,0,0,
combine,1,1,0,0,1,1,0,0,0,0,0,0,0,0,0,0,0,0,0,0,0,0,0,0,0,
Combined,4,2,2,0,0,2,2,0,0,0,0,0,0,0,0,0,0,0,0,0,0,0,0,0,0,
Comcast,1,0,1,0,0,0,0,1,0,0,0,0,0,0,0,0,0,0,0,0,0,0,0,0,0,
Command,15,0,2,13,0,0,3,11,1,0,0,0,0,0,0,0,0,0,0,0,0,0,0,0,0,
commit,2,2,0,0,1,2,0,0,0,0,0,0,0,0,0,0,0,0,0,0,0,0,0,0,0,
Common,1,0,1,0,0,0,1,0,0,0,0,0,0,0,0,0,0,0,0,0,0,0,0,0,0,
Compare,3,2,0,1,2,2,0,0,0,1,0,0,0,0,0,0,0,0,0,0,0,0,0,0,0,
Compat,1,0,0,1,0,0,0,1,0,0,0,0,0,0,0,0,0,0,0,0,0,0,0,0,0,
Complete,16,1,1,14,0,1,0,5,3,5,2,0,0,0,0,0,0,0,0,0,0,0,0,0,0,
Completed,3,0,0,3,0,0,0,2,1,0,0,0,0,0,0,0,0,0,0,0,0,0,0,0,0,
Completion,1,0,0,1,0,0,0,1,0,0,0,0,0,0,0,0,0,0,0,0,0,0,0,0,0,
complex,4,1,3,0,0,1,3,0,0,0,0,0,0,0,0,0,0,0,0,0,0,0,0,0,0,
Component,5,0,2,3,0,0,3,2,0,0,0,0,0,0,0,0,0,0,0,0,0,0,0,0,0,
Components,1,0,0,1,0,0,0,1,0,0,0,0,0,0,0,0,0,0,0,0,0,0,0,0,0,
compute,1,1,0,0,0,1,0,0,0,0,0,0,0,0,0,0,0,0,0,0,0,0,0,0,0,
Configuration,3,0,3,0,0,0,3,0,0,0,0,0,0,0,0,0,0,0,0,0,0,0,0,0,0,
configure,1,1,0,0,0,1,0,0,0,0,0,0,0,0,0,0,0,0,0,0,0,0,0,0,0,
Confirm,4,2,2,0,0,2,2,0,0,0,0,0,0,0,0,0,0,0,0,0,0,0,0,0,0,
connect,1,1,0,0,0,1,0,0,0,0,0,0,0,0,0,0,0,0,0,0,0,0,0,0,0,
Connected,6,0,0,6,0,0,5,1,0,0,0,0,0,0,0,0,0,0,0,0,0,0,0,0,0,
Connection,9,0,4,5,0,0,5,4,0,0,0,0,0,0,0,0,0,0,0,0,0,0,0,0,0,
Connections,1,0,0,1,0,0,1,0,0,0,0,0,0,0,0,0,0,0,0,0,0,0,0,0,0,
Connectivity,3,0,1,2,0,0,2,1,0,0,0,0,0,0,0,0,0,0,0,0,0,0,0,0,0,
Consistency,1,0,0,1,0,0,0,1,0,0,0,0,0,0,0,0,0,0,0,0,0,0,0,0,0,
Consistent,3,0,2,1,0,0,1,1,1,0,0,0,0,0,0,0,0,0,0,0,0,0,0,0,0,
Contact,2,1,1,0,0,1,1,0,0,0,0,0,0,0,0,0,0,0,0,0,0,0,0,0,0,
Contacts,2,0,2,0,0,0,1,1,0,0,0,0,0,0,0,0,0,0,0,0,0,0,0,0,0,
contains,8,6,0,2,5,6,2,0,0,0,0,0,0,0,0,0,0,0,0,0,0,0,0,0,0,
Content,32,3,27,2,0,3,21,5,0,1,2,0,0,0,0,0,0,0,0,0,0,0,0,0,0,
Contents,9,0,1,8,0,0,9,0,0,0,0,0,0,0,0,0,0,0,0,0,0,0,0,0,0,
Context,10,0,0,10,0,0,3,7,0,0,0,0,0,0,0,0,0,0,0,0,0,0,0,0,0,
Context2,3,0,0,3,0,0,3,0,0,0,0,0,0,0,0,0,0,0,0,0,0,0,0,0,0,
Continuation,1,0,1,0,0,0,1,0,0,0,0,0,0,0,0,0,0,0,0,0,0,0,0,0,0,
Controller,4,1,2,1,0,1,0,3,0,0,0,0,0,0,0,0,0,0,0,0,0,0,0,0,0,
Conversation,8,0,6,2,0,0,5,3,0,0,0,0,0,0,0,0,0,0,0,0,0,0,0,0,0,
Conversion,1,0,0,1,0,0,0,0,1,0,0,0,0,0,0,0,0,0,0,0,0,0,0,0,0,
Conversions,1,0,1,0,0,0,1,0,0,0,0,0,0,0,0,0,0,0,0,0,0,0,0,0,0,
convert,6,6,0,0,0,6,0,0,0,0,0,0,0,0,0,0,0,0,0,0,0,0,0,0,0,
Converting,1,0,1,0,0,0,1,0,0,0,0,0,0,0,0,0,0,0,0,0,0,0,0,0,0,
Copy,17,5,12,0,0,5,12,0,0,0,0,0,0,0,0,0,0,0,0,0,0,0,0,0,0,
Corruption,2,0,2,0,0,0,0,1,1,0,0,0,0,0,0,0,0,0,0,0,0,0,0,0,0,
Count,27,2,6,19,2,2,3,13,6,3,0,0,0,0,0,0,0,0,0,0,0,0,0,0,0,
Countdown,1,0,1,0,0,0,1,0,0,0,0,0,0,0,0,0,0,0,0,0,0,0,0,0,0,
Counter,2,1,1,0,0,1,1,0,0,0,0,0,0,0,0,0,0,0,0,0,0,0,0,0,0,
Counting,1,1,0,0,0,1,0,0,0,0,0,0,0,0,0,0,0,0,0,0,0,0,0,0,0,
Counts,2,0,0,2,0,0,0,0,1,0,1,0,0,0,0,0,0,0,0,0,0,0,0,0,0,
Create,162,72,50,40,3,72,85,4,0,1,0,0,0,0,0,0,0,0,0,0,0,0,0,0,0,
Created,11,0,0,11,0,0,0,11,0,0,0,0,0,0,0,0,0,0,0,0,0,0,0,0,0,
Creation,4,0,3,1,0,0,1,3,0,0,0,0,0,0,0,0,0,0,0,0,0,0,0,0,0,
Creator,4,0,0,4,0,0,0,0,4,0,0,0,0,0,0,0,0,0,0,0,0,0,0,0,0,
Cred,4,0,4,0,0,0,0,4,0,0,0,0,0,0,0,0,0,0,0,0,0,0,0,0,0,
Credential,8,1,3,4,1,1,6,0,1,0,0,0,0,0,0,0,0,0,0,0,0,0,0,0,0,
Credentials,10,0,5,5,0,0,9,1,0,0,0,0,0,0,0,0,0,0,0,0,0,0,0,0,0,
Crlf,1,0,0,1,0,0,0,0,0,1,0,0,0,0,0,0,0,0,0,0,0,0,0,0,0,
Current,2,0,2,0,0,0,1,0,1,0,0,0,0,0,0,0,0,0,0,0,0,0,0,0,0,
Cursor,22,0,4,18,0,0,5,9,6,1,0,0,1,0,0,0,0,0,0,0,0,0,0,0,0,
Cursors,1,0,0,1,0,0,0,1,0,0,0,0,0,0,0,0,0,0,0,0,0,0,0,0,0,
Data,16,0,6,10,0,0,3,9,2,1,1,0,0,0,0,0,0,0,0,0,0,0,0,0,0,
Database,6,1,3,2,0,1,3,2,0,0,0,0,0,0,0,0,0,0,0,0,0,0,0,0,0,
Databases,1,0,0,1,0,0,1,0,0,0,0,0,0,0,0,0,0,0,0,0,0,0,0,0,0,
Date,19,0,13,6,0,0,5,8,4,2,0,0,0,0,0,0,0,0,0,0,0,0,0,0,0,
Days,1,0,0,1,0,0,1,0,0,0,0,0,0,0,0,0,0,0,0,0,0,0,0,0,0,
Db,1,0,0,1,0,0,0,0,1,0,0,0,0,0,0,0,0,0,0,0,0,0,0,0,0,
Debug,4,1,3,0,0,1,1,2,0,0,0,0,0,0,0,0,0,0,0,0,0,0,0,0,0,
Decode,11,5,4,2,1,5,2,2,1,1,0,0,0,0,0,0,0,0,0,0,0,0,0,0,0,
Decoder,2,0,0,2,0,0,1,0,1,0,0,0,0,0,0,0,0,0,0,0,0,0,0,0,0,
Default,7,1,5,1,0,1,4,2,0,0,0,0,0,0,0,0,0,0,0,0,0,0,0,0,0,
Defaults,1,0,1,0,0,0,1,0,0,0,0,0,0,0,0,0,0,0,0,0,0,0,0,0,0,
Delayed,3,2,1,0,0,2,1,0,0,0,0,0,0,0,0,0,0,0,0,0,0,0,0,0,0,
Delete,47,20,19,8,5,20,15,9,3,0,0,0,0,0,0,0,0,0,0,0,0,0,0,0,0,
Deleted,1,0,0,1,0,0,1,0,0,0,0,0,0,0,0,0,0,0,0,0,0,0,0,0,0,
Deletes,1,0,1,0,0,0,0,1,0,0,0,0,0,0,0,0,0,0,0,0,0,0,0,0,0,
deliver,1,1,0,0,0,1,0,0,0,0,0,0,0,0,0,0,0,0,0,0,0,0,0,0,0,
describe,8,8,0,0,0,8,0,0,0,0,0,0,0,0,0,0,0,0,0,0,0,0,0,0,0,
Description,1,0,0,1,0,0,1,0,0,0,0,0,0,0,0,0,0,0,0,0,0,0,0,0,0,
Deserialize,4,0,4,0,0,0,2,0,2,0,0,0,0,0,0,0,0,0,0,0,0,0,0,0,0,
Dest,1,0,1,0,0,0,1,0,0,0,0,0,0,0,0,0,0,0,0,0,0,0,0,0,0,
destroy,16,10,1,5,6,10,6,0,0,0,0,0,0,0,0,0,0,0,0,0,0,0,0,0,0,
Destroyed,2,0,0,2,0,0,1,1,0,0,0,0,0,0,0,0,0,0,0,0,0,0,0,0,0,
Detach,1,0,0,1,0,0,1,0,0,0,0,0,0,0,0,0,0,0,0,0,0,0,0,0,0,
Detected,1,0,1,0,0,0,1,0,0,0,0,0,0,0,0,0,0,0,0,0,0,0,0,0,0,
Detecting,1,0,1,0,0,0,1,0,0,0,0,0,0,0,0,0,0,0,0,0,0,0,0,0,0,
Device,11,0,11,0,0,0,8,1,2,0,0,0,0,0,0,0,0,0,0,0,0,0,0,0,0,
Dialog,25,0,10,15,0,0,0,13,6,6,0,0,0,0,0,0,0,0,0,0,0,0,0,0,0,
Different,2,0,2,0,0,0,0,0,0,0,0,2,0,0,0,0,0,0,0,0,0,0,0,0,0,
Digit,1,0,0,1,0,0,0,1,0,0,0,0,0,0,0,0,0,0,0,0,0,0,0,0,0,
Dir,1,0,0,1,0,0,1,0,0,0,0,0,0,0,0,0,0,0,0,0,0,0,0,0,0,
Direction,1,0,0,1,0,0,0,0,1,0,0,0,0,0,0,0,0,0,0,0,0,0,0,0,0,
Directly,2,0,0,2,0,0,0,2,0,0,0,0,0,0,0,0,0,0,0,0,0,0,0,0,0,
Directory,1,0,0,1,0,0,0,1,0,0,0,0,0,0,0,0,0,0,0,0,0,0,0,0,0,
Disable,6,2,4,0,0,2,4,0,0,0,0,0,0,0,0,0,0,0,0,0,0,0,0,0,0,
Disabled,2,0,0,2,0,0,1,1,0,0,0,0,0,0,0,0,0,0,0,0,0,0,0,0,0,
Disambiguated,1,0,0,1,0,0,0,0,1,0,0,0,0,0,0,0,0,0,0,0,0,0,0,0,0,
Discard,1,0,1,0,0,0,1,0,0,0,0,0,0,0,0,0,0,0,0,0,0,0,0,0,0,
Disconnected,1,0,0,1,0,0,0,1,0,0,0,0,0,0,0,0,0,0,0,0,0,0,0,0,0,
Discourse,5,1,2,2,0,1,2,2,0,0,0,0,0,0,0,0,0,0,0,0,0,0,0,0,0,
Discover,9,0,3,6,0,0,6,1,0,2,0,0,0,0,0,0,0,0,0,0,0,0,0,0,0,
Dismiss,5,3,0,2,0,3,1,0,0,1,0,0,0,0,0,0,0,0,0,0,0,0,0,0,0,
Display,7,0,6,1,0,0,3,2,1,1,0,0,0,0,0,0,0,0,0,0,0,0,0,0,0,
Dispositions,1,0,0,1,0,0,0,1,0,0,0,0,0,0,0,0,0,0,0,0,0,0,0,0,0,
Divert,2,0,2,0,0,0,2,0,0,0,0,0,0,0,0,0,0,0,0,0,0,0,0,0,0,
Do,20,19,1,0,0,19,1,0,0,0,0,0,0,0,0,0,0,0,0,0,0,0,0,0,0,
Does,1,0,1,0,0,0,0,0,0,0,1,0,0,0,0,0,0,0,0,0,0,0,0,0,0,
Domain,4,0,0,4,0,0,0,0,2,2,0,0,0,0,0,0,0,0,0,0,0,0,0,0,0,
Down,11,0,0,11,0,0,10,1,0,0,0,0,0,0,0,0,0,0,0,0,0,0,0,0,0,
Downgrade,1,0,0,1,0,0,1,0,0,0,0,0,0,0,0,0,0,0,0,0,0,0,0,0,0,
Download,25,2,18,5,0,2,21,1,1,0,0,0,0,0,0,0,0,0,0,0,0,0,0,0,0,
Downloads,2,0,1,1,0,0,1,0,1,0,0,0,0,0,0,0,0,0,0,0,0,0,0,0,0,
DP,3,0,3,0,0,0,2,1,0,0,0,0,0,0,0,0,0,0,0,0,0,0,0,0,0,
DPM,1,0,0,1,0,0,1,0,0,0,0,0,0,0,0,0,0,0,0,0,0,0,0,0,0,
Draft,2,0,2,0,0,0,0,2,0,0,0,0,0,0,0,0,0,0,0,0,0,0,0,0,0,
drop,1,1,0,0,0,1,0,0,0,0,0,0,0,0,0,0,0,0,0,0,0,0,0,0,0,
dump,6,6,0,0,3,6,0,0,0,0,0,0,0,0,0,0,0,0,0,0,0,0,0,0,0,
Duplicate,6,0,6,0,0,0,2,4,0,0,0,0,0,0,0,0,0,0,0,0,0,0,0,0,0,
Duration,2,0,0,2,0,0,0,2,0,0,0,0,0,0,0,0,0,0,0,0,0,0,0,0,0,
Eas,4,1,0,3,0,1,0,0,3,0,0,0,0,0,0,0,0,0,0,0,0,0,0,0,0,
Easy,1,1,0,0,0,1,0,0,0,0,0,0,0,0,0,0,0,0,0,0,0,0,0,0,0,
Ebay,1,0,1,0,0,0,1,0,0,0,0,0,0,0,0,0,0,0,0,0,0,0,0,0,0,
Eclair,1,0,1,0,0,0,1,0,0,0,0,0,0,0,0,0,0,0,0,0,0,0,0,0,0,
Edge,1,0,1,0,0,0,0,0,0,1,0,0,0,0,0,0,0,0,0,0,0,0,0,0,0,
Edit,10,3,4,3,1,3,1,0,2,1,3,0,0,0,0,0,0,0,0,0,0,0,0,0,0,
Editor,1,0,0,1,0,0,1,0,0,0,0,0,0,0,0,0,0,0,0,0,0,0,0,0,0,
Efficient,2,0,2,0,0,0,2,0,0,0,0,0,0,0,0,0,0,0,0,0,0,0,0,0,0,
Eldest,1,0,1,0,0,0,0,0,0,1,0,0,0,0,0,0,0,0,0,0,0,0,0,0,0,
Element,6,0,4,2,0,0,3,2,1,0,0,0,0,0,0,0,0,0,0,0,0,0,0,0,0,
Elements,1,0,0,1,0,0,1,0,0,0,0,0,0,0,0,0,0,0,0,0,0,0,0,0,0,
Eligible,1,0,1,0,0,0,1,0,0,0,0,0,0,0,0,0,0,0,0,0,0,0,0,0,0,
Email,29,11,14,4,0,11,11,5,2,0,0,0,0,0,0,0,0,0,0,0,0,0,0,0,0,
Email2,2,0,0,2,0,0,0,1,0,1,0,0,0,0,0,0,0,0,0,0,0,0,0,0,0,
Eml,1,0,1,0,0,0,0,1,0,0,0,0,0,0,0,0,0,0,0,0,0,0,0,0,0,
Empty,25,1,4,20,0,1,6,0,4,9,3,2,0,0,0,0,0,0,0,0,0,0,0,0,0,
Enable,17,7,10,0,0,7,10,0,0,0,0,0,0,0,0,0,0,0,0,0,0,0,0,0,0,
Enabled,10,0,2,8,0,0,1,4,5,0,0,0,0,0,0,0,0,0,0,0,0,0,0,0,0,
Encode,8,4,3,1,1,4,3,0,0,1,0,0,0,0,0,0,0,0,0,0,0,0,0,0,0,
Encode2,5,0,3,2,0,0,0,0,4,0,1,0,0,0,0,0,0,0,0,0,0,0,0,0,0,
Encoded,2,0,2,0,0,0,1,0,0,1,0,0,0,0,0,0,0,0,0,0,0,0,0,0,0,
Encoder,2,0,0,2,0,0,1,0,1,0,0,0,0,0,0,0,0,0,0,0,0,0,0,0,0,
Encoding,1,0,1,0,0,0,1,0,0,0,0,0,0,0,0,0,0,0,0,0,0,0,0,0,0,
End,4,2,0,2,0,2,0,1,1,0,0,0,0,0,0,0,0,0,0,0,0,0,0,0,0,
Ensure,5,4,1,0,0,4,1,0,0,0,0,0,0,0,0,0,0,0,0,0,0,0,0,0,0,
Entity,1,0,1,0,0,0,0,0,1,0,0,0,0,0,0,0,0,0,0,0,0,0,0,0,0,
Entry,8,2,0,6,0,2,5,0,0,0,1,0,0,0,0,0,0,0,0,0,0,0,0,0,0,
Enueue,1,0,0,1,0,0,1,0,0,0,0,0,0,0,0,0,0,0,0,0,0,0,0,0,0,
Envelope,2,0,0,2,0,0,0,0,2,0,0,0,0,0,0,0,0,0,0,0,0,0,0,0,0,
EOL,2,1,0,1,0,1,0,1,0,0,0,0,0,0,0,0,0,0,0,0,0,0,0,0,0,
EOS,1,0,1,0,0,0,1,0,0,0,0,0,0,0,0,0,0,0,0,0,0,0,0,0,0,
Ep,1,0,1,0,0,0,1,0,0,0,0,0,0,0,0,0,0,0,0,0,0,0,0,0,0,
Equal,7,0,0,7,0,0,0,4,3,0,0,0,0,0,0,0,0,0,0,0,0,0,0,0,0,
Equals,18,13,2,3,9,13,3,1,0,1,0,0,0,0,0,0,0,0,0,0,0,0,0,0,0,
Error,11,0,7,4,0,0,2,1,7,1,0,0,0,0,0,0,0,0,0,0,0,0,0,0,0,
Escape,5,2,3,0,0,2,1,0,2,0,0,0,0,0,0,0,0,0,0,0,0,0,0,0,0,
Except,1,0,1,0,0,0,0,1,0,0,0,0,0,0,0,0,0,0,0,0,0,0,0,0,0,
Exception,15,0,1,14,0,0,3,4,4,2,2,0,0,0,0,0,0,0,0,0,0,0,0,0,0,
Excess,1,0,1,0,0,0,1,0,0,0,0,0,0,0,0,0,0,0,0,0,0,0,0,0,0,
Exchange,9,0,9,0,0,0,4,5,0,0,0,0,0,0,0,0,0,0,0,0,0,0,0,0,0,
Execute,15,9,3,3,0,9,0,3,3,0,0,0,0,0,0,0,0,0,0,0,0,0,0,0,0,
Exist,2,0,0,2,0,0,0,0,1,0,0,0,1,0,0,0,0,0,0,0,0,0,0,0,0,
Existing,2,0,1,1,0,0,1,0,0,0,1,0,0,0,0,0,0,0,0,0,0,0,0,0,0,
Exists,8,3,2,3,3,3,2,3,0,0,0,0,0,0,0,0,0,0,0,0,0,0,0,0,0,
expand,4,3,1,0,0,3,1,0,0,0,0,0,0,0,0,0,0,0,0,0,0,0,0,0,0,
Expect,17,14,2,1,2,14,2,1,0,0,0,0,0,0,0,0,0,0,0,0,0,0,0,0,0,
Expiration,4,0,3,1,0,0,0,2,1,1,0,0,0,0,0,0,0,0,0,0,0,0,0,0,0,
Expired,3,0,3,0,0,0,2,1,0,0,0,0,0,0,0,0,0,0,0,0,0,0,0,0,0,
Expiring,4,0,3,1,0,0,0,4,0,0,0,0,0,0,0,0,0,0,0,0,0,0,0,0,0,
Explicitly,1,0,1,0,0,0,0,0,0,0,1,0,0,0,0,0,0,0,0,0,0,0,0,0,0,
Expunge,5,3,1,1,3,3,2,0,0,0,0,0,0,0,0,0,0,0,0,0,0,0,0,0,0,
Extended,2,0,2,0,0,0,2,0,0,0,0,0,0,0,0,0,0,0,0,0,0,0,0,0,0,
Extension,2,0,0,2,0,0,0,1,1,0,0,0,0,0,0,0,0,0,0,0,0,0,0,0,0,
Extensions,1,0,0,1,0,0,0,0,0,1,0,0,0,0,0,0,0,0,0,0,0,0,0,0,0,
External,5,0,5,0,0,0,5,0,0,0,0,0,0,0,0,0,0,0,0,0,0,0,0,0,0,
Extra,2,0,1,1,0,0,0,1,1,0,0,0,0,0,0,0,0,0,0,0,0,0,0,0,0,
Extras,3,0,0,3,0,0,1,0,2,0,0,0,0,0,0,0,0,0,0,0,0,0,0,0,0,
Factory,5,0,1,4,0,0,0,3,2,0,0,0,0,0,0,0,0,0,0,0,0,0,0,0,0,
Fail,5,1,0,4,0,1,1,0,0,2,0,1,0,0,0,0,0,0,0,0,0,0,0,0,0,
Failed,6,0,4,2,0,0,0,4,2,0,0,0,0,0,0,0,0,0,0,0,0,0,0,0,0,
Failure,2,0,0,2,0,0,0,2,0,0,0,0,0,0,0,0,0,0,0,0,0,0,0,0,0,
Favorite,2,0,1,1,0,0,1,0,1,0,0,0,0,0,0,0,0,0,0,0,0,0,0,0,0,
Features,2,0,0,2,0,0,2,0,0,0,0,0,0,0,0,0,0,0,0,0,0,0,0,0,0,
Fetch,14,5,9,0,2,5,8,1,0,0,0,0,0,0,0,0,0,0,0,0,0,0,0,0,0,
Fetched,1,0,1,0,0,0,1,0,0,0,0,0,0,0,0,0,0,0,0,0,0,0,0,0,0,
Field,3,0,1,2,0,0,0,1,2,0,0,0,0,0,0,0,0,0,0,0,0,0,0,0,0,
Fields,14,0,5,9,0,0,4,1,9,0,0,0,0,0,0,0,0,0,0,0,0,0,0,0,0,
File,29,0,15,14,0,0,5,15,9,0,0,0,0,0,0,0,0,0,0,0,0,0,0,0,0,
Filename,3,0,2,1,0,0,1,2,0,0,0,0,0,0,0,0,0,0,0,0,0,0,0,0,0,
Files,7,0,0,7,0,0,0,3,1,3,0,0,0,0,0,0,0,0,0,0,0,0,0,0,0,
fill,1,1,0,0,0,1,0,0,0,0,0,0,0,0,0,0,0,0,0,0,0,0,0,0,0,
Filtering,1,0,0,1,0,0,0,0,1,0,0,0,0,0,0,0,0,0,0,0,0,0,0,0,0,
Final,1,1,0,0,0,1,0,0,0,0,0,0,0,0,0,0,0,0,0,0,0,0,0,0,0,
Finalize,4,2,1,1,2,2,0,2,0,0,0,0,0,0,0,0,0,0,0,0,0,0,0,0,0,
Find,18,10,8,0,0,10,5,0,3,0,0,0,0,0,0,0,0,0,0,0,0,0,0,0,0,
finish,5,3,2,0,1,3,2,0,0,0,0,0,0,0,0,0,0,0,0,0,0,0,0,0,0,
Finished,11,0,0,11,0,0,0,11,0,0,0,0,0,0,0,0,0,0,0,0,0,0,0,0,0,
First,8,0,6,2,0,0,6,2,0,0,0,0,0,0,0,0,0,0,0,0,0,0,0,0,0,
fix,3,3,0,0,0,3,0,0,0,0,0,0,0,0,0,0,0,0,0,0,0,0,0,0,0,
Fixed,2,1,1,0,0,1,1,0,0,0,0,0,0,0,0,0,0,0,0,0,0,0,0,0,0,
fixup,1,1,0,0,0,1,0,0,0,0,0,0,0,0,0,0,0,0,0,0,0,0,0,0,0,
Flag,12,0,5,7,0,0,4,3,3,2,0,0,0,0,0,0,0,0,0,0,0,0,0,0,0,
Flags,25,1,6,18,0,1,7,14,2,1,0,0,0,0,0,0,0,0,0,0,0,0,0,0,0,
Flatten,2,1,0,1,1,1,1,0,0,0,0,0,0,0,0,0,0,0,0,0,0,0,0,0,0,
Float,2,0,0,2,0,0,2,0,0,0,0,0,0,0,0,0,0,0,0,0,0,0,0,0,0,
Flow,2,0,2,0,0,0,2,0,0,0,0,0,0,0,0,0,0,0,0,0,0,0,0,0,0,
flush,4,2,0,2,1,2,2,0,0,0,0,0,0,0,0,0,0,0,0,0,0,0,0,0,0,
Focus,1,0,1,0,0,0,1,0,0,0,0,0,0,0,0,0,0,0,0,0,0,0,0,0,0,
Fold,6,0,6,0,0,0,4,1,1,0,0,0,0,0,0,0,0,0,0,0,0,0,0,0,0,
Folder,48,3,27,18,0,3,23,20,0,1,1,0,0,0,0,0,0,0,0,0,0,0,0,0,0,
Folders,10,0,1,9,0,0,4,3,3,0,0,0,0,0,0,0,0,0,0,0,0,0,0,0,0,
For,76,0,76,0,0,0,12,36,20,8,0,0,0,0,0,0,0,0,0,0,0,0,0,0,0,
force,1,1,0,0,0,1,0,0,0,0,0,0,0,0,0,0,0,0,0,0,0,0,0,0,0,
format,2,1,0,1,0,1,0,0,1,0,0,0,0,0,0,0,0,0,0,0,0,0,0,0,0,
Forward,2,0,1,1,0,0,0,1,0,0,1,0,0,0,0,0,0,0,0,0,0,0,0,0,0,
Forwarding,1,1,0,0,0,1,0,0,0,0,0,0,0,0,0,0,0,0,0,0,0,0,0,0,0,
Found,2,0,0,2,0,0,0,0,2,0,0,0,0,0,0,0,0,0,0,0,0,0,0,0,0,
FQ,1,0,1,0,0,0,0,1,0,0,0,0,0,0,0,0,0,0,0,0,0,0,0,0,0,
Fragment,16,0,2,14,0,0,0,8,7,1,0,0,0,0,0,0,0,0,0,0,0,0,0,0,0,
Frequency,3,2,1,0,0,2,0,1,0,0,0,0,0,0,0,0,0,0,0,0,0,0,0,0,0,
From,67,7,59,1,0,7,20,19,19,1,1,0,0,0,0,0,0,0,0,0,0,0,0,0,0,
Full,1,0,1,0,0,0,0,1,0,0,0,0,0,0,0,0,0,0,0,0,0,0,0,0,0,
Functions,3,0,0,3,0,0,0,0,3,0,0,0,0,0,0,0,0,0,0,0,0,0,0,0,0,
gen,13,13,0,0,0,13,0,0,0,0,0,0,0,0,0,0,0,0,0,0,0,0,0,0,0,
generate,3,3,0,0,0,3,0,0,0,0,0,0,0,0,0,0,0,0,0,0,0,0,0,0,0,
Generic,1,0,0,1,0,0,0,1,0,0,0,0,0,0,0,0,0,0,0,0,0,0,0,0,0,
get,511,449,62,0,3,449,57,2,3,0,0,0,0,0,0,0,0,0,0,0,0,0,0,0,0,
Gmail,1,0,0,1,0,0,0,0,1,0,0,0,0,0,0,0,0,0,0,0,0,0,0,0,0,
Good,6,0,6,0,0,0,6,0,0,0,0,0,0,0,0,0,0,0,0,0,0,0,0,0,0,
Guess,1,0,1,0,0,0,1,0,0,0,0,0,0,0,0,0,0,0,0,0,0,0,0,0,0,
handle,9,7,2,0,0,7,2,0,0,0,0,0,0,0,0,0,0,0,0,0,0,0,0,0,0,
Handler,4,0,1,3,0,0,1,1,2,0,0,0,0,0,0,0,0,0,0,0,0,0,0,0,0,
Handshake,1,0,1,0,0,0,1,0,0,0,0,0,0,0,0,0,0,0,0,0,0,0,0,0,0,
has,13,10,3,0,0,10,0,2,1,0,0,0,0,0,0,0,0,0,0,0,0,0,0,0,0,
Hash,9,7,1,1,0,7,0,2,0,0,0,0,0,0,0,0,0,0,0,0,0,0,0,0,0,
Hashes,2,0,0,2,0,0,1,1,0,0,0,0,0,0,0,0,0,0,0,0,0,0,0,0,0,
Have,3,2,1,0,0,2,1,0,0,0,0,0,0,0,0,0,0,0,0,0,0,0,0,0,0,
Header,7,0,2,5,0,0,2,4,1,0,0,0,0,0,0,0,0,0,0,0,0,0,0,0,0,
Headers,5,0,0,5,0,0,0,3,2,0,0,0,0,0,0,0,0,0,0,0,0,0,0,0,0,
Helper,5,0,0,5,0,0,2,1,0,1,1,0,0,0,0,0,0,0,0,0,0,0,0,0,0,
Hex,1,0,0,1,0,0,0,1,0,0,0,0,0,0,0,0,0,0,0,0,0,0,0,0,0,
Hierarchical,2,0,2,0,0,0,2,0,0,0,0,0,0,0,0,0,0,0,0,0,0,0,0,0,0,
Hierarchy,2,0,0,2,0,0,1,1,0,0,0,0,0,0,0,0,0,0,0,0,0,0,0,0,0,
Highlight,8,0,8,0,0,0,8,0,0,0,0,0,0,0,0,0,0,0,0,0,0,0,0,0,0,
Hold,8,0,6,2,0,0,0,5,2,1,0,0,0,0,0,0,0,0,0,0,0,0,0,0,0,
Host,23,2,19,2,0,2,15,1,5,0,0,0,0,0,0,0,0,0,0,0,0,0,0,0,0,
Hostname,4,0,2,2,0,0,4,0,0,0,0,0,0,0,0,0,0,0,0,0,0,0,0,0,0,
Html,7,0,6,1,0,0,2,4,0,1,0,0,0,0,0,0,0,0,0,0,0,0,0,0,0,
Http,1,0,1,0,0,0,1,0,0,0,0,0,0,0,0,0,0,0,0,0,0,0,0,0,0,
Icon,2,0,0,2,0,0,0,0,2,0,0,0,0,0,0,0,0,0,0,0,0,0,0,0,0,
Id,110,0,37,73,0,0,2,42,24,21,11,6,2,2,0,0,0,0,0,0,0,0,0,0,0,
Ids,3,0,3,0,0,0,0,3,0,0,0,0,0,0,0,0,0,0,0,0,0,0,0,0,0,
If,2,0,2,0,0,0,2,0,0,0,0,0,0,0,0,0,0,0,0,0,0,0,0,0,0,
Illegal,1,0,1,0,0,0,1,0,0,0,0,0,0,0,0,0,0,0,0,0,0,0,0,0,0,
Image,1,0,1,0,0,0,1,0,0,0,0,0,0,0,0,0,0,0,0,0,0,0,0,0,0,
Imap,39,12,24,3,0,12,19,5,3,0,0,0,0,0,0,0,0,0,0,0,0,0,0,0,0,
Img,2,0,0,2,0,0,0,2,0,0,0,0,0,0,0,0,0,0,0,0,0,0,0,0,0,
Impl,10,4,0,6,0,4,1,4,1,0,0,0,0,0,0,0,0,0,0,0,0,0,0,0,0,
In,23,0,21,2,0,0,19,1,2,1,0,0,0,0,0,0,0,0,0,0,0,0,0,0,0,
Inactive,1,0,1,0,0,0,1,0,0,0,0,0,0,0,0,0,0,0,0,0,0,0,0,0,0,
Inbox,3,0,3,0,0,0,2,0,0,1,0,0,0,0,0,0,0,0,0,0,0,0,0,0,0,
Incoming,11,0,10,1,0,0,8,2,1,0,0,0,0,0,0,0,0,0,0,0,0,0,0,0,0,
Index,6,2,0,4,0,2,2,1,1,0,0,0,0,0,0,0,0,0,0,0,0,0,0,0,0,
Indices,1,0,0,1,0,0,0,0,0,0,1,0,0,0,0,0,0,0,0,0,0,0,0,0,0,
infer,4,3,1,0,0,3,1,0,0,0,0,0,0,0,0,0,0,0,0,0,0,0,0,0,0,
inflate,3,1,0,2,0,1,0,2,0,0,0,0,0,0,0,0,0,0,0,0,0,0,0,0,0,
Info,12,0,3,9,0,0,1,9,2,0,0,0,0,0,0,0,0,0,0,0,0,0,0,0,0,
Information,1,0,0,1,0,0,0,0,1,0,0,0,0,0,0,0,0,0,0,0,0,0,0,0,0,
init,18,18,0,0,6,18,0,0,0,0,0,0,0,0,0,0,0,0,0,0,0,0,0,0,0,
Initial,2,1,1,0,0,1,1,0,0,0,0,0,0,0,0,0,0,0,0,0,0,0,0,0,0,
Initialization,3,0,2,1,0,0,0,0,3,0,0,0,0,0,0,0,0,0,0,0,0,0,0,0,0,
initiate,4,4,0,0,0,4,0,0,0,0,0,0,0,0,0,0,0,0,0,0,0,0,0,0,0,
Inject,6,3,3,0,1,3,0,3,0,0,0,0,0,0,0,0,0,0,0,0,0,0,0,0,0,
Inline,3,0,3,0,0,0,3,0,0,0,0,0,0,0,0,0,0,0,0,0,0,0,0,0,0,
Inner,1,1,0,0,0,1,0,0,0,0,0,0,0,0,0,0,0,0,0,0,0,0,0,0,0,
Input,11,0,10,1,0,0,5,5,1,0,0,0,0,0,0,0,0,0,0,0,0,0,0,0,0,
Insecure,1,0,0,1,0,0,1,0,0,0,0,0,0,0,0,0,0,0,0,0,0,0,0,0,0,
insert,3,3,0,0,3,3,0,0,0,0,0,0,0,0,0,0,0,0,0,0,0,0,0,0,0,
Installed,1,0,0,1,0,0,0,0,1,0,0,0,0,0,0,0,0,0,0,0,0,0,0,0,0,
Installer,1,0,0,1,0,0,0,0,0,1,0,0,0,0,0,0,0,0,0,0,0,0,0,0,0,
Instance,59,0,20,39,0,0,41,18,0,0,0,0,0,0,0,0,0,0,0,0,0,0,0,0,0,
instantiate,1,1,0,0,0,1,0,0,0,0,0,0,0,0,0,0,0,0,0,0,0,0,0,0,0,
Int,3,0,0,3,0,0,2,0,1,0,0,0,0,0,0,0,0,0,0,0,0,0,0,0,0,
Integer,1,0,1,0,0,0,1,0,0,0,0,0,0,0,0,0,0,0,0,0,0,0,0,0,0,
Intent,43,0,7,36,0,0,7,12,11,11,2,0,0,0,0,0,0,0,0,0,0,0,0,0,0,
Internal,14,0,0,14,0,0,2,6,5,1,0,0,0,0,0,0,0,0,0,0,0,0,0,0,0,
Interrupt,2,0,0,2,0,0,0,2,0,0,0,0,0,0,0,0,0,0,0,0,0,0,0,0,0,
Interval,3,0,0,3,0,0,0,2,1,0,0,0,0,0,0,0,0,0,0,0,0,0,0,0,0,
Intervals,1,0,0,1,0,0,0,1,0,0,0,0,0,0,0,0,0,0,0,0,0,0,0,0,0,
Invalid,2,0,2,0,0,0,1,0,0,0,0,0,1,0,0,0,0,0,0,0,0,0,0,0,0,
invalidate,3,3,0,0,1,3,0,0,0,0,0,0,0,0,0,0,0,0,0,0,0,0,0,0,0,
IO,8,1,7,0,0,1,1,3,1,2,0,0,0,0,0,0,0,0,0,0,0,0,0,0,0,
is,92,80,11,1,2,80,6,3,2,1,0,0,0,0,0,0,0,0,0,0,0,0,0,0,0,
Isolated,1,0,1,0,0,0,1,0,0,0,0,0,0,0,0,0,0,0,0,0,0,0,0,0,0,
issue,1,1,0,0,0,1,0,0,0,0,0,0,0,0,0,0,0,0,0,0,0,0,0,0,0,
Issuers,1,0,0,1,0,0,0,1,0,0,0,0,0,0,0,0,0,0,0,0,0,0,0,0,0,
Item,9,0,9,0,0,0,5,4,0,0,0,0,0,0,0,0,0,0,0,0,0,0,0,0,0,
Join,2,1,1,0,0,1,1,0,0,0,0,0,0,0,0,0,0,0,0,0,0,0,0,0,0,
JSON,13,0,2,11,0,0,8,0,3,0,2,0,0,0,0,0,0,0,0,0,0,0,0,0,0,
Just,1,0,1,0,0,0,0,0,0,1,0,0,0,0,0,0,0,0,0,0,0,0,0,0,0,
Key,13,1,5,7,0,1,3,3,3,0,2,1,0,0,0,0,0,0,0,0,0,0,0,0,0,
Keyed,6,0,6,0,0,0,5,1,0,0,0,0,0,0,0,0,0,0,0,0,0,0,0,0,0,
Keys,2,0,0,2,0,0,0,1,1,0,0,0,0,0,0,0,0,0,0,0,0,0,0,0,0,
kick,4,4,0,0,1,4,0,0,0,0,0,0,0,0,0,0,0,0,0,0,0,0,0,0,0,
kill,1,1,0,0,0,1,0,0,0,0,0,0,0,0,0,0,0,0,0,0,0,0,0,0,0,
Label,2,0,0,2,0,0,0,0,2,0,0,0,0,0,0,0,0,0,0,0,0,0,0,0,0,
Last,12,0,9,3,0,0,8,2,1,0,1,0,0,0,0,0,0,0,0,0,0,0,0,0,0,
Legacy,10,1,9,0,0,1,8,1,0,0,0,0,0,0,0,0,0,0,0,0,0,0,0,0,0,
Length,3,0,2,1,0,0,2,1,0,0,0,0,0,0,0,0,0,0,0,0,0,0,0,0,0,
Less,1,0,1,0,0,0,0,0,0,0,0,1,0,0,0,0,0,0,0,0,0,0,0,0,0,
Letter,1,0,0,1,0,0,0,1,0,0,0,0,0,0,0,0,0,0,0,0,0,0,0,0,0,
Lf,2,0,1,1,0,0,0,2,0,0,0,0,0,0,0,0,0,0,0,0,0,0,0,0,0,
Limit,3,0,1,2,0,0,1,1,0,1,0,0,0,0,0,0,0,0,0,0,0,0,0,0,0,
Line,9,0,2,7,0,0,5,4,0,0,0,0,0,0,0,0,0,0,0,0,0,0,0,0,0,
Lines,1,0,0,1,0,0,1,0,0,0,0,0,0,0,0,0,0,0,0,0,0,0,0,0,0,
List,30,0,17,13,0,0,8,18,2,2,0,0,0,0,0,0,0,0,0,0,0,0,0,0,0,
Listener,3,0,1,2,0,0,0,1,0,0,2,0,0,0,0,0,0,0,0,0,0,0,0,0,0,
Literal,10,0,3,7,0,0,4,1,3,1,0,1,0,0,0,0,0,0,0,0,0,0,0,0,0,
Literally,1,0,0,1,0,0,1,0,0,0,0,0,0,0,0,0,0,0,0,0,0,0,0,0,0,
Load,35,23,12,0,0,23,11,1,0,0,0,0,0,0,0,0,0,0,0,0,0,0,0,0,0,
Loaded,7,0,0,7,0,0,2,1,4,0,0,0,0,0,0,0,0,0,0,0,0,0,0,0,0,
Loader,31,0,4,27,0,0,6,15,6,4,0,0,0,0,0,0,0,0,0,0,0,0,0,0,0,
Loading,3,0,0,3,0,0,0,2,1,0,0,0,0,0,0,0,0,0,0,0,0,0,0,0,0,
loads,1,1,0,0,0,1,0,0,0,0,0,0,0,0,0,0,0,0,0,0,0,0,0,0,0,
Local,6,2,4,0,0,2,3,1,0,0,0,0,0,0,0,0,0,0,0,0,0,0,0,0,0,
Locales,2,0,0,2,0,0,0,0,0,0,0,0,2,0,0,0,0,0,0,0,0,0,0,0,0,
Lock,2,1,1,0,1,1,1,0,0,0,0,0,0,0,0,0,0,0,0,0,0,0,0,0,0,
Locked,1,0,0,1,0,0,0,0,0,0,1,0,0,0,0,0,0,0,0,0,0,0,0,0,0,
Log,9,5,3,1,1,5,1,1,2,0,0,0,0,0,0,0,0,0,0,0,0,0,0,0,0,
Logger,2,0,0,2,0,0,1,1,0,0,0,0,0,0,0,0,0,0,0,0,0,0,0,0,0,
Logging,10,1,1,8,0,1,2,0,5,2,0,0,0,0,0,0,0,0,0,0,0,0,0,0,0,
Login,15,0,6,9,0,0,9,6,0,0,0,0,0,0,0,0,0,0,0,0,0,0,0,0,0,
Long,11,0,6,5,0,0,4,2,3,1,1,0,0,0,0,0,0,0,0,0,0,0,0,0,0,
Lookback,4,0,2,2,0,0,2,2,0,0,0,0,0,0,0,0,0,0,0,0,0,0,0,0,0,
Lookup,2,1,1,0,0,1,1,0,0,0,0,0,0,0,0,0,0,0,0,0,0,0,0,0,0,
Loop,2,0,0,2,0,0,2,0,0,0,0,0,0,0,0,0,0,0,0,0,0,0,0,0,0,
Looper,1,0,0,1,0,0,1,0,0,0,0,0,0,0,0,0,0,0,0,0,0,0,0,0,0,
Low,1,0,0,1,0,0,0,1,0,0,0,0,0,0,0,0,0,0,0,0,0,0,0,0,0,
Mail,4,1,1,2,0,1,3,0,0,0,0,0,0,0,0,0,0,0,0,0,0,0,0,0,0,
Mailbox,80,3,53,24,1,3,39,29,5,3,0,1,0,0,0,0,0,0,0,0,0,0,0,0,0,
Mailboxes,5,0,1,4,0,0,1,1,2,1,0,0,0,0,0,0,0,0,0,0,0,0,0,0,0,
Main,1,0,1,0,0,0,1,0,0,0,0,0,0,0,0,0,0,0,0,0,0,0,0,0,0,
make,8,7,1,0,0,7,1,0,0,0,0,0,0,0,0,0,0,0,0,0,0,0,0,0,0,
Malformed,3,1,1,1,1,1,1,0,0,1,0,0,0,0,0,0,0,0,0,0,0,0,0,0,0,
Manager,21,0,17,4,0,0,1,14,4,2,0,0,0,0,0,0,0,0,0,0,0,0,0,0,0,
Managers,2,0,0,2,0,0,0,2,0,0,0,0,0,0,0,0,0,0,0,0,0,0,0,0,0,
Manual,3,0,2,1,0,0,2,0,1,0,0,0,0,0,0,0,0,0,0,0,0,0,0,0,0,
Map,10,0,0,10,0,0,1,3,6,0,0,0,0,0,0,0,0,0,0,0,0,0,0,0,0,
mark,4,4,0,0,0,4,0,0,0,0,0,0,0,0,0,0,0,0,0,0,0,0,0,0,0,
match,4,2,1,1,0,2,2,0,0,0,0,0,0,0,0,0,0,0,0,0,0,0,0,0,0,
Matches,2,0,1,1,0,0,0,0,2,0,0,0,0,0,0,0,0,0,0,0,0,0,0,0,0,
Matrix,2,0,2,0,0,0,2,0,0,0,0,0,0,0,0,0,0,0,0,0,0,0,0,0,0,
Meeting,1,0,1,0,0,0,1,0,0,0,0,0,0,0,0,0,0,0,0,0,0,0,0,0,0,
meets,1,1,0,0,0,1,0,0,0,0,0,0,0,0,0,0,0,0,0,0,0,0,0,0,0,
Memory,2,0,2,0,0,0,1,1,0,0,0,0,0,0,0,0,0,0,0,0,0,0,0,0,0,
Menu,6,0,0,6,0,0,0,1,5,0,0,0,0,0,0,0,0,0,0,0,0,0,0,0,0,
Message,154,8,101,45,1,8,70,40,16,14,6,0,0,0,0,0,0,0,0,0,0,0,0,0,0,
Messages,30,0,9,21,0,0,12,10,8,0,0,0,0,0,0,0,0,0,0,0,0,0,0,0,0,
Messages1,2,0,0,2,0,0,0,2,0,0,0,0,0,0,0,0,0,0,0,0,0,0,0,0,0,
Messages2,2,0,0,2,0,0,0,2,0,0,0,0,0,0,0,0,0,0,0,0,0,0,0,0,0,
Messages3,1,0,0,1,0,0,0,1,0,0,0,0,0,0,0,0,0,0,0,0,0,0,0,0,0,
Messages4,1,0,0,1,0,0,0,1,0,0,0,0,0,0,0,0,0,0,0,0,0,0,0,0,0,
Messages5,1,0,0,1,0,0,0,1,0,0,0,0,0,0,0,0,0,0,0,0,0,0,0,0,0,
Messages6,1,0,0,1,0,0,0,1,0,0,0,0,0,0,0,0,0,0,0,0,0,0,0,0,0,
Messages7,1,0,0,1,0,0,0,1,0,0,0,0,0,0,0,0,0,0,0,0,0,0,0,0,0,
Messages8,1,0,0,1,0,0,0,1,0,0,0,0,0,0,0,0,0,0,0,0,0,0,0,0,0,
Messaging,2,0,2,0,0,0,1,0,1,0,0,0,0,0,0,0,0,0,0,0,0,0,0,0,0,
Met,1,0,0,1,0,0,1,0,0,0,0,0,0,0,0,0,0,0,0,0,0,0,0,0,0,
migrate,5,5,0,0,1,5,0,0,0,0,0,0,0,0,0,0,0,0,0,0,0,0,0,0,0,
Migration,1,0,1,0,0,0,1,0,0,0,0,0,0,0,0,0,0,0,0,0,0,0,0,0,0,
Migrator,1,0,0,1,0,0,0,1,0,0,0,0,0,0,0,0,0,0,0,0,0,0,0,0,0,
Millis,2,0,0,2,0,0,0,0,0,1,1,0,0,0,0,0,0,0,0,0,0,0,0,0,0,
Mime,7,1,6,0,0,1,4,2,0,0,0,0,0,0,0,0,0,0,0,0,0,0,0,0,0,
Minus,1,0,1,0,0,0,1,0,0,0,0,0,0,0,0,0,0,0,0,0,0,0,0,0,0,
Mixed,1,0,1,0,0,0,0,0,1,0,0,0,0,0,0,0,0,0,0,0,0,0,0,0,0,
Mock,13,5,8,0,0,5,5,0,3,0,0,0,0,0,0,0,0,0,0,0,0,0,0,0,0,
Mode,12,0,0,12,0,0,4,4,3,1,0,0,0,0,0,0,0,0,0,0,0,0,0,0,0,
Modified,1,1,0,0,0,1,0,0,0,0,0,0,0,0,0,0,0,0,0,0,0,0,0,0,0,
Modify,2,0,0,2,0,0,2,0,0,0,0,0,0,0,0,0,0,0,0,0,0,0,0,0,0,
Monitor,2,1,0,1,0,1,0,1,0,0,0,0,0,0,0,0,0,0,0,0,0,0,0,0,0,
More,2,0,1,1,0,0,0,0,1,1,0,0,0,0,0,0,0,0,0,0,0,0,0,0,0,
most,1,1,0,0,0,1,0,0,0,0,0,0,0,0,0,0,0,0,0,0,0,0,0,0,0,
Mounted,1,0,0,1,0,0,0,0,1,0,0,0,0,0,0,0,0,0,0,0,0,0,0,0,0,
Move,14,8,3,3,1,8,2,3,1,0,0,0,0,0,0,0,0,0,0,0,0,0,0,0,0,
Moved,1,0,0,1,0,0,0,0,1,0,0,0,0,0,0,0,0,0,0,0,0,0,0,0,0,
Moves,1,0,0,1,0,0,1,0,0,0,0,0,0,0,0,0,0,0,0,0,0,0,0,0,0,
Msg,1,0,1,0,0,0,1,0,0,0,0,0,0,0,0,0,0,0,0,0,0,0,0,0,0,
Multi,4,0,3,1,0,0,2,0,2,0,0,0,0,0,0,0,0,0,0,0,0,0,0,0,0,
Multipart,2,1,0,1,0,1,0,0,0,1,0,0,0,0,0,0,0,0,0,0,0,0,0,0,0,
My,6,5,1,0,0,5,1,0,0,0,0,0,0,0,0,0,0,0,0,0,0,0,0,0,0,
Name,36,0,6,30,0,0,4,22,8,2,0,0,0,0,0,0,0,0,0,0,0,0,0,0,0,
Names,2,0,1,1,0,0,0,2,0,0,0,0,0,0,0,0,0,0,0,0,0,0,0,0,0,
Namespace,1,0,0,1,0,0,0,1,0,0,0,0,0,0,0,0,0,0,0,0,0,0,0,0,0,
Needed,3,0,2,1,0,0,0,3,0,0,0,0,0,0,0,0,0,0,0,0,0,0,0,0,0,
Needs,2,1,1,0,0,1,0,0,0,1,0,0,0,0,0,0,0,0,0,0,0,0,0,0,0,
Nest,1,0,0,1,0,0,1,0,0,0,0,0,0,0,0,0,0,0,0,0,0,0,0,0,0,
Network,1,0,1,0,0,0,0,1,0,0,0,0,0,0,0,0,0,0,0,0,0,0,0,0,0,
New,49,41,8,0,0,41,5,1,0,1,1,0,0,0,0,0,0,0,0,0,0,0,0,0,0,
Next,17,0,16,1,0,0,13,2,0,2,0,0,0,0,0,0,0,0,0,0,0,0,0,0,0,
Nil,2,0,1,1,0,0,2,0,0,0,0,0,0,0,0,0,0,0,0,0,0,0,0,0,0,
No,16,0,15,1,0,0,4,4,7,1,0,0,0,0,0,0,0,0,0,0,0,0,0,0,0,
Non,1,0,1,0,0,0,0,0,1,0,0,0,0,0,0,0,0,0,0,0,0,0,0,0,0,
None,4,0,1,3,0,0,1,0,1,2,0,0,0,0,0,0,0,0,0,0,0,0,0,0,0,
Noop,2,0,1,1,0,0,2,0,0,0,0,0,0,0,0,0,0,0,0,0,0,0,0,0,0,
normalize,1,1,0,0,1,1,0,0,0,0,0,0,0,0,0,0,0,0,0,0,0,0,0,0,0,
Not,9,1,8,0,0,1,1,3,1,1,1,1,0,0,0,0,0,0,0,0,0,0,0,0,0,
Note,2,0,2,0,0,0,2,0,0,0,0,0,0,0,0,0,0,0,0,0,0,0,0,0,0,
Notification,28,2,14,12,0,2,6,8,10,1,1,0,0,0,0,0,0,0,0,0,0,0,0,0,0,
Notifications,10,0,5,5,0,0,3,5,2,0,0,0,0,0,0,0,0,0,0,0,0,0,0,0,0,
Notifier,1,0,1,0,0,0,1,0,0,0,0,0,0,0,0,0,0,0,0,0,0,0,0,0,0,
notify,8,7,1,0,0,7,1,0,0,0,0,0,0,0,0,0,0,0,0,0,0,0,0,0,0,
Null,10,0,4,6,0,0,1,0,1,5,3,0,0,0,0,0,0,0,0,0,0,0,0,0,0,
Number,6,0,4,2,0,0,4,2,0,0,0,0,0,0,0,0,0,0,0,0,0,0,0,0,0,
Nums,1,0,0,1,0,0,0,1,0,0,0,0,0,0,0,0,0,0,0,0,0,0,0,0,0,
O,10,3,7,0,1,3,4,3,0,0,0,0,0,0,0,0,0,0,0,0,0,0,0,0,0,
Object,2,0,0,2,0,0,0,1,1,0,0,0,0,0,0,0,0,0,0,0,0,0,0,0,0,
Observer,6,0,0,6,0,0,3,3,0,0,0,0,0,0,0,0,0,0,0,0,0,0,0,0,0,
Observers,1,0,0,1,0,0,0,1,0,0,0,0,0,0,0,0,0,0,0,0,0,0,0,0,0,
Of,8,0,8,0,0,0,0,5,2,1,0,0,0,0,0,0,0,0,0,0,0,0,0,0,0,
Ok,5,0,2,3,0,0,2,2,1,0,0,0,0,0,0,0,0,0,0,0,0,0,0,0,0,
On,310,301,9,0,0,301,5,1,1,0,2,0,0,0,0,0,0,0,0,0,0,0,0,0,0,
One,11,0,11,0,0,0,9,2,0,0,0,0,0,0,0,0,0,0,0,0,0,0,0,0,0,
Ongoing,1,0,1,0,0,0,1,0,0,0,0,0,0,0,0,0,0,0,0,0,0,0,0,0,0,
Only,3,0,2,1,0,0,0,3,0,0,0,0,0,0,0,0,0,0,0,0,0,0,0,0,0,
Open,28,12,6,10,6,12,14,2,0,0,0,0,0,0,0,0,0,0,0,0,0,0,0,0,0,
Operation,1,0,0,1,0,0,1,0,0,0,0,0,0,0,0,0,0,0,0,0,0,0,0,0,0,
Operations,3,0,1,2,0,0,2,1,0,0,0,0,0,0,0,0,0,0,0,0,0,0,0,0,0,
Ops,2,0,1,1,0,0,0,2,0,0,0,0,0,0,0,0,0,0,0,0,0,0,0,0,0,
Option,8,0,7,1,0,0,1,7,0,0,0,0,0,0,0,0,0,0,0,0,0,0,0,0,0,
Options,11,0,10,1,0,0,4,6,1,0,0,0,0,0,0,0,0,0,0,0,0,0,0,0,0,
Or,32,0,32,0,0,0,5,6,15,4,2,0,0,0,0,0,0,0,0,0,0,0,0,0,0,
Orphan,2,0,2,0,0,0,0,2,0,0,0,0,0,0,0,0,0,0,0,0,0,0,0,0,0,
Orphans,2,0,0,2,0,0,0,2,0,0,0,0,0,0,0,0,0,0,0,0,0,0,0,0,0,
Others,2,0,0,2,0,0,1,1,0,0,0,0,0,0,0,0,0,0,0,0,0,0,0,0,0,
Outgoing,7,0,6,1,0,0,5,1,1,0,0,0,0,0,0,0,0,0,0,0,0,0,0,0,0,
Output,6,0,6,0,0,0,5,1,0,0,0,0,0,0,0,0,0,0,0,0,0,0,0,0,0,
overflow,1,1,0,0,1,1,0,0,0,0,0,0,0,0,0,0,0,0,0,0,0,0,0,0,0,
Overlap,2,0,2,0,0,0,0,2,0,0,0,0,0,0,0,0,0,0,0,0,0,0,0,0,0,
Override,1,0,1,0,0,0,1,0,0,0,0,0,0,0,0,0,0,0,0,0,0,0,0,0,0,
Package,8,0,5,3,0,0,5,1,1,1,0,0,0,0,0,0,0,0,0,0,0,0,0,0,0,
Packed,3,0,3,0,0,0,3,0,0,0,0,0,0,0,0,0,0,0,0,0,0,0,0,0,0,
Padding,1,0,1,0,0,0,1,0,0,0,0,0,0,0,0,0,0,0,0,0,0,0,0,0,0,
Paint,1,0,0,1,0,0,0,0,1,0,0,0,0,0,0,0,0,0,0,0,0,0,0,0,0,
Parallel,3,0,0,3,0,0,1,1,0,1,0,0,0,0,0,0,0,0,0,0,0,0,0,0,0,
Param,2,0,2,0,0,0,0,2,0,0,0,0,0,0,0,0,0,0,0,0,0,0,0,0,0,
Parameter,1,0,0,1,0,0,0,0,1,0,0,0,0,0,0,0,0,0,0,0,0,0,0,0,0,
Parcel,21,0,0,21,0,0,2,19,0,0,0,0,0,0,0,0,0,0,0,0,0,0,0,0,0,
Parceling,1,0,0,1,0,0,1,0,0,0,0,0,0,0,0,0,0,0,0,0,0,0,0,0,0,
Parcelling,2,0,1,1,0,0,2,0,0,0,0,0,0,0,0,0,0,0,0,0,0,0,0,0,0,
Parent,3,0,3,0,0,0,1,1,0,1,0,0,0,0,0,0,0,0,0,0,0,0,0,0,0,
Parse,26,19,7,0,3,19,6,0,0,0,1,0,0,0,0,0,0,0,0,0,0,0,0,0,0,
Parser,8,0,4,4,0,0,3,5,0,0,0,0,0,0,0,0,0,0,0,0,0,0,0,0,0,
Parsing,2,0,1,1,0,0,1,0,0,1,0,0,0,0,0,0,0,0,0,0,0,0,0,0,0,
Part,10,0,2,8,0,0,3,3,1,3,0,0,0,0,0,0,0,0,0,0,0,0,0,0,0,
Partial,1,0,1,0,0,0,0,0,1,0,0,0,0,0,0,0,0,0,0,0,0,0,0,0,0,
Parts,1,0,0,1,0,0,0,1,0,0,0,0,0,0,0,0,0,0,0,0,0,0,0,0,0,
Password,21,0,12,9,0,0,15,1,2,3,0,0,0,0,0,0,0,0,0,0,0,0,0,0,0,
Path,6,0,3,3,0,0,2,1,2,1,0,0,0,0,0,0,0,0,0,0,0,0,0,0,0,
Pattern,2,0,0,2,0,0,0,0,2,0,0,0,0,0,0,0,0,0,0,0,0,0,0,0,0,
Pause,3,0,0,3,0,0,3,0,0,0,0,0,0,0,0,0,0,0,0,0,0,0,0,0,0,
peek,2,2,0,0,2,2,0,0,0,0,0,0,0,0,0,0,0,0,0,0,0,0,0,0,0,
Peekable,1,1,0,0,0,1,0,0,0,0,0,0,0,0,0,0,0,0,0,0,0,0,0,0,0,
Pending,8,0,8,0,0,0,8,0,0,0,0,0,0,0,0,0,0,0,0,0,0,0,0,0,0,
Percent,1,0,0,1,0,0,0,0,0,0,1,0,0,0,0,0,0,0,0,0,0,0,0,0,0,
perform,3,2,1,0,0,2,1,0,0,0,0,0,0,0,0,0,0,0,0,0,0,0,0,0,0,
Periodic,2,0,2,0,0,0,2,0,0,0,0,0,0,0,0,0,0,0,0,0,0,0,0,0,0,
Permanent,3,0,3,0,0,0,3,0,0,0,0,0,0,0,0,0,0,0,0,0,0,0,0,0,0,
Phrase,1,0,0,1,0,0,0,1,0,0,0,0,0,0,0,0,0,0,0,0,0,0,0,0,0,
pick,3,3,0,0,0,3,0,0,0,0,0,0,0,0,0,0,0,0,0,0,0,0,0,0,0,
Picker,5,0,3,2,0,0,4,1,0,0,0,0,0,0,0,0,0,0,0,0,0,0,0,0,0,
PIM,1,0,1,0,0,0,0,0,1,0,0,0,0,0,0,0,0,0,0,0,0,0,0,0,0,
Ping,2,0,2,0,0,0,2,0,0,0,0,0,0,0,0,0,0,0,0,0,0,0,0,0,0,
Plain,5,0,3,2,0,0,1,1,1,1,1,0,0,0,0,0,0,0,0,0,0,0,0,0,0,
Policies,5,2,1,2,0,2,1,2,0,0,0,0,0,0,0,0,0,0,0,0,0,0,0,0,0,
Policy,51,6,18,27,1,6,17,14,5,4,4,1,0,0,0,0,0,0,0,0,0,0,0,0,0,
Policy2,2,0,0,2,0,0,0,2,0,0,0,0,0,0,0,0,0,0,0,0,0,0,0,0,0,
Pool,2,1,1,0,0,1,0,1,0,0,0,0,0,0,0,0,0,0,0,0,0,0,0,0,0,
Pop,4,1,0,3,0,1,0,0,3,0,0,0,0,0,0,0,0,0,0,0,0,0,0,0,0,
Pop3,5,4,1,0,0,4,1,0,0,0,0,0,0,0,0,0,0,0,0,0,0,0,0,0,0,
populate,5,4,1,0,0,4,1,0,0,0,0,0,0,0,0,0,0,0,0,0,0,0,0,0,0,
Populated,1,0,1,0,0,0,1,0,0,0,0,0,0,0,0,0,0,0,0,0,0,0,0,0,0,
Port,8,0,5,3,0,0,6,0,0,2,0,0,0,0,0,0,0,0,0,0,0,0,0,0,0,
Position,2,0,0,2,0,0,1,1,0,0,0,0,0,0,0,0,0,0,0,0,0,0,0,0,0,
possibly,1,1,0,0,0,1,0,0,0,0,0,0,0,0,0,0,0,0,0,0,0,0,0,0,0,
Post,7,3,4,0,1,3,3,1,0,0,0,0,0,0,0,0,0,0,0,0,0,0,0,0,0,
potentially,2,2,0,0,0,2,0,0,0,0,0,0,0,0,0,0,0,0,0,0,0,0,0,0,0,
Pref,2,0,0,2,0,0,0,0,2,0,0,0,0,0,0,0,0,0,0,0,0,0,0,0,0,
Preference,13,0,10,3,0,0,6,3,4,0,0,0,0,0,0,0,0,0,0,0,0,0,0,0,0,
Preferences,6,1,0,5,1,1,2,3,0,0,0,0,0,0,0,0,0,0,0,0,0,0,0,0,0,
Prefetch,1,0,1,0,0,0,1,0,0,0,0,0,0,0,0,0,0,0,0,0,0,0,0,0,0,
Prefix,4,0,3,1,0,0,1,3,0,0,0,0,0,0,0,0,0,0,0,0,0,0,0,0,0,
prepare,4,3,1,0,0,3,1,0,0,0,0,0,0,0,0,0,0,0,0,0,0,0,0,0,0,
Present,1,0,0,1,0,0,0,1,0,0,0,0,0,0,0,0,0,0,0,0,0,0,0,0,0,
Pressed,2,0,0,2,0,0,0,2,0,0,0,0,0,0,0,0,0,0,0,0,0,0,0,0,0,
Previous,4,0,3,1,0,0,3,1,0,0,0,0,0,0,0,0,0,0,0,0,0,0,0,0,0,
Printable,1,0,0,1,0,0,0,0,0,0,0,1,0,0,0,0,0,0,0,0,0,0,0,0,0,
Priority,2,0,0,2,0,0,0,1,0,1,0,0,0,0,0,0,0,0,0,0,0,0,0,0,0,
Private,1,0,1,0,0,0,1,0,0,0,0,0,0,0,0,0,0,0,0,0,0,0,0,0,0,
proceed,1,1,0,0,1,1,0,0,0,0,0,0,0,0,0,0,0,0,0,0,0,0,0,0,0,
process,14,13,0,1,0,13,0,0,1,0,0,0,0,0,0,0,0,0,0,0,0,0,0,0,0,
Processing,1,0,0,1,0,0,1,0,0,0,0,0,0,0,0,0,0,0,0,0,0,0,0,0,0,
Processor,2,0,2,0,0,0,0,2,0,0,0,0,0,0,0,0,0,0,0,0,0,0,0,0,0,
Progress,12,0,7,5,0,0,5,2,2,2,1,0,0,0,0,0,0,0,0,0,0,0,0,0,0,
Projection,3,0,1,2,0,0,2,0,0,1,0,0,0,0,0,0,0,0,0,0,0,0,0,0,0,
Properties,2,0,0,2,0,0,2,0,0,0,0,0,0,0,0,0,0,0,0,0,0,0,0,0,0,
Protocol,11,0,3,8,0,0,3,7,1,0,0,0,0,0,0,0,0,0,0,0,0,0,0,0,0,
Provider,22,1,12,9,0,1,8,6,6,1,0,0,0,0,0,0,0,0,0,0,0,0,0,0,0,
Providers,1,0,0,1,0,0,0,0,0,1,0,0,0,0,0,0,0,0,0,0,0,0,0,0,0,
Proxy,4,0,0,4,0,0,1,3,0,0,0,0,0,0,0,0,0,0,0,0,0,0,0,0,0,
Purge,1,0,1,0,0,0,1,0,0,0,0,0,0,0,0,0,0,0,0,0,0,0,0,0,0,
Push,13,2,9,2,0,2,10,0,1,0,0,0,0,0,0,0,0,0,0,0,0,0,0,0,0,
put,9,9,0,0,0,9,0,0,0,0,0,0,0,0,0,0,0,0,0,0,0,0,0,0,0,
Quality,2,0,0,2,0,0,0,0,0,1,1,0,0,0,0,0,0,0,0,0,0,0,0,0,0,
Query,25,4,14,7,3,4,17,3,1,0,0,0,0,0,0,0,0,0,0,0,0,0,0,0,0,
Queue,18,0,15,3,0,0,1,15,0,1,0,0,1,0,0,0,0,0,0,0,0,0,0,0,0,
Queued,2,1,1,0,0,1,1,0,0,0,0,0,0,0,0,0,0,0,0,0,0,0,0,0,0,
Quick,9,1,8,0,0,1,7,1,0,0,0,0,0,0,0,0,0,0,0,0,0,0,0,0,0,
Quota,1,0,1,0,0,0,1,0,0,0,0,0,0,0,0,0,0,0,0,0,0,0,0,0,0,
Quote,1,0,0,1,0,0,0,1,0,0,0,0,0,0,0,0,0,0,0,0,0,0,0,0,0,
Quoted,3,0,2,1,0,0,1,0,0,0,1,1,0,0,0,0,0,0,0,0,0,0,0,0,0,
random,1,1,0,0,0,1,0,0,0,0,0,0,0,0,0,0,0,0,0,0,0,0,0,0,0,
Range,3,0,3,0,0,0,0,2,1,0,0,0,0,0,0,0,0,0,0,0,0,0,0,0,0,
Raw,1,0,0,1,0,0,1,0,0,0,0,0,0,0,0,0,0,0,0,0,0,0,0,0,0,
read,16,13,2,1,5,13,2,0,1,0,0,0,0,0,0,0,0,0,0,0,0,0,0,0,0,
Reason,1,0,1,0,0,0,1,0,0,0,0,0,0,0,0,0,0,0,0,0,0,0,0,0,0,
Reasons,1,0,0,1,0,0,0,1,0,0,0,0,0,0,0,0,0,0,0,0,0,0,0,0,0,
Recalculate,2,1,1,0,0,1,1,0,0,0,0,0,0,0,0,0,0,0,0,0,0,0,0,0,0,
Receive,4,0,0,4,0,0,4,0,0,0,0,0,0,0,0,0,0,0,0,0,0,0,0,0,0,
Received,2,0,1,1,0,0,1,1,0,0,0,0,0,0,0,0,0,0,0,0,0,0,0,0,0,
Receiver,1,0,1,0,0,0,0,0,1,0,0,0,0,0,0,0,0,0,0,0,0,0,0,0,0,
Receiving,1,0,1,0,0,0,1,0,0,0,0,0,0,0,0,0,0,0,0,0,0,0,0,0,0,
Recent,5,0,5,0,0,0,2,3,0,0,0,0,0,0,0,0,0,0,0,0,0,0,0,0,0,
Recipients,1,0,0,1,0,0,0,1,0,0,0,0,0,0,0,0,0,0,0,0,0,0,0,0,0,
reconcile,4,4,0,0,0,4,0,0,0,0,0,0,0,0,0,0,0,0,0,0,0,0,0,0,0,
record,1,1,0,0,0,1,0,0,0,0,0,0,0,0,0,0,0,0,0,0,0,0,0,0,0,
Recovery,2,0,0,2,0,0,0,0,1,1,0,0,0,0,0,0,0,0,0,0,0,0,0,0,0,
Recv,2,0,0,2,0,0,0,0,0,0,2,0,0,0,0,0,0,0,0,0,0,0,0,0,0,
reduce,1,1,0,0,0,1,0,0,0,0,0,0,0,0,0,0,0,0,0,0,0,0,0,0,0,
refresh,13,8,3,2,1,8,4,1,0,0,0,0,0,0,0,0,0,0,0,0,0,0,0,0,0,
Refreshable,2,0,0,2,0,0,1,1,0,0,0,0,0,0,0,0,0,0,0,0,0,0,0,0,0,
Refreshing,1,0,1,0,0,0,1,0,0,0,0,0,0,0,0,0,0,0,0,0,0,0,0,0,0,
register,4,4,0,0,0,4,0,0,0,0,0,0,0,0,0,0,0,0,0,0,0,0,0,0,0,
Registration,1,0,1,0,0,0,0,0,1,0,0,0,0,0,0,0,0,0,0,0,0,0,0,0,0,
remap,1,1,0,0,0,1,0,0,0,0,0,0,0,0,0,0,0,0,0,0,0,0,0,0,0,
Remote,8,3,4,1,0,3,5,0,0,0,0,0,0,0,0,0,0,0,0,0,0,0,0,0,0,
Remove,14,10,4,0,3,10,0,0,4,0,0,0,0,0,0,0,0,0,0,0,0,0,0,0,0,
Removed,1,0,0,1,0,0,1,0,0,0,0,0,0,0,0,0,0,0,0,0,0,0,0,0,0,
reopen,2,2,0,0,0,2,0,0,0,0,0,0,0,0,0,0,0,0,0,0,0,0,0,0,0,
replace,1,1,0,0,0,1,0,0,0,0,0,0,0,0,0,0,0,0,0,0,0,0,0,0,0,
Reply,2,0,2,0,0,0,2,0,0,0,0,0,0,0,0,0,0,0,0,0,0,0,0,0,0,
report,2,2,0,0,1,2,0,0,0,0,0,0,0,0,0,0,0,0,0,0,0,0,0,0,0,
Reporting,1,0,0,1,0,0,0,0,0,1,0,0,0,0,0,0,0,0,0,0,0,0,0,0,0,
repost,1,1,0,0,0,1,0,0,0,0,0,0,0,0,0,0,0,0,0,0,0,0,0,0,0,
Req,2,0,1,1,0,0,0,0,1,1,0,0,0,0,0,0,0,0,0,0,0,0,0,0,0,
Request,27,3,13,11,0,3,8,4,0,10,2,0,0,0,0,0,0,0,0,0,0,0,0,0,0,
Requested,5,0,0,5,0,0,0,3,2,0,0,0,0,0,0,0,0,0,0,0,0,0,0,0,0,
require,1,1,0,0,0,1,0,0,0,0,0,0,0,0,0,0,0,0,0,0,0,0,0,0,0,
Required,5,0,2,3,0,0,1,2,0,2,0,0,0,0,0,0,0,0,0,0,0,0,0,0,0,
Requirements,1,0,0,1,0,0,1,0,0,0,0,0,0,0,0,0,0,0,0,0,0,0,0,0,0,
reset,14,8,0,6,1,8,3,3,0,0,0,0,0,0,0,0,0,0,0,0,0,0,0,0,0,
Resolve,2,1,1,0,0,1,1,0,0,0,0,0,0,0,0,0,0,0,0,0,0,0,0,0,0,
Resolver,1,0,0,1,0,0,0,1,0,0,0,0,0,0,0,0,0,0,0,0,0,0,0,0,0,
Resource,1,1,0,0,0,1,0,0,0,0,0,0,0,0,0,0,0,0,0,0,0,0,0,0,0,
Resources,1,0,0,1,0,0,1,0,0,0,0,0,0,0,0,0,0,0,0,0,0,0,0,0,0,
respond,1,1,0,0,1,1,0,0,0,0,0,0,0,0,0,0,0,0,0,0,0,0,0,0,0,
Response,31,0,13,18,0,0,13,14,4,0,0,0,0,0,0,0,0,0,0,0,0,0,0,0,0,
Responses,6,0,0,6,0,0,3,2,1,0,0,0,0,0,0,0,0,0,0,0,0,0,0,0,0,
Restart,5,3,2,0,0,3,2,0,0,0,0,0,0,0,0,0,0,0,0,0,0,0,0,0,0,
restore,33,26,6,1,6,26,5,1,1,0,0,0,0,0,0,0,0,0,0,0,0,0,0,0,0,
Restored,2,0,1,1,0,0,1,0,1,0,0,0,0,0,0,0,0,0,0,0,0,0,0,0,0,
Result,13,1,1,11,1,1,1,7,1,3,0,0,0,0,0,0,0,0,0,0,0,0,0,0,0,
Results,5,0,0,5,0,0,0,4,0,1,0,0,0,0,0,0,0,0,0,0,0,0,0,0,0,
Resume,9,0,0,9,0,0,9,0,0,0,0,0,0,0,0,0,0,0,0,0,0,0,0,0,0,
Resumed,1,0,0,1,0,0,0,1,0,0,0,0,0,0,0,0,0,0,0,0,0,0,0,0,0,
resync,1,1,0,0,0,1,0,0,0,0,0,0,0,0,0,0,0,0,0,0,0,0,0,0,0,
Retr,1,0,1,0,0,0,1,0,0,0,0,0,0,0,0,0,0,0,0,0,0,0,0,0,0,
Retrieval,1,0,1,0,0,0,1,0,0,0,0,0,0,0,0,0,0,0,0,0,0,0,0,0,0,
retrieve,2,1,0,1,0,1,0,1,0,0,0,0,0,0,0,0,0,0,0,0,0,0,0,0,0,
Retrieved,1,0,0,1,0,0,1,0,0,0,0,0,0,0,0,0,0,0,0,0,0,0,0,0,0,
Retry,3,1,0,2,0,1,2,0,0,0,0,0,0,0,0,0,0,0,0,0,0,0,0,0,0,
Rfc822,1,1,0,0,0,1,0,0,0,0,0,0,0,0,0,0,0,0,0,0,0,0,0,0,0,
Ringtone,4,0,2,2,0,0,4,0,0,0,0,0,0,0,0,0,0,0,0,0,0,0,0,0,0,
Role,1,0,0,1,0,0,1,0,0,0,0,0,0,0,0,0,0,0,0,0,0,0,0,0,0,
Roles,2,0,2,0,0,0,0,0,2,0,0,0,0,0,0,0,0,0,0,0,0,0,0,0,0,
Round,1,0,1,0,0,0,0,1,0,0,0,0,0,0,0,0,0,0,0,0,0,0,0,0,0,
Row,11,0,8,3,0,0,1,6,2,1,0,0,0,1,0,0,0,0,0,0,0,0,0,0,0,
Rows,2,0,2,0,0,0,2,0,0,0,0,0,0,0,0,0,0,0,0,0,0,0,0,0,0,
run,29,29,0,0,21,29,0,0,0,0,0,0,0,0,0,0,0,0,0,0,0,0,0,0,0,
Runnable,5,0,0,5,0,0,4,0,1,0,0,0,0,0,0,0,0,0,0,0,0,0,0,0,0,
s,1,1,0,0,1,1,0,0,0,0,0,0,0,0,0,0,0,0,0,0,0,0,0,0,0,
Safe,3,0,0,3,0,0,0,1,0,0,2,0,0,0,0,0,0,0,0,0,0,0,0,0,0,
Same,1,1,0,0,0,1,0,0,0,0,0,0,0,0,0,0,0,0,0,0,0,0,0,0,0,
Sane,1,0,0,1,0,0,0,0,1,0,0,0,0,0,0,0,0,0,0,0,0,0,0,0,0,
sasl,4,3,1,0,0,3,1,0,0,0,0,0,0,0,0,0,0,0,0,0,0,0,0,0,0,
Save,44,17,24,3,4,17,21,5,1,0,0,0,0,0,0,0,0,0,0,0,0,0,0,0,0,
Saved,2,1,0,1,0,1,1,0,0,0,0,0,0,0,0,0,0,0,0,0,0,0,0,0,0,
schedule,1,1,0,0,1,1,0,0,0,0,0,0,0,0,0,0,0,0,0,0,0,0,0,0,0,
Scheme,9,0,8,1,0,0,8,1,0,0,0,0,0,0,0,0,0,0,0,0,0,0,0,0,0,
Screen,1,0,1,0,0,0,1,0,0,0,0,0,0,0,0,0,0,0,0,0,0,0,0,0,0,
Search,14,6,7,1,0,6,8,0,0,0,0,0,0,0,0,0,0,0,0,0,0,0,0,0,0,
Secondary,1,1,0,0,0,1,0,0,0,0,0,0,0,0,0,0,0,0,0,0,0,0,0,0,0,
Secure,3,0,2,1,0,0,1,0,2,0,0,0,0,0,0,0,0,0,0,0,0,0,0,0,0,
Secured,1,0,1,0,0,0,1,0,0,0,0,0,0,0,0,0,0,0,0,0,0,0,0,0,0,
Security,26,2,20,4,0,2,9,4,11,0,0,0,0,0,0,0,0,0,0,0,0,0,0,0,0,
Seen,2,0,0,2,0,0,0,2,0,0,0,0,0,0,0,0,0,0,0,0,0,0,0,0,0,
Segment,1,0,0,1,0,0,0,0,0,1,0,0,0,0,0,0,0,0,0,0,0,0,0,0,0,
Select,4,1,0,3,1,1,3,0,0,0,0,0,0,0,0,0,0,0,0,0,0,0,0,0,0,
Selected,8,0,0,8,0,0,0,3,5,0,0,0,0,0,0,0,0,0,0,0,0,0,0,0,0,
Selection,2,0,1,1,0,0,1,0,1,0,0,0,0,0,0,0,0,0,0,0,0,0,0,0,0,
Selector,2,0,1,1,0,0,1,1,0,0,0,0,0,0,0,0,0,0,0,0,0,0,0,0,0,
Self,3,1,1,1,0,1,2,0,0,0,0,0,0,0,0,0,0,0,0,0,0,0,0,0,0,
Send,19,12,4,3,0,12,4,1,0,0,2,0,0,0,0,0,0,0,0,0,0,0,0,0,0,
Sender,7,0,4,3,0,0,6,1,0,0,0,0,0,0,0,0,0,0,0,0,0,0,0,0,0,
Sensitive,2,0,2,0,0,0,2,0,0,0,0,0,0,0,0,0,0,0,0,0,0,0,0,0,0,
Sent,8,0,7,1,0,0,4,1,1,1,0,1,0,0,0,0,0,0,0,0,0,0,0,0,0,
Separator,2,0,0,2,0,0,0,1,1,0,0,0,0,0,0,0,0,0,0,0,0,0,0,0,0,
Sequence,6,0,2,4,0,0,0,4,2,0,0,0,0,0,0,0,0,0,0,0,0,0,0,0,0,
Serial,3,0,0,3,0,0,1,1,0,1,0,0,0,0,0,0,0,0,0,0,0,0,0,0,0,
Serialize,2,0,2,0,0,0,2,0,0,0,0,0,0,0,0,0,0,0,0,0,0,0,0,0,0,
Server,22,0,20,2,0,0,7,10,3,2,0,0,0,0,0,0,0,0,0,0,0,0,0,0,0,
Service,35,3,20,12,0,3,21,7,3,1,0,0,0,0,0,0,0,0,0,0,0,0,0,0,0,
Services,7,0,5,2,0,0,3,3,1,0,0,0,0,0,0,0,0,0,0,0,0,0,0,0,0,
Session,1,0,1,0,0,0,0,1,0,0,0,0,0,0,0,0,0,0,0,0,0,0,0,0,0,
Set,160,136,15,9,0,136,16,4,3,0,0,1,0,0,0,0,0,0,0,0,0,0,0,0,0,
Setting,1,0,1,0,0,0,1,0,0,0,0,0,0,0,0,0,0,0,0,0,0,0,0,0,0,
Settings,45,0,30,15,0,0,16,26,2,0,0,1,0,0,0,0,0,0,0,0,0,0,0,0,0,
Setup,38,27,8,3,0,27,6,3,1,1,0,0,0,0,0,0,0,0,0,0,0,0,0,0,0,
Sextet,1,0,0,1,0,0,1,0,0,0,0,0,0,0,0,0,0,0,0,0,0,0,0,0,0,
Sha1,1,0,0,1,0,0,0,0,0,1,0,0,0,0,0,0,0,0,0,0,0,0,0,0,0,
Shared,6,0,6,0,0,0,4,2,0,0,0,0,0,0,0,0,0,0,0,0,0,0,0,0,0,
shift,2,2,0,0,2,2,0,0,0,0,0,0,0,0,0,0,0,0,0,0,0,0,0,0,0,
Shortcut,1,0,1,0,0,0,0,0,1,0,0,0,0,0,0,0,0,0,0,0,0,0,0,0,0,
Shortest,1,0,1,0,0,0,1,0,0,0,0,0,0,0,0,0,0,0,0,0,0,0,0,0,0,
should,4,4,0,0,0,4,0,0,0,0,0,0,0,0,0,0,0,0,0,0,0,0,0,0,0,
show,14,14,0,0,1,14,0,0,0,0,0,0,0,0,0,0,0,0,0,0,0,0,0,0,0,
shutdown,1,1,0,0,1,1,0,0,0,0,0,0,0,0,0,0,0,0,0,0,0,0,0,0,0,
Sign,2,0,2,0,0,0,0,2,0,0,0,0,0,0,0,0,0,0,0,0,0,0,0,0,0,
Signature,2,0,0,2,0,0,2,0,0,0,0,0,0,0,0,0,0,0,0,0,0,0,0,0,0,
Simple,17,0,13,4,0,0,14,1,0,2,0,0,0,0,0,0,0,0,0,0,0,0,0,0,0,
Single,9,0,8,1,0,0,5,2,2,0,0,0,0,0,0,0,0,0,0,0,0,0,0,0,0,
Size,6,2,1,3,2,2,3,0,1,0,0,0,0,0,0,0,0,0,0,0,0,0,0,0,0,
Small,4,0,4,0,0,0,4,0,0,0,0,0,0,0,0,0,0,0,0,0,0,0,0,0,0,
Smtp,2,1,1,0,0,1,1,0,0,0,0,0,0,0,0,0,0,0,0,0,0,0,0,0,0,
Snapshot,1,0,0,1,0,0,1,0,0,0,0,0,0,0,0,0,0,0,0,0,0,0,0,0,0,
Sni,1,0,0,1,0,0,0,1,0,0,0,0,0,0,0,0,0,0,0,0,0,0,0,0,0,
Snippet,3,0,0,3,0,0,0,2,0,1,0,0,0,0,0,0,0,0,0,0,0,0,0,0,0,
So,2,0,2,0,0,0,2,0,0,0,0,0,0,0,0,0,0,0,0,0,0,0,0,0,0,
Socket,8,0,5,3,0,0,6,2,0,0,0,0,0,0,0,0,0,0,0,0,0,0,0,0,0,
Sortable,1,1,0,0,0,1,0,0,0,0,0,0,0,0,0,0,0,0,0,0,0,0,0,0,0,
Sound,1,0,1,0,0,0,1,0,0,0,0,0,0,0,0,0,0,0,0,0,0,0,0,0,0,
Source,3,0,3,0,0,0,2,1,0,0,0,0,0,0,0,0,0,0,0,0,0,0,0,0,0,
Space,1,0,0,1,0,0,0,1,0,0,0,0,0,0,0,0,0,0,0,0,0,0,0,0,0,
Special,1,0,1,0,0,0,0,0,0,1,0,0,0,0,0,0,0,0,0,0,0,0,0,0,0,
Spinner,5,1,3,1,0,1,3,1,0,0,0,0,0,0,0,0,0,0,0,0,0,0,0,0,0,
Split,2,1,0,1,1,1,0,0,0,0,0,1,0,0,0,0,0,0,0,0,0,0,0,0,0,
SQL,1,0,0,1,0,0,0,0,0,1,0,0,0,0,0,0,0,0,0,0,0,0,0,0,0,
SSL,7,2,4,1,0,2,2,3,0,0,0,0,0,0,0,0,0,0,0,0,0,0,0,0,0,
start,20,11,8,1,1,11,8,1,0,0,0,0,0,0,0,0,0,0,0,0,0,0,0,0,0,
Started,2,0,0,2,0,0,0,2,0,0,0,0,0,0,0,0,0,0,0,0,0,0,0,0,0,
starts,1,1,0,0,0,1,0,0,0,0,0,0,0,0,0,0,0,0,0,0,0,0,0,0,0,
State,29,0,8,21,0,0,5,5,19,0,0,0,0,0,0,0,0,0,0,0,0,0,0,0,0,
Statistics,2,1,0,1,1,1,0,1,0,0,0,0,0,0,0,0,0,0,0,0,0,0,0,0,0,
Stats,1,0,0,1,0,0,1,0,0,0,0,0,0,0,0,0,0,0,0,0,0,0,0,0,0,
Status,16,1,8,7,0,1,8,7,0,0,0,0,0,0,0,0,0,0,0,0,0,0,0,0,0,
Stop,6,3,2,1,1,3,2,1,0,0,0,0,0,0,0,0,0,0,0,0,0,0,0,0,0,
Storage,3,0,3,0,0,0,2,1,0,0,0,0,0,0,0,0,0,0,0,0,0,0,0,0,0,
Store,8,1,2,5,0,1,6,1,0,0,0,0,0,0,0,0,0,0,0,0,0,0,0,0,0,
Stream,18,1,0,17,0,1,0,13,3,1,0,0,0,0,0,0,0,0,0,0,0,0,0,0,0,
Strict,4,0,4,0,0,0,2,2,0,0,0,0,0,0,0,0,0,0,0,0,0,0,0,0,0,
String,68,0,13,55,0,0,39,18,6,2,1,0,2,0,0,0,0,0,0,0,0,0,0,0,0,
Strings,1,0,0,1,0,0,0,0,1,0,0,0,0,0,0,0,0,0,0,0,0,0,0,0,0,
Strip,2,0,2,0,0,0,2,0,0,0,0,0,0,0,0,0,0,0,0,0,0,0,0,0,0,
Structure,4,0,3,1,0,0,0,1,3,0,0,0,0,0,0,0,0,0,0,0,0,0,0,0,0,
Stub,1,0,0,1,0,0,0,1,0,0,0,0,0,0,0,0,0,0,0,0,0,0,0,0,0,
Style,4,0,4,0,0,0,3,1,0,0,0,0,0,0,0,0,0,0,0,0,0,0,0,0,0,
Sub,1,0,1,0,0,0,0,1,0,0,0,0,0,0,0,0,0,0,0,0,0,0,0,0,0,
Subfolders,1,0,0,1,0,0,0,1,0,0,0,0,0,0,0,0,0,0,0,0,0,0,0,0,0,
Subject,3,0,1,2,0,0,0,2,1,0,0,0,0,0,0,0,0,0,0,0,0,0,0,0,0,
subtract,1,1,0,0,1,1,0,0,0,0,0,0,0,0,0,0,0,0,0,0,0,0,0,0,0,
Success,1,0,0,1,0,0,1,0,0,0,0,0,0,0,0,0,0,0,0,0,0,0,0,0,0,
Successful,2,0,0,2,0,0,2,0,0,0,0,0,0,0,0,0,0,0,0,0,0,0,0,0,0,
Suites,2,0,0,2,0,0,0,0,2,0,0,0,0,0,0,0,0,0,0,0,0,0,0,0,0,
Summary,2,0,0,2,0,0,0,1,1,0,0,0,0,0,0,0,0,0,0,0,0,0,0,0,0,
Supplemental,2,0,1,1,0,0,0,0,0,2,0,0,0,0,0,0,0,0,0,0,0,0,0,0,0,
Supported,2,0,1,1,0,0,1,0,0,1,0,0,0,0,0,0,0,0,0,0,0,0,0,0,0,
supports,1,1,0,0,0,1,0,0,0,0,0,0,0,0,0,0,0,0,0,0,0,0,0,0,0,
Swipe,2,0,2,0,0,0,2,0,0,0,0,0,0,0,0,0,0,0,0,0,0,0,0,0,0,
Sync,40,9,25,6,4,9,17,10,2,2,0,0,0,0,0,0,0,0,0,0,0,0,0,0,0,
Syncable,2,0,1,1,0,0,2,0,0,0,0,0,0,0,0,0,0,0,0,0,0,0,0,0,0,
Synced,2,0,2,0,0,0,1,1,0,0,0,0,0,0,0,0,0,0,0,0,0,0,0,0,0,
synchronize,4,4,0,0,0,4,0,0,0,0,0,0,0,0,0,0,0,0,0,0,0,0,0,0,0,
Synchronous,10,0,0,10,0,0,0,2,4,3,1,0,0,0,0,0,0,0,0,0,0,0,0,0,0,
Syncs,2,0,0,2,0,0,0,2,0,0,0,0,0,0,0,0,0,0,0,0,0,0,0,0,0,
System,10,0,9,1,0,0,8,1,0,1,0,0,0,0,0,0,0,0,0,0,0,0,0,0,0,
Table,20,0,2,18,0,0,0,11,5,3,1,0,0,0,0,0,0,0,0,0,0,0,0,0,0,
Tables,1,0,0,1,0,0,0,1,0,0,0,0,0,0,0,0,0,0,0,0,0,0,0,0,0,
Tag,5,0,2,3,0,0,3,2,0,0,0,0,0,0,0,0,0,0,0,0,0,0,0,0,0,
Tagged,2,0,0,2,0,0,1,1,0,0,0,0,0,0,0,0,0,0,0,0,0,0,0,0,0,
Target,1,0,0,1,0,0,0,1,0,0,0,0,0,0,0,0,0,0,0,0,0,0,0,0,0,
Task,12,0,5,7,0,0,8,3,0,0,1,0,0,0,0,0,0,0,0,0,0,0,0,0,0,
Tasks,1,0,0,1,0,0,0,1,0,0,0,0,0,0,0,0,0,0,0,0,0,0,0,0,0,
tear,10,10,0,0,0,10,0,0,0,0,0,0,0,0,0,0,0,0,0,0,0,0,0,0,0,
temp,6,2,4,0,0,2,3,1,0,0,0,0,0,0,0,0,0,0,0,0,0,0,0,0,0,
Template,1,0,0,1,0,0,1,0,0,0,0,0,0,0,0,0,0,0,0,0,0,0,0,0,0,
Templated,1,0,1,0,0,0,1,0,0,0,0,0,0,0,0,0,0,0,0,0,0,0,0,0,0,
Templates,3,0,0,3,0,0,1,2,0,0,0,0,0,0,0,0,0,0,0,0,0,0,0,0,0,
Temporary,3,0,1,2,0,0,3,0,0,0,0,0,0,0,0,0,0,0,0,0,0,0,0,0,0,
Term,7,0,6,1,0,0,0,0,7,0,0,0,0,0,0,0,0,0,0,0,0,0,0,0,0,
test,399,364,13,22,1,364,11,5,8,8,2,1,0,0,0,0,0,0,0,0,0,0,0,0,0,
testread,1,1,0,0,0,1,0,0,0,0,0,0,0,0,0,0,0,0,0,0,0,0,0,0,0,
Tests,17,0,0,17,0,0,4,6,6,1,0,0,0,0,0,0,0,0,0,0,0,0,0,0,0,
Text,30,2,17,11,0,2,11,6,4,5,1,1,0,0,0,0,0,0,0,0,0,0,0,0,0,
Text2,1,0,0,1,0,0,0,0,0,1,0,0,0,0,0,0,0,0,0,0,0,0,0,0,0,
Theme,1,0,0,1,0,0,1,0,0,0,0,0,0,0,0,0,0,0,0,0,0,0,0,0,0,
Thread,4,1,1,2,0,1,1,1,1,0,0,0,0,0,0,0,0,0,0,0,0,0,0,0,0,
Throwable,2,0,0,2,0,0,1,1,0,0,0,0,0,0,0,0,0,0,0,0,0,0,0,0,0,
Thumbnail,4,0,1,3,0,0,1,3,0,0,0,0,0,0,0,0,0,0,0,0,0,0,0,0,0,
Tickets,1,0,0,1,0,0,0,0,1,0,0,0,0,0,0,0,0,0,0,0,0,0,0,0,0,
tickle,1,1,0,0,0,1,0,0,0,0,0,0,0,0,0,0,0,0,0,0,0,0,0,0,0,
Time,14,0,7,7,0,0,1,7,2,4,0,0,0,0,0,0,0,0,0,0,0,0,0,0,0,
Timeout,7,0,0,7,0,0,2,4,0,0,1,0,0,0,0,0,0,0,0,0,0,0,0,0,0,
Timer,1,0,0,1,0,0,1,0,0,0,0,0,0,0,0,0,0,0,0,0,0,0,0,0,0,
Times,2,0,1,1,0,0,0,0,2,0,0,0,0,0,0,0,0,0,0,0,0,0,0,0,0,
Timestamp,1,0,0,1,0,0,1,0,0,0,0,0,0,0,0,0,0,0,0,0,0,0,0,0,0,
Tls,7,0,3,4,0,0,4,3,0,0,0,0,0,0,0,0,0,0,0,0,0,0,0,0,0,
To,101,37,63,1,0,37,25,12,22,5,0,0,0,0,0,0,0,0,0,0,0,0,0,0,0,
Toast,1,0,0,1,0,0,1,0,0,0,0,0,0,0,0,0,0,0,0,0,0,0,0,0,0,
Token,11,1,4,6,0,1,2,8,0,0,0,0,0,0,0,0,0,0,0,0,0,0,0,0,0,
tokenize,1,1,0,0,0,1,0,0,0,0,0,0,0,0,0,0,0,0,0,0,0,0,0,0,0,
Tokens,1,0,0,1,0,0,1,0,0,0,0,0,0,0,0,0,0,0,0,0,0,0,0,0,0,
Top,1,0,0,1,0,0,0,0,1,0,0,0,0,0,0,0,0,0,0,0,0,0,0,0,0,
Trace,1,0,0,1,0,0,1,0,0,0,0,0,0,0,0,0,0,0,0,0,0,0,0,0,0,
Tracker,1,0,0,1,0,0,0,1,0,0,0,0,0,0,0,0,0,0,0,0,0,0,0,0,0,
Transaction,1,1,0,0,1,1,0,0,0,0,0,0,0,0,0,0,0,0,0,0,0,0,0,0,0,
Transport,11,0,2,9,0,0,7,1,0,3,0,0,0,0,0,0,0,0,0,0,0,0,0,0,0,
Trash,3,0,1,2,0,0,1,0,0,2,0,0,0,0,0,0,0,0,0,0,0,0,0,0,0,
Tree,1,0,1,0,0,0,0,1,0,0,0,0,0,0,0,0,0,0,0,0,0,0,0,0,0,
Trigger,2,0,0,2,0,0,0,0,0,2,0,0,0,0,0,0,0,0,0,0,0,0,0,0,0,
Triggers,3,0,0,3,0,0,0,0,2,0,1,0,0,0,0,0,0,0,0,0,0,0,0,0,0,
Trim,2,0,0,2,0,0,0,0,2,0,0,0,0,0,0,0,0,0,0,0,0,0,0,0,0,
Trip,1,0,0,1,0,0,0,0,1,0,0,0,0,0,0,0,0,0,0,0,0,0,0,0,0,
True,1,0,1,0,0,0,1,0,0,0,0,0,0,0,0,0,0,0,0,0,0,0,0,0,0,
Trust,4,0,4,0,0,0,3,0,1,0,0,0,0,0,0,0,0,0,0,0,0,0,0,0,0,
Trusted,2,0,0,2,0,0,0,2,0,0,0,0,0,0,0,0,0,0,0,0,0,0,0,0,0,
Try,4,2,2,0,0,2,2,0,0,0,0,0,0,0,0,0,0,0,0,0,0,0,0,0,0,
Two,1,0,1,0,0,0,0,1,0,0,0,0,0,0,0,0,0,0,0,0,0,0,0,0,0,
Type,38,0,8,30,0,0,5,10,9,7,4,3,0,0,0,0,0,0,0,0,0,0,0,0,0,
Ui,39,26,12,1,0,26,10,1,2,0,0,0,0,0,0,0,0,0,0,0,0,0,0,0,0,
Uid,7,0,3,4,0,0,1,3,1,1,1,0,0,0,0,0,0,0,0,0,0,0,0,0,0,
UIDL,7,1,6,0,0,1,6,0,0,0,0,0,0,0,0,0,0,0,0,0,0,0,0,0,0,
Uids,8,0,1,7,0,0,0,4,4,0,0,0,0,0,0,0,0,0,0,0,0,0,0,0,0,
Unavailable,1,0,1,0,0,0,1,0,0,0,0,0,0,0,0,0,0,0,0,0,0,0,0,0,0,
Unchanged,1,0,0,1,0,0,0,1,0,0,0,0,0,0,0,0,0,0,0,0,0,0,0,0,0,
Undisclosed,1,0,1,0,0,0,1,0,0,0,0,0,0,0,0,0,0,0,0,0,0,0,0,0,0,
Undo,1,0,0,1,0,0,1,0,0,0,0,0,0,0,0,0,0,0,0,0,0,0,0,0,0,
Uneditable,1,0,0,1,0,0,0,0,1,0,0,0,0,0,0,0,0,0,0,0,0,0,0,0,0,
Unfold,2,0,2,0,0,0,1,1,0,0,0,0,0,0,0,0,0,0,0,0,0,0,0,0,0,
Uninitialized,1,0,1,0,0,0,1,0,0,0,0,0,0,0,0,0,0,0,0,0,0,0,0,0,0,
Unique,9,0,8,1,0,0,3,5,0,0,0,0,1,0,0,0,0,0,0,0,0,0,0,0,0,
Unknown,2,0,1,1,0,0,1,0,0,0,0,0,1,0,0,0,0,0,0,0,0,0,0,0,0,
Unlinked,1,0,0,1,0,0,1,0,0,0,0,0,0,0,0,0,0,0,0,0,0,0,0,0,0,
Unloaded,1,0,1,0,0,0,1,0,0,0,0,0,0,0,0,0,0,0,0,0,0,0,0,0,0,
unlock,2,2,0,0,1,2,0,0,0,0,0,0,0,0,0,0,0,0,0,0,0,0,0,0,0,
Unread,12,0,10,2,0,0,7,5,0,0,0,0,0,0,0,0,0,0,0,0,0,0,0,0,0,
unregister,7,7,0,0,1,7,0,0,0,0,0,0,0,0,0,0,0,0,0,0,0,0,0,0,0,
Unsatisfied,1,0,1,0,0,0,0,1,0,0,0,0,0,0,0,0,0,0,0,0,0,0,0,0,0,
unshift,3,3,0,0,3,3,0,0,0,0,0,0,0,0,0,0,0,0,0,0,0,0,0,0,0,
Unshifted,1,0,0,1,0,0,1,0,0,0,0,0,0,0,0,0,0,0,0,0,0,0,0,0,0,
Unsupported,1,0,1,0,0,0,0,1,0,0,0,0,0,0,0,0,0,0,0,0,0,0,0,0,0,
Unsynced,2,0,2,0,0,0,2,0,0,0,0,0,0,0,0,0,0,0,0,0,0,0,0,0,0,
Untagged,2,0,2,0,0,0,2,0,0,0,0,0,0,0,0,0,0,0,0,0,0,0,0,0,0,
Until,5,0,1,4,0,0,4,1,0,0,0,0,0,0,0,0,0,0,0,0,0,0,0,0,0,
Up,28,0,1,27,0,0,28,0,0,0,0,0,0,0,0,0,0,0,0,0,0,0,0,0,0,
Update,55,31,18,6,5,31,16,5,0,0,2,1,0,0,0,0,0,0,0,0,0,0,0,0,0,
Updated,1,0,0,1,0,0,1,0,0,0,0,0,0,0,0,0,0,0,0,0,0,0,0,0,0,
Updates,1,0,1,0,0,0,0,1,0,0,0,0,0,0,0,0,0,0,0,0,0,0,0,0,0,
upgrade,17,14,1,2,0,14,2,1,0,0,0,0,0,0,0,0,0,0,0,0,0,0,0,0,0,
Upgrades,1,0,0,1,0,0,0,1,0,0,0,0,0,0,0,0,0,0,0,0,0,0,0,0,0,
Upload,3,0,3,0,0,0,1,2,0,0,0,0,0,0,0,0,0,0,0,0,0,0,0,0,0,
Uploads,2,1,1,0,0,1,0,1,0,0,0,0,0,0,0,0,0,0,0,0,0,0,0,0,0,
Upper,1,0,1,0,0,0,0,1,0,0,0,0,0,0,0,0,0,0,0,0,0,0,0,0,0,
upsync,5,5,0,0,0,5,0,0,0,0,0,0,0,0,0,0,0,0,0,0,0,0,0,0,0,
Uri,46,4,14,28,0,4,6,15,13,4,1,3,0,0,0,0,0,0,0,0,0,0,0,0,0,
Url,2,0,2,0,0,0,0,1,1,0,0,0,0,0,0,0,0,0,0,0,0,0,0,0,0,
use,4,1,3,0,0,1,3,0,0,0,0,0,0,0,0,0,0,0,0,0,0,0,0,0,0,
Used,3,0,3,0,0,0,0,2,0,0,0,1,0,0,0,0,0,0,0,0,0,0,0,0,0,
User,7,0,5,2,0,0,5,0,0,2,0,0,0,0,0,0,0,0,0,0,0,0,0,0,0,
Username,1,0,0,1,0,0,1,0,0,0,0,0,0,0,0,0,0,0,0,0,0,0,0,0,0,
UTF7,5,4,1,0,0,4,1,0,0,0,0,0,0,0,0,0,0,0,0,0,0,0,0,0,0,
Utf8,3,0,1,2,0,0,2,1,0,0,0,0,0,0,0,0,0,0,0,0,0,0,0,0,0,
Util,1,0,0,1,0,0,1,0,0,0,0,0,0,0,0,0,0,0,0,0,0,0,0,0,0,
Uuid,3,0,2,1,0,0,0,2,1,0,0,0,0,0,0,0,0,0,0,0,0,0,0,0,0,
Valid,13,0,4,9,0,0,5,2,5,1,0,0,0,0,0,0,0,0,0,0,0,0,0,0,0,
Validate,11,9,2,0,3,9,2,0,0,0,0,0,0,0,0,0,0,0,0,0,0,0,0,0,0,
Value,11,0,0,11,0,0,1,1,8,1,0,0,0,0,0,0,0,0,0,0,0,0,0,0,0,
Values,15,0,0,15,0,0,0,6,6,3,0,0,0,0,0,0,0,0,0,0,0,0,0,0,0,
Variant,1,0,0,1,0,0,0,0,1,0,0,0,0,0,0,0,0,0,0,0,0,0,0,0,0,
Variants,5,0,0,5,0,0,0,1,4,0,0,0,0,0,0,0,0,0,0,0,0,0,0,0,0,
Vendor,2,1,1,0,0,1,0,0,0,1,0,0,0,0,0,0,0,0,0,0,0,0,0,0,0,
Verifier,2,0,0,2,0,0,0,2,0,0,0,0,0,0,0,0,0,0,0,0,0,0,0,0,0,
verify,2,2,0,0,0,2,0,0,0,0,0,0,0,0,0,0,0,0,0,0,0,0,0,0,0,
Version,4,0,0,4,0,0,0,4,0,0,0,0,0,0,0,0,0,0,0,0,0,0,0,0,0,
Version100,1,0,1,0,0,0,0,0,1,0,0,0,0,0,0,0,0,0,0,0,0,0,0,0,0,
Version101,1,0,0,1,0,0,0,0,0,0,1,0,0,0,0,0,0,0,0,0,0,0,0,0,0,
Version125,1,0,1,0,0,0,0,1,0,0,0,0,0,0,0,0,0,0,0,0,0,0,0,0,0,
Version126,2,0,1,1,0,0,0,1,0,1,0,0,0,0,0,0,0,0,0,0,0,0,0,0,0,
Version127,1,0,0,1,0,0,0,0,0,1,0,0,0,0,0,0,0,0,0,0,0,0,0,0,0,
Version17,1,0,1,0,0,0,0,1,0,0,0,0,0,0,0,0,0,0,0,0,0,0,0,0,0,
Version18,1,0,0,1,0,0,0,0,0,1,0,0,0,0,0,0,0,0,0,0,0,0,0,0,0,
Version21,1,0,1,0,0,0,0,1,0,0,0,0,0,0,0,0,0,0,0,0,0,0,0,0,0,
Version22,2,0,1,1,0,0,0,1,0,1,0,0,0,0,0,0,0,0,0,0,0,0,0,0,0,
Version23,2,0,1,1,0,0,0,1,0,1,0,0,0,0,0,0,0,0,0,0,0,0,0,0,0,
Version24,2,0,1,1,0,0,0,1,0,1,0,0,0,0,0,0,0,0,0,0,0,0,0,0,0,
Version25,2,0,1,1,0,0,0,1,0,1,0,0,0,0,0,0,0,0,0,0,0,0,0,0,0,
Version26,1,0,0,1,0,0,0,0,0,1,0,0,0,0,0,0,0,0,0,0,0,0,0,0,0,
Version29,1,0,1,0,0,0,0,1,0,0,0,0,0,0,0,0,0,0,0,0,0,0,0,0,0,
Version30,1,0,0,1,0,0,0,0,0,1,0,0,0,0,0,0,0,0,0,0,0,0,0,0,0,
Version5,2,0,1,1,0,0,0,0,2,0,0,0,0,0,0,0,0,0,0,0,0,0,0,0,0,
Version6,2,0,1,1,0,0,0,0,1,0,1,0,0,0,0,0,0,0,0,0,0,0,0,0,0,
Version8,1,0,0,1,0,0,0,0,0,0,1,0,0,0,0,0,0,0,0,0,0,0,0,0,0,
Vibration,1,0,0,1,0,0,0,0,1,0,0,0,0,0,0,0,0,0,0,0,0,0,0,0,0,
View,26,0,10,16,0,0,6,18,2,0,0,0,0,0,0,0,0,0,0,0,0,0,0,0,0,
Virtual,9,0,9,0,0,0,9,0,0,0,0,0,0,0,0,0,0,0,0,0,0,0,0,0,0,
Visibility,5,0,1,4,0,0,2,0,2,1,0,0,0,0,0,0,0,0,0,0,0,0,0,0,0,
Visible,1,0,0,1,0,0,0,1,0,0,0,0,0,0,0,0,0,0,0,0,0,0,0,0,0,
wait,6,4,1,1,0,4,2,0,0,0,0,0,0,0,0,0,0,0,0,0,0,0,0,0,0,
Waiting,1,0,0,1,0,0,1,0,0,0,0,0,0,0,0,0,0,0,0,0,0,0,0,0,0,
warn,1,1,0,0,0,1,0,0,0,0,0,0,0,0,0,0,0,0,0,0,0,0,0,0,0,
watch,2,1,0,1,0,1,1,0,0,0,0,0,0,0,0,0,0,0,0,0,0,0,0,0,0,
Watchdog,5,1,4,0,0,1,1,3,0,0,0,0,0,0,0,0,0,0,0,0,0,0,0,0,0,
Web,1,0,1,0,0,0,1,0,0,0,0,0,0,0,0,0,0,0,0,0,0,0,0,0,0,
where,2,2,0,0,0,2,0,0,0,0,0,0,0,0,0,0,0,0,0,0,0,0,0,0,0,
White,1,0,1,0,0,0,1,0,0,0,0,0,0,0,0,0,0,0,0,0,0,0,0,0,0,
Whitelisted,1,0,1,0,0,0,1,0,0,0,0,0,0,0,0,0,0,0,0,0,0,0,0,0,0,
Widget,3,0,3,0,0,0,0,3,0,0,0,0,0,0,0,0,0,0,0,0,0,0,0,0,0,
Widgets,1,0,0,1,0,0,1,0,0,0,0,0,0,0,0,0,0,0,0,0,0,0,0,0,0,
Wildcards,1,0,0,1,0,0,0,1,0,0,0,0,0,0,0,0,0,0,0,0,0,0,0,0,0,
Window,3,0,1,2,0,0,2,0,1,0,0,0,0,0,0,0,0,0,0,0,0,0,0,0,0,
Wipe,5,1,1,3,0,1,4,0,0,0,0,0,0,0,0,0,0,0,0,0,0,0,0,0,0,
With,55,0,53,2,0,0,8,17,18,8,2,2,0,0,0,0,0,0,0,0,0,0,0,0,0,
Wrapper,1,0,0,1,0,0,0,0,1,0,0,0,0,0,0,0,0,0,0,0,0,0,0,0,0,
Write,30,24,5,1,4,24,5,1,0,0,0,0,0,0,0,0,0,0,0,0,0,0,0,0,0,
Xml,1,0,1,0,0,0,1,0,0,0,0,0,0,0,0,0,0,0,0,0,0,0,0,0,0,
Yet,2,0,0,2,0,0,0,0,0,2,0,0,0,0,0,0,0,0,0,0,0,0,0,0,0,
Zero,2,0,0,2,0,0,0,0,1,1,0,0,0,0,0,0,0,0,0,0,0,0,0,0,0,
