A,31,0,31,0,0,0,2,0,5,1,6,1,4,2,5,1,2,0,0,2,0,0,0,0,0
A1,2,0,1,1,0,0,1,0,0,1,0,0,0,0,0,0,0,0,0,0,0,0,0,0,0
A1 0,1,0,1,0,0,0,0,0,1,0,0,0,0,0,0,0,0,0,0,0,0,0,0,0,0
A2,1,0,0,1,0,0,1,0,0,0,0,0,0,0,0,0,0,0,0,0,0,0,0,0,0
A200,2,0,2,0,0,0,0,0,0,0,2,0,0,0,0,0,0,0,0,0,0,0,0,0,0
A204,1,0,1,0,0,0,0,0,1,0,0,0,0,0,0,0,0,0,0,0,0,0,0,0,0
A206,1,0,1,0,0,0,0,0,0,0,0,0,0,0,0,0,0,0,1,0,0,0,0,0,0
Abort,3,1,1,1,1,1,2,0,0,0,0,0,0,0,0,0,0,0,0,0,0,0,0,0,0
Aborted,6,0,5,1,0,0,2,1,3,0,0,0,0,0,0,0,0,0,0,0,0,0,0,0,0
Abs,1,0,1,0,0,0,0,1,0,0,0,0,0,0,0,0,0,0,0,0,0,0,0,0,0
Absent,1,0,0,1,0,0,0,0,0,0,0,0,0,0,0,0,1,0,0,0,0,0,0,0,0
Absolute,11,0,11,0,0,0,3,0,2,3,0,0,0,0,1,1,1,0,0,0,0,0,0,0,0
Abstract,17,16,1,0,0,16,1,0,0,0,0,0,0,0,0,0,0,0,0,0,0,0,0,0,0
Accept,5,0,5,0,0,0,0,0,0,5,0,0,0,0,0,0,0,0,0,0,0,0,0,0,0
Acceptable,1,0,1,0,0,0,0,0,0,0,0,0,0,0,1,0,0,0,0,0,0,0,0,0,0
Acquire,8,3,5,0,0,3,4,1,0,0,0,0,0,0,0,0,0,0,0,0,0,0,0,0,0
Acquired,4,0,0,4,0,0,0,3,0,1,0,0,0,0,0,0,0,0,0,0,0,0,0,0,0
activate,2,2,0,0,2,2,0,0,0,0,0,0,0,0,0,0,0,0,0,0,0,0,0,0,0
Active,2,0,2,0,0,0,2,0,0,0,0,0,0,0,0,0,0,0,0,0,0,0,0,0,0
Actual,1,0,1,0,0,0,0,0,0,1,0,0,0,0,0,0,0,0,0,0,0,0,0,0,0
adapt,3,3,0,0,3,3,0,0,0,0,0,0,0,0,0,0,0,0,0,0,0,0,0,0,0
Adaptor,1,0,0,1,0,0,0,0,0,1,0,0,0,0,0,0,0,0,0,0,0,0,0,0,0
Add,88,50,38,0,4,50,8,0,30,0,0,0,0,0,0,0,0,0,0,0,0,0,0,0,0
Added,9,0,8,1,0,0,0,0,1,2,1,4,0,0,0,0,0,0,1,0,0,0,0,0,0
Address,20,0,3,17,0,0,3,10,3,0,0,0,2,0,1,1,0,0,0,0,0,0,0,0,0
Adds,4,1,3,0,0,1,0,0,1,2,0,0,0,0,0,0,0,0,0,0,0,0,0,0,0
Adjust,2,0,2,0,0,0,0,0,2,0,0,0,0,0,0,0,0,0,0,0,0,0,0,0,0
Adjusts,2,0,2,0,0,0,0,2,0,0,0,0,0,0,0,0,0,0,0,0,0,0,0,0,0
advance,1,1,0,0,0,1,0,0,0,0,0,0,0,0,0,0,0,0,0,0,0,0,0,0,0
After,38,9,24,5,9,9,1,10,8,2,2,0,0,0,4,2,0,0,0,0,0,0,0,0,0
After304,2,0,2,0,0,0,0,0,0,0,0,0,0,1,0,0,1,0,0,0,0,0,0,0,0
Age,75,0,60,15,0,0,6,14,15,5,7,6,7,4,1,6,0,2,1,0,1,0,0,0,0
Agent,7,0,1,6,0,0,1,5,0,0,1,0,0,0,0,0,0,0,0,0,0,0,0,0,0
Ago,1,0,0,1,0,0,0,0,0,0,0,0,1,0,0,0,0,0,0,0,0,0,0,0,0
AHEAD,1,0,1,0,0,0,0,0,1,0,0,0,0,0,0,0,0,0,0,0,0,0,0,0,0
AIMD,1,1,0,0,0,1,0,0,0,0,0,0,0,0,0,0,0,0,0,0,0,0,0,0,0
Algo,1,0,0,1,0,0,0,0,0,1,0,0,0,0,0,0,0,0,0,0,0,0,0,0,0
Algorithm,1,0,1,0,0,0,0,1,0,0,0,0,0,0,0,0,0,0,0,0,0,0,0,0,0
Alive,16,0,13,3,0,0,2,6,6,1,1,0,0,0,0,0,0,0,0,0,0,0,0,0,0
All,17,1,13,3,0,1,5,4,0,1,2,1,1,1,1,0,0,0,0,0,0,0,0,0,0
allocate,1,1,0,0,0,1,0,0,0,0,0,0,0,0,0,0,0,0,0,0,0,0,0,0,0
Allow,9,0,7,2,0,0,1,1,1,3,1,0,0,0,2,0,0,0,0,0,0,0,0,0,0
Allow303,1,0,1,0,0,0,1,0,0,0,0,0,0,0,0,0,0,0,0,0,0,0,0,0,0
Allowed,14,0,2,12,0,0,1,0,3,0,1,0,2,0,2,2,2,1,0,0,0,0,0,0,0
Allows,2,0,1,1,0,0,0,2,0,0,0,0,0,0,0,0,0,0,0,0,0,0,0,0,0
Alphabetizes,1,0,1,0,0,0,0,0,0,1,0,0,0,0,0,0,0,0,0,0,0,0,0,0,0
Already,3,0,3,0,0,0,1,0,1,0,0,1,0,0,0,0,0,0,0,0,0,0,0,0,0
Also,3,0,1,2,0,0,0,1,0,0,0,2,0,0,0,0,0,0,0,0,0,0,0,0,0
Alt,2,0,1,1,0,0,0,2,0,0,0,0,0,0,0,0,0,0,0,0,0,0,0,0,0
An,5,0,5,0,0,0,0,0,0,0,0,2,3,0,0,0,0,0,0,0,0,0,0,0,0
And,87,0,87,0,0,0,7,7,6,15,7,14,13,7,7,1,1,1,1,0,0,0,0,0,0
Another,2,0,2,0,0,0,0,1,0,0,0,0,0,0,1,0,0,0,0,0,0,0,0,0,0
Answer,12,8,0,4,8,8,2,2,0,0,0,0,0,0,0,0,0,0,0,0,0,0,0,0,0
Any,7,0,7,0,0,0,0,5,0,2,0,0,0,0,0,0,0,0,0,0,0,0,0,0,0
Apparent,6,0,6,0,0,0,4,1,0,0,1,0,0,0,0,0,0,0,0,0,0,0,0,0,0
Append,9,4,4,1,2,4,3,2,0,0,0,0,0,0,0,0,0,0,0,0,0,0,0,0,0
Appendable,1,0,0,1,0,0,1,0,0,0,0,0,0,0,0,0,0,0,0,0,0,0,0,0,0
Applies,1,0,1,0,0,0,0,0,1,0,0,0,0,0,0,0,0,0,0,0,0,0,0,0,0
Appropriate,2,0,2,0,0,0,0,0,1,0,0,0,0,1,0,0,0,0,0,0,0,0,0,0,0
Appropriately,1,0,1,0,0,0,0,0,0,1,0,0,0,0,0,0,0,0,0,0,0,0,0,0,0
Arbitrary,4,0,4,0,0,0,1,3,0,0,0,0,0,0,0,0,0,0,0,0,0,0,0,0,0
Are,95,0,95,0,0,0,0,6,14,11,10,12,14,8,5,6,8,0,0,0,0,1,0,0,0
Arent,2,0,2,0,0,0,0,0,0,2,0,0,0,0,0,0,0,0,0,0,0,0,0,0,0
Arg,2,0,0,2,0,0,0,0,2,0,0,0,0,0,0,0,0,0,0,0,0,0,0,0,0
Args,1,0,0,1,0,0,0,1,0,0,0,0,0,0,0,0,0,0,0,0,0,0,0,0,0
Arguments,1,0,0,1,0,0,0,1,0,0,0,0,0,0,0,0,0,0,0,0,0,0,0,0,0
Array,9,0,3,6,0,0,2,4,2,0,1,0,0,0,0,0,0,0,0,0,0,0,0,0,0
Arrays,1,0,1,0,0,0,1,0,0,0,0,0,0,0,0,0,0,0,0,0,0,0,0,0,0
Arrives,2,0,2,0,0,0,0,0,0,0,0,0,0,1,1,0,0,0,0,0,0,0,0,0,0
As,18,3,15,0,0,3,4,1,1,3,0,3,0,0,1,1,0,1,0,0,0,0,0,0,0
Asc,1,0,1,0,0,0,0,0,0,0,1,0,0,0,0,0,0,0,0,0,0,0,0,0,0
ASCII,3,0,3,0,0,0,0,1,1,0,0,1,0,0,0,0,0,0,0,0,0,0,0,0,0
Ask,2,0,2,0,0,0,0,0,0,0,0,0,0,0,0,0,1,1,0,0,0,0,0,0,0
Assert,12,9,1,2,0,9,0,1,2,0,0,0,0,0,0,0,0,0,0,0,0,0,0,0,0
assert110,1,1,0,0,0,1,0,0,0,0,0,0,0,0,0,0,0,0,0,0,0,0,0,0,0
Assigned,1,0,1,0,0,0,0,0,0,0,0,0,0,0,1,0,0,0,0,0,0,0,0,0,0
Assume,1,0,1,0,0,0,0,0,0,1,0,0,0,0,0,0,0,0,0,0,0,0,0,0,0
Async,60,12,46,2,1,12,18,26,4,0,0,0,0,0,0,0,0,0,0,0,0,0,0,0,0
Asynchronous,2,0,2,0,0,0,2,0,0,0,0,0,0,0,0,0,0,0,0,0,0,0,0,0,0
At,2,0,2,0,0,0,0,0,0,1,1,0,0,0,0,0,0,0,0,0,0,0,0,0,0
atemmpt,1,1,0,0,0,1,0,0,0,0,0,0,0,0,0,0,0,0,0,0,0,0,0,0,0
Attached,1,0,0,1,0,0,0,0,0,0,0,0,0,1,0,0,0,0,0,0,0,0,0,0,0
Attrib,3,0,3,0,0,0,3,0,0,0,0,0,0,0,0,0,0,0,0,0,0,0,0,0,0
Attribute,12,0,8,4,0,0,12,0,0,0,0,0,0,0,0,0,0,0,0,0,0,0,0,0,0
Attributes,2,0,0,2,0,0,0,0,0,2,0,0,0,0,0,0,0,0,0,0,0,0,0,0,0
Attributes2,1,0,0,1,0,0,0,0,0,1,0,0,0,0,0,0,0,0,0,0,0,0,0,0,0
Attributes3,1,0,0,1,0,0,0,0,0,1,0,0,0,0,0,0,0,0,0,0,0,0,0,0,0
Auth,96,6,84,6,1,6,51,12,18,3,2,1,1,2,0,0,0,0,0,0,0,0,0,0,0
Authenticate,9,3,6,0,3,3,0,0,0,3,1,0,2,0,0,0,0,0,0,0,0,0,0,0,0
Authenticating,2,2,0,0,0,2,0,0,0,0,0,0,0,0,0,0,0,0,0,0,0,0,0,0,0
Authentication,90,1,77,12,0,1,33,49,3,2,1,0,1,0,0,0,0,0,0,0,0,0,0,0,0
Authenticator,5,0,0,5,0,0,4,1,0,0,0,0,0,0,0,0,0,0,0,0,0,0,0,0,0
Authority,1,0,0,1,0,0,0,1,0,0,0,0,0,0,0,0,0,0,0,0,0,0,0,0,0
Authorization,4,0,4,0,0,0,0,0,0,1,2,0,0,1,0,0,0,0,0,0,0,0,0,0,0
Authorized,13,0,13,0,0,0,4,0,0,1,4,0,1,0,0,3,0,0,0,0,0,0,0,0,0
Auto,1,0,1,0,0,0,1,0,0,0,0,0,0,0,0,0,0,0,0,0,0,0,0,0,0
Automatic,3,0,3,0,0,0,3,0,0,0,0,0,0,0,0,0,0,0,0,0,0,0,0,0,0
Available,15,13,0,2,13,13,0,0,1,0,0,0,0,0,0,0,0,1,0,0,0,0,0,0,0
Average,5,1,4,0,0,1,0,2,2,0,0,0,0,0,0,0,0,0,0,0,0,0,0,0,0
Avs,1,0,1,0,0,0,0,0,1,0,0,0,0,0,0,0,0,0,0,0,0,0,0,0,0
await,4,4,0,0,0,4,0,0,0,0,0,0,0,0,0,0,0,0,0,0,0,0,0,0,0
Back,8,2,6,0,0,2,2,2,0,2,0,0,0,0,0,0,0,0,0,0,0,0,0,0,0
Backed,1,0,1,0,0,0,1,0,0,0,0,0,0,0,0,0,0,0,0,0,0,0,0,0,0
Backend,19,7,9,3,0,7,4,2,0,1,0,1,1,0,3,0,0,0,0,0,0,0,0,0,0
Backing,1,0,1,0,0,0,0,0,1,0,0,0,0,0,0,0,0,0,0,0,0,0,0,0,0
backoff,15,3,9,3,0,3,6,5,1,0,0,0,0,0,0,0,0,0,0,0,0,0,0,0,0
backs,3,3,0,0,0,3,0,0,0,0,0,0,0,0,0,0,0,0,0,0,0,0,0,0,0
Bad,1,0,1,0,0,0,1,0,0,0,0,0,0,0,0,0,0,0,0,0,0,0,0,0,0
Badly,3,0,3,0,0,0,0,2,0,0,0,0,0,0,1,0,0,0,0,0,0,0,0,0,0
Base,12,0,0,12,0,0,0,4,5,2,1,0,0,0,0,0,0,0,0,0,0,0,0,0,0
Base64,2,0,0,2,0,0,2,0,0,0,0,0,0,0,0,0,0,0,0,0,0,0,0,0,0
Based,8,0,0,8,0,0,0,7,0,1,0,0,0,0,0,0,0,0,0,0,0,0,0,0,0
Basic,110,21,86,3,0,21,83,3,0,3,0,0,0,0,0,0,0,0,0,0,0,0,0,0,0
Basics,16,0,1,15,0,0,9,0,5,2,0,0,0,0,0,0,0,0,0,0,0,0,0,0,0
Be,15,0,15,0,0,0,0,0,2,3,1,0,0,4,1,2,2,0,0,0,0,0,0,0,0
Before,16,11,0,5,11,11,1,1,3,0,0,0,0,0,0,0,0,0,0,0,0,0,0,0,0
begin,1,1,0,0,0,1,0,0,0,0,0,0,0,0,0,0,0,0,0,0,0,0,0,0,0
behave,1,1,0,0,0,1,0,0,0,0,0,0,0,0,0,0,0,0,0,0,0,0,0,0,0
Behavior,5,0,2,3,0,0,0,0,0,1,1,0,1,0,1,1,0,0,0,0,0,0,0,0,0
Below,1,0,1,0,0,0,0,0,1,0,0,0,0,0,0,0,0,0,0,0,0,0,0,0,0
Between,1,0,1,0,0,0,0,0,0,0,1,0,0,0,0,0,0,0,0,0,0,0,0,0,0
Beyond,1,0,1,0,0,0,0,0,1,0,0,0,0,0,0,0,0,0,0,0,0,0,0,0,0
Big,2,0,0,2,0,0,0,0,0,0,0,0,0,0,1,0,0,1,0,0,0,0,0,0,0
Bin,1,0,1,0,0,0,1,0,0,0,0,0,0,0,0,0,0,0,0,0,0,0,0,0,0
Binary,7,0,5,2,0,0,5,1,1,0,0,0,0,0,0,0,0,0,0,0,0,0,0,0,0
bind,1,1,0,0,1,1,0,0,0,0,0,0,0,0,0,0,0,0,0,0,0,0,0,0,0
Blank,1,0,0,1,0,0,0,0,0,1,0,0,0,0,0,0,0,0,0,0,0,0,0,0,0
Blanks,3,0,0,3,0,0,0,1,0,1,1,0,0,0,0,0,0,0,0,0,0,0,0,0,0
Blob,2,0,0,2,0,0,1,0,1,0,0,0,0,0,0,0,0,0,0,0,0,0,0,0,0
Bodies,2,0,1,1,0,0,0,0,0,1,0,1,0,0,0,0,0,0,0,0,0,0,0,0,0
Body,55,6,25,24,1,6,29,10,3,0,1,3,1,1,1,0,0,0,0,0,0,0,0,0,0
Bogus,3,1,2,0,0,1,0,2,0,0,0,0,0,0,0,0,0,0,0,0,0,0,0,0,0
Boolean,1,0,0,1,0,0,1,0,0,0,0,0,0,0,0,0,0,0,0,0,0,0,0,0,0
Both,2,0,2,0,0,0,0,1,0,0,0,0,0,0,0,0,1,0,0,0,0,0,0,0,0
Bound,6,0,0,6,0,0,0,4,2,0,0,0,0,0,0,0,0,0,0,0,0,0,0,0,0
Boundary,2,0,0,2,0,0,2,0,0,0,0,0,0,0,0,0,0,0,0,0,0,0,0,0,0
Broken,1,1,0,0,0,1,0,0,0,0,0,0,0,0,0,0,0,0,0,0,0,0,0,0,0
Brought,1,0,1,0,0,0,0,0,0,0,1,0,0,0,0,0,0,0,0,0,0,0,0,0,0
Browser,2,0,2,0,0,0,1,0,1,0,0,0,0,0,0,0,0,0,0,0,0,0,0,0,0
Buffer,6,0,0,6,0,0,1,5,0,0,0,0,0,0,0,0,0,0,0,0,0,0,0,0,0
Build,55,27,27,1,16,27,28,0,0,0,0,0,0,0,0,0,0,0,0,0,0,0,0,0,0
Builder,26,3,4,19,3,3,5,8,5,3,2,0,0,0,0,0,0,0,0,0,0,0,0,0,0
Builds,1,0,0,1,0,0,0,0,0,0,1,0,0,0,0,0,0,0,0,0,0,0,0,0,0
Bulk,7,3,4,0,0,3,4,0,0,0,0,0,0,0,0,0,0,0,0,0,0,0,0,0,0
But,12,0,12,0,0,0,0,0,0,0,3,0,5,2,0,0,0,1,0,0,0,0,1,0,0
By,62,0,62,0,0,0,4,2,11,15,10,9,4,2,4,1,0,0,0,0,0,0,0,0,0
Byte,13,2,9,2,0,2,6,2,0,0,2,0,0,0,0,0,1,0,0,0,0,0,0,0,0
Bytes,15,0,0,15,0,0,7,7,1,0,0,0,0,0,0,0,0,0,0,0,0,0,0,0,0
Cache,463,42,343,78,0,42,99,82,38,39,36,20,23,23,18,13,8,14,4,3,1,0,0,0,0
Cacheability,1,0,1,0,0,0,0,0,0,1,0,0,0,0,0,0,0,0,0,0,0,0,0,0,0
Cacheable,106,0,44,62,0,0,3,5,3,9,5,16,8,14,16,10,6,6,4,1,0,0,0,0,0
Cached,43,3,25,15,0,3,4,2,1,6,2,5,8,8,0,0,1,2,0,1,0,0,0,0,0
Caches,1,0,1,0,0,0,0,0,0,1,0,0,0,0,0,0,0,0,0,0,0,0,0,0,0
Caching,48,10,31,7,0,10,7,7,6,2,0,0,3,0,5,4,0,0,0,0,2,0,2,0,0
calculate,1,1,0,0,0,1,0,0,0,0,0,0,0,0,0,0,0,0,0,0,0,0,0,0,0
Call,6,3,2,1,1,3,2,0,1,0,0,0,0,0,0,0,0,0,0,0,0,0,0,0,0
Callable,1,0,0,1,0,0,0,0,1,0,0,0,0,0,0,0,0,0,0,0,0,0,0,0,0
Callback,4,0,1,3,0,0,1,1,0,1,1,0,0,0,0,0,0,0,0,0,0,0,0,0,0
Called,4,0,0,4,0,0,0,0,2,0,0,0,0,0,0,0,2,0,0,0,0,0,0,0,0
Calls,3,0,2,1,0,0,0,1,2,0,0,0,0,0,0,0,0,0,0,0,0,0,0,0,0
Can,21,11,10,0,0,11,3,0,0,0,0,0,2,3,2,0,0,0,0,0,0,0,0,0,0
Cancel,15,14,0,1,14,14,1,0,0,0,0,0,0,0,0,0,0,0,0,0,0,0,0,0,0
Cancell,1,0,0,1,0,0,1,0,0,0,0,0,0,0,0,0,0,0,0,0,0,0,0,0,0
Cancellable,2,1,0,1,1,1,1,0,0,0,0,0,0,0,0,0,0,0,0,0,0,0,0,0,0
Cancelled,33,30,0,3,30,30,2,0,1,0,0,0,0,0,0,0,0,0,0,0,0,0,0,0,0
Cannot,14,1,13,0,0,1,5,0,6,0,1,0,0,1,0,0,0,0,0,0,0,0,0,0,0
Canonical,7,0,7,0,0,0,3,2,0,0,0,0,0,2,0,0,0,0,0,0,0,0,0,0,0
Cap,1,0,0,1,0,0,0,0,0,1,0,0,0,0,0,0,0,0,0,0,0,0,0,0,0
Capacity,17,4,0,13,4,4,11,2,0,0,0,0,0,0,0,0,0,0,0,0,0,0,0,0,0
Capture,1,0,1,0,0,0,1,0,0,0,0,0,0,0,0,0,0,0,0,0,0,0,0,0,0
Captured,1,0,1,0,0,0,1,0,0,0,0,0,0,0,0,0,0,0,0,0,0,0,0,0,0
Carries,1,0,1,0,0,0,0,0,0,1,0,0,0,0,0,0,0,0,0,0,0,0,0,0,0
CAS,10,0,4,6,0,0,3,4,3,0,0,0,0,0,0,0,0,0,0,0,0,0,0,0,0
Case,7,0,6,1,0,0,0,3,0,1,3,0,0,0,0,0,0,0,0,0,0,0,0,0,0
cast,5,5,0,0,3,5,0,0,0,0,0,0,0,0,0,0,0,0,0,0,0,0,0,0,0
Catched,1,0,0,1,0,0,0,0,0,0,0,0,1,0,0,0,0,0,0,0,0,0,0,0,0
Cause,9,0,5,4,0,0,0,0,0,0,3,5,1,0,0,0,0,0,0,0,0,0,0,0,0
Causes,6,0,6,0,0,0,0,0,1,0,2,0,0,3,0,0,0,0,0,0,0,0,0,0,0
Cert,1,0,0,1,0,0,0,0,0,1,0,0,0,0,0,0,0,0,0,0,0,0,0,0,0
Certificate,1,0,0,1,0,0,0,0,1,0,0,0,0,0,0,0,0,0,0,0,0,0,0,0,0
Chain,12,1,3,8,0,1,1,6,4,0,0,0,0,0,0,0,0,0,0,0,0,0,0,0,0
Challenge,34,0,17,17,0,0,16,8,1,5,0,1,0,1,2,0,0,0,0,0,0,0,0,0,0
Challenge1,4,0,0,4,0,0,0,0,0,4,0,0,0,0,0,0,0,0,0,0,0,0,0,0,0
Challenge2,4,0,0,4,0,0,0,1,0,3,0,0,0,0,0,0,0,0,0,0,0,0,0,0,0
Challenge3,1,0,0,1,0,0,0,0,0,1,0,0,0,0,0,0,0,0,0,0,0,0,0,0,0
Challenged,1,0,0,1,0,0,1,0,0,0,0,0,0,0,0,0,0,0,0,0,0,0,0,0,0
Challenges,2,0,0,2,0,0,0,0,1,1,0,0,0,0,0,0,0,0,0,0,0,0,0,0,0
channel,1,1,0,0,1,1,0,0,0,0,0,0,0,0,0,0,0,0,0,0,0,0,0,0,0
Char,5,0,2,3,0,0,3,2,0,0,0,0,0,0,0,0,0,0,0,0,0,0,0,0,0
Character,1,0,0,1,0,0,1,0,0,0,0,0,0,0,0,0,0,0,0,0,0,0,0,0,0
Chars,4,0,1,3,0,0,1,0,1,2,0,0,0,0,0,0,0,0,0,0,0,0,0,0,0
Charset,12,1,1,10,1,1,8,0,1,0,2,0,0,0,0,0,0,0,0,0,0,0,0,0,0
Charsets,1,0,0,1,0,0,0,0,0,0,0,1,0,0,0,0,0,0,0,0,0,0,0,0,0
Check,19,7,2,10,0,7,0,2,10,0,0,0,0,0,0,0,0,0,0,0,0,0,0,0,0
Checker,1,0,0,1,0,0,0,0,1,0,0,0,0,0,0,0,0,0,0,0,0,0,0,0,0
Checksum,1,1,0,0,0,1,0,0,0,0,0,0,0,0,0,0,0,0,0,0,0,0,0,0,0
choose,1,1,0,0,0,1,0,0,0,0,0,0,0,0,0,0,0,0,0,0,0,0,0,0,0
Chunked,9,1,0,8,1,1,7,1,0,0,0,0,0,0,0,0,0,0,0,0,0,0,0,0,0
Cipher,2,1,0,1,0,1,1,0,0,0,0,0,0,0,0,0,0,0,0,0,0,0,0,0,0
Circular,9,3,6,0,0,3,4,1,0,0,1,0,0,0,0,0,0,0,0,0,0,0,0,0,0
clean,2,2,0,0,0,2,0,0,0,0,0,0,0,0,0,0,0,0,0,0,0,0,0,0,0
Cleanup,4,3,0,1,3,3,0,1,0,0,0,0,0,0,0,0,0,0,0,0,0,0,0,0,0
clear,14,14,0,0,6,14,0,0,0,0,0,0,0,0,0,0,0,0,0,0,0,0,0,0,0
Client,83,2,62,19,0,2,24,23,13,5,0,6,7,2,1,0,0,0,0,0,0,0,0,0,0
Clients,6,0,1,5,0,0,1,3,1,0,0,0,1,0,0,0,0,0,0,0,0,0,0,0,0
Clone,8,6,1,1,6,6,0,0,2,0,0,0,0,0,0,0,0,0,0,0,0,0,0,0,0
Cloning,1,0,0,1,0,0,1,0,0,0,0,0,0,0,0,0,0,0,0,0,0,0,0,0,0
Close,47,39,7,1,30,39,4,3,0,1,0,0,0,0,0,0,0,0,0,0,0,0,0,0,0
Closeable,5,1,1,3,0,1,4,0,0,0,0,0,0,0,0,0,0,0,0,0,0,0,0,0,0
Closed,7,0,3,4,0,0,3,0,2,2,0,0,0,0,0,0,0,0,0,0,0,0,0,0,0
CN,3,0,0,3,0,0,2,1,0,0,0,0,0,0,0,0,0,0,0,0,0,0,0,0,0
Cnonce,3,0,1,2,0,0,2,0,0,0,0,1,0,0,0,0,0,0,0,0,0,0,0,0,0
Code,31,0,13,18,0,0,12,11,5,2,1,0,0,0,0,0,0,0,0,0,0,0,0,0,0
Codes,3,0,2,1,0,0,0,1,0,1,0,0,1,0,0,0,0,0,0,0,0,0,0,0,0
Coding,3,0,3,0,0,0,0,3,0,0,0,0,0,0,0,0,0,0,0,0,0,0,0,0,0
Codings,2,0,1,1,0,0,0,1,0,0,1,0,0,0,0,0,0,0,0,0,0,0,0,0,0
Coefficient,2,0,0,2,0,0,0,2,0,0,0,0,0,0,0,0,0,0,0,0,0,0,0,0,0
Collapses,1,0,1,0,0,0,0,0,0,0,1,0,0,0,0,0,0,0,0,0,0,0,0,0,0
Combine,3,0,3,0,0,0,0,3,0,0,0,0,0,0,0,0,0,0,0,0,0,0,0,0,0
Combined,4,1,3,0,0,1,1,0,0,2,0,0,0,0,0,0,0,0,0,0,0,0,0,0,0
Comes,1,0,1,0,0,0,0,1,0,0,0,0,0,0,0,0,0,0,0,0,0,0,0,0,0
Comma,1,0,1,0,0,0,0,1,0,0,0,0,0,0,0,0,0,0,0,0,0,0,0,0,0
Command,3,0,0,3,0,0,2,1,0,0,0,0,0,0,0,0,0,0,0,0,0,0,0,0,0
Commas,1,0,0,1,0,0,0,0,0,0,0,0,1,0,0,0,0,0,0,0,0,0,0,0,0
Comment,1,0,0,1,0,0,0,1,0,0,0,0,0,0,0,0,0,0,0,0,0,0,0,0,0
Communication,2,0,1,1,0,0,0,0,0,0,0,0,0,1,0,1,0,0,0,0,0,0,0,0,0
Comparasion,6,0,6,0,0,0,0,0,6,0,0,0,0,0,0,0,0,0,0,0,0,0,0,0,0
compare,3,3,0,0,3,3,0,0,0,0,0,0,0,0,0,0,0,0,0,0,0,0,0,0,0
Comparison,1,0,1,0,0,0,0,0,0,0,0,1,0,0,0,0,0,0,0,0,0,0,0,0,0
Comparisons,2,0,2,0,0,0,0,0,2,0,0,0,0,0,0,0,0,0,0,0,0,0,0,0,0
Compat,1,0,0,1,0,0,0,1,0,0,0,0,0,0,0,0,0,0,0,0,0,0,0,0,0
Compatibility,4,0,4,0,0,0,0,1,2,1,0,0,0,0,0,0,0,0,0,0,0,0,0,0,0
Compatible,2,0,2,0,0,0,0,1,0,1,0,0,0,0,0,0,0,0,0,0,0,0,0,0,0
Complete,9,0,1,8,0,0,1,8,0,0,0,0,0,0,0,0,0,0,0,0,0,0,0,0,0
Completed,40,39,0,1,38,39,1,0,0,0,0,0,0,0,0,0,0,0,0,0,0,0,0,0,0
Compliance,2,0,0,2,0,0,0,2,0,0,0,0,0,0,0,0,0,0,0,0,0,0,0,0,0
Compliant,6,0,3,3,0,0,0,3,0,3,0,0,0,0,0,0,0,0,0,0,0,0,0,0,0
Compress,3,0,1,2,0,0,2,1,0,0,0,0,0,0,0,0,0,0,0,0,0,0,0,0,0
Compressing,1,0,1,0,0,0,1,0,0,0,0,0,0,0,0,0,0,0,0,0,0,0,0,0,0
Compression,6,0,5,1,0,0,3,3,0,0,0,0,0,0,0,0,0,0,0,0,0,0,0,0,0
compute,1,1,0,0,0,1,0,0,0,0,0,0,0,0,0,0,0,0,0,0,0,0,0,0,0
Concurrency,2,0,2,0,0,0,0,2,0,0,0,0,0,0,0,0,0,0,0,0,0,0,0,0,0
Concurrent,5,1,4,0,0,1,4,0,0,0,0,0,0,0,0,0,0,0,0,0,0,0,0,0,0
Conditional,17,2,14,1,0,2,6,4,1,0,0,2,1,0,1,0,0,0,0,0,0,0,0,0,0
Conditionally,1,0,1,0,0,0,0,0,0,0,0,0,0,0,1,0,0,0,0,0,0,0,0,0,0
Conditionals,1,0,1,0,0,0,1,0,0,0,0,0,0,0,0,0,0,0,0,0,0,0,0,0,0
Config,35,0,0,35,0,0,13,10,11,0,0,0,0,1,0,0,0,0,0,0,0,0,0,0,0
Configurable,3,1,0,2,0,1,0,0,0,2,0,0,0,0,0,0,0,0,0,0,0,0,0,0,0
Configuration,2,0,0,2,0,0,0,0,2,0,0,0,0,0,0,0,0,0,0,0,0,0,0,0,0
Configurator,1,0,0,1,0,0,0,0,1,0,0,0,0,0,0,0,0,0,0,0,0,0,0,0,0
configure,1,1,0,0,1,1,0,0,0,0,0,0,0,0,0,0,0,0,0,0,0,0,0,0,0
Conn,8,0,8,0,0,0,3,5,0,0,0,0,0,0,0,0,0,0,0,0,0,0,0,0,0
Connect,50,22,25,3,10,22,15,5,6,0,2,0,0,0,0,0,0,0,0,0,0,0,0,0,0
Connected,9,0,2,7,0,0,9,0,0,0,0,0,0,0,0,0,0,0,0,0,0,0,0,0,0
Connection,117,2,81,34,0,2,68,15,17,6,6,1,0,0,0,0,1,1,0,0,0,0,0,0,0
Connections,20,0,1,19,0,0,1,12,1,5,1,0,0,0,0,0,0,0,0,0,0,0,0,0,0
Consistency,1,0,0,1,0,0,0,0,0,0,0,0,1,0,0,0,0,0,0,0,0,0,0,0,0
Construct,14,1,13,0,0,1,13,0,0,0,0,0,0,0,0,0,0,0,0,0,0,0,0,0,0
Constructor,3,0,1,2,0,0,3,0,0,0,0,0,0,0,0,0,0,0,0,0,0,0,0,0,0
Consumable,1,1,0,0,0,1,0,0,0,0,0,0,0,0,0,0,0,0,0,0,0,0,0,0,0
consume,37,37,0,0,11,37,0,0,0,0,0,0,0,0,0,0,0,0,0,0,0,0,0,0,0
Consumed,2,0,0,2,0,0,1,1,0,0,0,0,0,0,0,0,0,0,0,0,0,0,0,0,0
Consumer,4,0,1,3,0,0,1,2,1,0,0,0,0,0,0,0,0,0,0,0,0,0,0,0,0
Consumes,1,0,1,0,0,0,1,0,0,0,0,0,0,0,0,0,0,0,0,0,0,0,0,0,0
Contain,28,0,26,2,0,0,1,2,1,4,0,1,3,15,1,0,0,0,0,0,0,0,0,0,0
Contains,19,10,9,0,2,10,4,2,0,0,0,0,0,0,0,1,0,1,1,0,0,0,0,0,0
Contains204,1,0,1,0,0,0,0,0,0,0,0,0,0,0,0,0,0,0,0,0,0,0,0,1,0
Content,222,3,203,16,1,3,59,24,7,58,9,16,9,11,19,2,3,0,2,0,0,0,0,0,0
Context,27,0,16,11,0,0,5,4,5,7,5,1,0,0,0,0,0,0,0,0,0,0,0,0,0
Continue,17,0,13,4,0,0,1,4,7,2,0,0,0,0,1,2,0,0,0,0,0,0,0,0,0
Contractor,2,0,2,0,0,0,0,2,0,0,0,0,0,0,0,0,0,0,0,0,0,0,0,0,0
Contrary,2,0,2,0,0,0,0,0,0,0,0,0,0,0,0,0,0,2,0,0,0,0,0,0,0
Control,42,0,28,14,0,0,1,7,9,0,9,4,2,3,4,0,2,0,0,0,1,0,0,0,0
Convert,4,3,1,0,1,3,1,0,0,0,0,0,0,0,0,0,0,0,0,0,0,0,0,0,0
Converted,2,0,1,1,0,0,2,0,0,0,0,0,0,0,0,0,0,0,0,0,0,0,0,0,0
Cooke,1,0,0,1,0,0,1,0,0,0,0,0,0,0,0,0,0,0,0,0,0,0,0,0,0
Cookie,61,3,51,7,0,3,27,28,2,0,1,0,0,0,0,0,0,0,0,0,0,0,0,0,0
Cookies,16,0,4,12,0,0,7,7,2,0,0,0,0,0,0,0,0,0,0,0,0,0,0,0,0
Cool,4,1,3,0,0,1,0,0,0,2,1,0,0,0,0,0,0,0,0,0,0,0,0,0,0
Cooldown,2,0,2,0,0,0,1,0,0,0,1,0,0,0,0,0,0,0,0,0,0,0,0,0,0
Copy,20,12,5,3,10,12,7,0,1,0,0,0,0,0,0,0,0,0,0,0,0,0,0,0,0
Correct,4,0,4,0,0,0,1,0,0,2,1,0,0,0,0,0,0,0,0,0,0,0,0,0,0
Corrected,9,0,9,0,0,0,7,0,0,1,1,0,0,0,0,0,0,0,0,0,0,0,0,0,0
correctly,2,1,0,1,0,1,0,0,0,1,0,0,0,0,0,0,0,0,0,0,0,0,0,0,0
Count,18,1,1,16,1,1,7,5,5,0,0,0,0,0,0,0,0,0,0,0,0,0,0,0,0
Counting,2,2,0,0,0,2,0,0,0,0,0,0,0,0,0,0,0,0,0,0,0,0,0,0,0
create,127,125,2,0,42,125,2,0,0,0,0,0,0,0,0,0,0,0,0,0,0,0,0,0,0
createt,1,1,0,0,0,1,0,0,0,0,0,0,0,0,0,0,0,0,0,0,0,0,0,0,0
Creation,3,0,3,0,0,0,2,1,0,0,0,0,0,0,0,0,0,0,0,0,0,0,0,0,0
Cred,3,3,0,0,0,3,0,0,0,0,0,0,0,0,0,0,0,0,0,0,0,0,0,0,0
Credential,1,0,0,1,0,0,0,1,0,0,0,0,0,0,0,0,0,0,0,0,0,0,0,0,0
Credentials,54,1,30,23,0,1,19,21,9,2,2,0,0,0,0,0,0,0,0,0,0,0,0,0,0
Creds,6,0,0,6,0,0,0,1,2,2,1,0,0,0,0,0,0,0,0,0,0,0,0,0,0
crerate,2,2,0,0,0,2,0,0,0,0,0,0,0,0,0,0,0,0,0,0,0,0,0,0,0
Cross,3,1,2,0,0,1,2,0,0,0,0,0,0,0,0,0,0,0,0,0,0,0,0,0,0
Cstr,4,0,4,0,0,0,4,0,0,0,0,0,0,0,0,0,0,0,0,0,0,0,0,0,0
Cstr1,1,0,0,1,0,0,1,0,0,0,0,0,0,0,0,0,0,0,0,0,0,0,0,0,0
Cstr3,1,0,0,1,0,0,1,0,0,0,0,0,0,0,0,0,0,0,0,0,0,0,0,0,0
Cstr4,1,0,0,1,0,0,1,0,0,0,0,0,0,0,0,0,0,0,0,0,0,0,0,0,0
Cstr6,1,0,0,1,0,0,1,0,0,0,0,0,0,0,0,0,0,0,0,0,0,0,0,0,0
CTLS,1,0,0,1,0,0,1,0,0,0,0,0,0,0,0,0,0,0,0,0,0,0,0,0,0
Current,17,1,16,0,0,1,9,0,0,0,0,2,2,1,2,0,0,0,0,0,0,0,0,0,0
Custom,17,10,7,0,8,10,1,4,1,1,0,0,0,0,0,0,0,0,0,0,0,0,0,0,0
customize,6,6,0,0,0,6,0,0,0,0,0,0,0,0,0,0,0,0,0,0,0,0,0,0,0
Custsom,1,0,0,1,0,0,0,0,0,0,0,1,0,0,0,0,0,0,0,0,0,0,0,0,0
Data,3,1,1,1,1,1,1,1,0,0,0,0,0,0,0,0,0,0,0,0,0,0,0,0,0
Date,88,0,50,38,0,0,9,18,9,22,6,5,5,3,1,9,0,0,0,1,0,0,0,0,0
Dated,3,0,2,1,0,0,0,0,2,0,0,0,0,0,0,1,0,0,0,0,0,0,0,0,0
Dated304,1,0,1,0,0,0,0,0,0,0,0,0,0,1,0,0,0,0,0,0,0,0,0,0,0
Dates,3,0,2,1,0,0,0,1,0,0,1,0,0,1,0,0,0,0,0,0,0,0,0,0,0
Day,4,0,4,0,0,0,0,0,0,4,0,0,0,0,0,0,0,0,0,0,0,0,0,0,0
debug,1,1,0,0,0,1,0,0,0,0,0,0,0,0,0,0,0,0,0,0,0,0,0,0,0
decode,3,3,0,0,2,3,0,0,0,0,0,0,0,0,0,0,0,0,0,0,0,0,0,0,0
Decoded,1,0,0,1,0,0,1,0,0,0,0,0,0,0,0,0,0,0,0,0,0,0,0,0,0
Decoder,1,0,1,0,0,0,0,1,0,0,0,0,0,0,0,0,0,0,0,0,0,0,0,0,0
Decompress,1,0,0,1,0,0,0,1,0,0,0,0,0,0,0,0,0,0,0,0,0,0,0,0,0
Decompressing,5,1,4,0,0,1,4,0,0,0,0,0,0,0,0,0,0,0,0,0,0,0,0,0,0
Decompression,2,0,1,1,0,0,1,1,0,0,0,0,0,0,0,0,0,0,0,0,0,0,0,0,0
decorate,5,5,0,0,4,5,0,0,0,0,0,0,0,0,0,0,0,0,0,0,0,0,0,0,0
Decorator,2,0,0,2,0,0,1,1,0,0,0,0,0,0,0,0,0,0,0,0,0,0,0,0,0
decrement,1,1,0,0,0,1,0,0,0,0,0,0,0,0,0,0,0,0,0,0,0,0,0,0,0
Decrements,1,0,1,0,0,0,1,0,0,0,0,0,0,0,0,0,0,0,0,0,0,0,0,0,0
decrypt,2,2,0,0,1,2,0,0,0,0,0,0,0,0,0,0,0,0,0,0,0,0,0,0,0
Default,92,12,69,11,0,12,56,11,1,4,3,3,0,1,0,1,0,0,0,0,0,0,0,0,0
Defaults,2,0,1,1,0,0,1,0,0,1,0,0,0,0,0,0,0,0,0,0,0,0,0,0,0
Deflate,9,4,4,1,0,4,4,0,0,0,0,1,0,0,0,0,0,0,0,0,0,0,0,0,0
Delay,5,0,4,1,0,0,1,3,0,0,0,0,0,0,0,1,0,0,0,0,0,0,0,0,0
Deleg,2,0,2,0,0,0,0,2,0,0,0,0,0,0,0,0,0,0,0,0,0,0,0,0,0
Delegated,1,1,0,0,0,1,0,0,0,0,0,0,0,0,0,0,0,0,0,0,0,0,0,0,0
DELET,1,0,1,0,0,0,0,0,1,0,0,0,0,0,0,0,0,0,0,0,0,0,0,0,0
Delete,25,7,17,1,7,7,13,0,0,0,0,2,0,1,2,0,0,0,0,0,0,0,0,0,0
Deleted,3,1,2,0,1,1,0,0,1,1,0,0,0,0,0,0,0,0,0,0,0,0,0,0,0
Delimited,2,0,0,2,0,0,0,0,2,0,0,0,0,0,0,0,0,0,0,0,0,0,0,0,0
Delims,1,0,0,1,0,0,1,0,0,0,0,0,0,0,0,0,0,0,0,0,0,0,0,0,0
Dependency,1,0,0,1,0,0,1,0,0,0,0,0,0,0,0,0,0,0,0,0,0,0,0,0,0
Der,1,0,0,1,0,0,0,0,0,1,0,0,0,0,0,0,0,0,0,0,0,0,0,0,0
DES,1,0,1,0,0,0,1,0,0,0,0,0,0,0,0,0,0,0,0,0,0,0,0,0,0
describe,2,2,0,0,0,2,0,0,0,0,0,0,0,0,0,0,0,0,0,0,0,0,0,0,0
deserialize,2,2,0,0,2,2,0,0,0,0,0,0,0,0,0,0,0,0,0,0,0,0,0,0,0
detach,3,3,0,0,3,3,0,0,0,0,0,0,0,0,0,0,0,0,0,0,0,0,0,0,0
Details,4,0,0,4,0,0,0,4,0,0,0,0,0,0,0,0,0,0,0,0,0,0,0,0,0
Detected,1,0,0,1,0,0,1,0,0,0,0,0,0,0,0,0,0,0,0,0,0,0,0,0,0
Determin,1,0,1,0,0,0,1,0,0,0,0,0,0,0,0,0,0,0,0,0,0,0,0,0,0
Determine,14,12,2,0,0,12,2,0,0,0,0,0,0,0,0,0,0,0,0,0,0,0,0,0,0
Did,6,0,4,2,0,0,1,0,0,0,0,0,0,0,1,3,1,0,0,0,0,0,0,0,0
Differ,3,0,0,3,0,0,0,0,0,1,0,0,0,1,0,0,0,0,0,0,1,0,0,0,0
Difference,1,0,1,0,0,0,0,0,0,1,0,0,0,0,0,0,0,0,0,0,0,0,0,0,0
Different,12,0,12,0,0,0,2,1,0,3,1,1,0,2,0,0,0,0,2,0,0,0,0,0,0
Digest,31,4,23,4,0,4,24,1,1,0,0,0,1,0,0,0,0,0,0,0,0,0,0,0,0
Digester,1,0,0,1,0,0,0,1,0,0,0,0,0,0,0,0,0,0,0,0,0,0,0,0,0
Digit,2,0,1,1,0,0,1,1,0,0,0,0,0,0,0,0,0,0,0,0,0,0,0,0,0
Digit1,1,0,0,1,0,0,0,0,0,0,1,0,0,0,0,0,0,0,0,0,0,0,0,0,0
digit16,1,1,0,0,1,1,0,0,0,0,0,0,0,0,0,0,0,0,0,0,0,0,0,0,0
Digit2,1,0,0,1,0,0,0,0,0,0,1,0,0,0,0,0,0,0,0,0,0,0,0,0,0
Digit3,1,0,0,1,0,0,0,0,0,0,1,0,0,0,0,0,0,0,0,0,0,0,0,0,0
Dir,3,0,0,3,0,0,0,3,0,0,0,0,0,0,0,0,0,0,0,0,0,0,0,0,0
Direct,14,1,7,6,0,1,7,2,2,0,1,1,0,0,0,0,0,0,0,0,0,0,0,0,0
Directive,9,0,8,1,0,0,0,0,1,1,1,4,0,0,2,0,0,0,0,0,0,0,0,0,0
Directives,3,0,3,0,0,0,0,0,2,0,0,1,0,0,0,0,0,0,0,0,0,0,0,0,0
Directly,8,0,8,0,0,0,0,0,0,8,0,0,0,0,0,0,0,0,0,0,0,0,0,0,0
disable,15,15,0,0,0,15,0,0,0,0,0,0,0,0,0,0,0,0,0,0,0,0,0,0,0
Disabled,5,0,1,4,0,0,0,1,0,0,0,0,0,0,0,0,0,0,0,0,0,2,0,2,0
Disallow,1,0,1,0,0,0,0,0,0,1,0,0,0,0,0,0,0,0,0,0,0,0,0,0,0
Discard,12,6,5,1,0,6,0,6,0,0,0,0,0,0,0,0,0,0,0,0,0,0,0,0,0
disconnect,1,1,0,0,1,1,0,0,0,0,0,0,0,0,0,0,0,0,0,0,0,0,0,0,0
Disonnect,1,0,1,0,0,0,1,0,0,0,0,0,0,0,0,0,0,0,0,0,0,0,0,0,0
dispose,4,4,0,0,4,4,0,0,0,0,0,0,0,0,0,0,0,0,0,0,0,0,0,0,0
Distinguished,1,1,0,0,0,1,0,0,0,0,0,0,0,0,0,0,0,0,0,0,0,0,0,0,0
Dns,6,1,5,0,1,1,4,1,0,0,0,0,0,0,0,0,0,0,0,0,0,0,0,0,0
Do,18,6,12,0,0,6,5,2,0,1,0,0,0,1,1,2,0,0,0,0,0,0,0,0,0
Does,181,25,156,0,0,25,119,10,3,7,0,4,3,3,0,3,4,0,0,0,0,0,0,0,0
Doesnt,2,0,2,0,0,0,0,0,0,2,0,0,0,0,0,0,0,0,0,0,0,0,0,0,0
Domain,37,2,22,13,0,2,10,18,2,0,0,2,2,1,0,0,0,0,0,0,0,0,0,0,0
Done,1,0,0,1,0,0,1,0,0,0,0,0,0,0,0,0,0,0,0,0,0,0,0,0,0
Dont,2,0,2,0,0,0,1,0,0,0,0,0,0,1,0,0,0,0,0,0,0,0,0,0,0
Dot,9,0,9,0,0,0,1,4,3,1,0,0,0,0,0,0,0,0,0,0,0,0,0,0,0
Double,1,0,0,1,0,0,1,0,0,0,0,0,0,0,0,0,0,0,0,0,0,0,0,0,0
Down,6,0,4,2,0,0,2,0,0,1,2,1,0,0,0,0,0,0,0,0,0,0,0,0,0
Downgrade,1,0,1,0,0,0,0,0,0,0,1,0,0,0,0,0,0,0,0,0,0,0,0,0,0
downgrades1 2,1,1,0,0,0,1,0,0,0,0,0,0,0,0,0,0,0,0,0,0,0,0,0,0,0
Downstream,1,0,0,1,0,0,0,0,0,0,0,0,0,0,1,0,0,0,0,0,0,0,0,0,0
Dump,2,1,0,1,1,1,1,0,0,0,0,0,0,0,0,0,0,0,0,0,0,0,0,0,0
Duration,8,0,0,8,0,0,3,0,3,2,0,0,0,0,0,0,0,0,0,0,0,0,0,0,0
During,2,0,2,0,0,0,0,0,0,2,0,0,0,0,0,0,0,0,0,0,0,0,0,0,0
E,26,0,26,0,0,0,0,3,2,11,3,3,2,1,1,0,0,0,0,0,0,0,0,0,0
Eabled,1,0,1,0,0,0,0,1,0,0,0,0,0,0,0,0,0,0,0,0,0,0,0,0,0
Echo,1,0,1,0,0,0,1,0,0,0,0,0,0,0,0,0,0,0,0,0,0,0,0,0,0
Ehcache,1,1,0,0,0,1,0,0,0,0,0,0,0,0,0,0,0,0,0,0,0,0,0,0,0
Eldest,1,0,1,0,0,0,1,0,0,0,0,0,0,0,0,0,0,0,0,0,0,0,0,0,0
Element,2,0,0,2,0,0,0,1,1,0,0,0,0,0,0,0,0,0,0,0,0,0,0,0,0
Elements,2,0,0,2,0,0,0,0,2,0,0,0,0,0,0,0,0,0,0,0,0,0,0,0,0
Embedded,8,0,8,0,0,0,0,0,0,0,0,8,0,0,0,0,0,0,0,0,0,0,0,0,0
Empty,21,1,17,3,0,1,9,2,5,1,1,1,0,0,0,1,0,0,0,0,0,0,0,0,0
Enabled,19,0,2,17,0,0,3,5,8,0,0,0,0,2,0,1,0,0,0,0,0,0,0,0,0
enchance,1,1,0,0,1,1,0,0,0,0,0,0,0,0,0,0,0,0,0,0,0,0,0,0,0
Enclosing,2,0,2,0,0,0,0,0,2,0,0,0,0,0,0,0,0,0,0,0,0,0,0,0,0
encode,8,8,0,0,4,8,0,0,0,0,0,0,0,0,0,0,0,0,0,0,0,0,0,0,0
Encoded,2,0,2,0,0,0,1,1,0,0,0,0,0,0,0,0,0,0,0,0,0,0,0,0,0
Encoding,42,0,23,19,0,0,2,14,8,1,11,1,1,2,0,2,0,0,0,0,0,0,0,0,0
Encodings,4,0,4,0,0,0,0,0,1,2,1,0,0,0,0,0,0,0,0,0,0,0,0,0,0
Encrypt,2,1,1,0,1,1,0,1,0,0,0,0,0,0,0,0,0,0,0,0,0,0,0,0,0
Encrypted,1,0,1,0,0,0,1,0,0,0,0,0,0,0,0,0,0,0,0,0,0,0,0,0,0
End,30,3,17,10,0,3,11,2,3,2,4,0,3,0,2,0,0,0,0,0,0,0,0,0,0
ended,2,1,0,1,0,1,1,0,0,0,0,0,0,0,0,0,0,0,0,0,0,0,0,0,0
Endless,1,0,1,0,0,0,1,0,0,0,0,0,0,0,0,0,0,0,0,0,0,0,0,0,0
Endlessly,1,0,0,1,0,0,0,0,0,0,1,0,0,0,0,0,0,0,0,0,0,0,0,0,0
Endpoint,19,1,6,12,1,1,4,12,1,0,1,0,0,0,0,0,0,0,0,0,0,0,0,0,0
Engine,3,0,1,2,0,0,1,2,0,0,0,0,0,0,0,0,0,0,0,0,0,0,0,0,0
enhance,1,1,0,0,1,1,0,0,0,0,0,0,0,0,0,0,0,0,0,0,0,0,0,0,0
Enhanced,1,0,0,1,0,0,1,0,0,0,0,0,0,0,0,0,0,0,0,0,0,0,0,0,0
Enough,6,0,4,2,0,0,0,2,0,0,2,0,0,2,0,0,0,0,0,0,0,0,0,0,0
ensure,9,8,1,0,0,8,1,0,0,0,0,0,0,0,0,0,0,0,0,0,0,0,0,0,0
ensure200,1,1,0,0,0,1,0,0,0,0,0,0,0,0,0,0,0,0,0,0,0,0,0,0,0
ensure206,1,1,0,0,0,1,0,0,0,0,0,0,0,0,0,0,0,0,0,0,0,0,0,0,0
ensure304,1,1,0,0,0,1,0,0,0,0,0,0,0,0,0,0,0,0,0,0,0,0,0,0,0
Entity,76,1,33,42,0,1,18,19,14,3,3,1,4,3,2,4,2,0,0,2,0,0,0,0,0
Entries,31,0,23,8,0,0,6,11,5,3,6,0,0,0,0,0,0,0,0,0,0,0,0,0,0
Entry,235,4,134,97,0,4,57,53,38,22,6,19,9,5,4,9,6,2,0,0,1,0,0,0,0
entry1xx,1,1,0,0,0,1,0,0,0,0,0,0,0,0,0,0,0,0,0,0,0,0,0,0,0
Entryis,2,0,2,0,0,0,2,0,0,0,0,0,0,0,0,0,0,0,0,0,0,0,0,0,0
Enums,1,0,0,1,0,0,0,1,0,0,0,0,0,0,0,0,0,0,0,0,0,0,0,0,0
eof,1,1,0,0,0,1,0,0,0,0,0,0,0,0,0,0,0,0,0,0,0,0,0,0,0
eq,6,6,0,0,0,6,0,0,0,0,0,0,0,0,0,0,0,0,0,0,0,0,0,0,0
Equal,5,0,3,2,0,0,1,0,2,1,0,0,0,0,0,0,0,0,0,0,0,0,1,0,0
Equality,3,0,2,1,0,0,3,0,0,0,0,0,0,0,0,0,0,0,0,0,0,0,0,0,0
Equality1,1,0,0,1,0,0,1,0,0,0,0,0,0,0,0,0,0,0,0,0,0,0,0,0,0
Equality2,1,0,0,1,0,0,1,0,0,0,0,0,0,0,0,0,0,0,0,0,0,0,0,0,0
Equality3,1,0,0,1,0,0,1,0,0,0,0,0,0,0,0,0,0,0,0,0,0,0,0,0,0
Equality4,1,0,0,1,0,0,1,0,0,0,0,0,0,0,0,0,0,0,0,0,0,0,0,0,0
Equals,15,8,4,3,8,8,3,0,1,2,0,0,0,1,0,0,0,0,0,0,0,0,0,0,0
Equivalent,19,2,9,8,2,2,5,0,3,2,3,2,1,1,0,0,0,0,0,0,0,0,0,0,0
Error,32,0,22,10,0,0,4,3,9,4,3,5,2,0,2,0,0,0,0,0,0,0,0,0,0
Es,2,0,2,0,0,0,0,0,0,2,0,0,0,0,0,0,0,0,0,0,0,0,0,0,0
Escape,1,0,0,1,0,0,0,1,0,0,0,0,0,0,0,0,0,0,0,0,0,0,0,0,0
Escaped,2,0,1,1,0,0,0,0,1,0,0,0,1,0,0,0,0,0,0,0,0,0,0,0,0
Establish,8,0,8,0,0,0,8,0,0,0,0,0,0,0,0,0,0,0,0,0,0,0,0,0,0
Etag,17,1,12,4,0,1,0,1,0,9,0,1,0,0,1,0,0,4,0,0,0,0,0,0,0
Etags,7,0,5,2,0,0,0,0,1,1,3,0,0,0,2,0,0,0,0,0,0,0,0,0,0
evaluate,1,1,0,0,0,1,0,0,0,0,0,0,0,0,0,0,0,0,0,0,0,0,0,0,0
Even,22,0,22,0,0,0,1,1,1,0,0,1,2,0,0,5,2,4,2,3,0,0,0,0,0
Event,6,0,4,2,0,0,4,0,2,0,0,0,0,0,0,0,0,0,0,0,0,0,0,0,0
Evict,7,5,2,0,0,5,2,0,0,0,0,0,0,0,0,0,0,0,0,0,0,0,0,0,0
Eviction,1,0,0,1,0,0,0,0,1,0,0,0,0,0,0,0,0,0,0,0,0,0,0,0,0
Evictor,2,0,0,2,0,0,0,2,0,0,0,0,0,0,0,0,0,0,0,0,0,0,0,0,0
Exceeds,3,0,3,0,0,0,0,0,0,0,1,0,1,1,0,0,0,0,0,0,0,0,0,0,0
Exception,57,1,14,42,0,1,9,15,21,8,0,2,0,0,0,0,1,0,0,0,0,0,0,0,0
Exceptions,2,0,0,2,0,0,1,1,0,0,0,0,0,0,0,0,0,0,0,0,0,0,0,0,0
Exchange,12,0,3,9,0,0,2,4,2,0,4,0,0,0,0,0,0,0,0,0,0,0,0,0,0
Exchanges,1,0,0,1,0,0,0,1,0,0,0,0,0,0,0,0,0,0,0,0,0,0,0,0,0
Exclude,1,0,1,0,0,0,1,0,0,0,0,0,0,0,0,0,0,0,0,0,0,0,0,0,0
Exec,64,5,44,15,0,5,40,15,3,1,0,0,0,0,0,0,0,0,0,0,0,0,0,0,0
Execute,73,52,13,8,51,52,21,0,0,0,0,0,0,0,0,0,0,0,0,0,0,0,0,0,0
Execution,5,0,5,0,0,0,1,2,0,0,1,0,0,0,0,1,0,0,0,0,0,0,0,0,0
Executions,1,0,0,1,0,0,1,0,0,0,0,0,0,0,0,0,0,0,0,0,0,0,0,0,0
Executor,4,1,0,3,1,1,0,2,1,0,0,0,0,0,0,0,0,0,0,0,0,0,0,0,0
Existing,5,0,5,0,0,0,0,1,2,1,1,0,0,0,0,0,0,0,0,0,0,0,0,0,0
Exists,1,0,1,0,0,0,0,0,0,0,0,0,1,0,0,0,0,0,0,0,0,0,0,0,0
Expect,16,1,15,0,0,1,4,6,0,1,0,0,1,1,2,0,0,0,0,0,0,0,0,0,0
Expect100,1,0,1,0,0,0,0,0,1,0,0,0,0,0,0,0,0,0,0,0,0,0,0,0,0
Expectation,2,0,2,0,0,0,0,0,2,0,0,0,0,0,0,0,0,0,0,0,0,0,0,0,0
Expecting100,2,0,2,0,0,0,0,1,1,0,0,0,0,0,0,0,0,0,0,0,0,0,0,0,0
Expects,7,0,7,0,0,0,6,0,1,0,0,0,0,0,0,0,0,0,0,0,0,0,0,0,0
Expiration,1,0,1,0,0,0,0,0,0,0,1,0,0,0,0,0,0,0,0,0,0,0,0,0,0
Expired,15,0,8,7,0,0,8,7,0,0,0,0,0,0,0,0,0,0,0,0,0,0,0,0,0
Expires,44,3,26,15,0,3,6,5,2,6,1,2,0,2,2,2,5,2,2,2,2,0,0,0,0
Expiry,25,0,21,4,0,0,4,21,0,0,0,0,0,0,0,0,0,0,0,0,0,0,0,0,0
Explicit,25,1,24,0,0,1,1,5,2,1,0,2,4,5,4,0,0,0,0,0,0,0,0,0,0
Explicitly,9,0,9,0,0,0,2,0,0,0,0,0,1,6,0,0,0,0,0,0,0,0,0,0,0
Explict,1,0,1,0,0,0,1,0,0,0,0,0,0,0,0,0,0,0,0,0,0,0,0,0,0
Exponential,1,1,0,0,0,1,0,0,0,0,0,0,0,0,0,0,0,0,0,0,0,0,0,0,0
Exported,1,0,1,0,0,0,1,0,0,0,0,0,0,0,0,0,0,0,0,0,0,0,0,0,0
Extension,2,0,2,0,0,0,0,0,0,2,0,0,0,0,0,0,0,0,0,0,0,0,0,0,0
Extra,5,0,5,0,0,0,2,2,0,1,0,0,0,0,0,0,0,0,0,0,0,0,0,0,0
extract,6,4,2,0,1,4,2,0,0,0,0,0,0,0,0,0,0,0,0,0,0,0,0,0,0
Extracts,1,0,1,0,0,0,1,0,0,0,0,0,0,0,0,0,0,0,0,0,0,0,0,0,0
F,1,1,0,0,1,1,0,0,0,0,0,0,0,0,0,0,0,0,0,0,0,0,0,0,0
Factor,2,0,1,1,0,0,0,2,0,0,0,0,0,0,0,0,0,0,0,0,0,0,0,0,0
Factory,31,0,2,29,0,0,0,14,9,5,3,0,0,0,0,0,0,0,0,0,0,0,0,0,0
Fail,4,1,0,3,0,1,0,0,2,0,1,0,0,0,0,0,0,0,0,0,0,0,0,0,0
Failed,53,44,5,4,44,44,6,2,0,0,0,0,0,0,1,0,0,0,0,0,0,0,0,0,0
Failover,1,0,0,1,0,0,0,1,0,0,0,0,0,0,0,0,0,0,0,0,0,0,0,0,0
Fails,7,0,6,1,0,0,0,0,0,0,0,3,3,0,1,0,0,0,0,0,0,0,0,0,0
Failure,20,0,3,17,0,0,0,5,7,2,3,2,0,1,0,0,0,0,0,0,0,0,0,0,0
Fallback,2,0,0,2,0,0,0,2,0,0,0,0,0,0,0,0,0,0,0,0,0,0,0,0,0
False,7,0,7,0,0,0,0,0,0,2,0,0,5,0,0,0,0,0,0,0,0,0,0,0,0
Fatally,4,0,4,0,0,0,1,2,0,0,0,0,1,0,0,0,0,0,0,0,0,0,0,0,0
Faulty,1,1,0,0,0,1,0,0,0,0,0,0,0,0,0,0,0,0,0,0,0,0,0,0,0
fetch,1,1,0,0,0,1,0,0,0,0,0,0,0,0,0,0,0,0,0,0,0,0,0,0,0
Fetches,1,0,1,0,0,0,0,0,0,1,0,0,0,0,0,0,0,0,0,0,0,0,0,0,0
Field,18,0,9,9,0,0,8,0,1,1,1,1,6,0,0,0,0,0,0,0,0,0,0,0,0
Fields,6,0,2,4,0,0,4,0,0,0,0,1,0,1,0,0,0,0,0,0,0,0,0,0,0
File,13,3,4,6,0,3,7,2,1,0,0,0,0,0,0,0,0,0,0,0,0,0,0,0,0
Filename,4,0,0,4,0,0,4,0,0,0,0,0,0,0,0,0,0,0,0,0,0,0,0,0,0
Filter,2,0,0,2,0,0,0,0,2,0,0,0,0,0,0,0,0,0,0,0,0,0,0,0,0
find,1,1,0,0,0,1,0,0,0,0,0,0,0,0,0,0,0,0,0,0,0,0,0,0,0
Fired,1,0,0,1,0,0,1,0,0,0,0,0,0,0,0,0,0,0,0,0,0,0,0,0,0
First,20,1,12,7,0,1,5,2,6,0,0,0,0,0,0,6,0,0,0,0,0,0,0,0,0
Flags,4,0,0,4,0,0,1,2,1,0,0,0,0,0,0,0,0,0,0,0,0,0,0,0,0
Flow,6,0,6,0,0,0,2,4,0,0,0,0,0,0,0,0,0,0,0,0,0,0,0,0,0
Flush,42,17,25,0,2,17,1,18,6,0,0,0,0,0,0,0,0,0,0,0,0,0,0,0,0
Flushed,2,0,2,0,0,0,0,0,0,0,2,0,0,0,0,0,0,0,0,0,0,0,0,0,0
flushes,16,16,0,0,0,16,0,0,0,0,0,0,0,0,0,0,0,0,0,0,0,0,0,0,0
Followed,1,0,1,0,0,0,0,0,0,1,0,0,0,0,0,0,0,0,0,0,0,0,0,0,0
For,138,0,131,7,0,0,6,45,17,22,12,17,8,5,1,2,0,2,1,0,0,0,0,0,0
For304,1,0,1,0,0,0,0,0,0,0,1,0,0,0,0,0,0,0,0,0,0,0,0,0,0
fork,3,3,0,0,3,3,0,0,0,0,0,0,0,0,0,0,0,0,0,0,0,0,0,0,0
Form,16,4,10,2,2,4,2,9,1,0,0,0,0,0,0,0,0,0,0,0,0,0,0,0,0
Format,17,12,2,3,0,12,2,2,1,0,0,0,0,0,0,0,0,0,0,0,0,0,0,0,0
Formatted,2,0,2,0,0,0,0,2,0,0,0,0,0,0,0,0,0,0,0,0,0,0,0,0,0
Forward,1,0,1,0,0,0,0,0,1,0,0,0,0,0,0,0,0,0,0,0,0,0,0,0,0
Forwarded,6,0,4,2,0,0,0,0,0,0,2,3,0,0,1,0,0,0,0,0,0,0,0,0,0
Forwarding,1,0,1,0,0,0,0,0,0,0,1,0,0,0,0,0,0,0,0,0,0,0,0,0,0
Forwards,6,0,6,0,0,0,2,0,2,0,0,1,1,0,0,0,0,0,0,0,0,0,0,0,0
Found,1,0,0,1,0,0,0,1,0,0,0,0,0,0,0,0,0,0,0,0,0,0,0,0,0
Fragment,7,0,0,7,0,0,0,0,0,0,5,2,0,0,0,0,0,0,0,0,0,0,0,0,0
Frame,8,0,8,0,0,0,8,0,0,0,0,0,0,0,0,0,0,0,0,0,0,0,0,0,0
Free,1,0,1,0,0,0,1,0,0,0,0,0,0,0,0,0,0,0,0,0,0,0,0,0,0
Fresh,25,0,18,7,0,0,1,3,5,4,1,1,3,1,0,4,1,0,1,0,0,0,0,0,0
Fresher,8,0,8,0,0,0,0,0,8,0,0,0,0,0,0,0,0,0,0,0,0,0,0,0,0
Freshness,25,0,24,1,0,0,12,5,1,1,2,1,1,0,2,0,0,0,0,0,0,0,0,0,0
From,109,0,108,1,0,0,1,6,21,20,15,13,10,2,2,8,5,4,1,1,0,0,0,0,0
From1 0,21,1,20,0,0,1,0,0,0,10,10,0,0,0,0,0,0,0,0,0,0,0,0,0,0
From1 1,2,0,2,0,0,0,0,0,0,2,0,0,0,0,0,0,0,0,0,0,0,0,0,0,0
From304,1,0,1,0,0,0,0,0,0,0,0,1,0,0,0,0,0,0,0,0,0,0,0,0,0
Full,3,0,3,0,0,0,1,2,0,0,0,0,0,0,0,0,0,0,0,0,0,0,0,0,0
Fundamentals,5,0,1,4,0,0,4,0,1,0,0,0,0,0,0,0,0,0,0,0,0,0,0,0,0
Funny,4,0,4,0,0,0,0,0,4,0,0,0,0,0,0,0,0,0,0,0,0,0,0,0,0
Future,6,1,4,1,0,1,1,3,0,0,0,0,0,1,0,0,0,0,0,0,0,0,0,0,0
G,3,1,2,0,1,1,0,1,0,1,0,0,0,0,0,0,0,0,0,0,0,0,0,0,0
Garbage,2,0,0,2,0,0,0,1,0,0,1,0,0,0,0,0,0,0,0,0,0,0,0,0,0
Gateway,1,0,1,0,0,0,1,0,0,0,0,0,0,0,0,0,0,0,0,0,0,0,0,0,0
GE,4,0,4,0,0,0,0,2,0,0,2,0,0,0,0,0,0,0,0,0,0,0,0,0,0
Gen,1,0,0,1,0,0,1,0,0,0,0,0,0,0,0,0,0,0,0,0,0,0,0,0,0
generate,26,26,0,0,3,26,0,0,0,0,0,0,0,0,0,0,0,0,0,0,0,0,0,0,0
Generated,17,0,15,2,0,0,1,9,4,1,2,0,0,0,0,0,0,0,0,0,0,0,0,0,0
Generated304,20,0,20,0,0,0,20,0,0,0,0,0,0,0,0,0,0,0,0,0,0,0,0,0,0
Generated416,1,0,1,0,0,0,0,0,0,0,0,0,0,0,0,0,1,0,0,0,0,0,0,0,0
Generates504,3,0,3,0,0,0,3,0,0,0,0,0,0,0,0,0,0,0,0,0,0,0,0,0,0
Generator,2,0,0,2,0,0,0,1,1,0,0,0,0,0,0,0,0,0,0,0,0,0,0,0,0
GET,686,584,91,11,21,584,44,31,7,6,2,3,4,2,2,0,1,0,0,0,0,0,0,0,0
gets,10,10,0,0,0,10,0,0,0,0,0,0,0,0,0,0,0,0,0,0,0,0,0,0,0
Getters,1,0,1,0,0,0,1,0,0,0,0,0,0,0,0,0,0,0,0,0,0,0,0,0,0
GGS,1,1,0,0,0,1,0,0,0,0,0,0,0,0,0,0,0,0,0,0,0,0,0,0,0
Gi,4,0,4,0,0,0,4,0,0,0,0,0,0,0,0,0,0,0,0,0,0,0,0,0,0
Go,2,0,2,0,0,0,0,0,1,0,0,1,0,0,0,0,0,0,0,0,0,0,0,0,0
Greater,2,0,2,0,0,0,0,0,0,0,1,0,1,0,0,0,0,0,0,0,0,0,0,0,0
Gss,6,0,6,0,0,0,4,0,0,1,1,0,0,0,0,0,0,0,0,0,0,0,0,0,0
gzip,11,4,6,1,0,4,5,1,0,0,0,1,0,0,0,0,0,0,0,0,0,0,0,0,0
H,1,1,0,0,1,1,0,0,0,0,0,0,0,0,0,0,0,0,0,0,0,0,0,0,0
H1,1,0,1,0,0,0,1,0,0,0,0,0,0,0,0,0,0,0,0,0,0,0,0,0,0
H2,3,1,2,0,0,1,2,0,0,0,0,0,0,0,0,0,0,0,0,0,0,0,0,0,0
halves,1,1,0,0,0,1,0,0,0,0,0,0,0,0,0,0,0,0,0,0,0,0,0,0,0
Hand,2,0,2,0,0,0,0,0,0,0,0,0,0,0,0,0,2,0,0,0,0,0,0,0,0
Handle,55,51,4,0,22,51,0,0,4,0,0,0,0,0,0,0,0,0,0,0,0,0,0,0,0
Handler,32,0,2,30,0,0,4,14,4,7,1,2,0,0,0,0,0,0,0,0,0,0,0,0,0
Handlers,1,0,0,1,0,0,0,1,0,0,0,0,0,0,0,0,0,0,0,0,0,0,0,0,0
Handles,3,0,3,0,0,0,0,0,0,2,0,0,0,1,0,0,0,0,0,0,0,0,0,0,0
Handling,3,0,0,3,0,0,0,3,0,0,0,0,0,0,0,0,0,0,0,0,0,0,0,0,0
Handshake,3,0,0,3,0,0,2,1,0,0,0,0,0,0,0,0,0,0,0,0,0,0,0,0,0
Handshaking,1,0,0,1,0,0,0,1,0,0,0,0,0,0,0,0,0,0,0,0,0,0,0,0,0
Has,40,12,28,0,0,12,3,3,3,0,1,2,3,8,0,5,0,0,0,0,0,0,0,0,0
Hash,23,11,2,10,3,11,6,2,3,1,0,0,0,0,0,0,0,0,0,0,0,0,0,0,0
Hashcode,2,0,2,0,0,0,0,2,0,0,0,0,0,0,0,0,0,0,0,0,0,0,0,0,0
Hashing,2,0,2,0,0,0,0,2,0,0,0,0,0,0,0,0,0,0,0,0,0,0,0,0,0
Have,14,0,14,0,0,0,0,0,0,0,0,4,1,2,2,3,0,2,0,0,0,0,0,0,0
Head,56,4,45,7,4,4,8,21,8,6,3,0,3,1,2,0,0,0,0,0,0,0,0,0,0
Header,211,3,131,77,1,3,23,30,26,24,14,46,10,10,7,7,10,0,1,0,0,0,0,0,0
Headers,132,2,80,50,0,2,15,17,9,9,25,20,8,9,4,3,7,2,0,0,2,0,0,0,0
heads,10,10,0,0,0,10,0,0,0,0,0,0,0,0,0,0,0,0,0,0,0,0,0,0,0
Heap,1,1,0,0,0,1,0,0,0,0,0,0,0,0,0,0,0,0,0,0,0,0,0,0,0
Heuristic,11,0,11,0,0,0,11,0,0,0,0,0,0,0,0,0,0,0,0,0,0,0,0,0,0
Heuristically,3,0,3,0,0,0,0,1,0,0,0,2,0,0,0,0,0,0,0,0,0,0,0,0,0
hex,2,1,0,1,0,1,1,0,0,0,0,0,0,0,0,0,0,0,0,0,0,0,0,0,0
High,1,0,1,0,0,0,0,0,0,0,1,0,0,0,0,0,0,0,0,0,0,0,0,0,0
Higher,2,0,2,0,0,0,1,0,0,0,0,0,1,0,0,0,0,0,0,0,0,0,0,0,0
Higher1 ,1,0,1,0,0,0,1,0,0,0,0,0,0,0,0,0,0,0,0,0,0,0,0,0,0
Hit,26,0,3,23,0,0,1,4,1,0,0,0,5,2,9,4,0,0,0,0,0,0,0,0,0
Hits,1,0,0,1,0,0,0,1,0,0,0,0,0,0,0,0,0,0,0,0,0,0,0,0,0
hmac,1,1,0,0,0,1,0,0,0,0,0,0,0,0,0,0,0,0,0,0,0,0,0,0,0
HMACMD5,1,1,0,0,1,1,0,0,0,0,0,0,0,0,0,0,0,0,0,0,0,0,0,0,0
Holder,1,0,0,1,0,0,0,1,0,0,0,0,0,0,0,0,0,0,0,0,0,0,0,0,0
Hop,7,0,6,1,0,0,5,0,2,0,0,0,0,0,0,0,0,0,0,0,0,0,0,0,0
Hopping,1,0,0,1,0,0,1,0,0,0,0,0,0,0,0,0,0,0,0,0,0,0,0,0,0
Hops,1,0,0,1,0,0,0,0,0,0,0,0,1,0,0,0,0,0,0,0,0,0,0,0,0
Host,47,2,19,26,0,2,14,16,2,1,5,1,2,2,2,0,0,0,0,0,0,0,0,0,0
Hostname,15,0,5,10,0,0,3,4,5,0,3,0,0,0,0,0,0,0,0,0,0,0,0,0,0
Hosts,13,0,1,12,0,0,0,2,0,0,1,0,0,0,0,0,0,0,3,6,1,0,0,0,0
Hours,1,0,1,0,0,0,0,0,0,0,1,0,0,0,0,0,0,0,0,0,0,0,0,0,0
Http,110,40,68,2,0,40,57,8,2,0,1,0,0,1,1,0,0,0,0,0,0,0,0,0,0
HTTP 1 0,1,0,1,0,0,0,0,0,0,0,0,0,0,1,0,0,0,0,0,0,0,0,0,0,0
Http1,4,0,4,0,0,0,4,0,0,0,0,0,0,0,0,0,0,0,0,0,0,0,0,0,0
HTTP1 1,2,0,2,0,0,0,2,0,0,0,0,0,0,0,0,0,0,0,0,0,0,0,0,0,0
HTTP10,3,0,2,1,0,0,0,0,2,1,0,0,0,0,0,0,0,0,0,0,0,0,0,0,0
Http2,18,2,14,2,0,2,15,1,0,0,0,0,0,0,0,0,0,0,0,0,0,0,0,0,0
HTTPCLIENT 1097,1,0,0,1,0,0,1,0,0,0,0,0,0,0,0,0,0,0,0,0,0,0,0,0,0
HTTPCLIENT 1255,1,0,0,1,0,0,1,0,0,0,0,0,0,0,0,0,0,0,0,0,0,0,0,0,0
HTTPCLIENT 1316,1,0,0,1,0,0,1,0,0,0,0,0,0,0,0,0,0,0,0,0,0,0,0,0,0
Https,4,0,3,1,0,0,0,0,1,0,0,0,0,2,1,0,0,0,0,0,0,0,0,0,0
I,3,0,3,0,0,0,1,0,0,0,2,0,0,0,0,0,0,0,0,0,0,0,0,0,0
Id,8,0,1,7,0,0,7,0,1,0,0,0,0,0,0,0,0,0,0,0,0,0,0,0,0
Idempotent,2,0,0,2,0,0,1,1,0,0,0,0,0,0,0,0,0,0,0,0,0,0,0,0,0
Identifier,3,0,1,2,0,0,0,0,0,1,0,0,1,1,0,0,0,0,0,0,0,0,0,0,0
Identifiers,1,0,0,1,0,0,0,1,0,0,0,0,0,0,0,0,0,0,0,0,0,0,0,0,0
Identity,12,1,10,1,0,1,5,6,0,0,0,0,0,0,0,0,0,0,0,0,0,0,0,0,0
Idle,12,2,5,5,0,2,7,1,1,1,0,0,0,0,0,0,0,0,0,0,0,0,0,0,0
If,230,0,230,0,0,0,6,30,30,25,28,35,31,24,4,4,4,1,6,1,1,0,0,0,0
If303,1,0,1,0,0,0,0,0,0,0,0,0,0,1,0,0,0,0,0,0,0,0,0,0,0
If304,1,0,1,0,0,0,0,0,0,0,0,0,1,0,0,0,0,0,0,0,0,0,0,0,0
Ignore,2,1,1,0,0,1,0,0,0,1,0,0,0,0,0,0,0,0,0,0,0,0,0,0,0
Ignored,5,0,0,5,0,0,0,0,0,0,3,1,0,0,0,0,1,0,0,0,0,0,0,0,0
Illegal,5,0,4,1,0,0,4,0,1,0,0,0,0,0,0,0,0,0,0,0,0,0,0,0,0
Immediately,2,0,1,1,0,0,0,1,0,0,0,1,0,0,0,0,0,0,0,0,0,0,0,0,0
Immutable,1,0,0,1,0,0,1,0,0,0,0,0,0,0,0,0,0,0,0,0,0,0,0,0,0
impl,4,1,1,2,0,1,1,0,0,0,2,0,0,0,0,0,0,0,0,0,0,0,0,0,0
Implict,1,0,1,0,0,0,1,0,0,0,0,0,0,0,0,0,0,0,0,0,0,0,0,0,0
In,92,1,91,0,0,1,2,2,15,15,7,9,21,13,4,2,0,0,1,0,0,0,0,0,0
In304,1,0,1,0,0,0,0,0,0,0,0,0,0,0,1,0,0,0,0,0,0,0,0,0,0
In504,1,0,1,0,0,0,0,0,1,0,0,0,0,0,0,0,0,0,0,0,0,0,0,0,0
Inactivity,6,0,0,6,0,0,0,0,6,0,0,0,0,0,0,0,0,0,0,0,0,0,0,0,0
Include,9,0,9,0,0,0,0,3,0,1,0,0,2,2,1,0,0,0,0,0,0,0,0,0,0
Included,2,0,2,0,0,0,0,0,0,0,0,0,0,0,2,0,0,0,0,0,0,0,0,0,0
Includes,8,0,8,0,0,0,0,2,0,0,4,0,0,1,0,1,0,0,0,0,0,0,0,0,0
Incoming,3,0,3,0,0,0,0,0,0,0,1,1,0,1,0,0,0,0,0,0,0,0,0,0,0
Incomplete,1,0,0,1,0,0,0,0,1,0,0,0,0,0,0,0,0,0,0,0,0,0,0,0,0
Increase,2,1,1,0,0,1,0,1,0,0,0,0,0,0,0,0,0,0,0,0,0,0,0,0,0
increases,1,1,0,0,0,1,0,0,0,0,0,0,0,0,0,0,0,0,0,0,0,0,0,0,0
increment,1,1,0,0,1,1,0,0,0,0,0,0,0,0,0,0,0,0,0,0,0,0,0,0,0
Indicates,1,0,1,0,0,0,0,0,0,0,0,0,0,1,0,0,0,0,0,0,0,0,0,0,0
Indications,1,0,0,1,0,0,0,0,0,0,0,0,0,0,0,0,0,0,1,0,0,0,0,0,0
Indicators,1,0,0,1,0,0,0,0,0,0,0,0,0,0,0,0,0,0,1,0,0,0,0,0,0
Infinite,1,0,1,0,0,0,0,1,0,0,0,0,0,0,0,0,0,0,0,0,0,0,0,0,0
Info,9,0,1,8,0,0,0,8,0,0,0,1,0,0,0,0,0,0,0,0,0,0,0,0,0
Information,5,0,0,5,0,0,5,0,0,0,0,0,0,0,0,0,0,0,0,0,0,0,0,0,0
init,4,4,0,0,0,4,0,0,0,0,0,0,0,0,0,0,0,0,0,0,0,0,0,0,0
Initial,5,0,5,0,0,0,1,3,0,0,1,0,0,0,0,0,0,0,0,0,0,0,0,0,0
initialize,2,2,0,0,2,2,0,0,0,0,0,0,0,0,0,0,0,0,0,0,0,0,0,0,0
initiate,1,1,0,0,0,1,0,0,0,0,0,0,0,0,0,0,0,0,0,0,0,0,0,0,0
Initiator,2,0,0,2,0,0,0,2,0,0,0,0,0,0,0,0,0,0,0,0,0,0,0,0,0
Input,30,2,12,16,1,2,11,6,1,6,4,0,0,0,0,0,0,0,0,0,0,0,0,0,0
Insensitive,2,0,0,2,0,0,0,0,0,0,0,2,0,0,0,0,0,0,0,0,0,0,0,0,0
Insists,1,0,1,0,0,0,1,0,0,0,0,0,0,0,0,0,0,0,0,0,0,0,0,0,0
install,1,1,0,0,0,1,0,0,0,0,0,0,0,0,0,0,0,0,0,0,0,0,0,0,0
Instance,5,0,0,5,0,0,4,0,0,0,0,0,1,0,0,0,0,0,0,0,0,0,0,0,0
Int,7,0,4,3,0,0,2,0,0,1,3,0,1,0,0,0,0,0,0,0,0,0,0,0,0
Integration,2,0,2,0,0,0,1,1,0,0,0,0,0,0,0,0,0,0,0,0,0,0,0,0,0
Interceptor,30,0,27,3,0,0,9,21,0,0,0,0,0,0,0,0,0,0,0,0,0,0,0,0,0
Intermidate,3,0,3,0,0,0,3,0,0,0,0,0,0,0,0,0,0,0,0,0,0,0,0,0,0
Internal,16,16,0,0,0,16,0,0,0,0,0,0,0,0,0,0,0,0,0,0,0,0,0,0,0
Interval,1,0,0,1,0,0,0,1,0,0,0,0,0,0,0,0,0,0,0,0,0,0,0,0,0
Into,2,0,2,0,0,0,0,0,0,1,0,0,1,0,0,0,0,0,0,0,0,0,0,0,0
Invalid,41,1,34,6,0,1,7,5,18,7,2,0,0,1,0,0,0,0,0,0,0,0,0,0,0
Invalid1,1,0,0,1,0,0,0,0,0,1,0,0,0,0,0,0,0,0,0,0,0,0,0,0,0
Invalid2,2,0,0,2,0,0,0,1,0,1,0,0,0,0,0,0,0,0,0,0,0,0,0,0,0
Invalidate,30,0,30,0,0,0,3,0,16,6,5,0,0,0,0,0,0,0,0,0,0,0,0,0,0
Invalidated,8,0,8,0,0,0,0,0,8,0,0,0,0,0,0,0,0,0,0,0,0,0,0,0,0
Invalidates,31,0,31,0,0,0,12,9,6,4,0,0,0,0,0,0,0,0,0,0,0,0,0,0,0
Invalidator,5,0,2,3,0,0,2,0,3,0,0,0,0,0,0,0,0,0,0,0,0,0,0,0,0
IO,14,0,14,0,0,0,5,2,2,1,3,1,0,0,0,0,0,0,0,0,0,0,0,0,0
IP,4,2,2,0,1,2,2,0,0,0,0,0,0,0,0,0,0,0,0,0,0,0,0,0,0
Is,343,125,217,1,0,125,46,15,40,23,19,26,24,9,8,3,3,2,0,0,0,0,0,0,0
is303,1,1,0,0,0,1,0,0,0,0,0,0,0,0,0,0,0,0,0,0,0,0,0,0,0
ISO88591,1,0,0,1,0,0,0,0,0,1,0,0,0,0,0,0,0,0,0,0,0,0,0,0,0
Issue1147,1,0,0,1,0,0,1,0,0,0,0,0,0,0,0,0,0,0,0,0,0,0,0,0,0
issues304,1,1,0,0,0,1,0,0,0,0,0,0,0,0,0,0,0,0,0,0,0,0,0,0,0
It,9,0,3,6,0,0,0,0,0,0,0,0,2,0,1,3,1,0,1,1,0,0,0,0,0
Iterator,5,2,0,3,2,2,3,0,0,0,0,0,0,0,0,0,0,0,0,0,0,0,0,0,0
job,2,2,0,0,0,2,0,0,0,0,0,0,0,0,0,0,0,0,0,0,0,0,0,0,0
Keep,17,3,14,0,0,3,6,6,1,1,0,0,0,0,0,0,0,0,0,0,0,0,0,0,0
Keeps,1,0,1,0,0,0,1,0,0,0,0,0,0,0,0,0,0,0,0,0,0,0,0,0,0
Kerberos,4,4,0,0,0,4,0,0,0,0,0,0,0,0,0,0,0,0,0,0,0,0,0,0,0
Key,39,0,14,25,0,0,7,13,9,7,1,2,0,0,0,0,0,0,0,0,0,0,0,0,0
Known,1,0,1,0,0,0,0,0,0,0,0,1,0,0,0,0,0,0,0,0,0,0,0,0,0
L,3,0,3,0,0,0,3,0,0,0,0,0,0,0,0,0,0,0,0,0,0,0,0,0,0
Lan,1,0,1,0,0,0,1,0,0,0,0,0,0,0,0,0,0,0,0,0,0,0,0,0,0
Language,6,0,4,2,0,0,0,0,1,0,3,0,0,0,0,2,0,0,0,0,0,0,0,0,0
Large,1,0,1,0,0,0,0,1,0,0,0,0,0,0,0,0,0,0,0,0,0,0,0,0,0
Larger,3,0,1,2,0,0,0,0,0,0,0,0,0,2,0,1,0,0,0,0,0,0,0,0,0
Last,33,1,25,7,0,1,8,3,7,7,2,1,0,1,3,0,0,0,0,0,0,0,0,0,0
Latest,1,0,1,0,0,0,0,0,0,1,0,0,0,0,0,0,0,0,0,0,0,0,0,0,0
Lax,4,2,2,0,0,2,2,0,0,0,0,0,0,0,0,0,0,0,0,0,0,0,0,0,0
Layer,3,1,2,0,0,1,2,0,0,0,0,0,0,0,0,0,0,0,0,0,0,0,0,0,0
Layered,7,0,5,2,0,0,7,0,0,0,0,0,0,0,0,0,0,0,0,0,0,0,0,0,0
Layering,1,0,1,0,0,0,0,0,1,0,0,0,0,0,0,0,0,0,0,0,0,0,0,0,0
Lazy,1,1,0,0,0,1,0,0,0,0,0,0,0,0,0,0,0,0,0,0,0,0,0,0,0
Lease,16,6,10,0,4,6,8,0,2,0,0,0,0,0,0,0,0,0,0,0,0,0,0,0,0
Leased,1,0,0,1,0,0,0,1,0,0,0,0,0,0,0,0,0,0,0,0,0,0,0,0,0
Least,4,0,4,0,0,0,0,0,4,0,0,0,0,0,0,0,0,0,0,0,0,0,0,0,0
Leaves,1,0,1,0,0,0,0,0,0,1,0,0,0,0,0,0,0,0,0,0,0,0,0,0,0
Length,46,2,18,26,2,2,4,18,6,1,5,2,1,0,2,2,1,2,0,0,0,0,0,0,0
Lenient,1,1,0,0,0,1,0,0,0,0,0,0,0,0,0,0,0,0,0,0,0,0,0,0,0
Less,4,0,3,1,0,0,0,1,0,0,0,1,1,1,0,0,0,0,0,0,0,0,0,0,0
Letter,1,0,1,0,0,0,0,0,0,0,1,0,0,0,0,0,0,0,0,0,0,0,0,0,0
Lifetime,19,0,15,4,0,0,0,8,6,0,1,2,1,0,0,1,0,0,0,0,0,0,0,0,0
Limits,1,0,0,1,0,0,0,0,0,0,1,0,0,0,0,0,0,0,0,0,0,0,0,0,0
Line,2,0,1,1,0,0,0,0,0,0,0,2,0,0,0,0,0,0,0,0,0,0,0,0,0
Linear,1,0,1,0,0,0,1,0,0,0,0,0,0,0,0,0,0,0,0,0,0,0,0,0,0
List,11,0,8,3,0,0,1,2,0,0,0,0,0,8,0,0,0,0,0,0,0,0,0,0,0
Live,2,0,0,2,0,0,0,0,0,2,0,0,0,0,0,0,0,0,0,0,0,0,0,0,0
LM,6,2,4,0,0,2,4,0,0,0,0,0,0,0,0,0,0,0,0,0,0,0,0,0,0
LM2,2,0,2,0,0,0,2,0,0,0,0,0,0,0,0,0,0,0,0,0,0,0,0,0,0
lmv2,2,2,0,0,0,2,0,0,0,0,0,0,0,0,0,0,0,0,0,0,0,0,0,0,0
load,1,1,0,0,1,1,0,0,0,0,0,0,0,0,0,0,0,0,0,0,0,0,0,0,0
Local,14,1,10,3,0,1,8,3,1,0,0,0,1,0,0,0,0,0,0,0,0,0,0,0,0
Locale,2,0,0,2,0,0,2,0,0,0,0,0,0,0,0,0,0,0,0,0,0,0,0,0,0
Location,97,0,78,19,0,0,4,16,2,9,18,6,15,6,10,9,1,1,0,0,0,0,0,0,0
Locations,2,0,0,2,0,0,1,1,0,0,0,0,0,0,0,0,0,0,0,0,0,0,0,0,0
log,12,11,0,1,0,11,0,1,0,0,0,0,0,0,0,0,0,0,0,0,0,0,0,0,0
Logging,5,5,0,0,0,5,0,0,0,0,0,0,0,0,0,0,0,0,0,0,0,0,0,0,0
Long,8,0,1,7,0,0,2,3,0,0,1,2,0,0,0,0,0,0,0,0,0,0,0,0,0
Lookup,1,0,0,1,0,0,1,0,0,0,0,0,0,0,0,0,0,0,0,0,0,0,0,0,0
Loop,1,0,1,0,0,0,0,0,1,0,0,0,0,0,0,0,0,0,0,0,0,0,0,0,0
Low,1,0,0,1,0,0,0,0,0,1,0,0,0,0,0,0,0,0,0,0,0,0,0,0,0
Lower,3,0,3,0,0,0,1,0,1,0,0,0,0,1,0,0,0,0,0,0,0,0,0,0,0
Made,8,0,8,0,0,0,0,0,0,0,0,0,0,0,0,2,2,4,0,0,0,0,0,0,0
Main,48,47,1,0,46,47,0,1,0,0,0,0,0,0,0,0,0,0,0,0,0,0,0,0,0
Major,2,0,2,0,0,0,0,1,0,0,0,1,0,0,0,0,0,0,0,0,0,0,0,0,0
Make,23,18,5,0,0,18,0,0,0,0,0,0,1,4,0,0,0,0,0,0,0,0,0,0,0
make200,2,2,0,0,0,2,0,0,0,0,0,0,0,0,0,0,0,0,0,0,0,0,0,0,0
make204,1,1,0,0,0,1,0,0,0,0,0,0,0,0,0,0,0,0,0,0,0,0,0,0,0
make304,1,1,0,0,0,1,0,0,0,0,0,0,0,0,0,0,0,0,0,0,0,0,0,0,0
make500,1,1,0,0,0,1,0,0,0,0,0,0,0,0,0,0,0,0,0,0,0,0,0,0,0
Makes,1,0,1,0,0,0,0,0,1,0,0,0,0,0,0,0,0,0,0,0,0,0,0,0,0
Malformed,20,2,18,0,0,2,7,4,2,0,0,0,1,0,4,0,0,0,0,0,0,0,0,0,0
Managed,4,2,2,0,0,2,2,0,0,0,0,0,0,0,0,0,0,0,0,0,0,0,0,0,0
Management,3,0,0,3,0,0,0,3,0,0,0,0,0,0,0,0,0,0,0,0,0,0,0,0,0
Manager,18,0,6,12,0,0,2,7,1,5,1,2,0,0,0,0,0,0,0,0,0,0,0,0,0
Map,11,0,1,10,0,0,1,3,3,3,1,0,0,0,0,0,0,0,0,0,0,0,0,0,0
Maps,1,0,0,1,0,0,0,0,0,0,1,0,0,0,0,0,0,0,0,0,0,0,0,0,0
Mark,12,11,1,0,2,11,1,0,0,0,0,0,0,0,0,0,0,0,0,0,0,0,0,0,0
Marked,1,0,1,0,0,0,0,0,0,0,0,0,0,0,0,0,0,0,1,0,0,0,0,0,0
Mask,2,0,0,2,0,0,0,2,0,0,0,0,0,0,0,0,0,0,0,0,0,0,0,0,0
Masking,1,0,0,1,0,0,1,0,0,0,0,0,0,0,0,0,0,0,0,0,0,0,0,0,0
Match,61,17,23,21,9,17,6,2,3,3,9,3,1,4,1,3,3,2,4,0,0,0,0,0,0
Match1,2,0,0,2,0,0,0,0,2,0,0,0,0,0,0,0,0,0,0,0,0,0,0,0,0
Match2,2,0,0,2,0,0,0,0,2,0,0,0,0,0,0,0,0,0,0,0,0,0,0,0,0
Match3,1,0,0,1,0,0,0,0,1,0,0,0,0,0,0,0,0,0,0,0,0,0,0,0,0
Match4,1,0,0,1,0,0,0,0,1,0,0,0,0,0,0,0,0,0,0,0,0,0,0,0,0
Match5,1,0,0,1,0,0,0,0,1,0,0,0,0,0,0,0,0,0,0,0,0,0,0,0,0
Match6,1,0,0,1,0,0,0,0,1,0,0,0,0,0,0,0,0,0,0,0,0,0,0,0,0
Match7,1,0,0,1,0,0,0,0,1,0,0,0,0,0,0,0,0,0,0,0,0,0,0,0,0
Matcher,13,0,1,12,0,0,1,8,4,0,0,0,0,0,0,0,0,0,0,0,0,0,0,0,0
Matches,16,8,6,2,7,8,0,2,4,1,0,0,0,0,0,1,0,0,0,0,0,0,0,0,0
Matching,8,0,4,4,0,0,0,5,3,0,0,0,0,0,0,0,0,0,0,0,0,0,0,0,0
Max,86,0,86,0,0,0,35,18,2,6,4,6,2,0,6,2,2,2,0,1,0,0,0,0,0
May,18,4,14,0,0,4,9,0,3,1,0,0,1,0,0,0,0,0,0,0,0,0,0,0,0
MD4,2,0,0,2,0,0,2,0,0,0,0,0,0,0,0,0,0,0,0,0,0,0,0,0,0
MD5,18,0,14,4,0,0,2,1,4,0,8,1,0,0,1,1,0,0,0,0,0,0,0,0,0
Media,1,0,1,0,0,0,1,0,0,0,0,0,0,0,0,0,0,0,0,0,0,0,0,0,0
Memcached,4,4,0,0,0,4,0,0,0,0,0,0,0,0,0,0,0,0,0,0,0,0,0,0,0
Memory,4,0,4,0,0,0,3,1,0,0,0,0,0,0,0,0,0,0,0,0,0,0,0,0,0
Mention,1,0,1,0,0,0,0,0,0,0,0,0,0,0,1,0,0,0,0,0,0,0,0,0,0
Merge,3,1,0,2,0,1,0,0,0,0,0,1,0,1,0,0,0,0,0,0,0,0,0,0,0
Merged,1,0,1,0,0,0,0,0,1,0,0,0,0,0,0,0,0,0,0,0,0,0,0,0,0
Message,28,0,9,19,0,0,10,8,3,3,4,0,0,0,0,0,0,0,0,0,0,0,0,0,0
Method,33,0,18,15,0,0,3,11,5,0,2,6,2,0,0,0,1,1,0,0,0,2,0,0,0
Methodis,1,0,1,0,0,0,0,0,0,1,0,0,0,0,0,0,0,0,0,0,0,0,0,0,0
Methods,4,0,0,4,0,0,1,2,0,0,0,0,0,1,0,0,0,0,0,0,0,0,0,0,0
metrics,1,1,0,0,1,1,0,0,0,0,0,0,0,0,0,0,0,0,0,0,0,0,0,0,0
Mic,1,0,1,0,0,0,0,1,0,0,0,0,0,0,0,0,0,0,0,0,0,0,0,0,0
Mid,2,0,2,0,0,0,1,0,1,0,0,0,0,0,0,0,0,0,0,0,0,0,0,0,0
Middle,1,0,1,0,0,0,0,0,0,0,1,0,0,0,0,0,0,0,0,0,0,0,0,0,0
Might,2,0,2,0,0,0,0,0,0,0,0,0,1,0,0,0,0,0,0,1,0,0,0,0,0
Millis,2,0,0,2,0,0,0,1,1,0,0,0,0,0,0,0,0,0,0,0,0,0,0,0,0
Mime,2,0,2,0,0,0,2,0,0,0,0,0,0,0,0,0,0,0,0,0,0,0,0,0,0
Min,7,0,7,0,0,0,1,1,1,1,0,0,0,0,1,1,0,1,0,0,0,0,0,0,0
Minimal,14,4,5,5,0,4,7,1,2,0,0,0,0,0,0,0,0,0,0,0,0,0,0,0,0
Minor,1,0,1,0,0,0,1,0,0,0,0,0,0,0,0,0,0,0,0,0,0,0,0,0,0
Mismatch,6,0,0,6,0,0,0,0,0,4,2,0,0,0,0,0,0,0,0,0,0,0,0,0,0
Miss,11,0,6,5,0,0,1,7,1,0,0,0,0,2,0,0,0,0,0,0,0,0,0,0,0
Misses,1,0,0,1,0,0,0,1,0,0,0,0,0,0,0,0,0,0,0,0,0,0,0,0,0
Missing,10,0,10,0,0,0,3,0,4,2,1,0,0,0,0,0,0,0,0,0,0,0,0,0,0
Mixed,4,0,4,0,0,0,2,0,1,1,0,0,0,0,0,0,0,0,0,0,0,0,0,0,0
Mock,5,2,3,0,0,2,1,0,1,1,0,0,0,0,0,0,0,0,0,0,0,0,0,0,0
Mocks,10,0,0,10,0,0,10,0,0,0,0,0,0,0,0,0,0,0,0,0,0,0,0,0,0
Mode,4,0,0,4,0,0,1,2,0,0,1,0,0,0,0,0,0,0,0,0,0,0,0,0,0
Modifiable,1,0,0,1,0,0,0,0,0,0,1,0,0,0,0,0,0,0,0,0,0,0,0,0,0
Modified,36,0,33,3,0,0,1,5,5,7,8,2,1,1,3,3,0,0,0,0,0,0,0,0,0
Modify,60,0,60,0,0,0,0,1,59,0,0,0,0,0,0,0,0,0,0,0,0,0,0,0,0
Module,4,0,4,0,0,0,0,4,0,0,0,0,0,0,0,0,0,0,0,0,0,0,0,0,0
Month,3,0,0,3,0,0,0,0,0,2,0,1,0,0,0,0,0,0,0,0,0,0,0,0,0
Month1,1,0,0,1,0,0,0,0,0,0,0,1,0,0,0,0,0,0,0,0,0,0,0,0,0
Month2,1,0,0,1,0,0,0,0,0,0,0,1,0,0,0,0,0,0,0,0,0,0,0,0,0
Month3,1,0,0,1,0,0,0,0,0,0,0,1,0,0,0,0,0,0,0,0,0,0,0,0,0
More,1,0,1,0,0,0,0,0,0,0,0,0,1,0,0,0,0,0,0,0,0,0,0,0,0
Most,2,0,2,0,0,0,0,1,0,1,0,0,0,0,0,0,0,0,0,0,0,0,0,0,0
Moved,3,0,3,0,0,0,0,0,3,0,0,0,0,0,0,0,0,0,0,0,0,0,0,0,0
Msg,2,0,0,2,0,0,0,2,0,0,0,0,0,0,0,0,0,0,0,0,0,0,0,0,0
Much,2,0,2,0,0,0,0,0,0,0,2,0,0,0,0,0,0,0,0,0,0,0,0,0,0
Multi,2,0,2,0,0,0,1,0,0,0,1,0,0,0,0,0,0,0,0,0,0,0,0,0,0
Multihome,1,1,0,0,0,1,0,0,0,0,0,0,0,0,0,0,0,0,0,0,0,0,0,0,0
Multipart,27,1,21,5,0,1,19,3,1,2,0,0,0,0,0,1,0,0,0,0,0,0,0,0,0
Multiple,47,0,47,0,0,0,1,5,33,4,2,2,0,0,0,0,0,0,0,0,0,0,0,0,0
Multuhome,1,1,0,0,0,1,0,0,0,0,0,0,0,0,0,0,0,0,0,0,0,0,0,0,0
Must,43,4,39,0,0,4,15,2,7,4,5,2,0,3,0,0,0,0,1,0,0,0,0,0,0
Mutators,1,0,0,1,0,0,0,0,1,0,0,0,0,0,0,0,0,0,0,0,0,0,0,0,0
Mv1,1,0,1,0,0,0,0,1,0,0,0,0,0,0,0,0,0,0,0,0,0,0,0,0,0
Mv2,9,0,9,0,0,0,0,9,0,0,0,0,0,0,0,0,0,0,0,0,0,0,0,0,0
Name,51,0,16,35,0,0,24,15,1,3,6,0,1,1,0,0,0,0,0,0,0,0,0,0,0
Names,6,0,0,6,0,0,0,5,1,0,0,0,0,0,0,0,0,0,0,0,0,0,0,0,0
Need,4,3,1,0,0,3,0,0,0,0,0,1,0,0,0,0,0,0,0,0,0,0,0,0,0
Negative,5,0,3,2,0,0,3,0,1,0,0,1,0,0,0,0,0,0,0,0,0,0,0,0,0
Nego,6,0,6,0,0,0,6,0,0,0,0,0,0,0,0,0,0,0,0,0,0,0,0,0,0
Negotiate,7,4,3,0,0,4,3,0,0,0,0,0,0,0,0,0,0,0,0,0,0,0,0,0,0
Negotiations,1,0,1,0,0,0,1,0,0,0,0,0,0,0,0,0,0,0,0,0,0,0,0,0,0
Netbios,1,0,1,0,0,0,1,0,0,0,0,0,0,0,0,0,0,0,0,0,0,0,0,0,0
Network,2,1,1,0,0,1,1,0,0,0,0,0,0,0,0,0,0,0,0,0,0,0,0,0,0
Never,2,0,2,0,0,0,2,0,0,0,0,0,0,0,0,0,0,0,0,0,0,0,0,0,0
New,12,4,8,0,0,4,2,0,0,2,3,1,0,0,0,0,0,0,0,0,0,0,0,0,0
Newer,2,0,2,0,0,0,2,0,0,0,0,0,0,0,0,0,0,0,0,0,0,0,0,0,0
Next,8,2,3,3,1,2,5,1,0,0,0,0,0,0,0,0,0,0,0,0,0,0,0,0,0
Nibble,1,0,0,1,0,0,1,0,0,0,0,0,0,0,0,0,0,0,0,0,0,0,0,0,0
No,129,5,124,0,0,5,21,6,12,21,11,8,7,9,8,2,18,1,0,0,0,0,0,0,0
Non,47,1,46,0,0,1,11,9,7,2,7,2,2,1,1,3,0,1,0,0,0,0,0,0,0
Non206,7,0,7,0,0,0,7,0,0,0,0,0,0,0,0,0,0,0,0,0,0,0,0,0,0
Non304,1,0,1,0,0,0,0,0,0,1,0,0,0,0,0,0,0,0,0,0,0,0,0,0,0
Non503,1,0,1,0,0,0,0,0,0,0,1,0,0,0,0,0,0,0,0,0,0,0,0,0,0
Nonce,2,0,0,2,0,0,0,0,0,1,1,0,0,0,0,0,0,0,0,0,0,0,0,0,0
Noncompliant,2,0,2,0,0,0,0,1,0,0,0,0,0,1,0,0,0,0,0,0,0,0,0,0,0
None,13,0,13,0,0,0,0,0,0,8,2,0,2,1,0,0,0,0,0,0,0,0,0,0,0
Nonenclosing,1,0,1,0,0,0,0,0,0,0,1,0,0,0,0,0,0,0,0,0,0,0,0,0,0
Nonmatching,1,0,1,0,0,0,1,0,0,0,0,0,0,0,0,0,0,0,0,0,0,0,0,0,0
Nonserializable,1,0,0,1,0,0,0,1,0,0,0,0,0,0,0,0,0,0,0,0,0,0,0,0,0
Nonvariant,1,0,1,0,0,0,0,1,0,0,0,0,0,0,0,0,0,0,0,0,0,0,0,0,0
Normal,1,0,1,0,0,0,0,0,0,0,0,0,0,0,1,0,0,0,0,0,0,0,0,0,0
normalise,1,1,0,0,0,1,0,0,0,0,0,0,0,0,0,0,0,0,0,0,0,0,0,0,0
Normalization,1,0,0,1,0,0,1,0,0,0,0,0,0,0,0,0,0,0,0,0,0,0,0,0,0
normalize,5,5,0,0,2,5,0,0,0,0,0,0,0,0,0,0,0,0,0,0,0,0,0,0,0
Normalized,1,0,0,1,0,0,0,0,0,1,0,0,0,0,0,0,0,0,0,0,0,0,0,0,0
Normally,1,0,1,0,0,0,0,0,0,0,1,0,0,0,0,0,0,0,0,0,0,0,0,0,0
Not,383,3,380,0,0,3,42,138,26,21,21,16,36,19,25,13,8,8,1,6,0,0,0,0,0
Not200,1,0,1,0,0,0,0,0,0,0,0,0,0,1,0,0,0,0,0,0,0,0,0,0,0
Nouce,1,0,1,0,0,0,0,1,0,0,0,0,0,0,0,0,0,0,0,0,0,0,0,0,0
NT,7,2,5,0,0,2,5,0,0,0,0,0,0,0,0,0,0,0,0,0,0,0,0,0,0
NTL,7,0,7,0,0,0,7,0,0,0,0,0,0,0,0,0,0,0,0,0,0,0,0,0,0
NTLM,18,8,10,0,0,8,10,0,0,0,0,0,0,0,0,0,0,0,0,0,0,0,0,0,0
NTLM2,4,1,3,0,0,1,3,0,0,0,0,0,0,0,0,0,0,0,0,0,0,0,0,0,0
ntlmv2,1,1,0,0,0,1,0,0,0,0,0,0,0,0,0,0,0,0,0,0,0,0,0,0,0
Null,24,0,22,2,0,0,8,2,4,1,4,2,1,1,0,0,0,1,0,0,0,0,0,0,0
Number,1,0,0,1,0,0,0,0,1,0,0,0,0,0,0,0,0,0,0,0,0,0,0,0,0
Object,9,0,3,6,0,0,4,5,0,0,0,0,0,0,0,0,0,0,0,0,0,0,0,0,0
odd,1,1,0,0,0,1,0,0,0,0,0,0,0,0,0,0,0,0,0,0,0,0,0,0,0
Of,42,0,42,0,0,0,0,28,2,2,5,2,0,1,1,0,0,0,0,0,0,0,0,1,0
Off,10,0,9,1,0,0,5,3,2,0,0,0,0,0,0,0,0,0,0,0,0,0,0,0,0
Ok,1,0,1,0,0,0,0,1,0,0,0,0,0,0,0,0,0,0,0,0,0,0,0,0,0
old,2,1,0,1,0,1,0,0,0,1,0,0,0,0,0,0,0,0,0,0,0,0,0,0,0
Older,7,0,5,2,0,0,1,1,1,0,1,0,1,0,2,0,0,0,0,0,0,0,0,0,0
On,165,18,147,0,0,18,1,9,11,16,22,30,26,16,15,1,0,0,0,0,0,0,0,0,0
On304,1,0,1,0,0,0,0,0,0,0,0,1,0,0,0,0,0,0,0,0,0,0,0,0,0
One,9,0,7,2,0,0,0,1,0,4,0,0,0,1,0,1,0,2,0,0,0,0,0,0,0
Only,13,0,11,2,0,0,0,4,2,2,4,1,0,0,0,0,0,0,0,0,0,0,0,0,0
Opaque,1,0,0,1,0,0,0,1,0,0,0,0,0,0,0,0,0,0,0,0,0,0,0,0,0
Open,3,0,0,3,0,0,2,0,0,0,0,0,1,0,0,0,0,0,0,0,0,0,0,0,0
Operation,3,1,2,0,1,1,1,1,0,0,0,0,0,0,0,0,0,0,0,0,0,0,0,0,0
Operator,2,0,0,2,0,0,0,0,0,2,0,0,0,0,0,0,0,0,0,0,0,0,0,0,0
Ops,1,0,0,1,0,0,1,0,0,0,0,0,0,0,0,0,0,0,0,0,0,0,0,0,0
Option,2,0,0,2,0,0,0,0,0,0,2,0,0,0,0,0,0,0,0,0,0,0,0,0,0
Optional,1,0,0,1,0,0,0,0,1,0,0,0,0,0,0,0,0,0,0,0,0,0,0,0,0
OPTIONS,21,4,10,7,4,4,4,3,4,1,1,1,1,1,0,1,0,0,0,0,0,0,0,0,0
Or,15,0,15,0,0,0,0,3,1,0,2,0,3,2,2,1,0,0,1,0,0,0,0,0,0
Or304,1,0,0,1,0,0,0,0,0,0,0,0,0,0,1,0,0,0,0,0,0,0,0,0,0
Order,27,0,25,2,0,0,25,1,0,0,0,0,0,0,0,0,0,0,0,0,0,0,0,0,1
Origin,60,1,33,26,0,1,2,4,2,0,1,10,18,13,3,0,4,1,0,0,1,0,0,0,0
Origin304,9,0,9,0,0,0,0,0,0,1,8,0,0,0,0,0,0,0,0,0,0,0,0,0,0
Origin401,2,0,2,0,0,0,0,0,1,0,0,0,0,1,0,0,0,0,0,0,0,0,0,0,0
Origin405,2,0,2,0,0,0,0,0,1,0,0,0,1,0,0,0,0,0,0,0,0,0,0,0,0
Origin407,2,0,2,0,0,0,0,0,1,0,0,0,0,1,0,0,0,0,0,0,0,0,0,0,0
Original,7,0,6,1,0,0,1,5,0,1,0,0,0,0,0,0,0,0,0,0,0,0,0,0,0
Origins,20,0,20,0,0,0,0,0,0,0,12,8,0,0,0,0,0,0,0,0,0,0,0,0,0
OS,4,4,0,0,0,4,0,0,0,0,0,0,0,0,0,0,0,0,0,0,0,0,0,0,0
Other,17,2,12,3,0,2,1,0,0,3,1,0,0,0,1,1,0,3,4,1,0,0,0,0,0
Our,2,0,2,0,0,0,0,1,0,0,0,1,0,0,0,0,0,0,0,0,0,0,0,0,0
Out,2,0,2,0,0,0,1,0,0,0,0,0,0,0,0,0,0,0,0,0,0,0,1,0,0
Output,14,1,5,8,1,1,8,4,0,0,1,0,0,0,0,0,0,0,0,0,0,0,0,0,0
Outside,1,0,1,0,0,0,0,0,0,0,0,1,0,0,0,0,0,0,0,0,0,0,0,0,0
Over,4,0,4,0,0,0,0,0,2,0,1,0,1,0,0,0,0,0,0,0,0,0,0,0,0
Override,4,0,3,1,0,0,0,0,0,4,0,0,0,0,0,0,0,0,0,0,0,0,0,0,0
Overrides,1,0,0,1,0,0,0,0,0,0,0,1,0,0,0,0,0,0,0,0,0,0,0,0,0
Pair,2,0,0,2,0,0,0,0,2,0,0,0,0,0,0,0,0,0,0,0,0,0,0,0,0
Parameter,22,0,16,6,0,0,4,13,2,2,1,0,0,0,0,0,0,0,0,0,0,0,0,0,0
Parameters,30,0,21,9,0,0,8,0,20,1,1,0,0,0,0,0,0,0,0,0,0,0,0,0,0
Parameters1,1,0,0,1,0,0,0,1,0,0,0,0,0,0,0,0,0,0,0,0,0,0,0,0,0
Parameters2,1,0,0,1,0,0,0,1,0,0,0,0,0,0,0,0,0,0,0,0,0,0,0,0,0
Parameters3,1,0,0,1,0,0,0,1,0,0,0,0,0,0,0,0,0,0,0,0,0,0,0,0,0
Parameters4,1,0,0,1,0,0,0,1,0,0,0,0,0,0,0,0,0,0,0,0,0,0,0,0,0
Params,15,0,8,7,0,0,1,0,2,3,0,9,0,0,0,0,0,0,0,0,0,0,0,0,0
Parent,2,0,2,0,0,0,1,0,0,0,0,0,1,0,0,0,0,0,0,0,0,0,0,0,0
Parity,1,0,0,1,0,0,1,0,0,0,0,0,0,0,0,0,0,0,0,0,0,0,0,0,0
Parse,120,32,79,9,17,32,72,1,9,4,2,0,0,0,0,0,0,0,0,0,0,0,0,0,0
Parsed,1,0,0,1,0,0,0,0,0,0,1,0,0,0,0,0,0,0,0,0,0,0,0,0,0
Parser,3,0,1,2,0,0,0,1,2,0,0,0,0,0,0,0,0,0,0,0,0,0,0,0,0
Part,6,0,4,2,0,0,1,2,3,0,0,0,0,0,0,0,0,0,0,0,0,0,0,0,0
Partial,13,0,13,0,0,0,3,0,3,1,5,0,1,0,0,0,0,0,0,0,0,0,0,0,0
Parts,8,0,1,7,0,0,0,4,1,3,0,0,0,0,0,0,0,0,0,0,0,0,0,0,0
Passed,2,0,2,0,0,0,0,0,0,1,0,0,0,1,0,0,0,0,0,0,0,0,0,0,0
Passes,5,0,5,0,0,0,3,0,0,0,0,2,0,0,0,0,0,0,0,0,0,0,0,0,0
passivate,2,2,0,0,2,2,0,0,0,0,0,0,0,0,0,0,0,0,0,0,0,0,0,0,0
Password,10,0,5,5,0,0,6,4,0,0,0,0,0,0,0,0,0,0,0,0,0,0,0,0,0
Past,3,0,2,1,0,0,0,0,0,0,1,0,0,1,1,0,0,0,0,0,0,0,0,0,0
Patch,5,4,0,1,4,4,1,0,0,0,0,0,0,0,0,0,0,0,0,0,0,0,0,0,0
Path,27,1,15,11,0,1,6,14,4,0,0,0,0,1,1,0,0,0,0,0,0,0,0,0,0
Pattern,1,0,1,0,0,0,1,0,0,0,0,0,0,0,0,0,0,0,0,0,0,0,0,0,0
Payload,2,0,0,2,0,0,0,2,0,0,0,0,0,0,0,0,0,0,0,0,0,0,0,0,0
Peer,1,0,1,0,0,0,1,0,0,0,0,0,0,0,0,0,0,0,0,0,0,0,0,0,0
Per,16,0,16,0,0,0,1,6,8,1,0,0,0,0,0,0,0,0,0,0,0,0,0,0,0
Percent,1,0,1,0,0,0,0,0,0,0,0,1,0,0,0,0,0,0,0,0,0,0,0,0,0
Period,5,0,1,4,0,0,0,1,0,0,0,3,1,0,0,0,0,0,0,0,0,0,0,0,0
Permanently,1,0,0,1,0,0,0,0,0,1,0,0,0,0,0,0,0,0,0,0,0,0,0,0,0
Permitted,2,0,2,0,0,0,0,0,0,0,0,2,0,0,0,0,0,0,0,0,0,0,0,0,0
Persistent,9,0,8,1,0,0,1,0,3,2,1,0,0,0,0,1,1,0,0,0,0,0,0,0,0
Phrase,3,0,0,3,0,0,0,3,0,0,0,0,0,0,0,0,0,0,0,0,0,0,0,0,0
Place,1,0,0,1,0,0,0,0,0,0,0,0,0,0,1,0,0,0,0,0,0,0,0,0,0
Plain,1,1,0,0,0,1,0,0,0,0,0,0,0,0,0,0,0,0,0,0,0,0,0,0,0
Plain302,1,0,1,0,0,0,1,0,0,0,0,0,0,0,0,0,0,0,0,0,0,0,0,0,0
Plain303,2,0,2,0,0,0,2,0,0,0,0,0,0,0,0,0,0,0,0,0,0,0,0,0,0
Plain307,1,0,1,0,0,0,1,0,0,0,0,0,0,0,0,0,0,0,0,0,0,0,0,0,0
Planner,7,0,0,7,0,0,0,4,2,1,0,0,0,0,0,0,0,0,0,0,0,0,0,0,0
Please,1,0,0,1,0,0,1,0,0,0,0,0,0,0,0,0,0,0,0,0,0,0,0,0,0
Plus,2,0,2,0,0,0,0,0,0,0,0,0,1,1,0,0,0,0,0,0,0,0,0,0,0
Policy,8,0,1,7,0,0,1,3,4,0,0,0,0,0,0,0,0,0,0,0,0,0,0,0,0
Pool,13,0,12,1,0,0,4,6,3,0,0,0,0,0,0,0,0,0,0,0,0,0,0,0,0
Pooling,4,4,0,0,0,4,0,0,0,0,0,0,0,0,0,0,0,0,0,0,0,0,0,0,0
Populate,2,0,2,0,0,0,0,1,0,0,0,1,0,0,0,0,0,0,0,0,0,0,0,0,0
Populated,4,0,4,0,0,0,0,0,1,2,1,0,0,0,0,0,0,0,0,0,0,0,0,0,0
Populates,1,0,1,0,0,0,0,0,0,0,0,0,1,0,0,0,0,0,0,0,0,0,0,0,0
Port,33,0,20,13,0,0,3,13,4,3,3,3,3,0,1,0,0,0,0,0,0,0,0,0,0
Possible,1,0,0,1,0,0,0,0,0,0,0,0,0,0,0,0,1,0,0,0,0,0,0,0,0
Post,24,4,17,3,4,4,14,3,1,0,0,1,1,0,0,0,0,0,0,0,0,0,0,0,0
Posts,2,0,2,0,0,0,0,2,0,0,0,0,0,0,0,0,0,0,0,0,0,0,0,0,0
Pragma,9,0,8,1,0,0,0,0,0,4,1,0,2,0,0,1,0,0,0,1,0,0,0,0,0
Preamble,1,0,1,0,0,0,1,0,0,0,0,0,0,0,0,0,0,0,0,0,0,0,0,0,0
Precedes,1,0,1,0,0,0,0,0,0,1,0,0,0,0,0,0,0,0,0,0,0,0,0,0,0
Preemptive,7,0,4,3,0,0,7,0,0,0,0,0,0,0,0,0,0,0,0,0,0,0,0,0,0
Preference,1,0,0,1,0,0,0,0,1,0,0,0,0,0,0,0,0,0,0,0,0,0,0,0,0
Preferred,4,0,4,0,0,0,0,4,0,0,0,0,0,0,0,0,0,0,0,0,0,0,0,0,0
Prefix,3,1,1,1,0,1,1,0,0,0,0,1,0,0,0,0,0,0,0,0,0,0,0,0,0
prepare,2,2,0,0,0,2,0,0,0,0,0,0,0,0,0,0,0,0,0,0,0,0,0,0,0
Prepends,1,0,0,1,0,0,0,0,0,0,0,0,0,0,1,0,0,0,0,0,0,0,0,0,0
Present,33,0,1,32,0,0,0,0,1,0,0,0,2,8,1,10,4,0,0,0,7,0,0,0,0
Preserve,2,0,2,0,0,0,2,0,0,0,0,0,0,0,0,0,0,0,0,0,0,0,0,0,0
Preserved,25,0,21,4,0,0,0,0,0,0,0,2,8,12,1,2,0,0,0,0,0,0,0,0,0
Previous,2,0,2,0,0,0,0,0,0,0,0,2,0,0,0,0,0,0,0,0,0,0,0,0,0
Previously,1,0,0,1,0,0,0,0,1,0,0,0,0,0,0,0,0,0,0,0,0,0,0,0,0
Principal,14,0,1,13,0,0,6,8,0,0,0,0,0,0,0,0,0,0,0,0,0,0,0,0,0
Prior,1,0,1,0,0,0,1,0,0,0,0,0,0,0,0,0,0,0,0,0,0,0,0,0,0
Priority,1,0,1,0,0,0,1,0,0,0,0,0,0,0,0,0,0,0,0,0,0,0,0,0,0
Private,6,0,5,1,0,0,0,0,4,0,0,0,0,0,0,1,0,0,1,0,0,0,0,0,0
Probe,6,3,0,3,1,3,0,0,0,1,0,1,0,1,0,0,0,0,0,0,0,0,0,0,0
proceed,5,4,0,1,3,4,1,0,0,0,0,0,0,0,0,0,0,0,0,0,0,0,0,0,0
Process,24,20,4,0,10,20,1,3,0,0,0,0,0,0,0,0,0,0,0,0,0,0,0,0,0
Processor,1,0,0,1,0,0,0,0,1,0,0,0,0,0,0,0,0,0,0,0,0,0,0,0,0
produce,19,19,0,0,11,19,0,0,0,0,0,0,0,0,0,0,0,0,0,0,0,0,0,0,0
Producer,2,0,0,2,0,0,0,1,0,1,0,0,0,0,0,0,0,0,0,0,0,0,0,0,0
Promise,2,0,0,2,0,0,2,0,0,0,0,0,0,0,0,0,0,0,0,0,0,0,0,0,0
Properly,6,0,5,1,0,0,2,0,0,1,3,0,0,0,0,0,0,0,0,0,0,0,0,0,0
Properties,7,0,0,7,0,0,0,6,1,0,0,0,0,0,0,0,0,0,0,0,0,0,0,0,0
Property,3,0,0,3,0,0,3,0,0,0,0,0,0,0,0,0,0,0,0,0,0,0,0,0,0
Protocol,19,1,14,4,0,1,8,2,3,1,0,0,0,3,1,0,0,0,0,0,0,0,0,0,0
protocols,8,8,0,0,8,8,0,0,0,0,0,0,0,0,0,0,0,0,0,0,0,0,0,0,0
Provide,4,0,4,0,0,0,4,0,0,0,0,0,0,0,0,0,0,0,0,0,0,0,0,0,0
Provided,3,0,3,0,0,0,0,2,0,0,0,0,1,0,0,0,0,0,0,0,0,0,0,0,0
Provider,20,0,7,13,0,0,1,8,11,0,0,0,0,0,0,0,0,0,0,0,0,0,0,0,0
proxied,1,1,0,0,0,1,0,0,0,0,0,0,0,0,0,0,0,0,0,0,0,0,0,0,0
Proxies,12,0,12,0,0,0,0,0,0,0,0,0,8,4,0,0,0,0,0,0,0,0,0,0,0
Proxy,71,4,40,27,2,4,32,9,4,11,0,4,1,4,0,1,1,0,0,0,0,0,0,0,0
Pseudonym,1,0,0,1,0,0,0,0,0,0,1,0,0,0,0,0,0,0,0,0,0,0,0,0,0
PU,9,0,9,0,0,0,0,0,1,0,0,0,2,2,2,2,0,0,0,0,0,0,0,0,0
Pub,5,0,5,0,0,0,5,0,0,0,0,0,0,0,0,0,0,0,0,0,0,0,0,0,0
Public,16,3,12,1,0,3,1,1,1,0,0,1,1,2,0,1,4,1,0,0,0,0,0,0,0
Push,1,0,1,0,0,0,1,0,0,0,0,0,0,0,0,0,0,0,0,0,0,0,0,0,0
Put,30,11,16,3,5,11,10,2,0,0,2,1,4,0,0,0,0,0,0,0,0,0,0,0,0
Puts,3,0,2,1,0,0,0,0,0,1,1,1,0,0,0,0,0,0,0,0,0,0,0,0,0
Pv4,2,0,2,0,0,0,0,0,0,0,0,2,0,0,0,0,0,0,0,0,0,0,0,0,0
Pv6,1,0,1,0,0,0,0,1,0,0,0,0,0,0,0,0,0,0,0,0,0,0,0,0,0
Qop,6,0,4,2,0,0,0,0,4,0,0,2,0,0,0,0,0,0,0,0,0,0,0,0,0
Query,39,0,38,1,0,0,0,20,1,4,8,2,0,0,0,0,0,0,0,2,0,2,0,0,0
Quetly,1,0,0,1,0,0,1,0,0,0,0,0,0,0,0,0,0,0,0,0,0,0,0,0,0
Quietly,1,0,0,1,0,0,1,0,0,0,0,0,0,0,0,0,0,0,0,0,0,0,0,0,0
Quoted,4,0,3,1,0,0,1,1,2,0,0,0,0,0,0,0,0,0,0,0,0,0,0,0,0
Quotes,2,0,0,2,0,0,0,1,0,0,0,0,0,1,0,0,0,0,0,0,0,0,0,0,0
Quotes2,1,0,0,1,0,0,0,1,0,0,0,0,0,0,0,0,0,0,0,0,0,0,0,0,0
Quotes3,1,0,0,1,0,0,0,1,0,0,0,0,0,0,0,0,0,0,0,0,0,0,0,0,0
Random,8,2,6,0,0,2,5,1,0,0,0,0,0,0,0,0,0,0,0,0,0,0,0,0,0
Range,30,0,24,6,0,0,2,0,1,5,10,3,1,3,1,2,1,0,0,1,0,0,0,0,0
Ranges,2,0,2,0,0,0,0,0,0,0,1,0,0,0,0,0,0,1,0,0,0,0,0,0,0
Rate,1,0,0,1,0,0,0,0,1,0,0,0,0,0,0,0,0,0,0,0,0,0,0,0,0
RC4,2,1,0,1,1,1,1,0,0,0,0,0,0,0,0,0,0,0,0,0,0,0,0,0,0
Reactor,2,0,2,0,0,0,0,2,0,0,0,0,0,0,0,0,0,0,0,0,0,0,0,0,0
Read,16,14,2,0,7,14,1,1,0,0,0,0,0,0,0,0,0,0,0,0,0,0,0,0,0
Reader,1,0,0,1,0,0,1,0,0,0,0,0,0,0,0,0,0,0,0,0,0,0,0,0,0
Ready,6,0,0,6,0,0,0,6,0,0,0,0,0,0,0,0,0,0,0,0,0,0,0,0,0
Realm,13,0,2,11,0,0,10,1,0,1,0,0,1,0,0,0,0,0,0,0,0,0,0,0,0
Reason,3,0,3,0,0,0,3,0,0,0,0,0,0,0,0,0,0,0,0,0,0,0,0,0,0
Reauthentication,3,0,1,2,0,0,2,0,0,1,0,0,0,0,0,0,0,0,0,0,0,0,0,0,0
Received,8,0,7,1,0,0,0,5,0,1,1,1,0,0,0,0,0,0,0,0,0,0,0,0,0
Recent,6,0,6,0,0,0,0,0,1,4,0,0,0,1,0,0,0,0,0,0,0,0,0,0,0
record,4,4,0,0,0,4,0,0,0,0,0,0,0,0,0,0,0,0,0,0,0,0,0,0,0
Records,3,0,3,0,0,0,1,0,0,0,0,2,0,0,0,0,0,0,0,0,0,0,0,0,0
Recovery,3,0,1,2,0,0,0,0,1,0,1,0,1,0,0,0,0,0,0,0,0,0,0,0,0
Recylcing,2,0,0,2,0,0,0,0,0,2,0,0,0,0,0,0,0,0,0,0,0,0,0,0,0
Redirect,55,3,35,17,0,3,22,11,13,6,0,0,0,0,0,0,0,0,0,0,0,0,0,0,0
Redirect2,2,0,0,2,0,0,0,2,0,0,0,0,0,0,0,0,0,0,0,0,0,0,0,0,0
Redirect300,3,0,0,3,0,0,0,3,0,0,0,0,0,0,0,0,0,0,0,0,0,0,0,0,0
Redirect301,3,0,1,2,0,0,0,3,0,0,0,0,0,0,0,0,0,0,0,0,0,0,0,0,0
Redirect302,4,0,2,2,0,0,0,4,0,0,0,0,0,0,0,0,0,0,0,0,0,0,0,0,0
Redirect303,2,0,0,2,0,0,0,2,0,0,0,0,0,0,0,0,0,0,0,0,0,0,0,0,0
Redirect304,2,0,0,2,0,0,0,2,0,0,0,0,0,0,0,0,0,0,0,0,0,0,0,0,0
Redirect305,2,0,0,2,0,0,0,2,0,0,0,0,0,0,0,0,0,0,0,0,0,0,0,0,0
Redirect307,2,0,0,2,0,0,0,2,0,0,0,0,0,0,0,0,0,0,0,0,0,0,0,0,0
Redirected,8,0,7,1,0,0,1,7,0,0,0,0,0,0,0,0,0,0,0,0,0,0,0,0,0
Redirects,10,0,5,5,0,0,2,4,3,0,0,1,0,0,0,0,0,0,0,0,0,0,0,0,0
Reference,2,0,0,2,0,0,1,1,0,0,0,0,0,0,0,0,0,0,0,0,0,0,0,0,0
References,1,0,0,1,0,0,1,0,0,0,0,0,0,0,0,0,0,0,0,0,0,0,0,0,0
Referer,1,0,1,0,0,0,0,0,0,1,0,0,0,0,0,0,0,0,0,0,0,0,0,0,0
Refused,1,0,1,0,0,0,1,0,0,0,0,0,0,0,0,0,0,0,0,0,0,0,0,0,0
register,4,4,0,0,4,4,0,0,0,0,0,0,0,0,0,0,0,0,0,0,0,0,0,0,0
Registry,19,0,0,19,0,0,0,1,8,10,0,0,0,0,0,0,0,0,0,0,0,0,0,0,0
Reject,4,0,4,0,0,0,4,0,0,0,0,0,0,0,0,0,0,0,0,0,0,0,0,0,0
Rejected,2,0,2,0,0,0,0,0,0,0,0,0,0,1,1,0,0,0,0,0,0,0,0,0,0
Relative,22,2,19,1,0,2,8,2,1,3,1,1,2,2,0,0,0,0,0,0,0,0,0,0,0
Relaxed,1,1,0,0,0,1,0,0,0,0,0,0,0,0,0,0,0,0,0,0,0,0,0,0,0
Release,36,21,12,3,3,21,9,5,0,1,0,0,0,0,0,0,0,0,0,0,0,0,0,0,0
Released,2,0,0,2,0,0,1,0,0,0,0,0,1,0,0,0,0,0,0,0,0,0,0,0,0
Remote,5,0,5,0,0,0,2,0,1,0,0,0,0,1,1,0,0,0,0,0,0,0,0,0,0
remove,26,24,0,2,2,24,0,2,0,0,0,0,0,0,0,0,0,0,0,0,0,0,0,0,0
Removed,2,0,1,1,0,0,0,0,1,0,0,0,1,0,0,0,0,0,0,0,0,0,0,0,0
Removes,2,0,2,0,0,0,1,0,1,0,0,0,0,0,0,0,0,0,0,0,0,0,0,0,0
Repeat,4,0,4,0,0,0,4,0,0,0,0,0,0,0,0,0,0,0,0,0,0,0,0,0,0
Repeatable,18,0,9,9,0,0,8,4,0,0,1,3,1,0,1,0,0,0,0,0,0,0,0,0,0
Repeated,1,0,1,0,0,0,0,1,0,0,0,0,0,0,0,0,0,0,0,0,0,0,0,0,0
Replace,5,3,2,0,0,3,0,0,1,1,0,0,0,0,0,0,0,0,0,0,0,0,0,0,0
Replaced,1,0,1,0,0,0,0,0,0,0,1,0,0,0,0,0,0,0,0,0,0,0,0,0,0
replay,5,5,0,0,0,5,0,0,0,0,0,0,0,0,0,0,0,0,0,0,0,0,0,0,0
Request,304,32,198,74,1,32,67,53,28,22,22,19,20,24,6,4,2,2,1,0,2,0,0,0,0
Requested,5,0,4,1,0,0,0,1,3,0,0,0,0,0,1,0,0,0,0,0,0,0,0,0,0
Requester,1,0,0,1,0,0,0,0,1,0,0,0,0,0,0,0,0,0,0,0,0,0,0,0,0
Requests,84,0,41,43,0,0,5,10,10,7,1,10,8,8,12,12,1,0,0,0,0,0,0,0,0
Required,3,0,1,2,0,0,0,0,0,0,0,0,1,0,1,1,0,0,0,0,0,0,0,0,0
reset,9,8,0,1,6,8,1,0,0,0,0,0,0,0,0,0,0,0,0,0,0,0,0,0,0
Resident,4,0,4,0,0,0,3,0,0,0,0,0,0,1,0,0,0,0,0,0,0,0,0,0,0
resolve,13,11,1,1,8,11,2,0,0,0,0,0,0,0,0,0,0,0,0,0,0,0,0,0,0
Resolver,9,0,0,9,0,0,0,3,6,0,0,0,0,0,0,0,0,0,0,0,0,0,0,0,0
Resource,17,2,7,8,0,2,9,1,1,0,0,0,0,0,0,1,2,0,1,0,0,0,0,0,0
Resources,13,0,0,13,0,0,13,0,0,0,0,0,0,0,0,0,0,0,0,0,0,0,0,0,0
Respected,1,0,0,1,0,0,0,0,0,1,0,0,0,0,0,0,0,0,0,0,0,0,0,0,0
Responding,3,0,3,0,0,0,0,0,0,0,0,3,0,0,0,0,0,0,0,0,0,0,0,0,0
Response,339,14,209,116,1,14,113,52,23,24,23,29,16,9,24,5,2,1,2,1,0,0,0,0,1
Responses,90,0,58,32,0,0,31,8,6,6,0,12,11,4,4,4,2,1,0,0,0,1,0,0,0
Restore,7,3,0,4,3,3,3,0,1,0,0,0,0,0,0,0,0,0,0,0,0,0,0,0,0
Restriction,1,0,1,0,0,0,1,0,0,0,0,0,0,0,0,0,0,0,0,0,0,0,0,0,0
Restrictive,1,0,1,0,0,0,0,0,0,0,1,0,0,0,0,0,0,0,0,0,0,0,0,0,0
Result,12,0,0,12,0,0,12,0,0,0,0,0,0,0,0,0,0,0,0,0,0,0,0,0,0
Results,2,0,2,0,0,0,0,1,0,1,0,0,0,0,0,0,0,0,0,0,0,0,0,0,0
Retained,1,0,1,0,0,0,0,1,0,0,0,0,0,0,0,0,0,0,0,0,0,0,0,0,0
Retains,1,0,1,0,0,0,1,0,0,0,0,0,0,0,0,0,0,0,0,0,0,0,0,0,0
Retries,6,0,1,5,0,0,1,3,2,0,0,0,0,0,0,0,0,0,0,0,0,0,0,0,0
Retrieve,1,0,1,0,0,0,1,0,0,0,0,0,0,0,0,0,0,0,0,0,0,0,0,0,0
retrieved,1,1,0,0,0,1,0,0,0,0,0,0,0,0,0,0,0,0,0,0,0,0,0,0,0
Retry,30,5,23,2,0,5,13,2,4,3,1,2,0,0,0,0,0,0,0,0,0,0,0,0,0
Return,29,2,22,5,0,2,3,10,9,2,3,0,0,0,0,0,0,0,0,0,0,0,0,0,0
Returned,8,0,8,0,0,0,0,1,0,1,2,0,2,1,1,0,0,0,0,0,0,0,0,0,0
Returning,3,0,3,0,0,0,0,0,0,0,2,0,0,0,0,0,1,0,0,0,0,0,0,0,0
Returns,35,1,30,4,0,1,3,0,7,11,4,0,1,7,0,0,1,0,0,0,0,0,0,0,0
Returns200,8,0,7,1,0,0,7,0,0,0,0,0,1,0,0,0,0,0,0,0,0,0,0,0,0
Returns304,9,0,8,1,0,0,6,0,0,1,1,1,0,0,0,0,0,0,0,0,0,0,0,0,0
returns504,1,1,0,0,0,1,0,0,0,0,0,0,0,0,0,0,0,0,0,0,0,0,0,0,0
Reusable,20,0,7,13,0,0,6,5,7,2,0,0,0,0,0,0,0,0,0,0,0,0,0,0,0
Reuse,8,2,5,1,0,2,3,3,0,0,0,0,0,0,0,0,0,0,0,0,0,0,0,0,0
Revalidatable,6,0,5,1,0,0,1,0,0,2,1,0,1,0,0,0,1,0,0,0,0,0,0,0,0
Revalidate,43,4,30,9,0,4,5,4,7,5,5,1,3,1,5,0,1,1,0,1,0,0,0,0,0
Revalidated,1,0,1,0,0,0,0,0,0,0,0,1,0,0,0,0,0,0,0,0,0,0,0,0,0
Revalidates,2,0,2,0,0,0,1,0,1,0,0,0,0,0,0,0,0,0,0,0,0,0,0,0,0
Revalidating,12,0,9,3,0,0,0,0,0,2,4,1,0,0,3,1,0,0,1,0,0,0,0,0,0
Revalidation,15,1,6,8,0,1,5,0,0,0,0,2,1,1,3,2,0,0,0,0,0,0,0,0,0
Revalidator,3,0,1,2,0,0,1,1,1,0,0,0,0,0,0,0,0,0,0,0,0,0,0,0,0
Rewrite,5,2,2,1,1,2,3,0,0,0,0,0,0,0,0,0,0,0,0,0,0,0,0,0,0
Rewrites,1,0,1,0,0,0,0,1,0,0,0,0,0,0,0,0,0,0,0,0,0,0,0,0,0
RFC1123,1,0,1,0,0,0,0,0,0,0,1,0,0,0,0,0,0,0,0,0,0,0,0,0,0
Rfc1950,1,0,1,0,0,0,0,0,0,0,0,1,0,0,0,0,0,0,0,0,0,0,0,0,0
Rfc1951,1,0,1,0,0,0,0,0,0,0,0,1,0,0,0,0,0,0,0,0,0,0,0,0,0
RFC6265,5,5,0,0,0,5,0,0,0,0,0,0,0,0,0,0,0,0,0,0,0,0,0,0,0
RFC6532,2,0,1,1,0,0,1,0,1,0,0,0,0,0,0,0,0,0,0,0,0,0,0,0,0
RFC7578,2,0,2,0,0,0,1,0,0,1,0,0,0,0,0,0,0,0,0,0,0,0,0,0,0
RFC850,1,0,1,0,0,0,0,0,0,0,1,0,0,0,0,0,0,0,0,0,0,0,0,0,0
Rome,1,1,0,0,0,1,0,0,0,0,0,0,0,0,0,0,0,0,0,0,0,0,0,0,0
Root,4,0,1,3,0,0,0,3,1,0,0,0,0,0,0,0,0,0,0,0,0,0,0,0,0
rotintlft,1,1,0,0,1,1,0,0,0,0,0,0,0,0,0,0,0,0,0,0,0,0,0,0,0
round1,1,1,0,0,1,1,0,0,0,0,0,0,0,0,0,0,0,0,0,0,0,0,0,0,0
round2,1,1,0,0,1,1,0,0,0,0,0,0,0,0,0,0,0,0,0,0,0,0,0,0,0
round3,1,1,0,0,1,1,0,0,0,0,0,0,0,0,0,0,0,0,0,0,0,0,0,0,0
Route,45,1,18,26,0,1,13,13,10,8,0,0,0,0,0,0,0,0,0,0,0,0,0,0,0
Routes,7,0,0,7,0,0,3,2,2,0,0,0,0,0,0,0,0,0,0,0,0,0,0,0,0
Rule,1,0,0,1,0,0,1,0,0,0,0,0,0,0,0,0,0,0,0,0,0,0,0,0,0
Rules,1,0,0,1,0,0,1,0,0,0,0,0,0,0,0,0,0,0,0,0,0,0,0,0,0
run,19,19,0,0,19,19,0,0,0,0,0,0,0,0,0,0,0,0,0,0,0,0,0,0,0
Runnable,1,0,0,1,0,0,1,0,0,0,0,0,0,0,0,0,0,0,0,0,0,0,0,0,0
Running,2,0,0,2,0,0,2,0,0,0,0,0,0,0,0,0,0,0,0,0,0,0,0,0,0
Runtime,9,0,4,5,0,0,0,4,3,2,0,0,0,0,0,0,0,0,0,0,0,0,0,0,0
S,8,0,8,0,0,0,0,0,1,3,0,0,0,2,0,1,0,0,1,0,0,0,0,0,0
Safe,4,1,2,1,0,1,1,0,0,0,0,0,1,1,0,0,0,0,0,0,0,0,0,0,0
Safety,1,0,1,0,0,0,0,1,0,0,0,0,0,0,0,0,0,0,0,0,0,0,0,0,0
Same,17,0,17,0,0,0,1,1,2,5,0,0,0,0,0,0,0,0,2,2,4,0,0,0,0
Satisfy,2,0,2,0,0,0,0,0,0,2,0,0,0,0,0,0,0,0,0,0,0,0,0,0,0
save,1,1,0,0,0,1,0,0,0,0,0,0,0,0,0,0,0,0,0,0,0,0,0,0,0
schedule,7,5,0,2,4,5,2,0,0,0,0,0,0,0,0,0,0,0,0,0,0,0,0,0,0
Scheduled,6,1,4,1,0,1,5,0,0,0,0,0,0,0,0,0,0,0,0,0,0,0,0,0,0
Schedules,1,0,1,0,0,0,0,0,0,1,0,0,0,0,0,0,0,0,0,0,0,0,0,0,0
Scheduling,4,0,4,0,0,0,3,0,1,0,0,0,0,0,0,0,0,0,0,0,0,0,0,0,0
Scheme,47,0,25,22,0,0,17,15,9,3,1,0,2,0,0,0,0,0,0,0,0,0,0,0,0
Schemes,4,0,0,4,0,0,0,0,0,4,0,0,0,0,0,0,0,0,0,0,0,0,0,0,0
Scope,8,2,3,3,2,2,2,4,0,0,0,0,0,0,0,0,0,0,0,0,0,0,0,0,0
Sealing,1,0,1,0,0,0,1,0,0,0,0,0,0,0,0,0,0,0,0,0,0,0,0,0,0
Secondary,2,0,2,0,0,0,2,0,0,0,0,0,0,0,0,0,0,0,0,0,0,0,0,0,0
Seconds,1,0,1,0,0,0,0,0,1,0,0,0,0,0,0,0,0,0,0,0,0,0,0,0,0
Secs,16,0,0,16,0,0,0,1,10,5,0,0,0,0,0,0,0,0,0,0,0,0,0,0,0
Secure,10,0,4,6,0,0,6,4,0,0,0,0,0,0,0,0,0,0,0,0,0,0,0,0,0
Security,1,0,1,0,0,0,1,0,0,0,0,0,0,0,0,0,0,0,0,0,0,0,0,0,0
See,3,0,3,0,0,0,0,0,3,0,0,0,0,0,0,0,0,0,0,0,0,0,0,0,0
Segements,3,0,3,0,0,0,0,0,1,1,1,0,0,0,0,0,0,0,0,0,0,0,0,0,0
Segments,2,0,2,0,0,0,0,0,1,1,0,0,0,0,0,0,0,0,0,0,0,0,0,0,0
Select,6,4,2,0,4,4,2,0,0,0,0,0,0,0,0,0,0,0,0,0,0,0,0,0,0
Selecting,1,0,1,0,0,0,0,0,0,0,0,0,0,0,1,0,0,0,0,0,0,0,0,0,0
Self,1,0,1,0,0,0,0,0,0,0,0,0,1,0,0,0,0,0,0,0,0,0,0,0,0
semantically,1,1,0,0,0,1,0,0,0,0,0,0,0,0,0,0,0,0,0,0,0,0,0,0,0
Send,6,5,1,0,0,5,1,0,0,0,0,0,0,0,0,0,0,0,0,0,0,0,0,0,0
Send304,1,0,1,0,0,0,0,0,1,0,0,0,0,0,0,0,0,0,0,0,0,0,0,0,0
Sends,1,0,1,0,0,0,1,0,0,0,0,0,0,0,0,0,0,0,0,0,0,0,0,0,0
Sensitivity,1,0,0,1,0,0,0,0,1,0,0,0,0,0,0,0,0,0,0,0,0,0,0,0,0
Sent,3,0,3,0,0,0,0,0,1,0,2,0,0,0,0,0,0,0,0,0,0,0,0,0,0
Separator,1,0,0,1,0,0,1,0,0,0,0,0,0,0,0,0,0,0,0,0,0,0,0,0,0
Sequence,1,0,0,1,0,0,0,1,0,0,0,0,0,0,0,0,0,0,0,0,0,0,0,0,0
Sequenctial,4,0,4,0,0,0,4,0,0,0,0,0,0,0,0,0,0,0,0,0,0,0,0,0,0
Serializable,3,0,1,2,0,0,2,1,0,0,0,0,0,0,0,0,0,0,0,0,0,0,0,0,0
Serialization,7,0,1,6,0,0,5,0,1,1,0,0,0,0,0,0,0,0,0,0,0,0,0,0,0
Serialize,5,4,1,0,4,4,1,0,0,0,0,0,0,0,0,0,0,0,0,0,0,0,0,0,0
Serialized,1,0,1,0,0,0,1,0,0,0,0,0,0,0,0,0,0,0,0,0,0,0,0,0,0
Serializing,2,0,2,0,0,0,2,0,0,0,0,0,0,0,0,0,0,0,0,0,0,0,0,0,0
Servable,11,0,11,0,0,0,1,0,2,1,2,2,0,1,1,1,0,0,0,0,0,0,0,0,0
Serve,5,0,5,0,0,0,0,2,1,0,1,0,1,0,0,0,0,0,0,0,0,0,0,0,0
Served,13,0,13,0,0,0,0,0,0,0,2,0,1,1,7,1,0,0,1,0,0,0,0,0,0
Server,12,0,11,1,0,0,4,1,2,4,0,0,0,0,0,1,0,0,0,0,0,0,0,0,0
Service,19,1,4,14,0,1,6,8,3,1,0,0,0,0,0,0,0,0,0,0,0,0,0,0,0
Service2,1,0,0,1,0,0,0,1,0,0,0,0,0,0,0,0,0,0,0,0,0,0,0,0,0
Serving,1,0,1,0,0,0,0,0,0,0,1,0,0,0,0,0,0,0,0,0,0,0,0,0,0
Sess,4,0,3,1,0,0,0,0,1,3,0,0,0,0,0,0,0,0,0,0,0,0,0,0,0
Session,19,0,15,4,0,0,2,10,5,1,1,0,0,0,0,0,0,0,0,0,0,0,0,0,0
Set,295,286,7,2,0,286,2,0,2,2,0,1,1,1,0,0,0,0,0,0,0,0,0,0,0
Sets,16,0,16,0,0,0,16,0,0,0,0,0,0,0,0,0,0,0,0,0,0,0,0,0,0
Setting,2,0,0,2,0,0,0,0,0,0,0,0,0,0,0,0,0,2,0,0,0,0,0,0,0
setup,24,24,0,0,22,24,0,0,0,0,0,0,0,0,0,0,0,0,0,0,0,0,0,0,0
SHA,1,0,0,1,0,0,0,0,0,1,0,0,0,0,0,0,0,0,0,0,0,0,0,0,0
Shared,37,0,35,2,0,0,12,3,4,0,0,1,3,1,1,7,5,0,0,0,0,0,0,0,0
Short,4,0,0,4,0,0,0,3,0,0,0,1,0,0,0,0,0,0,0,0,0,0,0,0,0
Should,50,20,30,0,0,20,3,1,0,1,5,16,4,0,0,0,0,0,0,0,0,0,0,0,0
Shut,2,1,1,0,0,1,0,0,1,0,0,0,0,0,0,0,0,0,0,0,0,0,0,0,0
Shutdown,22,17,1,4,16,17,5,0,0,0,0,0,0,0,0,0,0,0,0,0,0,0,0,0,0
sign,1,1,0,0,0,1,0,0,0,0,0,0,0,0,0,0,0,0,0,0,0,0,0,0,0
Signature,2,0,0,2,0,0,2,0,0,0,0,0,0,0,0,0,0,0,0,0,0,0,0,0,0
Signed,2,0,2,0,0,0,0,0,1,0,0,0,0,1,0,0,0,0,0,0,0,0,0,0,0
Signing,1,0,1,0,0,0,1,0,0,0,0,0,0,0,0,0,0,0,0,0,0,0,0,0,0
Silently,1,0,1,0,0,0,0,0,0,0,0,1,0,0,0,0,0,0,0,0,0,0,0,0,0
Simple,11,9,1,1,0,9,0,0,1,1,0,0,0,0,0,0,0,0,0,0,0,0,0,0,0
Since,16,0,12,4,0,0,0,0,2,1,6,3,0,0,2,2,0,0,0,0,0,0,0,0,0
Single,12,0,12,0,0,0,6,3,0,1,1,0,1,0,0,0,0,0,0,0,0,0,0,0,0
Site,3,0,3,0,0,0,1,2,0,0,0,0,0,0,0,0,0,0,0,0,0,0,0,0,0
Size,6,2,0,4,2,2,0,0,3,1,0,0,0,0,0,0,0,0,0,0,0,0,0,0,0
skip,4,4,0,0,3,4,0,0,0,0,0,0,0,0,0,0,0,0,0,0,0,0,0,0,0
Slash,2,0,0,2,0,0,0,0,1,0,0,0,1,0,0,0,0,0,0,0,0,0,0,0,0
Small,2,0,2,0,0,0,1,0,0,1,0,0,0,0,0,0,0,0,0,0,0,0,0,0,0
Socket,42,0,28,14,0,0,28,11,3,0,0,0,0,0,0,0,0,0,0,0,0,0,0,0,0
SP,2,2,0,0,0,2,0,0,0,0,0,0,0,0,0,0,0,0,0,0,0,0,0,0,0
Spaces,1,0,0,1,0,0,0,0,0,0,0,0,1,0,0,0,0,0,0,0,0,0,0,0,0
Spec,19,0,10,9,0,0,2,11,5,0,0,1,0,0,0,0,0,0,0,0,0,0,0,0,0
Special,1,0,1,0,0,0,1,0,0,0,0,0,0,0,0,0,0,0,0,0,0,0,0,0,0
Specific,3,0,3,0,0,0,0,2,0,1,0,0,0,0,0,0,0,0,0,0,0,0,0,0,0
Specified,24,0,24,0,0,0,0,8,0,8,8,0,0,0,0,0,0,0,0,0,0,0,0,0,0
Specifies,2,0,2,0,0,0,0,0,0,0,0,0,0,1,1,0,0,0,0,0,0,0,0,0,0
Specify,4,0,4,0,0,0,0,0,0,0,0,0,0,1,1,0,0,0,2,0,0,0,0,0,0
split,2,2,0,0,2,2,0,0,0,0,0,0,0,0,0,0,0,0,0,0,0,0,0,0,0
SPN,1,0,1,0,0,0,0,0,0,0,1,0,0,0,0,0,0,0,0,0,0,0,0,0,0
SSL,17,1,14,2,0,1,11,3,2,0,0,0,0,0,0,0,0,0,0,0,0,0,0,0,0
Ssp,3,0,3,0,0,0,3,0,0,0,0,0,0,0,0,0,0,0,0,0,0,0,0,0,0
Stale,74,2,53,19,0,2,20,6,8,12,5,1,4,0,4,4,3,4,1,0,0,0,0,0,0
Stale304s,1,0,1,0,0,0,0,0,0,1,0,0,0,0,0,0,0,0,0,0,0,0,0,0,0
Staleness,6,0,1,5,0,0,1,1,0,0,0,0,0,0,0,2,2,0,0,0,0,0,0,0,0
Standard,1,1,0,0,0,1,0,0,0,0,0,0,0,0,0,0,0,0,0,0,0,0,0,0,0
Star,5,0,4,1,0,0,0,3,0,0,1,0,1,0,0,0,0,0,0,0,0,0,0,0,0
start,21,21,0,0,19,21,0,0,0,0,0,0,0,0,0,0,0,0,0,0,0,0,0,0,0
started,2,1,0,1,0,1,1,0,0,0,0,0,0,0,0,0,0,0,0,0,0,0,0,0,0
State,13,1,3,9,1,1,3,4,4,0,1,0,0,0,0,0,0,0,0,0,0,0,0,0,0
Stateful,2,0,2,0,0,0,2,0,0,0,0,0,0,0,0,0,0,0,0,0,0,0,0,0,0
States,1,0,0,1,0,0,0,1,0,0,0,0,0,0,0,0,0,0,0,0,0,0,0,0,0
Stats,7,0,0,7,0,0,4,3,0,0,0,0,0,0,0,0,0,0,0,0,0,0,0,0,0
Status,16,1,8,7,0,1,6,3,3,1,1,1,0,0,0,0,0,0,0,0,0,0,0,0,0
Step,4,0,0,4,0,0,4,0,0,0,0,0,0,0,0,0,0,0,0,0,0,0,0,0,0
Still,5,0,5,0,0,0,2,2,0,0,1,0,0,0,0,0,0,0,0,0,0,0,0,0,0
Stock,1,0,1,0,0,0,1,0,0,0,0,0,0,0,0,0,0,0,0,0,0,0,0,0,0
stop,1,1,0,0,1,1,0,0,0,0,0,0,0,0,0,0,0,0,0,0,0,0,0,0,0
Storage,21,0,8,13,0,0,3,4,11,3,0,0,0,0,0,0,0,0,0,0,0,0,0,0,0
Store,32,10,14,8,3,10,2,8,5,0,6,1,0,0,0,0,0,0,0,0,0,0,0,0,0
Stored,5,0,5,0,0,0,0,0,0,0,0,1,4,0,0,0,0,0,0,0,0,0,0,0,0
Strategy,30,0,2,28,0,0,2,9,14,3,0,0,0,1,1,0,0,0,0,0,0,0,0,0,0
Stream,45,12,8,25,0,12,9,14,4,0,2,2,2,0,0,0,0,0,0,0,0,0,0,0,0
Streaming,6,0,0,6,0,0,5,1,0,0,0,0,0,0,0,0,0,0,0,0,0,0,0,0,0
Strict,5,0,3,2,0,0,3,1,1,0,0,0,0,0,0,0,0,0,0,0,0,0,0,0,0
String,69,1,9,59,0,1,53,5,5,1,2,0,1,1,0,0,0,0,0,0,0,0,0,0,0
Strip,14,2,12,0,0,2,11,1,0,0,0,0,0,0,0,0,0,0,0,0,0,0,0,0,0
strips,6,3,3,0,0,3,3,0,0,0,0,0,0,0,0,0,0,0,0,0,0,0,0,0,0
Strong,29,0,29,0,0,0,0,0,19,0,1,1,1,7,0,0,0,0,0,0,0,0,0,0,0
Strongly,4,0,4,0,0,0,0,0,0,0,0,0,0,0,0,1,1,2,0,0,0,0,0,0,0
Sub,1,0,1,0,0,0,1,0,0,0,0,0,0,0,0,0,0,0,0,0,0,0,0,0,0
Subject,4,1,3,0,0,1,3,0,0,0,0,0,0,0,0,0,0,0,0,0,0,0,0,0,0
submit,2,2,0,0,0,2,0,0,0,0,0,0,0,0,0,0,0,0,0,0,0,0,0,0,0
Submitted,1,0,0,1,0,0,0,1,0,0,0,0,0,0,0,0,0,0,0,0,0,0,0,0,0
Subrange,2,0,2,0,0,0,2,0,0,0,0,0,0,0,0,0,0,0,0,0,0,0,0,0,0
Subsequent,10,0,10,0,0,0,0,0,0,0,0,4,2,4,0,0,0,0,0,0,0,0,0,0,0
Subset,1,0,0,1,0,0,0,0,0,0,1,0,0,0,0,0,0,0,0,0,0,0,0,0,0
Subtype,1,0,0,1,0,0,0,1,0,0,0,0,0,0,0,0,0,0,0,0,0,0,0,0,0
Success,15,0,4,11,0,0,0,2,5,2,6,0,0,0,0,0,0,0,0,0,0,0,0,0,0
Success1,1,0,0,1,0,0,0,0,0,1,0,0,0,0,0,0,0,0,0,0,0,0,0,0,0
Success2,1,0,0,1,0,0,0,0,0,1,0,0,0,0,0,0,0,0,0,0,0,0,0,0,0
Successful,8,0,7,1,0,0,6,0,0,0,1,1,0,0,0,0,0,0,0,0,0,0,0,0,0
Successfully,3,0,3,0,0,0,0,0,0,1,0,0,2,0,0,0,0,0,0,0,0,0,0,0,0
Suffix,5,0,4,1,0,0,3,2,0,0,0,0,0,0,0,0,0,0,0,0,0,0,0,0,0
Suitability,1,0,1,0,0,0,0,1,0,0,0,0,0,0,0,0,0,0,0,0,0,0,0,0,0
Suitable,23,0,21,2,0,0,12,9,0,0,0,0,0,1,0,1,0,0,0,0,0,0,0,0,0
supply,1,1,0,0,0,1,0,0,0,0,0,0,0,0,0,0,0,0,0,0,0,0,0,0,0
Support,5,0,4,1,0,0,0,3,1,0,0,0,0,0,0,1,0,0,0,0,0,0,0,0,0
Supported,7,0,3,4,0,0,6,0,1,0,0,0,0,0,0,0,0,0,0,0,0,0,0,0,0
supports,2,2,0,0,0,2,0,0,0,0,0,0,0,0,0,0,0,0,0,0,0,0,0,0,0
Switch,1,0,1,0,0,0,0,0,0,0,0,0,1,0,0,0,0,0,0,0,0,0,0,0,0
Syntax,1,0,0,1,0,0,1,0,0,0,0,0,0,0,0,0,0,0,0,0,0,0,0,0,0
System,16,2,10,4,0,2,13,1,0,0,0,0,0,0,0,0,0,0,0,0,0,0,0,0,0
Tag,27,0,23,4,0,0,0,0,3,2,12,3,3,2,1,1,0,0,0,0,0,0,0,0,0
Target,27,0,18,9,0,0,17,8,1,0,1,0,0,0,0,0,0,0,0,0,0,0,0,0,0
Task,6,1,3,2,0,1,3,1,1,0,0,0,0,0,0,0,0,0,0,0,0,0,0,0,0
Tasks,1,0,0,1,0,0,1,0,0,0,0,0,0,0,0,0,0,0,0,0,0,0,0,0,0
Temporary,3,0,2,1,0,0,0,0,1,2,0,0,0,0,0,0,0,0,0,0,0,0,0,0,0
Terminated,1,0,1,0,0,0,0,1,0,0,0,0,0,0,0,0,0,0,0,0,0,0,0,0,0
Termination,3,0,0,3,0,0,3,0,0,0,0,0,0,0,0,0,0,0,0,0,0,0,0,0,0
test,1424,1412,5,7,0,1412,1,4,2,4,1,0,0,0,0,0,0,0,0,0,0,0,0,0,0
test100,1,1,0,0,0,1,0,0,0,0,0,0,0,0,0,0,0,0,0,0,0,0,0,0,0
test1xx,1,1,0,0,0,1,0,0,0,0,0,0,0,0,0,0,0,0,0,0,0,0,0,0,0
test200,2,2,0,0,0,2,0,0,0,0,0,0,0,0,0,0,0,0,0,0,0,0,0,0,0
test203,1,1,0,0,0,1,0,0,0,0,0,0,0,0,0,0,0,0,0,0,0,0,0,0,0
test204,1,1,0,0,0,1,0,0,0,0,0,0,0,0,0,0,0,0,0,0,0,0,0,0,0
test206,14,14,0,0,0,14,0,0,0,0,0,0,0,0,0,0,0,0,0,0,0,0,0,0,0
test2xx,1,1,0,0,0,1,0,0,0,0,0,0,0,0,0,0,0,0,0,0,0,0,0,0,0
test300,1,1,0,0,0,1,0,0,0,0,0,0,0,0,0,0,0,0,0,0,0,0,0,0,0
test301,1,1,0,0,0,1,0,0,0,0,0,0,0,0,0,0,0,0,0,0,0,0,0,0,0
test302,2,2,0,0,0,2,0,0,0,0,0,0,0,0,0,0,0,0,0,0,0,0,0,0,0
test303,3,3,0,0,0,3,0,0,0,0,0,0,0,0,0,0,0,0,0,0,0,0,0,0,0
test304,7,7,0,0,0,7,0,0,0,0,0,0,0,0,0,0,0,0,0,0,0,0,0,0,0
test307,1,1,0,0,0,1,0,0,0,0,0,0,0,0,0,0,0,0,0,0,0,0,0,0,0
test410,1,1,0,0,0,1,0,0,0,0,0,0,0,0,0,0,0,0,0,0,0,0,0,0,0
Text,17,0,5,12,0,0,5,9,0,0,3,0,0,0,0,0,0,0,0,0,0,0,0,0,0
Than,4,0,4,0,0,0,0,0,1,0,0,1,1,1,0,0,0,0,0,0,0,0,0,0,0
Than24,1,0,1,0,0,0,0,0,0,1,0,0,0,0,0,0,0,0,0,0,0,0,0,0,0
That,23,0,23,0,0,0,0,4,3,0,8,1,4,0,3,0,0,0,0,0,0,0,0,0,0
The,10,0,10,0,0,0,0,0,0,0,0,1,1,0,0,0,0,2,2,4,0,0,0,0,0
Them,1,0,0,1,0,0,0,0,0,0,0,0,0,0,0,0,0,0,1,0,0,0,0,0,0
Then0,1,0,0,1,0,0,0,0,0,0,0,1,0,0,0,0,0,0,0,0,0,0,0,0,0
Thread,7,0,4,3,0,0,7,0,0,0,0,0,0,0,0,0,0,0,0,0,0,0,0,0,0
Through,9,0,8,1,0,0,0,0,0,1,7,1,0,0,0,0,0,0,0,0,0,0,0,0,0
Throwables,1,0,0,1,0,0,0,0,0,1,0,0,0,0,0,0,0,0,0,0,0,0,0,0,0
throws,2,1,0,1,0,1,0,0,0,0,1,0,0,0,0,0,0,0,0,0,0,0,0,0,0
Time,22,0,9,13,0,0,3,10,2,2,1,2,0,1,1,0,0,0,0,0,0,0,0,0,0
Time1,1,0,0,1,0,0,0,0,0,1,0,0,0,0,0,0,0,0,0,0,0,0,0,0,0
Time2,1,0,0,1,0,0,0,0,0,1,0,0,0,0,0,0,0,0,0,0,0,0,0,0,0
Time3,1,0,0,1,0,0,0,0,0,1,0,0,0,0,0,0,0,0,0,0,0,0,0,0,0
Time4,1,0,0,1,0,0,0,0,0,1,0,0,0,0,0,0,0,0,0,0,0,0,0,0,0
Timeout,31,0,9,22,0,0,3,21,3,2,1,0,1,0,0,0,0,0,0,0,0,0,0,0,0
Timeouts,2,0,0,2,0,0,0,0,0,2,0,0,0,0,0,0,0,0,0,0,0,0,0,0,0
Times,1,0,0,1,0,0,0,0,0,0,0,0,0,0,1,0,0,0,0,0,0,0,0,0,0
Timestamp,1,0,0,1,0,0,1,0,0,0,0,0,0,0,0,0,0,0,0,0,0,0,0,0,0
Tls,14,0,8,6,0,0,13,1,0,0,0,0,0,0,0,0,0,0,0,0,0,0,0,0,0
To,225,61,144,20,1,61,27,35,8,13,12,24,29,5,1,0,2,4,4,0,0,0,0,0,0
To1 0,2,0,2,0,0,0,0,0,0,0,1,1,0,0,0,0,0,0,0,0,0,0,0,0,0
To1 1,4,0,0,4,0,0,0,2,0,0,0,1,0,1,0,0,0,0,0,0,0,0,0,0,0
To416,1,0,1,0,0,0,0,0,0,0,0,0,0,0,1,0,0,0,0,0,0,0,0,0,0
Token,26,0,9,17,0,0,8,16,1,1,0,0,0,0,0,0,0,0,0,0,0,0,0,0,0
Tokens,1,0,0,1,0,0,0,1,0,0,0,0,0,0,0,0,0,0,0,0,0,0,0,0,0
Too,12,0,12,0,0,0,1,0,2,3,3,1,0,1,0,0,1,0,0,0,0,0,0,0,0
Tor,2,0,2,0,0,0,0,0,0,0,0,2,0,0,0,0,0,0,0,0,0,0,0,0,0
Total,12,0,4,8,0,0,4,6,2,0,0,0,0,0,0,0,0,0,0,0,0,0,0,0,0
TRAC,1,0,1,0,0,0,0,0,1,0,0,0,0,0,0,0,0,0,0,0,0,0,0,0,0
TRACE,7,4,1,2,4,4,2,0,0,0,0,0,1,0,0,0,0,0,0,0,0,0,0,0,0
track,1,1,0,0,1,1,0,0,0,0,0,0,0,0,0,0,0,0,0,0,0,0,0,0,0
Tracker,1,0,0,1,0,0,1,0,0,0,0,0,0,0,0,0,0,0,0,0,0,0,0,0,0
Trailer,5,0,5,0,0,0,5,0,0,0,0,0,0,0,0,0,0,0,0,0,0,0,0,0,0
Trailers,3,0,0,3,0,0,3,0,0,0,0,0,0,0,0,0,0,0,0,0,0,0,0,0,0
Trailing,1,0,1,0,0,0,0,1,0,0,0,0,0,0,0,0,0,0,0,0,0,0,0,0,0
Transfer,7,2,5,0,0,2,1,1,0,2,0,0,1,0,0,0,0,0,0,0,0,0,0,0,0
Transform,14,0,6,8,0,0,0,0,0,0,0,0,0,0,0,2,0,12,0,0,0,0,0,0,0
Transforming,1,1,0,0,0,1,0,0,0,0,0,0,0,0,0,0,0,0,0,0,0,0,0,0,0
translate,1,1,0,0,0,1,0,0,0,0,0,0,0,0,0,0,0,0,0,0,0,0,0,0,0
Transmit,1,0,1,0,0,0,0,0,1,0,0,0,0,0,0,0,0,0,0,0,0,0,0,0,0
Transmits,1,0,1,0,0,0,1,0,0,0,0,0,0,0,0,0,0,0,0,0,0,0,0,0,0
Transparent,1,0,0,1,0,0,1,0,0,0,0,0,0,0,0,0,0,0,0,0,0,0,0,0,0
Treated,4,0,4,0,0,0,0,0,0,0,3,0,0,1,0,0,0,0,0,0,0,0,0,0,0
Tricky,1,0,1,0,0,0,1,0,0,0,0,0,0,0,0,0,0,0,0,0,0,0,0,0,0
trigger,4,4,0,0,0,4,0,0,0,0,0,0,0,0,0,0,0,0,0,0,0,0,0,0,0
trim,1,1,0,0,0,1,0,0,0,0,0,0,0,0,0,0,0,0,0,0,0,0,0,0,0
True,8,0,8,0,0,0,0,0,0,2,0,0,4,0,2,0,0,0,0,0,0,0,0,0,0
Trust,8,1,7,0,0,1,0,5,0,0,0,2,0,0,0,0,0,0,0,0,0,0,0,0,0
Trusted,10,0,4,6,0,0,10,0,0,0,0,0,0,0,0,0,0,0,0,0,0,0,0,0,0
Try,1,0,1,0,0,0,0,1,0,0,0,0,0,0,0,0,0,0,0,0,0,0,0,0,0
Ts,10,0,4,6,0,0,0,1,0,1,0,0,0,2,2,2,2,0,0,0,0,0,0,0,0
TTL,1,0,1,0,0,0,0,0,1,0,0,0,0,0,0,0,0,0,0,0,0,0,0,0,0
Tunnel,16,4,10,2,1,4,5,0,0,0,6,0,0,0,1,0,0,0,0,0,0,0,0,0,0
Tunneled,1,0,1,0,0,0,0,0,0,0,1,0,0,0,0,0,0,0,0,0,0,0,0,0,0
Tunnelled,2,0,0,2,0,0,2,0,0,0,0,0,0,0,0,0,0,0,0,0,0,0,0,0,0
Twith,2,0,2,0,0,0,0,0,2,0,0,0,0,0,0,0,0,0,0,0,0,0,0,0,0
Two,4,0,4,0,0,0,1,0,0,3,0,0,0,0,0,0,0,0,0,0,0,0,0,0,0
Type,44,0,13,31,0,0,3,22,3,2,9,0,0,2,0,2,0,0,0,1,0,0,0,0,0
Type1,4,1,3,0,0,1,3,0,0,0,0,0,0,0,0,0,0,0,0,0,0,0,0,0,0
Type2,7,1,6,0,0,1,2,2,2,0,0,0,0,0,0,0,0,0,0,0,0,0,0,0,0
Type3,5,1,4,0,0,1,4,0,0,0,0,0,0,0,0,0,0,0,0,0,0,0,0,0,0
U,6,0,6,0,0,0,6,0,0,0,0,0,0,0,0,0,0,0,0,0,0,0,0,0,0
Un,1,0,1,0,0,0,0,0,0,0,0,1,0,0,0,0,0,0,0,0,0,0,0,0,0
Unauthorized,3,0,3,0,0,0,3,0,0,0,0,0,0,0,0,0,0,0,0,0,0,0,0,0,0
Unavailable,4,0,3,1,0,0,1,2,0,1,0,0,0,0,0,0,0,0,0,0,0,0,0,0,0
Unchallenged,2,0,0,2,0,0,0,1,0,1,0,0,0,0,0,0,0,0,0,0,0,0,0,0,0
Unconditional,12,0,12,0,0,0,1,10,0,0,0,0,0,0,0,1,0,0,0,0,0,0,0,0,0
Under,3,0,3,0,0,0,0,0,0,0,1,0,2,0,0,0,0,0,0,0,0,0,0,0,0
Unequality,3,0,2,1,0,0,3,0,0,0,0,0,0,0,0,0,0,0,0,0,0,0,0,0,0
Unequality1,1,0,0,1,0,0,1,0,0,0,0,0,0,0,0,0,0,0,0,0,0,0,0,0,0
Unequality2,1,0,0,1,0,0,1,0,0,0,0,0,0,0,0,0,0,0,0,0,0,0,0,0,0
Unescaped,1,0,1,0,0,0,0,1,0,0,0,0,0,0,0,0,0,0,0,0,0,0,0,0,0
Unexpected,1,0,1,0,0,0,0,0,0,0,0,1,0,0,0,0,0,0,0,0,0,0,0,0,0
Unicode,4,0,1,3,0,0,2,1,0,1,0,0,0,0,0,0,0,0,0,0,0,0,0,0,0
Unique,1,0,1,0,0,0,1,0,0,0,0,0,0,0,0,0,0,0,0,0,0,0,0,0,0
Unknown,16,1,15,0,0,1,6,1,3,1,2,1,1,0,0,0,0,0,0,0,0,0,0,0,0
Unless,1,0,1,0,0,0,0,0,0,0,0,0,0,1,0,0,0,0,0,0,0,0,0,0,0
Unmodified,3,0,3,0,0,0,0,1,0,0,1,0,0,1,0,0,0,0,0,0,0,0,0,0,0
Unquoted,1,0,1,0,0,0,1,0,0,0,0,0,0,0,0,0,0,0,0,0,0,0,0,0,0
Unregister,1,0,0,1,0,0,1,0,0,0,0,0,0,0,0,0,0,0,0,0,0,0,0,0,0
Unsafe,8,0,8,0,0,0,8,0,0,0,0,0,0,0,0,0,0,0,0,0,0,0,0,0,0
Unsuccessful,4,0,4,0,0,0,2,0,0,0,2,0,0,0,0,0,0,0,0,0,0,0,0,0,0
Unsuitable,4,0,4,0,0,0,2,0,0,0,0,0,0,0,2,0,0,0,0,0,0,0,0,0,0
Unsupported,5,2,3,0,0,2,3,0,0,0,0,0,0,0,0,0,0,0,0,0,0,0,0,0,0
Unvalidatable,1,0,1,0,0,0,0,1,0,0,0,0,0,0,0,0,0,0,0,0,0,0,0,0,0
unvalidated,1,1,0,0,0,1,0,0,0,0,0,0,0,0,0,0,0,0,0,0,0,0,0,0,0
unwrap,2,2,0,0,1,2,0,0,0,0,0,0,0,0,0,0,0,0,0,0,0,0,0,0,0
Up,40,0,1,39,0,0,39,0,0,0,0,1,0,0,0,0,0,0,0,0,0,0,0,0,0
Update,59,33,21,5,3,33,5,14,6,0,1,0,0,0,0,0,0,0,0,0,0,0,0,0,0
Updated,15,2,12,1,2,2,3,0,1,6,0,2,0,0,0,0,0,1,0,0,0,0,0,0,0
Updates,6,0,5,1,0,0,1,2,0,1,1,1,0,0,0,0,0,0,0,0,0,0,0,0,0
Upgrade,14,9,2,3,6,9,3,0,0,2,0,0,0,0,0,0,0,0,0,0,0,0,0,0,0
Upgraded,2,0,2,0,0,0,0,0,0,1,0,0,1,0,0,0,0,0,0,0,0,0,0,0,0
upgrades1 0,1,1,0,0,0,1,0,0,0,0,0,0,0,0,0,0,0,0,0,0,0,0,0,0,0
Upstream,1,0,0,1,0,0,0,0,0,0,0,1,0,0,0,0,0,0,0,0,0,0,0,0,0
Upsupported,1,0,1,0,0,0,0,1,0,0,0,0,0,0,0,0,0,0,0,0,0,0,0,0,0
UR,2,0,2,0,0,0,0,2,0,0,0,0,0,0,0,0,0,0,0,0,0,0,0,0,0
URI,99,0,54,45,0,0,6,16,25,6,4,14,9,6,1,2,1,1,0,2,2,4,0,0,0
Uris,8,0,8,0,0,0,0,4,2,2,0,0,0,0,0,0,0,0,0,0,0,0,0,0,0
Url,1,1,0,0,0,1,0,0,0,0,0,0,0,0,0,0,0,0,0,0,0,0,0,0,0
Usable,1,0,0,1,0,0,0,0,0,0,0,0,0,1,0,0,0,0,0,0,0,0,0,0,0
Use,23,8,14,1,2,8,2,1,2,5,0,5,0,0,0,0,0,0,0,0,0,0,0,0,0
Use1 1,1,0,0,1,0,0,0,0,0,0,0,1,0,0,0,0,0,0,0,0,0,0,0,0,0
Used,10,0,9,1,0,0,0,0,1,4,3,0,0,1,0,0,1,0,0,0,0,0,0,0,0
User,27,1,26,0,0,1,20,3,1,2,0,0,0,0,0,0,0,0,0,0,0,0,0,0,0
Userinfo,6,0,6,0,0,0,0,6,0,0,0,0,0,0,0,0,0,0,0,0,0,0,0,0,0
Username,8,1,4,3,0,1,6,1,0,0,0,0,0,0,0,0,0,0,0,0,0,0,0,0,0
Uses,6,0,6,0,0,0,3,0,0,2,1,0,0,0,0,0,0,0,0,0,0,0,0,0,0
Using,9,0,9,0,0,0,0,0,1,0,1,2,0,0,4,1,0,0,0,0,0,0,0,0,0
UTF8,1,0,0,1,0,0,0,0,0,1,0,0,0,0,0,0,0,0,0,0,0,0,0,0,0
Valid,11,0,8,3,0,0,8,3,0,0,0,0,0,0,0,0,0,0,0,0,0,0,0,0,0
Validatable,2,0,1,1,0,0,0,2,0,0,0,0,0,0,0,0,0,0,0,0,0,0,0,0,0
Validate,14,7,7,0,4,7,7,0,0,0,0,0,0,0,0,0,0,0,0,0,0,0,0,0,0
Validate1,1,0,0,1,0,0,0,0,1,0,0,0,0,0,0,0,0,0,0,0,0,0,0,0,0
Validate2,1,0,0,1,0,0,0,0,1,0,0,0,0,0,0,0,0,0,0,0,0,0,0,0,0
Validate3,1,0,0,1,0,0,0,0,1,0,0,0,0,0,0,0,0,0,0,0,0,0,0,0,0
Validate4,1,0,0,1,0,0,0,0,1,0,0,0,0,0,0,0,0,0,0,0,0,0,0,0,0
Validated,7,0,4,3,0,0,3,1,0,0,0,0,0,2,0,1,0,0,0,0,0,0,0,0,0
Validation,18,0,5,13,0,0,1,1,0,0,2,2,1,1,9,0,0,1,0,0,0,0,0,0,0
Validator,31,0,25,6,0,0,1,1,2,4,15,3,1,0,0,0,0,0,2,2,0,0,0,0,0
Validators,7,0,6,1,0,0,0,0,0,0,1,1,1,1,2,0,0,0,1,0,0,0,0,0,0
Validity,1,0,1,0,0,0,1,0,0,0,0,0,0,0,0,0,0,0,0,0,0,0,0,0,0
Value,35,0,17,18,0,0,7,4,13,8,0,3,0,0,0,0,0,0,0,0,0,0,0,0,0
Value1,1,0,0,1,0,0,0,0,0,1,0,0,0,0,0,0,0,0,0,0,0,0,0,0,0
Value2,1,0,0,1,0,0,0,0,0,1,0,0,0,0,0,0,0,0,0,0,0,0,0,0,0
Values,7,0,4,3,0,0,0,2,0,1,0,1,2,1,0,0,0,0,0,0,0,0,0,0,0
Variant,43,2,41,0,1,2,16,13,6,3,1,1,0,1,0,0,0,0,0,0,0,0,0,0,0
Variants,17,0,4,13,0,0,2,0,4,3,1,0,2,2,0,2,0,1,0,0,0,0,0,0,0
Vary,16,0,16,0,0,0,3,0,0,4,4,3,1,0,0,0,1,0,0,0,0,0,0,0,0
Varying,1,0,1,0,0,0,0,0,0,0,0,0,1,0,0,0,0,0,0,0,0,0,0,0,0
Verification,5,0,4,1,0,0,0,0,5,0,0,0,0,0,0,0,0,0,0,0,0,0,0,0,0
Verifier,4,0,0,4,0,0,0,1,2,1,0,0,0,0,0,0,0,0,0,0,0,0,0,0,0
verify,15,12,1,2,4,12,1,2,0,0,0,0,0,0,0,0,0,0,0,0,0,0,0,0,0
Version,12,1,3,8,1,1,9,2,0,0,0,0,0,0,0,0,0,0,0,0,0,0,0,0,0
Version1 1,1,0,0,1,0,0,0,0,0,0,0,0,1,0,0,0,0,0,0,0,0,0,0,0,0
Versions,6,0,4,2,0,0,0,0,0,2,1,0,1,0,1,1,0,0,0,0,0,0,0,0,0
Via,34,1,32,1,0,1,6,6,8,2,1,10,0,0,0,0,0,0,0,0,0,0,0,0,0
Via1 0,2,0,2,0,0,0,0,0,0,0,0,2,0,0,0,0,0,0,0,0,0,0,0,0,0
Via1 1,1,0,1,0,0,0,0,0,0,0,0,0,1,0,0,0,0,0,0,0,0,0,0,0,0
Violation,1,0,1,0,0,0,0,1,0,0,0,0,0,0,0,0,0,0,0,0,0,0,0,0,0
Virtual,2,0,2,0,0,0,0,1,0,1,0,0,0,0,0,0,0,0,0,0,0,0,0,0,0
Warn,29,0,29,0,0,0,10,11,3,1,0,3,1,0,0,0,0,0,0,0,0,0,0,0,0
Warning,16,1,10,5,0,1,2,3,1,1,1,1,1,1,0,1,0,2,0,1,0,0,0,0,0
Warning110,1,0,1,0,0,0,1,0,0,0,0,0,0,0,0,0,0,0,0,0,0,0,0,0,0
Warnings,7,1,6,0,0,1,3,0,0,2,0,1,0,0,0,0,0,0,0,0,0,0,0,0,0
Was,5,1,4,0,0,1,0,2,0,0,0,2,0,0,0,0,0,0,0,0,0,0,0,0,0
Weak,15,2,13,0,0,2,3,1,3,1,3,2,0,0,0,0,0,0,0,0,0,0,0,0,0
Week,3,0,3,0,0,0,0,1,2,0,0,0,0,0,0,0,0,0,0,0,0,0,0,0,0
When,28,0,28,0,0,0,0,0,0,3,11,1,5,7,1,0,0,0,0,0,0,0,0,0,0
When1 0,4,0,4,0,0,0,0,0,0,0,0,0,0,0,0,0,0,0,2,0,2,0,0,0,0
When304,1,0,1,0,0,0,0,0,0,0,0,0,0,0,0,1,0,0,0,0,0,0,0,0,0
Where,2,0,2,0,0,0,0,0,2,0,0,0,0,0,0,0,0,0,0,0,0,0,0,0,0
While,12,0,12,0,0,0,0,5,2,4,1,0,0,0,0,0,0,0,0,0,0,0,0,0,0
Whitespace,1,0,0,1,0,0,0,1,0,0,0,0,0,0,0,0,0,0,0,0,0,0,0,0,0
Who,1,0,1,0,0,0,0,0,0,0,0,0,0,1,0,0,0,0,0,0,0,0,0,0,0
will,1,1,0,0,0,1,0,0,0,0,0,0,0,0,0,0,0,0,0,0,0,0,0,0,0
Win,2,1,1,0,0,1,1,0,0,0,0,0,0,0,0,0,0,0,0,0,0,0,0,0,0
Window,2,0,0,2,0,0,0,0,0,0,0,0,0,0,0,0,0,2,0,0,0,0,0,0,0
Windows,4,4,0,0,0,4,0,0,0,0,0,0,0,0,0,0,0,0,0,0,0,0,0,0,0
Wire,2,2,0,0,2,2,0,0,0,0,0,0,0,0,0,0,0,0,0,0,0,0,0,0,0
With,274,0,274,0,0,0,27,39,76,46,24,7,7,2,6,16,12,4,5,3,0,0,0,0,0
With88591,1,0,1,0,0,0,0,0,1,0,0,0,0,0,0,0,0,0,0,0,0,0,0,0,0
Within,3,0,3,0,0,0,0,0,0,0,0,0,0,0,1,2,0,0,0,0,0,0,0,0,0
Without,18,0,18,0,0,0,0,5,0,3,4,0,1,3,1,0,0,1,0,0,0,0,0,0,0
Without200,2,0,2,0,0,0,0,0,2,0,0,0,0,0,0,0,0,0,0,0,0,0,0,0,0
Work,2,0,2,0,0,0,0,2,0,0,0,0,0,0,0,0,0,0,0,0,0,0,0,0,0
Worker,5,3,0,2,0,3,2,0,0,0,0,0,0,0,0,0,0,0,0,0,0,0,0,0,0
Workers,2,0,0,2,0,0,0,2,0,0,0,0,0,0,0,0,0,0,0,0,0,0,0,0,0
Workstation,1,0,0,1,0,0,1,0,0,0,0,0,0,0,0,0,0,0,0,0,0,0,0,0,0
Would,2,0,2,0,0,0,0,0,0,0,0,0,2,0,0,0,0,0,0,0,0,0,0,0,0
wrap,3,3,0,0,2,3,0,0,0,0,0,0,0,0,0,0,0,0,0,0,0,0,0,0,0
Wrapper,2,0,0,2,0,0,1,0,1,0,0,0,0,0,0,0,0,0,0,0,0,0,0,0,0
Write,34,23,11,0,6,23,4,3,4,0,0,0,0,0,0,0,0,0,0,0,0,0,0,0,0
Written,8,0,8,0,0,0,0,0,1,6,1,0,0,0,0,0,0,0,0,0,0,0,0,0,0
Wrong,5,0,4,1,0,0,3,0,1,0,0,0,0,1,0,0,0,0,0,0,0,0,0,0,0
WWW,3,0,3,0,0,0,0,0,1,1,0,1,0,0,0,0,0,0,0,0,0,0,0,0,0
X,2,0,2,0,0,0,1,1,0,0,0,0,0,0,0,0,0,0,0,0,0,0,0,0,0
Year,8,0,7,1,0,0,0,0,4,4,0,0,0,0,0,0,0,0,0,0,0,0,0,0,0
Yet,1,0,1,0,0,0,0,0,0,0,0,0,0,0,1,0,0,0,0,0,0,0,0,0,0
Yield,1,0,1,0,0,0,0,0,0,0,0,0,0,1,0,0,0,0,0,0,0,0,0,0,0
Yields,6,0,6,0,0,0,0,0,0,3,0,3,0,0,0,0,0,0,0,0,0,0,0,0,0
Zero,12,0,4,8,0,0,0,1,1,2,0,0,0,2,1,1,1,1,2,0,0,0,0,0,0
Zip,1,0,1,0,0,0,0,0,0,0,1,0,0,0,0,0,0,0,0,0,0,0,0,0,0
Zipped,1,0,0,1,0,0,0,0,1,0,0,0,0,0,0,0,0,0,0,0,0,0,0,0,0
