A,8,2,6,0,0,2,2,0,3,0,0,0,1,0,0,0,0,0,0,0,0,0,0,0,0
Abstract,6,6,0,0,0,6,0,0,0,0,0,0,0,0,0,0,0,0,0,0,0,0,0,0,0
Accept,8,2,1,5,2,2,0,4,2,0,0,0,0,0,0,0,0,0,0,0,0,0,0,0,0
Accepted,1,0,0,1,0,0,0,0,0,0,0,1,0,0,0,0,0,0,0,0,0,0,0,0,0
Acceptor,3,1,2,0,0,1,2,0,0,0,0,0,0,0,0,0,0,0,0,0,0,0,0,0,0
Access,2,0,1,1,0,0,0,2,0,0,0,0,0,0,0,0,0,0,0,0,0,0,0,0,0
Account,4,0,2,2,0,0,1,2,0,0,1,0,0,0,0,0,0,0,0,0,0,0,0,0,0
acquire,1,1,0,0,1,1,0,0,0,0,0,0,0,0,0,0,0,0,0,0,0,0,0,0,0
Across,1,0,1,0,0,0,0,0,0,1,0,0,0,0,0,0,0,0,0,0,0,0,0,0,0
Action,8,1,2,5,0,1,6,0,1,0,0,0,0,0,0,0,0,0,0,0,0,0,0,0,0
Actions,1,0,1,0,0,0,0,1,0,0,0,0,0,0,0,0,0,0,0,0,0,0,0,0,0
adapt,1,1,0,0,1,1,0,0,0,0,0,0,0,0,0,0,0,0,0,0,0,0,0,0,0
Adapter,2,0,0,2,0,0,1,0,1,0,0,0,0,0,0,0,0,0,0,0,0,0,0,0,0
add,32,31,1,0,3,31,1,0,0,0,0,0,0,0,0,0,0,0,0,0,0,0,0,0,0
Adding,1,0,1,0,0,0,1,0,0,0,0,0,0,0,0,0,0,0,0,0,0,0,0,0,0
Additional,4,0,4,0,0,0,3,1,0,0,0,0,0,0,0,0,0,0,0,0,0,0,0,0,0
Addr,2,0,0,2,0,0,0,2,0,0,0,0,0,0,0,0,0,0,0,0,0,0,0,0,0
Address,27,0,10,17,0,0,0,17,6,2,2,0,0,0,0,0,0,0,0,0,0,0,0,0,0
Addresses,2,0,0,2,0,0,0,0,0,0,2,0,0,0,0,0,0,0,0,0,0,0,0,0,0
Affinity,2,0,1,1,0,0,1,1,0,0,0,0,0,0,0,0,0,0,0,0,0,0,0,0,0
After,6,4,2,0,4,4,0,0,0,2,0,0,0,0,0,0,0,0,0,0,0,0,0,0,0
Age,2,0,2,0,0,0,0,0,0,1,0,1,0,0,0,0,0,0,0,0,0,0,0,0,0
Agent,3,0,0,3,0,0,0,3,0,0,0,0,0,0,0,0,0,0,0,0,0,0,0,0,0
All,10,0,9,1,0,0,5,1,1,1,2,0,0,0,0,0,0,0,0,0,0,0,0,0,0
allow,4,2,2,0,0,2,2,0,0,0,0,0,0,0,0,0,0,0,0,0,0,0,0,0,0
already,1,1,0,0,0,1,0,0,0,0,0,0,0,0,0,0,0,0,0,0,0,0,0,0,0
Always,1,0,1,0,0,0,0,0,1,0,0,0,0,0,0,0,0,0,0,0,0,0,0,0,0
Amazon,30,1,29,0,0,1,25,2,0,1,0,1,0,0,0,0,0,0,0,0,0,0,0,0,0
an,1,1,0,0,0,1,0,0,0,0,0,0,0,0,0,0,0,0,0,0,0,0,0,0,0
And,25,0,25,0,0,0,12,1,2,6,3,0,0,1,0,0,0,0,0,0,0,0,0,0,0
Another,1,0,1,0,0,0,0,0,1,0,0,0,0,0,0,0,0,0,0,0,0,0,0,0,0
answer,1,1,0,0,1,1,0,0,0,0,0,0,0,0,0,0,0,0,0,0,0,0,0,0,0
Anti,1,0,1,0,0,0,1,0,0,0,0,0,0,0,0,0,0,0,0,0,0,0,0,0,0
Apache,3,1,2,0,0,1,0,2,0,0,0,0,0,0,0,0,0,0,0,0,0,0,0,0,0
App,29,0,29,0,0,0,17,4,5,1,0,1,1,0,0,0,0,0,0,0,0,0,0,0,0
append,1,1,0,0,0,1,0,0,0,0,0,0,0,0,0,0,0,0,0,0,0,0,0,0,0
Application,52,7,31,14,1,7,43,2,0,0,0,0,0,0,0,0,0,0,0,0,0,0,0,0,0
Applications,46,8,22,16,1,8,31,7,0,0,0,0,0,0,0,0,0,0,0,0,0,0,0,0,0
Applied,3,0,3,0,0,0,0,0,0,0,3,0,0,0,0,0,0,0,0,0,0,0,0,0,0
apply,10,9,1,0,9,9,1,0,0,0,0,0,0,0,0,0,0,0,0,0,0,0,0,0,0
Appname,4,0,0,4,0,0,4,0,0,0,0,0,0,0,0,0,0,0,0,0,0,0,0,0,0
Apps,36,0,24,12,0,0,9,19,6,2,0,0,0,0,0,0,0,0,0,0,0,0,0,0,0
Archaius,2,0,0,2,0,0,2,0,0,0,0,0,0,0,0,0,0,0,0,0,0,0,0,0,0
Archaius1,1,1,0,0,0,1,0,0,0,0,0,0,0,0,0,0,0,0,0,0,0,0,0,0,0
Archaius2,6,2,4,0,0,2,3,1,0,0,0,0,0,0,0,0,0,0,0,0,0,0,0,0,0
Are,12,0,12,0,0,0,0,5,1,1,3,1,0,0,1,0,0,0,0,0,0,0,0,0,0
Array,2,2,0,0,0,2,0,0,0,0,0,0,0,0,0,0,0,0,0,0,0,0,0,0,0
As,6,0,6,0,0,0,0,1,4,0,0,0,0,0,0,1,0,0,0,0,0,0,0,0,0
ASG,29,3,24,2,0,3,19,4,2,0,1,0,0,0,0,0,0,0,0,0,0,0,0,0,0
assert,4,4,0,0,0,4,0,0,0,0,0,0,0,0,0,0,0,0,0,0,0,0,0,0,0
assign,2,2,0,0,0,2,0,0,0,0,0,0,0,0,0,0,0,0,0,0,0,0,0,0,0
Async,7,1,6,0,0,1,6,0,0,0,0,0,0,0,0,0,0,0,0,0,0,0,0,0,0
At,9,0,9,0,0,0,0,0,8,1,0,0,0,0,0,0,0,0,0,0,0,0,0,0,0
Attribute,2,0,1,1,0,0,0,2,0,0,0,0,0,0,0,0,0,0,0,0,0,0,0,0,0
Auth,1,0,0,1,0,0,1,0,0,0,0,0,0,0,0,0,0,0,0,0,0,0,0,0,0
Authentication,3,0,0,3,0,0,1,1,0,0,1,0,0,0,0,0,0,0,0,0,0,0,0,0,0
auto,11,6,5,0,0,6,2,2,1,0,0,0,0,0,0,0,0,0,0,0,0,0,0,0,0
Automatic,2,0,2,0,0,0,0,0,0,0,2,0,0,0,0,0,0,0,0,0,0,0,0,0,0
Availability,3,0,3,0,0,0,2,0,1,0,0,0,0,0,0,0,0,0,0,0,0,0,0,0,0
Available,5,0,2,3,0,0,0,1,0,2,0,1,0,0,0,1,0,0,0,0,0,0,0,0,0
Average,2,0,2,0,0,0,0,0,0,0,2,0,0,0,0,0,0,0,0,0,0,0,0,0,0
Await,8,7,1,0,2,7,0,1,0,0,0,0,0,0,0,0,0,0,0,0,0,0,0,0,0
Aware,4,0,4,0,0,0,1,3,0,0,0,0,0,0,0,0,0,0,0,0,0,0,0,0,0
Aws,12,4,6,2,0,4,6,1,1,0,0,0,0,0,0,0,0,0,0,0,0,0,0,0,0
Az,9,0,7,2,0,0,3,3,2,1,0,0,0,0,0,0,0,0,0,0,0,0,0,0,0
Back,5,0,5,0,0,0,0,0,1,2,2,0,0,0,0,0,0,0,0,0,0,0,0,0,0
Backup,6,0,5,1,0,0,5,0,1,0,0,0,0,0,0,0,0,0,0,0,0,0,0,0,0
Bad,3,0,3,0,0,0,2,0,0,1,0,0,0,0,0,0,0,0,0,0,0,0,0,0,0
Balancer,1,0,1,0,0,0,0,0,0,1,0,0,0,0,0,0,0,0,0,0,0,0,0,0,0
Base,2,0,1,1,0,0,0,2,0,0,0,0,0,0,0,0,0,0,0,0,0,0,0,0,0
Based,7,0,7,0,0,0,2,3,2,0,0,0,0,0,0,0,0,0,0,0,0,0,0,0,0
basic,3,1,2,0,0,1,1,0,0,1,0,0,0,0,0,0,0,0,0,0,0,0,0,0,0
Batch,25,3,20,2,0,3,14,4,1,1,1,1,0,0,0,0,0,0,0,0,0,0,0,0,0
Batchable,9,0,9,0,0,0,5,4,0,0,0,0,0,0,0,0,0,0,0,0,0,0,0,0,0
Batcher,1,0,1,0,0,0,1,0,0,0,0,0,0,0,0,0,0,0,0,0,0,0,0,0,0
Batching,5,0,3,2,0,0,2,3,0,0,0,0,0,0,0,0,0,0,0,0,0,0,0,0,0
Be,2,0,2,0,0,0,0,0,0,2,0,0,0,0,0,0,0,0,0,0,0,0,0,0,0
Bean,3,0,3,0,0,0,0,1,2,0,0,0,0,0,0,0,0,0,0,0,0,0,0,0,0
Beat,6,0,0,6,0,0,0,6,0,0,0,0,0,0,0,0,0,0,0,0,0,0,0,0,0
before,4,4,0,0,4,4,0,0,0,0,0,0,0,0,0,0,0,0,0,0,0,0,0,0,0
Below,1,0,1,0,0,0,1,0,0,0,0,0,0,0,0,0,0,0,0,0,0,0,0,0,0
bind,11,7,3,1,1,7,2,2,0,0,0,0,0,0,0,0,0,0,0,0,0,0,0,0,0
Binder,3,0,1,2,0,0,2,0,1,0,0,0,0,0,0,0,0,0,0,0,0,0,0,0,0
Binding,5,0,4,1,0,0,1,4,0,0,0,0,0,0,0,0,0,0,0,0,0,0,0,0,0
Blank,2,0,0,2,0,0,2,0,0,0,0,0,0,0,0,0,0,0,0,0,0,0,0,0,0
Blocking,1,0,0,1,0,0,0,1,0,0,0,0,0,0,0,0,0,0,0,0,0,0,0,0,0
Body,4,0,0,4,0,0,0,0,0,0,2,2,0,0,0,0,0,0,0,0,0,0,0,0,0
Boolean,1,0,0,1,0,0,1,0,0,0,0,0,0,0,0,0,0,0,0,0,0,0,0,0,0
Boot,2,0,2,0,0,0,1,1,0,0,0,0,0,0,0,0,0,0,0,0,0,0,0,0,0
Bootstrap,8,0,8,0,0,0,7,1,0,0,0,0,0,0,0,0,0,0,0,0,0,0,0,0,0
Both,1,0,1,0,0,0,0,0,0,1,0,0,0,0,0,0,0,0,0,0,0,0,0,0,0
Bound,6,0,0,6,0,0,1,1,0,0,0,2,2,0,0,0,0,0,0,0,0,0,0,0,0
Bridge,1,0,0,1,0,0,0,0,0,0,1,0,0,0,0,0,0,0,0,0,0,0,0,0,0
Buffer,3,0,1,2,0,0,0,3,0,0,0,0,0,0,0,0,0,0,0,0,0,0,0,0,0
Build,24,21,2,1,18,21,3,0,0,0,0,0,0,0,0,0,0,0,0,0,0,0,0,0,0
Builder,20,5,0,15,5,5,9,1,5,0,0,0,0,0,0,0,0,0,0,0,0,0,0,0,0
Burst,1,0,1,0,0,0,0,0,1,0,0,0,0,0,0,0,0,0,0,0,0,0,0,0,0
Bursts,1,0,0,1,0,0,1,0,0,0,0,0,0,0,0,0,0,0,0,0,0,0,0,0,0
Bus,2,0,0,2,0,0,0,2,0,0,0,0,0,0,0,0,0,0,0,0,0,0,0,0,0
But,2,1,1,0,1,1,0,0,1,0,0,0,0,0,0,0,0,0,0,0,0,0,0,0,0
By,18,0,18,0,0,0,4,11,1,0,1,1,0,0,0,0,0,0,0,0,0,0,0,0,0
C,1,0,1,0,0,0,1,0,0,0,0,0,0,0,0,0,0,0,0,0,0,0,0,0,0
Cache,26,1,16,9,0,1,15,6,1,2,1,0,0,0,0,0,0,0,0,0,0,0,0,0,0
cached,1,1,0,0,0,1,0,0,0,0,0,0,0,0,0,0,0,0,0,0,0,0,0,0,0
call,4,4,0,0,4,4,0,0,0,0,0,0,0,0,0,0,0,0,0,0,0,0,0,0,0
Callback,7,0,4,3,0,0,1,1,5,0,0,0,0,0,0,0,0,0,0,0,0,0,0,0,0
can,1,1,0,0,0,1,0,0,0,0,0,0,0,0,0,0,0,0,0,0,0,0,0,0,0
cancel,19,10,7,2,8,10,9,0,0,0,0,0,0,0,0,0,0,0,0,0,0,0,0,0,0
Canceled,1,0,1,0,0,0,0,0,1,0,0,0,0,0,0,0,0,0,0,0,0,0,0,0,0
Cancels,1,0,1,0,0,0,0,0,1,0,0,0,0,0,0,0,0,0,0,0,0,0,0,0,0
Candidate,2,0,2,0,0,0,2,0,0,0,0,0,0,0,0,0,0,0,0,0,0,0,0,0,0
Candidates,2,0,1,1,0,0,0,1,0,1,0,0,0,0,0,0,0,0,0,0,0,0,0,0,0
canonical,3,1,2,0,0,1,2,0,0,0,0,0,0,0,0,0,0,0,0,0,0,0,0,0,0
Case,6,0,0,6,0,0,0,3,0,0,1,0,0,2,0,0,0,0,0,0,0,0,0,0,0
Catch,1,0,1,0,0,0,1,0,0,0,0,0,0,0,0,0,0,0,0,0,0,0,0,0,0
Cause,1,0,1,0,0,0,0,0,0,0,1,0,0,0,0,0,0,0,0,0,0,0,0,0,0
Center,20,0,20,0,0,0,1,11,4,0,1,1,0,1,0,0,0,1,0,0,0,0,0,0,0
Change,12,0,7,5,0,0,4,5,0,0,3,0,0,0,0,0,0,0,0,0,0,0,0,0,0
Changed,2,0,1,1,0,0,1,0,1,0,0,0,0,0,0,0,0,0,0,0,0,0,0,0,0
Char,4,0,4,0,0,0,2,2,0,0,0,0,0,0,0,0,0,0,0,0,0,0,0,0,0
chars,1,1,0,0,1,1,0,0,0,0,0,0,0,0,0,0,0,0,0,0,0,0,0,0,0
Charset,3,0,2,1,0,0,0,1,1,1,0,0,0,0,0,0,0,0,0,0,0,0,0,0,0
Check,27,0,24,3,0,0,1,22,3,1,0,0,0,0,0,0,0,0,0,0,0,0,0,0,0
Checker,1,0,0,1,0,0,0,1,0,0,0,0,0,0,0,0,0,0,0,0,0,0,0,0,0
Cipher,2,0,2,0,0,0,0,2,0,0,0,0,0,0,0,0,0,0,0,0,0,0,0,0,0
Circular,1,1,0,0,0,1,0,0,0,0,0,0,0,0,0,0,0,0,0,0,0,0,0,0,0
Class,8,0,0,8,0,0,1,7,0,0,0,0,0,0,0,0,0,0,0,0,0,0,0,0,0
clean,1,1,0,0,0,1,0,0,0,0,0,0,0,0,0,0,0,0,0,0,0,0,0,0,0
Cleaner,2,0,1,1,0,0,1,0,0,1,0,0,0,0,0,0,0,0,0,0,0,0,0,0,0
clear,3,3,0,0,1,3,0,0,0,0,0,0,0,0,0,0,0,0,0,0,0,0,0,0,0
Client,100,0,53,47,0,0,33,46,12,6,2,0,0,1,0,0,0,0,0,0,0,0,0,0,0
Client4,2,0,2,0,0,0,0,0,0,2,0,0,0,0,0,0,0,0,0,0,0,0,0,0,0
Clients,3,0,1,2,0,0,0,1,0,1,1,0,0,0,0,0,0,0,0,0,0,0,0,0,0
clone,1,1,0,0,0,1,0,0,0,0,0,0,0,0,0,0,0,0,0,0,0,0,0,0,0
Closable,1,0,0,1,0,0,1,0,0,0,0,0,0,0,0,0,0,0,0,0,0,0,0,0,0
close,2,2,0,0,0,2,0,0,0,0,0,0,0,0,0,0,0,0,0,0,0,0,0,0,0
Cloud,2,1,0,1,0,1,1,0,0,0,0,0,0,0,0,0,0,0,0,0,0,0,0,0,0
Cluster,30,1,29,0,0,1,23,5,1,0,0,0,0,0,0,0,0,0,0,0,0,0,0,0,0
CM,5,0,0,5,0,0,0,0,5,0,0,0,0,0,0,0,0,0,0,0,0,0,0,0,0
Code,35,0,6,29,0,0,18,4,10,1,0,0,1,1,0,0,0,0,0,0,0,0,0,0,0
Codec,18,3,3,12,0,3,2,4,9,0,0,0,0,0,0,0,0,0,0,0,0,0,0,0,0
Codecr,1,0,0,1,0,0,0,0,1,0,0,0,0,0,0,0,0,0,0,0,0,0,0,0,0
Codecs,2,0,0,2,0,0,0,2,0,0,0,0,0,0,0,0,0,0,0,0,0,0,0,0,0
Coder,3,0,0,3,0,0,0,3,0,0,0,0,0,0,0,0,0,0,0,0,0,0,0,0,0
Collected,1,0,1,0,0,0,0,0,0,0,1,0,0,0,0,0,0,0,0,0,0,0,0,0,0
Collecting,1,0,1,0,0,0,1,0,0,0,0,0,0,0,0,0,0,0,0,0,0,0,0,0,0
Compact,11,0,10,1,0,0,4,1,6,0,0,0,0,0,0,0,0,0,0,0,0,0,0,0,0
comparator,1,1,0,0,0,1,0,0,0,0,0,0,0,0,0,0,0,0,0,0,0,0,0,0,0
compare,4,4,0,0,2,4,0,0,0,0,0,0,0,0,0,0,0,0,0,0,0,0,0,0,0
Compatibility,1,0,1,0,0,0,0,0,0,0,1,0,0,0,0,0,0,0,0,0,0,0,0,0,0
Compensation,2,0,2,0,0,0,1,0,1,0,0,0,0,0,0,0,0,0,0,0,0,0,0,0,0
complete,1,1,0,0,1,1,0,0,0,0,0,0,0,0,0,0,0,0,0,0,0,0,0,0,0
Completion,1,0,0,1,0,0,1,0,0,0,0,0,0,0,0,0,0,0,0,0,0,0,0,0,0
Component,3,0,0,3,0,0,3,0,0,0,0,0,0,0,0,0,0,0,0,0,0,0,0,0,0
composite,5,3,2,0,0,3,1,0,1,0,0,0,0,0,0,0,0,0,0,0,0,0,0,0,0
Compression,3,0,2,1,0,0,2,0,0,1,0,0,0,0,0,0,0,0,0,0,0,0,0,0,0
compute,1,1,0,0,0,1,0,0,0,0,0,0,0,0,0,0,0,0,0,0,0,0,0,0,0
Concurrent,1,0,1,0,0,0,1,0,0,0,0,0,0,0,0,0,0,0,0,0,0,0,0,0,0
Config,60,1,10,49,0,1,5,13,28,7,4,2,0,0,0,0,0,0,0,0,0,0,0,0,0
Configuration,9,0,0,9,0,0,0,6,3,0,0,0,0,0,0,0,0,0,0,0,0,0,0,0,0
configure,18,18,0,0,14,18,0,0,0,0,0,0,0,0,0,0,0,0,0,0,0,0,0,0,0
Configured,2,0,2,0,0,0,0,0,0,0,1,1,0,0,0,0,0,0,0,0,0,0,0,0,0
Conflict,2,0,1,1,0,0,1,0,1,0,0,0,0,0,0,0,0,0,0,0,0,0,0,0,0
Congestion,2,0,2,0,0,0,0,0,1,1,0,0,0,0,0,0,0,0,0,0,0,0,0,0,0
Connect,9,2,7,0,0,2,2,1,4,0,0,0,0,0,0,0,0,0,0,0,0,0,0,0,0
Connection,22,1,20,1,0,1,13,3,3,1,1,0,0,0,0,0,0,0,0,0,0,0,0,0,0
Connections,15,0,7,8,0,0,0,3,3,9,0,0,0,0,0,0,0,0,0,0,0,0,0,0,0
Constrained,1,0,1,0,0,0,0,0,0,1,0,0,0,0,0,0,0,0,0,0,0,0,0,0,0
Constructor,2,0,0,2,0,0,0,1,1,0,0,0,0,0,0,0,0,0,0,0,0,0,0,0,0
consume,4,4,0,0,3,4,0,0,0,0,0,0,0,0,0,0,0,0,0,0,0,0,0,0,0
Container,1,0,1,0,0,0,1,0,0,0,0,0,0,0,0,0,0,0,0,0,0,0,0,0,0
Containers,1,0,0,1,0,0,1,0,0,0,0,0,0,0,0,0,0,0,0,0,0,0,0,0,0
Contains,2,1,1,0,0,1,0,0,0,1,0,0,0,0,0,0,0,0,0,0,0,0,0,0,0
Content,7,0,3,4,0,0,0,1,4,2,0,0,0,0,0,0,0,0,0,0,0,0,0,0,0
Context,17,4,3,10,0,4,0,8,3,2,0,0,0,0,0,0,0,0,0,0,0,0,0,0,0
Convert,1,0,0,1,0,0,1,0,0,0,0,0,0,0,0,0,0,0,0,0,0,0,0,0,0
Coordinating,2,0,2,0,0,0,1,1,0,0,0,0,0,0,0,0,0,0,0,0,0,0,0,0,0
copy,9,6,3,0,0,6,3,0,0,0,0,0,0,0,0,0,0,0,0,0,0,0,0,0,0
Count,16,3,1,12,1,3,2,7,4,0,0,0,0,0,0,0,0,0,0,0,0,0,0,0,0
Counter,2,0,0,2,0,0,0,0,1,0,1,0,0,0,0,0,0,0,0,0,0,0,0,0,0
Counters,1,0,0,1,0,0,0,1,0,0,0,0,0,0,0,0,0,0,0,0,0,0,0,0,0
Country,2,0,2,0,0,0,2,0,0,0,0,0,0,0,0,0,0,0,0,0,0,0,0,0,0
create,72,70,2,0,3,70,0,2,0,0,0,0,0,0,0,0,0,0,0,0,0,0,0,0,0
Created,1,0,1,0,0,0,1,0,0,0,0,0,0,0,0,0,0,0,0,0,0,0,0,0,0
Cross,1,0,1,0,0,0,0,0,0,1,0,0,0,0,0,0,0,0,0,0,0,0,0,0,0
Curiosity,1,0,0,1,0,0,1,0,0,0,0,0,0,0,0,0,0,0,0,0,0,0,0,0,0
Current,5,0,5,0,0,0,5,0,0,0,0,0,0,0,0,0,0,0,0,0,0,0,0,0,0
Custom,6,0,6,0,0,0,6,0,0,0,0,0,0,0,0,0,0,0,0,0,0,0,0,0,0
Data,37,1,26,10,0,1,15,8,3,2,5,0,1,1,0,0,1,0,0,0,0,0,0,0,0
Declared,1,0,1,0,0,0,1,0,0,0,0,0,0,0,0,0,0,0,0,0,0,0,0,0,0
decode,51,2,30,19,2,2,1,1,8,16,8,10,5,0,0,0,0,0,0,0,0,0,0,0,0
Decoder,10,0,5,5,0,0,10,0,0,0,0,0,0,0,0,0,0,0,0,0,0,0,0,0,0
Decoding,8,0,5,3,0,0,1,5,2,0,0,0,0,0,0,0,0,0,0,0,0,0,0,0,0
decompress,1,1,0,0,0,1,0,0,0,0,0,0,0,0,0,0,0,0,0,0,0,0,0,0,0
decorate,1,1,0,0,0,1,0,0,0,0,0,0,0,0,0,0,0,0,0,0,0,0,0,0,0
deep,2,2,0,0,0,2,0,0,0,0,0,0,0,0,0,0,0,0,0,0,0,0,0,0,0
Default,26,8,18,0,0,8,15,2,1,0,0,0,0,0,0,0,0,0,0,0,0,0,0,0,0
Defaults,1,0,0,1,0,0,1,0,0,0,0,0,0,0,0,0,0,0,0,0,0,0,0,0,0
Delay,5,0,1,4,0,0,1,1,2,0,0,0,0,0,1,0,0,0,0,0,0,0,0,0,0
Delegate,3,0,1,2,0,0,1,1,0,0,0,1,0,0,0,0,0,0,0,0,0,0,0,0,0
delete,21,9,10,2,0,9,6,1,4,0,1,0,0,0,0,0,0,0,0,0,0,0,0,0,0
Delta,39,0,18,21,0,0,11,18,7,2,0,1,0,0,0,0,0,0,0,0,0,0,0,0,0
Deltas,3,0,1,2,0,0,0,3,0,0,0,0,0,0,0,0,0,0,0,0,0,0,0,0,0
Demand,7,0,7,0,0,0,1,6,0,0,0,0,0,0,0,0,0,0,0,0,0,0,0,0,0
Dep,2,0,2,0,0,0,0,2,0,0,0,0,0,0,0,0,0,0,0,0,0,0,0,0,0
Deployment,3,0,3,0,0,0,3,0,0,0,0,0,0,0,0,0,0,0,0,0,0,0,0,0,0
Description,1,0,0,1,0,0,1,0,0,0,0,0,0,0,0,0,0,0,0,0,0,0,0,0,0
Deser,7,0,0,7,0,0,0,0,1,2,4,0,0,0,0,0,0,0,0,0,0,0,0,0,0
Deserialization,3,0,3,0,0,0,0,0,0,0,0,0,0,0,3,0,0,0,0,0,0,0,0,0,0
deserialize,4,4,0,0,4,4,0,0,0,0,0,0,0,0,0,0,0,0,0,0,0,0,0,0,0
Deserializer,6,1,0,5,0,1,2,2,1,0,0,0,0,0,0,0,0,0,0,0,0,0,0,0,0
destroy,3,3,0,0,0,3,0,0,0,0,0,0,0,0,0,0,0,0,0,0,0,0,0,0,0
Destroyed,3,0,0,3,0,0,2,0,0,0,0,0,1,0,0,0,0,0,0,0,0,0,0,0,0
Detect,1,0,1,0,0,0,1,0,0,0,0,0,0,0,0,0,0,0,0,0,0,0,0,0,0
DI,4,0,0,4,0,0,4,0,0,0,0,0,0,0,0,0,0,0,0,0,0,0,0,0,0
Diff,2,0,0,2,0,0,0,0,2,0,0,0,0,0,0,0,0,0,0,0,0,0,0,0,0
Difference,2,0,0,2,0,0,0,0,2,0,0,0,0,0,0,0,0,0,0,0,0,0,0,0,0
Different,1,0,1,0,0,0,0,0,0,0,0,0,1,0,0,0,0,0,0,0,0,0,0,0,0
Differential,1,0,0,1,0,0,0,1,0,0,0,0,0,0,0,0,0,0,0,0,0,0,0,0,0
Differs,2,0,0,2,0,0,0,0,0,2,0,0,0,0,0,0,0,0,0,0,0,0,0,0,0
Dir,1,0,1,0,0,0,1,0,0,0,0,0,0,0,0,0,0,0,0,0,0,0,0,0,0
Dirty,11,0,7,4,0,0,3,7,1,0,0,0,0,0,0,0,0,0,0,0,0,0,0,0,0
Disable,6,1,5,0,0,1,5,0,0,0,0,0,0,0,0,0,0,0,0,0,0,0,0,0,0
Disabled,2,0,0,2,0,0,0,1,0,0,0,1,0,0,0,0,0,0,0,0,0,0,0,0,0
Discovery,19,5,14,0,0,5,9,3,2,0,0,0,0,0,0,0,0,0,0,0,0,0,0,0,0
dispatch,1,1,0,0,1,1,0,0,0,0,0,0,0,0,0,0,0,0,0,0,0,0,0,0,0
Dispatched,1,0,1,0,0,0,0,0,1,0,0,0,0,0,0,0,0,0,0,0,0,0,0,0,0
Dispatcher,4,0,0,4,0,0,0,1,2,1,0,0,0,0,0,0,0,0,0,0,0,0,0,0,0
Distributed,1,0,1,0,0,0,0,0,1,0,0,0,0,0,0,0,0,0,0,0,0,0,0,0,0
DNS,13,3,5,5,0,3,1,2,2,3,0,2,0,0,0,0,0,0,0,0,0,0,0,0,0
do,19,17,2,0,0,17,1,0,1,0,0,0,0,0,0,0,0,0,0,0,0,0,0,0,0
Does,2,0,2,0,0,0,0,1,0,0,1,0,0,0,0,0,0,0,0,0,0,0,0,0,0
Dollar,2,0,2,0,0,0,2,0,0,0,0,0,0,0,0,0,0,0,0,0,0,0,0,0,0
Domain,3,0,1,2,0,0,1,2,0,0,0,0,0,0,0,0,0,0,0,0,0,0,0,0,0
Domains,2,0,0,2,0,0,1,1,0,0,0,0,0,0,0,0,0,0,0,0,0,0,0,0,0
Double,1,0,0,1,0,0,1,0,0,0,0,0,0,0,0,0,0,0,0,0,0,0,0,0,0
Down,32,0,4,28,0,0,31,0,0,1,0,0,0,0,0,0,0,0,0,0,0,0,0,0,0
download,1,1,0,0,0,1,0,0,0,0,0,0,0,0,0,0,0,0,0,0,0,0,0,0,0
drain,3,3,0,0,0,3,0,0,0,0,0,0,0,0,0,0,0,0,0,0,0,0,0,0,0
Due,1,0,1,0,0,0,0,0,0,0,0,1,0,0,0,0,0,0,0,0,0,0,0,0,0
Duration,7,0,5,2,0,0,2,1,4,0,0,0,0,0,0,0,0,0,0,0,0,0,0,0,0
During,3,0,3,0,0,0,0,0,0,0,0,0,0,3,0,0,0,0,0,0,0,0,0,0,0
Dynamic,2,1,1,0,0,1,1,0,0,0,0,0,0,0,0,0,0,0,0,0,0,0,0,0,0
EC2,11,1,6,4,0,1,6,3,1,0,0,0,0,0,0,0,0,0,0,0,0,0,0,0,0
EI,4,0,4,0,0,0,3,1,0,0,0,0,0,0,0,0,0,0,0,0,0,0,0,0,0
EIP,8,1,5,2,0,1,7,0,0,0,0,0,0,0,0,0,0,0,0,0,0,0,0,0,0
Elastic,1,1,0,0,0,1,0,0,0,0,0,0,0,0,0,0,0,0,0,0,0,0,0,0,0
Eldest,1,0,1,0,0,0,1,0,0,0,0,0,0,0,0,0,0,0,0,0,0,0,0,0,0
Element,4,0,3,1,0,0,2,2,0,0,0,0,0,0,0,0,0,0,0,0,0,0,0,0,0
Elements,3,0,2,1,0,0,0,3,0,0,0,0,0,0,0,0,0,0,0,0,0,0,0,0,0
Elementsin,1,0,1,0,0,0,0,1,0,0,0,0,0,0,0,0,0,0,0,0,0,0,0,0,0
Elementsininstance,1,0,1,0,0,0,0,1,0,0,0,0,0,0,0,0,0,0,0,0,0,0,0,0,0
Eligible,4,0,0,4,0,0,0,4,0,0,0,0,0,0,0,0,0,0,0,0,0,0,0,0,0
Empty,4,0,1,3,0,0,0,0,1,0,0,1,2,0,0,0,0,0,0,0,0,0,0,0,0
enable,3,1,2,0,0,1,2,0,0,0,0,0,0,0,0,0,0,0,0,0,0,0,0,0,0
Enabled,23,0,7,16,0,0,2,9,7,5,0,0,0,0,0,0,0,0,0,0,0,0,0,0,0
Enabledin,1,0,1,0,0,0,0,1,0,0,0,0,0,0,0,0,0,0,0,0,0,0,0,0,0
encode,48,1,47,0,1,1,0,8,18,14,4,3,0,0,0,0,0,0,0,0,0,0,0,0,0
Encoder,10,0,5,5,0,0,10,0,0,0,0,0,0,0,0,0,0,0,0,0,0,0,0,0,0
Encoding,16,0,9,7,0,0,5,2,6,3,0,0,0,0,0,0,0,0,0,0,0,0,0,0,0
Endpoint,4,0,1,3,0,0,2,1,1,0,0,0,0,0,0,0,0,0,0,0,0,0,0,0,0
Endpoints,16,0,4,12,0,0,2,14,0,0,0,0,0,0,0,0,0,0,0,0,0,0,0,0,0
Enforce,4,0,4,0,0,0,4,0,0,0,0,0,0,0,0,0,0,0,0,0,0,0,0,0,0
Enforceable,1,0,0,1,0,0,0,0,0,1,0,0,0,0,0,0,0,0,0,0,0,0,0,0,0
Enforced,1,0,1,0,0,0,0,0,1,0,0,0,0,0,0,0,0,0,0,0,0,0,0,0,0
Enforcing,1,0,1,0,0,0,1,0,0,0,0,0,0,0,0,0,0,0,0,0,0,0,0,0,0
Enough,1,0,1,0,0,0,1,0,0,0,0,0,0,0,0,0,0,0,0,0,0,0,0,0,0
Entity,10,1,2,7,1,1,3,4,0,1,0,0,0,0,0,1,0,0,0,0,0,0,0,0,0
Entries,1,0,0,1,0,0,0,0,0,0,0,0,1,0,0,0,0,0,0,0,0,0,0,0,0
Entry,11,0,5,6,0,0,4,5,2,0,0,0,0,0,0,0,0,0,0,0,0,0,0,0,0
Enum,6,2,0,4,0,2,4,0,0,0,0,0,0,0,0,0,0,0,0,0,0,0,0,0,0
Environment,2,0,1,1,0,0,0,2,0,0,0,0,0,0,0,0,0,0,0,0,0,0,0,0,0
equal,5,2,0,3,1,2,2,0,0,0,0,1,0,0,0,0,0,0,0,0,0,0,0,0,0
equals,19,19,0,0,19,19,0,0,0,0,0,0,0,0,0,0,0,0,0,0,0,0,0,0,0
Error,20,0,10,10,0,0,5,3,3,0,2,4,1,1,1,0,0,0,0,0,0,0,0,0,0
Errors,4,0,0,4,0,0,0,2,0,2,0,0,0,0,0,0,0,0,0,0,0,0,0,0,0
Escape,2,0,2,0,0,0,2,0,0,0,0,0,0,0,0,0,0,0,0,0,0,0,0,0,0
Eureka,130,22,94,14,0,22,75,20,3,8,2,0,0,0,0,0,0,0,0,0,0,0,0,0,0
Evaluator,2,0,0,2,0,0,1,1,0,0,0,0,0,0,0,0,0,0,0,0,0,0,0,0,0
Even,1,0,1,0,0,0,1,0,0,0,0,0,0,0,0,0,0,0,0,0,0,0,0,0,0
Event,14,0,6,8,0,0,10,1,3,0,0,0,0,0,0,0,0,0,0,0,0,0,0,0,0
evict,1,1,0,0,1,1,0,0,0,0,0,0,0,0,0,0,0,0,0,0,0,0,0,0,0
Eviction,5,0,5,0,0,0,5,0,0,0,0,0,0,0,0,0,0,0,0,0,0,0,0,0,0
Example,1,1,0,0,0,1,0,0,0,0,0,0,0,0,0,0,0,0,0,0,0,0,0,0,0
Exception,3,0,0,3,0,0,1,1,1,0,0,0,0,0,0,0,0,0,0,0,0,0,0,0,0
Exceptions,1,1,0,0,0,1,0,0,0,0,0,0,0,0,0,0,0,0,0,0,0,0,0,0,0
execute,12,12,0,0,8,12,0,0,0,0,0,0,0,0,0,0,0,0,0,0,0,0,0,0,0
Execution,2,0,0,2,0,0,0,0,0,2,0,0,0,0,0,0,0,0,0,0,0,0,0,0,0
Executor,13,0,12,1,0,0,3,6,4,0,0,0,0,0,0,0,0,0,0,0,0,0,0,0,0
Executors,3,0,0,3,0,0,2,1,0,0,0,0,0,0,0,0,0,0,0,0,0,0,0,0,0
Exist,3,0,0,3,0,0,0,0,1,1,0,0,1,0,0,0,0,0,0,0,0,0,0,0,0
Existing,2,0,2,0,0,0,0,0,0,2,0,0,0,0,0,0,0,0,0,0,0,0,0,0,0
Exists,2,0,1,1,0,0,1,0,0,0,1,0,0,0,0,0,0,0,0,0,0,0,0,0,0
expect,7,7,0,0,0,7,0,0,0,0,0,0,0,0,0,0,0,0,0,0,0,0,0,0,0
Expectation,1,0,0,1,0,0,0,0,0,1,0,0,0,0,0,0,0,0,0,0,0,0,0,0,0
Experimental,7,1,1,5,0,1,5,1,0,0,0,0,0,0,0,0,0,0,0,0,0,0,0,0,0
Expiration,7,0,7,0,0,0,0,6,0,1,0,0,0,0,0,0,0,0,0,0,0,0,0,0,0
Expired,1,0,0,1,0,0,1,0,0,0,0,0,0,0,0,0,0,0,0,0,0,0,0,0,0
Expiry,4,0,4,0,0,0,3,0,1,0,0,0,0,0,0,0,0,0,0,0,0,0,0,0,0
Explicitly,1,0,1,0,0,0,0,0,0,0,1,0,0,0,0,0,0,0,0,0,0,0,0,0,0
Exponential,4,0,4,0,0,0,0,0,2,2,0,0,0,0,0,0,0,0,0,0,0,0,0,0,0
Extra,5,0,5,0,0,0,5,0,0,0,0,0,0,0,0,0,0,0,0,0,0,0,0,0,0
extract,5,3,2,0,0,3,2,0,0,0,0,0,0,0,0,0,0,0,0,0,0,0,0,0,0
Factories,3,0,0,3,0,0,0,0,3,0,0,0,0,0,0,0,0,0,0,0,0,0,0,0,0
Factory,17,0,1,16,0,0,4,4,5,3,1,0,0,0,0,0,0,0,0,0,0,0,0,0,0
Fail,4,1,2,1,0,1,2,0,0,0,0,1,0,0,0,0,0,0,0,0,0,0,0,0,0
Failure,12,0,7,5,0,0,4,1,1,3,3,0,0,0,0,0,0,0,0,0,0,0,0,0,0
Failures,2,0,0,2,0,0,0,1,0,1,0,0,0,0,0,0,0,0,0,0,0,0,0,0,0
Fallback,5,0,5,0,0,0,4,1,0,0,0,0,0,0,0,0,0,0,0,0,0,0,0,0,0
Falls,1,0,1,0,0,0,0,1,0,0,0,0,0,0,0,0,0,0,0,0,0,0,0,0,0
Fast,4,0,4,0,0,0,1,2,0,0,1,0,0,0,0,0,0,0,0,0,0,0,0,0,0
Feature,1,0,0,1,0,0,1,0,0,0,0,0,0,0,0,0,0,0,0,0,0,0,0,0,0
Fetch,26,9,14,3,0,9,4,6,2,5,0,0,0,0,0,0,0,0,0,0,0,0,0,0,0
Fetching,3,0,3,0,0,0,1,0,0,2,0,0,0,0,0,0,0,0,0,0,0,0,0,0,0
Field,5,0,1,4,0,0,3,2,0,0,0,0,0,0,0,0,0,0,0,0,0,0,0,0,0
Fields,6,0,3,3,0,0,3,0,0,3,0,0,0,0,0,0,0,0,0,0,0,0,0,0,0
File,3,0,0,3,0,0,0,0,3,0,0,0,0,0,0,0,0,0,0,0,0,0,0,0,0
Filter,19,5,4,10,4,5,7,1,3,2,1,0,0,0,0,0,0,0,0,0,0,0,0,0,0
Filtered,3,0,3,0,0,0,0,0,0,0,0,3,0,0,0,0,0,0,0,0,0,0,0,0,0
Filtering,1,0,0,1,0,0,0,1,0,0,0,0,0,0,0,0,0,0,0,0,0,0,0,0,0
Filters,5,0,0,5,0,0,1,3,1,0,0,0,0,0,0,0,0,0,0,0,0,0,0,0,0
find,3,3,0,0,1,3,0,0,0,0,0,0,0,0,0,0,0,0,0,0,0,0,0,0,0
fire,1,1,0,0,0,1,0,0,0,0,0,0,0,0,0,0,0,0,0,0,0,0,0,0,0
First,10,3,4,3,2,3,2,0,0,3,1,0,1,0,0,0,0,0,0,0,0,0,0,0,0
Followed,1,0,1,0,0,0,0,0,1,0,0,0,0,0,0,0,0,0,0,0,0,0,0,0,0
Following,1,0,1,0,0,0,0,0,0,0,1,0,0,0,0,0,0,0,0,0,0,0,0,0,0
Follows,1,0,1,0,0,0,0,0,1,0,0,0,0,0,0,0,0,0,0,0,0,0,0,0,0
For,43,0,43,0,0,0,7,10,17,5,1,0,2,0,0,1,0,0,0,0,0,0,0,0,0
fork,1,1,0,0,1,1,0,0,0,0,0,0,0,0,0,0,0,0,0,0,0,0,0,0,0
format,4,3,0,1,0,3,0,0,0,0,0,1,0,0,0,0,0,0,0,0,0,0,0,0,0
Formatter,2,0,0,2,0,0,1,1,0,0,0,0,0,0,0,0,0,0,0,0,0,0,0,0,0
Found,2,0,2,0,0,0,0,0,0,0,1,1,0,0,0,0,0,0,0,0,0,0,0,0,0
free,3,1,2,0,0,1,2,0,0,0,0,0,0,0,0,0,0,0,0,0,0,0,0,0,0
from,51,3,47,1,1,3,5,7,22,8,6,0,0,0,0,0,0,0,0,0,0,0,0,0,0
Full,19,0,18,1,0,0,14,0,4,0,0,0,0,0,1,0,0,0,0,0,0,0,0,0,0
G,3,0,3,0,0,0,3,0,0,0,0,0,0,0,0,0,0,0,0,0,0,0,0,0,0
Garbage,1,0,1,0,0,0,0,0,0,1,0,0,0,0,0,0,0,0,0,0,0,0,0,0,0
gc,1,1,0,0,1,1,0,0,0,0,0,0,0,0,0,0,0,0,0,0,0,0,0,0,0
General,1,0,1,0,0,0,1,0,0,0,0,0,0,0,0,0,0,0,0,0,0,0,0,0,0
generate,2,2,0,0,0,2,0,0,0,0,0,0,0,0,0,0,0,0,0,0,0,0,0,0,0
Generator,2,0,1,1,0,0,0,2,0,0,0,0,0,0,0,0,0,0,0,0,0,0,0,0,0
get,763,723,31,9,13,723,27,3,10,0,0,0,0,0,0,0,0,0,0,0,0,0,0,0,0
Global,1,0,1,0,0,0,0,1,0,0,0,0,0,0,0,0,0,0,0,0,0,0,0,0,0
Good,1,0,1,0,0,0,1,0,0,0,0,0,0,0,0,0,0,0,0,0,0,0,0,0,0
Group,9,0,8,1,0,0,0,7,2,0,0,0,0,0,0,0,0,0,0,0,0,0,0,0,0
Groups,1,0,1,0,0,0,0,0,0,1,0,0,0,0,0,0,0,0,0,0,0,0,0,0,0
Guice,2,0,2,0,0,0,0,0,0,2,0,0,0,0,0,0,0,0,0,0,0,0,0,0,0
GZIP,7,1,5,1,0,1,3,1,0,2,0,0,0,0,0,0,0,0,0,0,0,0,0,0,0
Gzipped,3,0,2,1,0,0,3,0,0,0,0,0,0,0,0,0,0,0,0,0,0,0,0,0,0
handle,25,24,0,1,6,24,0,0,1,0,0,0,0,0,0,0,0,0,0,0,0,0,0,0,0
Handled,3,1,2,0,0,1,1,0,0,1,0,0,0,0,0,0,0,0,0,0,0,0,0,0,0
Handler,9,0,4,5,0,0,1,1,6,1,0,0,0,0,0,0,0,0,0,0,0,0,0,0,0
Handling,7,0,0,7,0,0,0,0,0,0,3,3,1,0,0,0,0,0,0,0,0,0,0,0,0
Happy,5,0,5,0,0,0,3,0,0,0,0,0,2,0,0,0,0,0,0,0,0,0,0,0,0
has,9,9,0,0,0,9,0,0,0,0,0,0,0,0,0,0,0,0,0,0,0,0,0,0,0
hash,31,18,11,2,0,18,2,9,1,1,0,0,0,0,0,0,0,0,0,0,0,0,0,0,0
Hashcode,1,0,0,1,0,0,0,1,0,0,0,0,0,0,0,0,0,0,0,0,0,0,0,0,0
Header,8,0,6,2,0,0,3,2,1,0,0,2,0,0,0,0,0,0,0,0,0,0,0,0,0
Headers,11,3,0,8,1,3,3,4,1,0,0,0,0,0,0,0,0,0,0,0,0,0,0,0,0
Health,28,1,26,1,0,1,23,3,0,0,1,0,0,0,0,0,0,0,0,0,0,0,0,0,0
Healthy,3,0,0,3,0,0,2,0,0,1,0,0,0,0,0,0,0,0,0,0,0,0,0,0,0
Heart,6,0,6,0,0,0,6,0,0,0,0,0,0,0,0,0,0,0,0,0,0,0,0,0,0
Heartbeat,20,1,14,5,1,1,15,1,2,1,0,0,0,0,0,0,0,0,0,0,0,0,0,0,0
Hit,1,0,0,1,0,0,1,0,0,0,0,0,0,0,0,0,0,0,0,0,0,0,0,0,0
Holder,8,0,0,8,0,0,2,3,3,0,0,0,0,0,0,0,0,0,0,0,0,0,0,0,0
Home,7,0,7,0,0,0,7,0,0,0,0,0,0,0,0,0,0,0,0,0,0,0,0,0,0
Host,32,1,22,9,0,1,10,6,5,5,1,4,0,0,0,0,0,0,0,0,0,0,0,0,0
Hosted,3,0,3,0,0,0,1,0,0,1,1,0,0,0,0,0,0,0,0,0,0,0,0,0,0
Hostname,8,0,6,2,0,0,4,4,0,0,0,0,0,0,0,0,0,0,0,0,0,0,0,0,0
Http,27,1,26,0,0,1,8,12,6,0,0,0,0,0,0,0,0,0,0,0,0,0,0,0,0
I,3,0,3,0,0,0,2,1,0,0,0,0,0,0,0,0,0,0,0,0,0,0,0,0,0
Id,42,2,4,36,0,2,11,14,9,1,4,0,0,1,0,0,0,0,0,0,0,0,0,0,0
identical,3,1,1,1,1,1,2,0,0,0,0,0,0,0,0,0,0,0,0,0,0,0,0,0,0
Identity,8,1,4,3,1,1,2,5,0,0,0,0,0,0,0,0,0,0,0,0,0,0,0,0,0
Idle,10,0,9,1,0,0,1,5,2,2,0,0,0,0,0,0,0,0,0,0,0,0,0,0,0
If,15,0,15,0,0,0,0,2,2,1,7,1,0,1,1,0,0,0,0,0,0,0,0,0,0
Ignored,4,0,3,1,0,0,0,0,3,1,0,0,0,0,0,0,0,0,0,0,0,0,0,0,0
Impl,6,0,0,6,0,0,0,1,4,1,0,0,0,0,0,0,0,0,0,0,0,0,0,0,0
In,34,0,34,0,0,0,3,4,7,15,4,0,1,0,0,0,0,0,0,0,0,0,0,0,0
include,1,1,0,0,1,1,0,0,0,0,0,0,0,0,0,0,0,0,0,0,0,0,0,0,0
Incomplete,1,0,1,0,0,0,0,0,0,0,0,0,0,0,0,0,1,0,0,0,0,0,0,0,0
increment,3,3,0,0,2,3,0,0,0,0,0,0,0,0,0,0,0,0,0,0,0,0,0,0,0
Index,4,0,1,3,0,0,0,2,2,0,0,0,0,0,0,0,0,0,0,0,0,0,0,0,0
Info,140,0,92,48,0,0,16,91,20,6,0,3,2,0,1,0,0,0,1,0,0,0,0,0,0
Infos,1,0,0,1,0,0,0,0,1,0,0,0,0,0,0,0,0,0,0,0,0,0,0,0,0
init,26,19,2,5,9,19,1,0,1,5,0,0,0,0,0,0,0,0,0,0,0,0,0,0,0
Initial,5,0,5,0,0,0,4,0,0,0,0,0,0,1,0,0,0,0,0,0,0,0,0,0,0
initialize,10,10,0,0,2,10,0,0,0,0,0,0,0,0,0,0,0,0,0,0,0,0,0,0,0
Initialized,4,1,0,3,0,1,3,0,0,0,0,0,0,0,0,0,0,0,0,0,0,0,0,0,0
inject,1,1,0,0,0,1,0,0,0,0,0,0,0,0,0,0,0,0,0,0,0,0,0,0,0
Injection,2,0,0,2,0,0,0,0,2,0,0,0,0,0,0,0,0,0,0,0,0,0,0,0,0
Injector,3,0,0,3,0,0,3,0,0,0,0,0,0,0,0,0,0,0,0,0,0,0,0,0,0
Input,2,0,2,0,0,0,2,0,0,0,0,0,0,0,0,0,0,0,0,0,0,0,0,0,0
Instance,186,14,140,32,0,14,109,39,14,2,3,1,2,0,1,1,0,0,0,0,0,0,0,0,0
Instances,27,1,11,15,0,1,16,2,4,4,0,0,0,0,0,0,0,0,0,0,0,0,0,0,0
Int,1,0,0,1,0,0,1,0,0,0,0,0,0,0,0,0,0,0,0,0,0,0,0,0,0
Integer,1,0,0,1,0,0,1,0,0,0,0,0,0,0,0,0,0,0,0,0,0,0,0,0,0
Interface,1,0,1,0,0,0,0,1,0,0,0,0,0,0,0,0,0,0,0,0,0,0,0,0,0
intern,1,1,0,0,1,1,0,0,0,0,0,0,0,0,0,0,0,0,0,0,0,0,0,0,0
Internal,8,2,0,6,0,2,0,4,0,0,0,1,1,0,0,0,0,0,0,0,0,0,0,0,0
Interval,36,0,34,2,0,0,0,4,10,13,7,2,0,0,0,0,0,0,0,0,0,0,0,0,0
Intervals,1,0,0,1,0,0,1,0,0,0,0,0,0,0,0,0,0,0,0,0,0,0,0,0,0
Invalid,2,0,2,0,0,0,0,2,0,0,0,0,0,0,0,0,0,0,0,0,0,0,0,0,0
invalidate,5,2,2,1,1,2,3,0,0,0,0,0,0,0,0,0,0,0,0,0,0,0,0,0,0
Invoked,1,0,0,1,0,0,1,0,0,0,0,0,0,0,0,0,0,0,0,0,0,0,0,0,0
Ip,12,0,5,7,0,0,6,3,3,0,0,0,0,0,0,0,0,0,0,0,0,0,0,0,0
Ips,1,0,0,1,0,0,0,1,0,0,0,0,0,0,0,0,0,0,0,0,0,0,0,0,0
Ipv4,1,0,0,1,0,0,0,0,0,0,0,0,0,1,0,0,0,0,0,0,0,0,0,0,0
is,92,66,26,0,0,66,6,3,8,3,0,2,1,2,0,0,1,0,0,0,0,0,0,0,0
Item,8,0,5,3,0,0,1,6,0,0,0,0,0,1,0,0,0,0,0,0,0,0,0,0,0
Items,1,0,0,1,0,0,0,1,0,0,0,0,0,0,0,0,0,0,0,0,0,0,0,0,0
Iterator,1,0,0,1,0,0,1,0,0,0,0,0,0,0,0,0,0,0,0,0,0,0,0,0,0
Jackson,21,0,18,3,0,0,4,6,3,0,2,2,3,1,0,0,0,0,0,0,0,0,0,0,0
Jar,1,0,1,0,0,0,1,0,0,0,0,0,0,0,0,0,0,0,0,0,0,0,0,0,0
Javax,2,0,2,0,0,0,0,0,0,2,0,0,0,0,0,0,0,0,0,0,0,0,0,0,0
Jersey,10,4,6,0,0,4,4,1,1,0,0,0,0,0,0,0,0,0,0,0,0,0,0,0,0
Jersey2,9,7,2,0,0,7,2,0,0,0,0,0,0,0,0,0,0,0,0,0,0,0,0,0,0
Job,3,0,3,0,0,0,0,1,0,0,0,2,0,0,0,0,0,0,0,0,0,0,0,0,0
join,1,1,0,0,1,1,0,0,0,0,0,0,0,0,0,0,0,0,0,0,0,0,0,0,0
Json,30,1,13,16,0,1,7,9,0,1,4,3,2,1,1,0,0,1,0,0,0,0,0,0,0
Key,11,2,1,8,1,2,4,2,2,1,0,0,0,0,0,0,0,0,0,0,0,0,0,0,0
Keys,2,0,0,2,0,0,1,1,0,0,0,0,0,0,0,0,0,0,0,0,0,0,0,0,0
Known,2,0,2,0,0,0,0,1,1,0,0,0,0,0,0,0,0,0,0,0,0,0,0,0,0
Last,23,0,22,1,0,0,17,0,0,1,3,1,0,0,0,1,0,0,0,0,0,0,0,0,0
Layered,1,0,1,0,0,0,1,0,0,0,0,0,0,0,0,0,0,0,0,0,0,0,0,0,0
Lease,26,3,21,2,1,3,21,0,0,0,2,0,0,0,0,0,0,0,0,0,0,0,0,0,0
Leave,1,0,1,0,0,0,0,0,1,0,0,0,0,0,0,0,0,0,0,0,0,0,0,0,0
Legacy,7,3,2,2,0,3,1,0,1,0,2,0,0,0,0,0,0,0,0,0,0,0,0,0,0
length,1,1,0,0,1,1,0,0,0,0,0,0,0,0,0,0,0,0,0,0,0,0,0,0,0
Level,1,0,1,0,0,0,0,0,1,0,0,0,0,0,0,0,0,0,0,0,0,0,0,0,0
Levels,1,0,1,0,0,0,1,0,0,0,0,0,0,0,0,0,0,0,0,0,0,0,0,0,0
Lifecycle,3,0,2,1,0,0,0,1,2,0,0,0,0,0,0,0,0,0,0,0,0,0,0,0,0
Limit,1,0,1,0,0,0,0,0,0,0,0,0,1,0,0,0,0,0,0,0,0,0,0,0,0
Limited,1,0,0,1,0,0,0,1,0,0,0,0,0,0,0,0,0,0,0,0,0,0,0,0,0
Limiter,7,0,6,1,0,0,1,6,0,0,0,0,0,0,0,0,0,0,0,0,0,0,0,0,0
Limiting,1,0,0,1,0,0,0,0,0,0,1,0,0,0,0,0,0,0,0,0,0,0,0,0,0
List,17,0,7,10,0,0,3,8,3,0,2,0,1,0,0,0,0,0,0,0,0,0,0,0,0
Listener,4,0,0,4,0,0,0,2,2,0,0,0,0,0,0,0,0,0,0,0,0,0,0,0,0
Listeners,3,0,0,3,0,0,0,2,1,0,0,0,0,0,0,0,0,0,0,0,0,0,0,0,0
Lists,1,0,1,0,0,0,0,1,0,0,0,0,0,0,0,0,0,0,0,0,0,0,0,0,0
Load,15,5,6,4,2,5,1,5,2,0,2,0,0,0,0,0,0,0,0,0,0,0,0,0,0
Loaded,1,0,0,1,0,0,0,0,0,0,0,1,0,0,0,0,0,0,0,0,0,0,0,0,0
local,29,1,28,0,0,1,22,0,1,2,1,1,1,0,0,0,0,0,0,0,0,0,0,0,0
Locally,1,0,0,1,0,0,0,1,0,0,0,0,0,0,0,0,0,0,0,0,0,0,0,0,0
Located,1,0,1,0,0,0,0,0,0,1,0,0,0,0,0,0,0,0,0,0,0,0,0,0,0
Location,1,0,0,1,0,0,1,0,0,0,0,0,0,0,0,0,0,0,0,0,0,0,0,0,0
Log,12,4,7,1,0,4,5,3,0,0,0,0,0,0,0,0,0,0,0,0,0,0,0,0,0
Long,1,0,0,1,0,0,1,0,0,0,0,0,0,0,0,0,0,0,0,0,0,0,0,0,0
Lookup,3,0,1,2,0,0,3,0,0,0,0,0,0,0,0,0,0,0,0,0,0,0,0,0,0
lowest,1,1,0,0,0,1,0,0,0,0,0,0,0,0,0,0,0,0,0,0,0,0,0,0,0
main,6,6,0,0,6,6,0,0,0,0,0,0,0,0,0,0,0,0,0,0,0,0,0,0,0
make,3,3,0,0,0,3,0,0,0,0,0,0,0,0,0,0,0,0,0,0,0,0,0,0,0
Manager,11,0,0,11,0,0,1,4,6,0,0,0,0,0,0,0,0,0,0,0,0,0,0,0,0
Manifest,3,0,2,1,0,0,2,1,0,0,0,0,0,0,0,0,0,0,0,0,0,0,0,0,0
Map,18,3,4,11,1,3,1,7,3,1,2,0,0,0,1,0,0,0,0,0,0,0,0,0,0
mapped,4,1,3,0,0,1,0,3,0,0,0,0,0,0,0,0,0,0,0,0,0,0,0,0,0
Mapper,12,0,0,12,0,0,1,3,2,3,3,0,0,0,0,0,0,0,0,0,0,0,0,0,0
Mapping,1,0,0,1,0,0,1,0,0,0,0,0,0,0,0,0,0,0,0,0,0,0,0,0,0
Maps,1,0,0,1,0,0,0,0,0,1,0,0,0,0,0,0,0,0,0,0,0,0,0,0,0
Marshal,3,1,2,0,1,1,2,0,0,0,0,0,0,0,0,0,0,0,0,0,0,0,0,0,0
Match,1,0,1,0,0,0,1,0,0,0,0,0,0,0,0,0,0,0,0,0,0,0,0,0,0
matches,1,1,0,0,1,1,0,0,0,0,0,0,0,0,0,0,0,0,0,0,0,0,0,0,0
matching,1,1,0,0,0,1,0,0,0,0,0,0,0,0,0,0,0,0,0,0,0,0,0,0,0
Max,14,0,14,0,0,0,13,0,0,0,0,0,1,0,0,0,0,0,0,0,0,0,0,0,0
Maximize,1,0,1,0,0,0,0,0,0,0,1,0,0,0,0,0,0,0,0,0,0,0,0,0,0
maybe,1,1,0,0,0,1,0,0,0,0,0,0,0,0,0,0,0,0,0,0,0,0,0,0,0
Me,1,0,0,1,0,0,0,1,0,0,0,0,0,0,0,0,0,0,0,0,0,0,0,0,0
Measured,1,1,0,0,0,1,0,0,0,0,0,0,0,0,0,0,0,0,0,0,0,0,0,0,0
Media,1,0,1,0,0,0,0,1,0,0,0,0,0,0,0,0,0,0,0,0,0,0,0,0,0
Merge,5,4,0,1,2,4,0,1,0,0,0,0,0,0,0,0,0,0,0,0,0,0,0,0,0
Meta,12,1,9,2,0,1,3,0,0,4,3,0,1,0,0,0,0,0,0,0,0,0,0,0,0
Metadata,17,0,8,9,0,0,11,3,2,0,0,0,0,1,0,0,0,0,0,0,0,0,0,0,0
Method,1,0,0,1,0,0,0,1,0,0,0,0,0,0,0,0,0,0,0,0,0,0,0,0,0
Metric,3,0,0,3,0,0,1,1,0,1,0,0,0,0,0,0,0,0,0,0,0,0,0,0,0
Metrics,5,1,0,4,0,1,2,1,0,1,0,0,0,0,0,0,0,0,0,0,0,0,0,0,0
Min,7,0,5,2,0,0,3,0,1,0,1,2,0,0,0,0,0,0,0,0,0,0,0,0,0
Mini,9,0,8,1,0,0,5,0,1,0,3,0,0,0,0,0,0,0,0,0,0,0,0,0,0
Minutes,2,0,2,0,0,0,0,0,0,0,1,1,0,0,0,0,0,0,0,0,0,0,0,0,0
Missed,1,0,1,0,0,0,1,0,0,0,0,0,0,0,0,0,0,0,0,0,0,0,0,0,0
Mock,7,2,4,1,0,2,4,1,0,0,0,0,0,0,0,0,0,0,0,0,0,0,0,0,0
Mode,1,0,1,0,0,0,0,0,1,0,0,0,0,0,0,0,0,0,0,0,0,0,0,0,0
Modifier,2,0,0,2,0,0,0,0,2,0,0,0,0,0,0,0,0,0,0,0,0,0,0,0,0
modify,2,2,0,0,0,2,0,0,0,0,0,0,0,0,0,0,0,0,0,0,0,0,0,0,0
Module,1,0,0,1,0,0,1,0,0,0,0,0,0,0,0,0,0,0,0,0,0,0,0,0,0
Monitor,1,0,1,0,0,0,0,1,0,0,0,0,0,0,0,0,0,0,0,0,0,0,0,0,0
Monitored,1,1,0,0,0,1,0,0,0,0,0,0,0,0,0,0,0,0,0,0,0,0,0,0,0
Monitors,3,0,0,3,0,0,3,0,0,0,0,0,0,0,0,0,0,0,0,0,0,0,0,0,0
More,2,0,2,0,0,0,1,0,0,0,0,0,1,0,0,0,0,0,0,0,0,0,0,0,0
Ms,24,0,3,21,0,0,0,0,1,4,14,4,1,0,0,0,0,0,0,0,0,0,0,0,0
Multiple,3,0,3,0,0,0,0,0,2,1,0,0,0,0,0,0,0,0,0,0,0,0,0,0,0
My,14,6,8,0,0,6,6,1,0,0,0,0,0,0,1,0,0,0,0,0,0,0,0,0,0
N,2,0,2,0,0,0,0,2,0,0,0,0,0,0,0,0,0,0,0,0,0,0,0,0,0
Name,100,0,10,90,0,0,33,36,18,7,3,2,1,0,0,0,0,0,0,0,0,0,0,0,0
Name1,1,0,1,0,0,0,0,0,0,0,1,0,0,0,0,0,0,0,0,0,0,0,0,0,0
Name2,1,0,1,0,0,0,0,0,0,0,1,0,0,0,0,0,0,0,0,0,0,0,0,0,0
Named,1,1,0,0,0,1,0,0,0,0,0,0,0,0,0,0,0,0,0,0,0,0,0,0,0
Names,4,0,1,3,0,0,1,3,0,0,0,0,0,0,0,0,0,0,0,0,0,0,0,0,0
Namespace,10,0,0,10,0,0,6,0,2,2,0,0,0,0,0,0,0,0,0,0,0,0,0,0,0
Nano,1,0,0,1,0,0,0,0,1,0,0,0,0,0,0,0,0,0,0,0,0,0,0,0,0
Network,10,0,10,0,0,0,7,0,2,1,0,0,0,0,0,0,0,0,0,0,0,0,0,0,0
new,41,36,5,0,0,36,2,2,1,0,0,0,0,0,0,0,0,0,0,0,0,0,0,0,0
Next,17,5,9,3,2,5,10,1,0,1,0,0,0,0,0,0,0,0,0,0,0,0,0,0,0
Ng,1,0,1,0,0,0,0,1,0,0,0,0,0,0,0,0,0,0,0,0,0,0,0,0,0
No,17,1,16,0,0,1,1,0,6,5,0,3,0,1,0,0,0,0,0,0,0,0,0,0,0
Node,11,0,5,6,0,0,0,7,4,0,0,0,0,0,0,0,0,0,0,0,0,0,0,0,0
Nodes,14,0,2,12,0,0,0,4,9,0,1,0,0,0,0,0,0,0,0,0,0,0,0,0,0
Non,13,0,13,0,0,0,13,0,0,0,0,0,0,0,0,0,0,0,0,0,0,0,0,0,0
Not,16,0,16,0,0,0,3,1,2,3,2,2,1,0,0,1,1,0,0,0,0,0,0,0,0
notify,1,1,0,0,1,1,0,0,0,0,0,0,0,0,0,0,0,0,0,0,0,0,0,0,0
Null,3,0,2,1,0,0,2,0,0,0,0,0,0,0,0,0,1,0,0,0,0,0,0,0,0
Num,5,0,5,0,0,0,5,0,0,0,0,0,0,0,0,0,0,0,0,0,0,0,0,0,0
Number,3,0,3,0,0,0,1,1,0,1,0,0,0,0,0,0,0,0,0,0,0,0,0,0,0
Numberof,4,0,4,0,0,0,4,0,0,0,0,0,0,0,0,0,0,0,0,0,0,0,0,0,0
Object,3,0,3,0,0,0,3,0,0,0,0,0,0,0,0,0,0,0,0,0,0,0,0,0,0
Of,19,0,9,10,0,0,4,6,7,0,1,0,1,0,0,0,0,0,0,0,0,0,0,0,0
Off,4,0,4,0,0,0,0,0,0,0,2,2,0,0,0,0,0,0,0,0,0,0,0,0,0
offer,1,1,0,0,1,1,0,0,0,0,0,0,0,0,0,0,0,0,0,0,0,0,0,0,0
Offset,1,0,0,1,0,0,0,1,0,0,0,0,0,0,0,0,0,0,0,0,0,0,0,0,0
Ok,4,0,4,0,0,0,2,2,0,0,0,0,0,0,0,0,0,0,0,0,0,0,0,0,0
Old,1,0,1,0,0,0,0,0,0,1,0,0,0,0,0,0,0,0,0,0,0,0,0,0,0
Oldest,1,0,1,0,0,0,0,0,0,1,0,0,0,0,0,0,0,0,0,0,0,0,0,0,0
On,29,8,21,0,0,8,8,5,3,2,1,1,1,0,0,0,0,0,0,0,0,0,0,0,0
One,2,0,0,2,0,0,1,0,0,0,1,0,0,0,0,0,0,0,0,0,0,0,0,0,0
Onit,3,0,0,3,0,0,0,0,3,0,0,0,0,0,0,0,0,0,0,0,0,0,0,0,0
Only,7,0,4,3,0,0,0,3,1,0,2,1,0,0,0,0,0,0,0,0,0,0,0,0,0
Op,1,0,1,0,0,0,1,0,0,0,0,0,0,0,0,0,0,0,0,0,0,0,0,0,0
open,1,1,0,0,0,1,0,0,0,0,0,0,0,0,0,0,0,0,0,0,0,0,0,0,0
Or,5,0,5,0,0,0,3,2,0,0,0,0,0,0,0,0,0,0,0,0,0,0,0,0,0
Order,6,0,0,6,0,0,0,0,0,6,0,0,0,0,0,0,0,0,0,0,0,0,0,0,0
Original,1,0,1,0,0,0,0,0,0,0,1,0,0,0,0,0,0,0,0,0,0,0,0,0,0
Other,1,0,1,0,0,0,0,0,0,1,0,0,0,0,0,0,0,0,0,0,0,0,0,0,0
Out,10,0,7,3,0,0,0,2,1,0,1,2,3,0,0,1,0,0,0,0,0,0,0,0,0
Overflows,1,0,1,0,0,0,0,0,1,0,0,0,0,0,0,0,0,0,0,0,0,0,0,0,0
Overloaded,1,0,0,1,0,0,1,0,0,0,0,0,0,0,0,0,0,0,0,0,0,0,0,0,0
Overridden,9,1,8,0,0,1,7,0,0,0,0,0,0,1,0,0,0,0,0,0,0,0,0,0,0
Override,28,1,16,11,0,1,1,18,8,0,0,0,0,0,0,0,0,0,0,0,0,0,0,0,0
Overrides,3,0,2,1,0,0,2,0,1,0,0,0,0,0,0,0,0,0,0,0,0,0,0,0,0
Own,1,0,1,0,0,0,0,0,0,0,0,0,0,0,0,1,0,0,0,0,0,0,0,0,0
Page,15,0,15,0,0,0,0,15,0,0,0,0,0,0,0,0,0,0,0,0,0,0,0,0,0
Pair,2,1,0,1,1,1,0,1,0,0,0,0,0,0,0,0,0,0,0,0,0,0,0,0,0
Pairs,1,0,0,1,0,0,0,1,0,0,0,0,0,0,0,0,0,0,0,0,0,0,0,0,0
Param,1,0,0,1,0,0,0,1,0,0,0,0,0,0,0,0,0,0,0,0,0,0,0,0,0
parse,1,1,0,0,0,1,0,0,0,0,0,0,0,0,0,0,0,0,0,0,0,0,0,0,0
Password,3,0,0,3,0,0,0,2,0,0,1,0,0,0,0,0,0,0,0,0,0,0,0,0,0
Path,6,0,0,6,0,0,0,0,0,6,0,0,0,0,0,0,0,0,0,0,0,0,0,0,0
Pay,1,0,1,0,0,0,1,0,0,0,0,0,0,0,0,0,0,0,0,0,0,0,0,0,0
Payload,2,0,0,2,0,0,2,0,0,0,0,0,0,0,0,0,0,0,0,0,0,0,0,0,0
Peer,38,4,33,1,0,4,27,0,1,4,0,1,0,1,0,0,0,0,0,0,0,0,0,0,0
Peers,4,0,0,4,0,0,0,1,0,1,1,0,1,0,0,0,0,0,0,0,0,0,0,0,0
Pending,1,0,1,0,0,0,1,0,0,0,0,0,0,0,0,0,0,0,0,0,0,0,0,0,0
Per,8,0,8,0,0,0,0,0,3,1,4,0,0,0,0,0,0,0,0,0,0,0,0,0,0
Percent,1,0,1,0,0,0,0,1,0,0,0,0,0,0,0,0,0,0,0,0,0,0,0,0,0
Percentage,2,0,0,2,0,0,0,0,0,0,2,0,0,0,0,0,0,0,0,0,0,0,0,0,0
Period,4,0,2,2,0,0,0,0,0,0,2,2,0,0,0,0,0,0,0,0,0,0,0,0,0
Periodic,4,0,4,0,0,0,0,0,2,2,0,0,0,0,0,0,0,0,0,0,0,0,0,0,0
Periodically,1,0,0,1,0,0,0,0,0,1,0,0,0,0,0,0,0,0,0,0,0,0,0,0,0
Permanent,6,1,5,0,0,1,1,0,1,2,1,0,0,0,0,0,0,0,0,0,0,0,0,0,0
Pinned,2,0,2,0,0,0,0,0,0,1,0,0,1,0,0,0,0,0,0,0,0,0,0,0,0
Pins,1,0,1,0,0,0,0,0,0,0,0,1,0,0,0,0,0,0,0,0,0,0,0,0,0
Poll,2,0,2,0,0,0,0,0,0,2,0,0,0,0,0,0,0,0,0,0,0,0,0,0,0
Pool,15,0,9,6,0,0,1,4,0,4,3,2,1,0,0,0,0,0,0,0,0,0,0,0,0
populate,6,5,1,0,0,5,1,0,0,0,0,0,0,0,0,0,0,0,0,0,0,0,0,0,0
Port,30,3,8,19,0,3,8,11,8,0,0,0,0,0,0,0,0,0,0,0,0,0,0,0,0
Positive,1,0,1,0,0,0,0,0,0,1,0,0,0,0,0,0,0,0,0,0,0,0,0,0,0
post,2,1,0,1,0,1,0,1,0,0,0,0,0,0,0,0,0,0,0,0,0,0,0,0,0
Pre,1,0,1,0,0,0,1,0,0,0,0,0,0,0,0,0,0,0,0,0,0,0,0,0,0
Prefer,2,0,2,0,0,0,2,0,0,0,0,0,0,0,0,0,0,0,0,0,0,0,0,0,0
Prefixed,1,0,1,0,0,0,1,0,0,0,0,0,0,0,0,0,0,0,0,0,0,0,0,0,0
Prefixes,1,0,0,1,0,0,1,0,0,0,0,0,0,0,0,0,0,0,0,0,0,0,0,0,0
prepare,1,1,0,0,0,1,0,0,0,0,0,0,0,0,0,0,0,0,0,0,0,0,0,0,0
Preservation,2,0,1,1,0,0,0,1,1,0,0,0,0,0,0,0,0,0,0,0,0,0,0,0,0
Previous,1,0,1,0,0,0,1,0,0,0,0,0,0,0,0,0,0,0,0,0,0,0,0,0,0
Prime,2,1,1,0,0,1,1,0,0,0,0,0,0,0,0,0,0,0,0,0,0,0,0,0,0
Private,1,0,1,0,0,0,1,0,0,0,0,0,0,0,0,0,0,0,0,0,0,0,0,0,0
Privileged,3,0,2,1,0,0,2,0,1,0,0,0,0,0,0,0,0,0,0,0,0,0,0,0,0
Process,9,6,2,1,5,6,0,0,0,0,0,0,0,0,0,3,0,0,0,0,0,0,0,0,0
Processing,8,0,6,2,0,0,2,2,3,1,0,0,0,0,0,0,0,0,0,0,0,0,0,0,0
Processor,1,0,0,1,0,0,0,1,0,0,0,0,0,0,0,0,0,0,0,0,0,0,0,0,0
Prop,1,0,0,1,0,0,0,0,0,0,1,0,0,0,0,0,0,0,0,0,0,0,0,0,0
Properties,4,1,0,3,0,1,2,1,0,0,0,0,0,0,0,0,0,0,0,0,0,0,0,0,0
Property,2,1,0,1,0,1,1,0,0,0,0,0,0,0,0,0,0,0,0,0,0,0,0,0,0
provide,1,1,0,0,1,1,0,0,0,0,0,0,0,0,0,0,0,0,0,0,0,0,0,0,0
Provided,1,0,1,0,0,0,0,0,0,0,0,0,0,0,1,0,0,0,0,0,0,0,0,0,0
Provider,11,0,0,11,0,0,0,1,2,3,5,0,0,0,0,0,0,0,0,0,0,0,0,0,0
Providers,1,0,0,1,0,0,1,0,0,0,0,0,0,0,0,0,0,0,0,0,0,0,0,0,0
Proxy,15,0,12,3,0,0,15,0,0,0,0,0,0,0,0,0,0,0,0,0,0,0,0,0,0
Ps,6,0,5,1,0,0,0,5,1,0,0,0,0,0,0,0,0,0,0,0,0,0,0,0,0
Put,1,0,0,1,0,0,0,1,0,0,0,0,0,0,0,0,0,0,0,0,0,0,0,0,0
Pv4,1,0,0,1,0,0,0,0,1,0,0,0,0,0,0,0,0,0,0,0,0,0,0,0,0
Quarantine,4,0,4,0,0,0,2,0,2,0,0,0,0,0,0,0,0,0,0,0,0,0,0,0,0
Queried,2,0,0,2,0,0,0,0,0,1,0,1,0,0,0,0,0,0,0,0,0,0,0,0,0
Queries,1,0,0,1,0,0,0,0,1,0,0,0,0,0,0,0,0,0,0,0,0,0,0,0,0
Query,9,2,5,2,0,2,2,2,1,2,0,0,0,0,0,0,0,0,0,0,0,0,0,0,0
Queue,8,0,4,4,0,0,2,5,0,0,0,0,1,0,0,0,0,0,0,0,0,0,0,0,0
Queues,1,0,0,1,0,0,0,1,0,0,0,0,0,0,0,0,0,0,0,0,0,0,0,0,0
Quick,1,0,1,0,0,0,0,1,0,0,0,0,0,0,0,0,0,0,0,0,0,0,0,0,0
randomize,4,4,0,0,2,4,0,0,0,0,0,0,0,0,0,0,0,0,0,0,0,0,0,0,0
Randomizer,1,0,0,1,0,0,0,0,0,1,0,0,0,0,0,0,0,0,0,0,0,0,0,0,0
Rate,12,1,8,3,0,1,8,0,0,1,0,2,0,0,0,0,0,0,0,0,0,0,0,0,0
Raw,1,0,1,0,0,0,1,0,0,0,0,0,0,0,0,0,0,0,0,0,0,0,0,0,0
Reached,1,0,0,1,0,0,0,0,0,0,0,0,0,0,1,0,0,0,0,0,0,0,0,0,0
read,20,5,15,0,2,5,9,1,4,1,0,0,0,0,0,0,0,0,0,0,0,0,0,0,0
Readable,1,0,0,1,0,0,1,0,0,0,0,0,0,0,0,0,0,0,0,0,0,0,0,0,0
Reader,1,0,0,1,0,0,1,0,0,0,0,0,0,0,0,0,0,0,0,0,0,0,0,0,0
Readtime,1,0,1,0,0,0,1,0,0,0,0,0,0,0,0,0,0,0,0,0,0,0,0,0,0
Ready,3,0,1,2,0,0,2,1,0,0,0,0,0,0,0,0,0,0,0,0,0,0,0,0,0
Real,1,0,1,0,0,0,1,0,0,0,0,0,0,0,0,0,0,0,0,0,0,0,0,0,0
Rebind,2,0,2,0,0,0,0,0,2,0,0,0,0,0,0,0,0,0,0,0,0,0,0,0,0
Recently,1,1,0,0,0,1,0,0,0,0,0,0,0,0,0,0,0,0,0,0,0,0,0,0,0
Reconcile,5,2,3,0,0,2,3,0,0,0,0,0,0,0,0,0,0,0,0,0,0,0,0,0,0
Reconnect,3,0,3,0,0,0,1,0,2,0,0,0,0,0,0,0,0,0,0,0,0,0,0,0,0
Record,8,0,5,3,0,0,1,6,0,0,1,0,0,0,0,0,0,0,0,0,0,0,0,0,0
Redirect,3,0,1,2,0,0,2,1,0,0,0,0,0,0,0,0,0,0,0,0,0,0,0,0,0
Redirected,1,0,1,0,0,0,0,1,0,0,0,0,0,0,0,0,0,0,0,0,0,0,0,0,0
Redirecting,1,1,0,0,0,1,0,0,0,0,0,0,0,0,0,0,0,0,0,0,0,0,0,0,0
Redirects,4,0,2,2,0,0,3,0,0,1,0,0,0,0,0,0,0,0,0,0,0,0,0,0,0
Referenced,1,0,0,1,0,0,0,0,0,0,0,0,0,1,0,0,0,0,0,0,0,0,0,0,0
refill,1,1,0,0,0,1,0,0,0,0,0,0,0,0,0,0,0,0,0,0,0,0,0,0,0
refresh,32,12,16,4,1,12,1,9,2,3,3,2,0,0,0,0,0,0,0,0,0,0,0,0,0
Refreshable,1,1,0,0,0,1,0,0,0,0,0,0,0,0,0,0,0,0,0,0,0,0,0,0,0
Refreshed,1,0,0,1,0,0,0,1,0,0,0,0,0,0,0,0,0,0,0,0,0,0,0,0,0
Region,74,0,42,32,0,0,19,30,3,9,5,7,1,0,0,0,0,0,0,0,0,0,0,0,0
Regions,21,0,2,19,0,0,3,2,1,7,5,2,1,0,0,0,0,0,0,0,0,0,0,0,0
register,33,26,6,1,9,26,7,0,0,0,0,0,0,0,0,0,0,0,0,0,0,0,0,0,0
Registerable,1,0,0,1,0,0,1,0,0,0,0,0,0,0,0,0,0,0,0,0,0,0,0,0,0
Registered,6,0,4,2,0,0,3,0,1,0,0,0,0,0,0,0,1,1,0,0,0,0,0,0,0
Registration,23,1,17,5,0,1,11,10,1,0,0,0,0,0,0,0,0,0,0,0,0,0,0,0,0
Registries,1,0,0,1,0,0,0,0,0,1,0,0,0,0,0,0,0,0,0,0,0,0,0,0,0
Registry,55,0,28,27,0,0,19,19,9,6,0,0,2,0,0,0,0,0,0,0,0,0,0,0,0
Reject,1,0,1,0,0,0,0,1,0,0,0,0,0,0,0,0,0,0,0,0,0,0,0,0,0
Relative,1,0,1,0,0,0,1,0,0,0,0,0,0,0,0,0,0,0,0,0,0,0,0,0,0
Release,1,0,1,0,0,0,1,0,0,0,0,0,0,0,0,0,0,0,0,0,0,0,0,0,0
Reload,7,2,3,2,2,2,2,2,0,0,0,1,0,0,0,0,0,0,0,0,0,0,0,0,0
Reloaded,1,0,1,0,0,0,0,0,1,0,0,0,0,0,0,0,0,0,0,0,0,0,0,0,0
Reloading,1,1,0,0,0,1,0,0,0,0,0,0,0,0,0,0,0,0,0,0,0,0,0,0,0
Remote,65,1,64,0,0,1,39,5,6,7,6,1,0,0,0,0,0,0,0,0,0,0,0,0,0
Removal,2,0,0,2,0,0,1,0,0,0,1,0,0,0,0,0,0,0,0,0,0,0,0,0,0
remove,4,4,0,0,1,4,0,0,0,0,0,0,0,0,0,0,0,0,0,0,0,0,0,0,0
Removed,1,0,0,1,0,0,0,0,0,0,0,0,1,0,0,0,0,0,0,0,0,0,0,0,0
Renaming,1,0,0,1,0,0,0,0,0,0,0,0,0,0,0,1,0,0,0,0,0,0,0,0,0
renew,7,5,2,0,4,5,0,1,0,1,0,0,0,0,0,0,0,0,0,0,0,0,0,0,0
Renewal,15,0,15,0,0,0,8,7,0,0,0,0,0,0,0,0,0,0,0,0,0,0,0,0,0
Renews,2,0,2,0,0,0,0,0,2,0,0,0,0,0,0,0,0,0,0,0,0,0,0,0,0
Replacement,4,0,0,4,0,0,0,2,2,0,0,0,0,0,0,0,0,0,0,0,0,0,0,0,0
Replica,5,0,4,1,0,0,2,0,1,1,0,0,0,1,0,0,0,0,0,0,0,0,0,0,0
Replicas,1,0,0,1,0,0,0,1,0,0,0,0,0,0,0,0,0,0,0,0,0,0,0,0,0
Replicate,4,3,1,0,0,3,1,0,0,0,0,0,0,0,0,0,0,0,0,0,0,0,0,0,0
Replicated,1,0,1,0,0,0,0,1,0,0,0,0,0,0,0,0,0,0,0,0,0,0,0,0,0
Replication,67,7,36,24,0,7,22,11,9,9,7,0,0,0,2,0,0,0,0,0,0,0,0,0,0
Replications,1,0,1,0,0,0,0,0,1,0,0,0,0,0,0,0,0,0,0,0,0,0,0,0,0
Replicator,2,0,0,2,0,0,0,1,1,0,0,0,0,0,0,0,0,0,0,0,0,0,0,0,0
Reply,4,0,1,3,0,0,1,2,1,0,0,0,0,0,0,0,0,0,0,0,0,0,0,0,0
Reprocess,3,1,2,0,1,1,2,0,0,0,0,0,0,0,0,0,0,0,0,0,0,0,0,0,0
Republished,1,0,1,0,0,0,1,0,0,0,0,0,0,0,0,0,0,0,0,0,0,0,0,0,0
request,42,5,13,24,0,5,12,8,8,4,1,3,1,0,0,0,0,0,0,0,0,0,0,0,0
Requested,1,0,1,0,0,0,1,0,0,0,0,0,0,0,0,0,0,0,0,0,0,0,0,0,0
Requests,5,0,4,1,0,0,2,1,2,0,0,0,0,0,0,0,0,0,0,0,0,0,0,0,0
Required,3,0,0,3,0,0,0,0,0,2,1,0,0,0,0,0,0,0,0,0,0,0,0,0,0
reset,7,4,3,0,3,4,0,0,0,3,0,0,0,0,0,0,0,0,0,0,0,0,0,0,0
Resolution,6,0,6,0,0,0,0,0,6,0,0,0,0,0,0,0,0,0,0,0,0,0,0,0,0
resolve,15,13,2,0,2,13,2,0,0,0,0,0,0,0,0,0,0,0,0,0,0,0,0,0,0
Resolver,39,0,15,24,0,0,5,27,5,2,0,0,0,0,0,0,0,0,0,0,0,0,0,0,0
Resource,21,1,3,17,0,1,10,10,0,0,0,0,0,0,0,0,0,0,0,0,0,0,0,0,0
Resources,2,0,0,2,0,0,2,0,0,0,0,0,0,0,0,0,0,0,0,0,0,0,0,0,0
Response,39,1,24,14,0,1,15,13,4,3,2,0,0,0,1,0,0,0,0,0,0,0,0,0,0
Result,3,0,1,2,0,0,0,3,0,0,0,0,0,0,0,0,0,0,0,0,0,0,0,0,0
Results,1,0,1,0,0,0,0,0,1,0,0,0,0,0,0,0,0,0,0,0,0,0,0,0,0
Retention,3,0,3,0,0,0,1,2,0,0,0,0,0,0,0,0,0,0,0,0,0,0,0,0,0
Retried,1,0,1,0,0,0,0,0,1,0,0,0,0,0,0,0,0,0,0,0,0,0,0,0,0
Retries,6,0,0,6,0,0,0,2,1,3,0,0,0,0,0,0,0,0,0,0,0,0,0,0,0
retrieve,2,2,0,0,0,2,0,0,0,0,0,0,0,0,0,0,0,0,0,0,0,0,0,0,0
Retrieved,2,0,0,2,0,0,0,0,0,0,2,0,0,0,0,0,0,0,0,0,0,0,0,0,0
Retry,7,0,5,2,0,0,0,0,5,0,0,2,0,0,0,0,0,0,0,0,0,0,0,0,0
Retryable,3,1,2,0,0,1,2,0,0,0,0,0,0,0,0,0,0,0,0,0,0,0,0,0,0
Returned,1,0,1,0,0,0,0,0,0,1,0,0,0,0,0,0,0,0,0,0,0,0,0,0,0
Returns,3,0,3,0,0,0,0,0,2,1,0,0,0,0,0,0,0,0,0,0,0,0,0,0,0
Reuse,1,0,1,0,0,0,0,1,0,0,0,0,0,0,0,0,0,0,0,0,0,0,0,0,0
Robin,1,0,1,0,0,0,0,1,0,0,0,0,0,0,0,0,0,0,0,0,0,0,0,0,0
Role,1,0,1,0,0,0,0,0,0,0,1,0,0,0,0,0,0,0,0,0,0,0,0,0,0
Root,1,0,1,0,0,0,0,1,0,0,0,0,0,0,0,0,0,0,0,0,0,0,0,0,0
Round,1,0,1,0,0,0,1,0,0,0,0,0,0,0,0,0,0,0,0,0,0,0,0,0,0
Route53,5,1,4,0,0,1,3,1,0,0,0,0,0,0,0,0,0,0,0,0,0,0,0,0,0
Rule,5,0,0,5,0,0,0,2,0,3,0,0,0,0,0,0,0,0,0,0,0,0,0,0,0
run,27,27,0,0,20,27,0,0,0,0,0,0,0,0,0,0,0,0,0,0,0,0,0,0,0
Runnable,3,0,0,3,0,0,1,1,1,0,0,0,0,0,0,0,0,0,0,0,0,0,0,0,0
Runner,1,0,0,1,0,0,0,1,0,0,0,0,0,0,0,0,0,0,0,0,0,0,0,0,0
Runtime,1,0,1,0,0,0,1,0,0,0,0,0,0,0,0,0,0,0,0,0,0,0,0,0,0
Same,3,0,3,0,0,0,0,2,1,0,0,0,0,0,0,0,0,0,0,0,0,0,0,0,0
Sample,2,1,0,1,0,1,0,0,1,0,0,0,0,0,0,0,0,0,0,0,0,0,0,0,0
Scaling,4,0,4,0,0,0,0,2,2,0,0,0,0,0,0,0,0,0,0,0,0,0,0,0,0
schedule,3,3,0,0,0,3,0,0,0,0,0,0,0,0,0,0,0,0,0,0,0,0,0,0,0
Scheduled,4,0,4,0,0,0,2,0,0,0,2,0,0,0,0,0,0,0,0,0,0,0,0,0,0
second,2,1,0,1,1,1,1,0,0,0,0,0,0,0,0,0,0,0,0,0,0,0,0,0,0
Seconds,32,0,0,32,0,0,0,0,0,3,19,10,0,0,0,0,0,0,0,0,0,0,0,0,0
Secret,1,0,1,0,0,0,0,1,0,0,0,0,0,0,0,0,0,0,0,0,0,0,0,0,0
Secs,4,0,0,4,0,0,0,0,2,2,0,0,0,0,0,0,0,0,0,0,0,0,0,0,0
Secure,35,1,33,1,0,1,25,8,1,0,0,0,0,0,0,0,0,0,0,0,0,0,0,0,0
select,4,4,0,0,0,4,0,0,0,0,0,0,0,0,0,0,0,0,0,0,0,0,0,0,0
self,3,1,2,0,1,1,1,1,0,0,0,0,0,0,0,0,0,0,0,0,0,0,0,0,0
send,9,9,0,0,0,9,0,0,0,0,0,0,0,0,0,0,0,0,0,0,0,0,0,0,0
Sent,3,0,3,0,0,0,3,0,0,0,0,0,0,0,0,0,0,0,0,0,0,0,0,0,0
serialize,5,5,0,0,1,5,0,0,0,0,0,0,0,0,0,0,0,0,0,0,0,0,0,0,0
Serializer,8,0,2,6,0,0,3,2,1,2,0,0,0,0,0,0,0,0,0,0,0,0,0,0,0
Served,2,0,1,1,0,0,0,0,0,1,1,0,0,0,0,0,0,0,0,0,0,0,0,0,0
Server,59,1,43,15,0,1,12,32,7,1,1,2,0,1,1,0,1,0,0,0,0,0,0,0,0
Servers,1,0,0,1,0,0,0,0,0,0,0,0,0,1,0,0,0,0,0,0,0,0,0,0,0
Service,32,2,26,4,0,2,13,8,4,2,2,0,0,1,0,0,0,0,0,0,0,0,0,0,0
Serving,1,0,1,0,0,0,0,0,1,0,0,0,0,0,0,0,0,0,0,0,0,0,0,0,0
Servlets,1,0,0,1,0,0,1,0,0,0,0,0,0,0,0,0,0,0,0,0,0,0,0,0,0
Session,3,0,2,1,0,0,1,2,0,0,0,0,0,0,0,0,0,0,0,0,0,0,0,0,0
Sessioned,3,1,2,0,0,1,2,0,0,0,0,0,0,0,0,0,0,0,0,0,0,0,0,0,0
set,128,118,6,4,1,118,0,3,5,0,0,1,0,0,0,0,0,1,0,0,0,0,0,0,0
Setter,1,0,0,1,0,0,0,1,0,0,0,0,0,0,0,0,0,0,0,0,0,0,0,0,0
setup,9,9,0,0,0,9,0,0,0,0,0,0,0,0,0,0,0,0,0,0,0,0,0,0,0
Shaper,1,0,0,1,0,0,1,0,0,0,0,0,0,0,0,0,0,0,0,0,0,0,0,0,0
Shedding,1,0,0,1,0,0,0,0,1,0,0,0,0,0,0,0,0,0,0,0,0,0,0,0,0
should,49,49,0,0,0,49,0,0,0,0,0,0,0,0,0,0,0,0,0,0,0,0,0,0,0
Shuffle,9,8,0,1,0,8,0,1,0,0,0,0,0,0,0,0,0,0,0,0,0,0,0,0,0
shut,2,2,0,0,0,2,0,0,0,0,0,0,0,0,0,0,0,0,0,0,0,0,0,0,0
Shutdown,42,36,1,5,32,36,0,1,4,0,1,0,0,0,0,0,0,0,0,0,0,0,0,0,0
SID,2,0,0,2,0,0,2,0,0,0,0,0,0,0,0,0,0,0,0,0,0,0,0,0,0
Simple,1,1,0,0,0,1,0,0,0,0,0,0,0,0,0,0,0,0,0,0,0,0,0,0,0
simulate,2,2,0,0,0,2,0,0,0,0,0,0,0,0,0,0,0,0,0,0,0,0,0,0,0
Single,13,2,11,0,0,2,6,0,3,1,0,1,0,0,0,0,0,0,0,0,0,0,0,0,0
Size,27,4,1,22,4,4,2,5,6,1,4,3,1,1,0,0,0,0,0,0,0,0,0,0,0
sleep,1,1,0,0,1,1,0,0,0,0,0,0,0,0,0,0,0,0,0,0,0,0,0,0,0
Snapshot,1,0,0,1,0,0,0,0,1,0,0,0,0,0,0,0,0,0,0,0,0,0,0,0,0
Socket,4,0,1,3,0,0,3,1,0,0,0,0,0,0,0,0,0,0,0,0,0,0,0,0,0
Soft,2,0,2,0,0,0,2,0,0,0,0,0,0,0,0,0,0,0,0,0,0,0,0,0,0
Sorted,1,0,1,0,0,0,1,0,0,0,0,0,0,0,0,0,0,0,0,0,0,0,0,0,0
Space,2,0,2,0,0,0,1,1,0,0,0,0,0,0,0,0,0,0,0,0,0,0,0,0,0
Specific,2,0,2,0,0,0,0,2,0,0,0,0,0,0,0,0,0,0,0,0,0,0,0,0,0
Speed,1,0,0,1,0,0,0,1,0,0,0,0,0,0,0,0,0,0,0,0,0,0,0,0,0
split,2,1,1,0,0,1,1,0,0,0,0,0,0,0,0,0,0,0,0,0,0,0,0,0,0
SSL,14,1,12,1,0,1,4,9,0,0,0,0,0,0,0,0,0,0,0,0,0,0,0,0,0
Stale,1,0,1,0,0,0,1,0,0,0,0,0,0,0,0,0,0,0,0,0,0,0,0,0,0
Staleness,3,0,3,0,0,0,1,0,0,2,0,0,0,0,0,0,0,0,0,0,0,0,0,0,0
Standard,2,0,2,0,0,0,1,0,0,1,0,0,0,0,0,0,0,0,0,0,0,0,0,0,0
start,11,11,0,0,10,11,0,0,0,0,0,0,0,0,0,0,0,0,0,0,0,0,0,0,0
Starting,2,0,2,0,0,0,0,1,1,0,0,0,0,0,0,0,0,0,0,0,0,0,0,0,0
Startup,4,0,1,3,0,0,0,1,0,3,0,0,0,0,0,0,0,0,0,0,0,0,0,0,0
State,1,0,0,1,0,0,0,1,0,0,0,0,0,0,0,0,0,0,0,0,0,0,0,0,0
Static,2,1,0,1,0,1,0,0,1,0,0,0,0,0,0,0,0,0,0,0,0,0,0,0,0
Stats,4,0,0,4,0,0,1,3,0,0,0,0,0,0,0,0,0,0,0,0,0,0,0,0,0
Status,128,19,79,30,2,19,64,27,7,8,0,0,0,1,1,1,0,0,0,0,0,0,0,0,0
Statuses,1,0,1,0,0,0,0,1,0,0,0,0,0,0,0,0,0,0,0,0,0,0,0,0,0
stop,5,5,0,0,5,5,0,0,0,0,0,0,0,0,0,0,0,0,0,0,0,0,0,0,0
Store,11,2,8,1,0,2,0,7,0,2,0,0,0,0,0,0,0,0,0,0,0,0,0,0,0
Strap,2,0,0,2,0,0,0,1,1,0,0,0,0,0,0,0,0,0,0,0,0,0,0,0,0
Strategy,3,0,0,3,0,0,0,1,2,0,0,0,0,0,0,0,0,0,0,0,0,0,0,0,0
Stream,10,0,7,3,0,0,0,3,3,1,2,1,0,0,0,0,0,0,0,0,0,0,0,0,0
String,25,2,2,21,0,2,19,1,0,3,0,0,0,0,0,0,0,0,0,0,0,0,0,0,0
stringify,1,1,0,0,0,1,0,0,0,0,0,0,0,0,0,0,0,0,0,0,0,0,0,0,0
Strings,2,0,1,1,0,0,1,1,0,0,0,0,0,0,0,0,0,0,0,0,0,0,0,0,0
Sts,1,0,1,0,0,0,1,0,0,0,0,0,0,0,0,0,0,0,0,0,0,0,0,0,0
submit,4,3,1,0,0,3,1,0,0,0,0,0,0,0,0,0,0,0,0,0,0,0,0,0,0
subset,1,1,0,0,0,1,0,0,0,0,0,0,0,0,0,0,0,0,0,0,0,0,0,0,0
Success,5,0,1,4,0,0,5,0,0,0,0,0,0,0,0,0,0,0,0,0,0,0,0,0,0
Successes,1,0,0,1,0,0,1,0,0,0,0,0,0,0,0,0,0,0,0,0,0,0,0,0,0
Successful,8,1,7,0,0,1,0,5,1,0,1,0,0,0,0,0,0,0,0,0,0,0,0,0,0
Suites,2,0,0,2,0,0,0,0,2,0,0,0,0,0,0,0,0,0,0,0,0,0,0,0,0
Supervisor,6,0,6,0,0,0,6,0,0,0,0,0,0,0,0,0,0,0,0,0,0,0,0,0,0
support,2,2,0,0,2,2,0,0,0,0,0,0,0,0,0,0,0,0,0,0,0,0,0,0,0
Supported,4,0,4,0,0,0,4,0,0,0,0,0,0,0,0,0,0,0,0,0,0,0,0,0,0
Suspended,1,0,0,1,0,0,0,0,0,0,1,0,0,0,0,0,0,0,0,0,0,0,0,0,0
sync,6,2,4,0,0,2,1,2,0,0,0,1,0,0,0,0,0,0,0,0,0,0,0,0,0
System,6,0,6,0,0,0,5,0,0,1,0,0,0,0,0,0,0,0,0,0,0,0,0,0,0
Tagged,1,0,1,0,0,0,1,0,0,0,0,0,0,0,0,0,0,0,0,0,0,0,0,0,0
take,4,4,0,0,1,4,0,0,0,0,0,0,0,0,0,0,0,0,0,0,0,0,0,0,0
Target,2,0,1,1,0,0,1,0,0,0,0,0,0,1,0,0,0,0,0,0,0,0,0,0,0
Task,52,4,32,16,0,4,13,21,10,1,0,2,0,1,0,0,0,0,0,0,0,0,0,0,0
Tasks,10,0,7,3,0,0,4,3,0,1,1,0,0,0,0,0,0,1,0,0,0,0,0,0,0
tear,29,29,0,0,0,29,0,0,0,0,0,0,0,0,0,0,0,0,0,0,0,0,0,0,0
Termination,1,0,0,1,0,0,0,0,1,0,0,0,0,0,0,0,0,0,0,0,0,0,0,0,0
test,328,312,2,14,0,312,0,0,6,3,2,1,3,1,0,0,0,0,0,0,0,0,0,0,0
test5xx,1,1,0,0,0,1,0,0,0,0,0,0,0,0,0,0,0,0,0,0,0,0,0,0,0
Testable,2,2,0,0,0,2,0,0,0,0,0,0,0,0,0,0,0,0,0,0,0,0,0,0,0
Tester,1,0,0,1,0,0,0,1,0,0,0,0,0,0,0,0,0,0,0,0,0,0,0,0,0
That,2,0,2,0,0,0,0,0,0,2,0,0,0,0,0,0,0,0,0,0,0,0,0,0,0
The,4,0,4,0,0,0,0,0,0,1,0,1,0,1,1,0,0,0,0,0,0,0,0,0,0
Then,1,0,1,0,0,0,0,0,0,0,1,0,0,0,0,0,0,0,0,0,0,0,0,0,0
There,1,0,1,0,0,0,0,0,0,0,0,1,0,0,0,0,0,0,0,0,0,0,0,0,0
This,2,0,2,0,0,0,2,0,0,0,0,0,0,0,0,0,0,0,0,0,0,0,0,0,0
Thread,16,0,11,5,0,0,5,1,6,3,0,1,0,0,0,0,0,0,0,0,0,0,0,0,0
Threads,5,0,4,1,0,0,0,4,0,0,0,0,1,0,0,0,0,0,0,0,0,0,0,0,0
Threshold,9,1,5,3,0,1,0,4,1,0,2,1,0,0,0,0,0,0,0,0,0,0,0,0,0
Thresold,1,0,0,1,0,0,0,0,1,0,0,0,0,0,0,0,0,0,0,0,0,0,0,0,0
Throttle,1,0,1,0,0,0,0,0,1,0,0,0,0,0,0,0,0,0,0,0,0,0,0,0,0
Throttling,2,0,2,0,0,0,0,0,2,0,0,0,0,0,0,0,0,0,0,0,0,0,0,0,0
Time,21,0,14,7,0,0,0,11,2,4,4,0,0,0,0,0,0,0,0,0,0,0,0,0,0
Timed,2,1,1,0,0,1,0,0,0,1,0,0,0,0,0,0,0,0,0,0,0,0,0,0,0
Timeout,30,0,16,14,0,0,0,11,4,11,4,0,0,0,0,0,0,0,0,0,0,0,0,0,0
Timer,3,0,2,1,0,0,1,0,2,0,0,0,0,0,0,0,0,0,0,0,0,0,0,0,0
Times,1,0,0,1,0,0,0,1,0,0,0,0,0,0,0,0,0,0,0,0,0,0,0,0,0
Timestamp,26,0,2,24,0,0,1,10,15,0,0,0,0,0,0,0,0,0,0,0,0,0,0,0,0
Timing,1,0,1,0,0,0,0,0,0,0,0,0,0,0,1,0,0,0,0,0,0,0,0,0,0
to,67,30,32,5,0,30,8,9,10,3,0,3,3,1,0,0,0,0,0,0,0,0,0,0,0
Token,2,0,0,2,0,0,2,0,0,0,0,0,0,0,0,0,0,0,0,0,0,0,0,0,0
Total,13,0,13,0,0,0,2,3,8,0,0,0,0,0,0,0,0,0,0,0,0,0,0,0,0
Traffic,2,1,0,1,0,1,0,1,0,0,0,0,0,0,0,0,0,0,0,0,0,0,0,0,0
Transient,4,1,3,0,0,1,1,0,0,1,1,0,0,0,0,0,0,0,0,0,0,0,0,0,0
transmission,1,1,0,0,0,1,0,0,0,0,0,0,0,0,0,0,0,0,0,0,0,0,0,0,0
Transparent,1,0,1,0,0,0,1,0,0,0,0,0,0,0,0,0,0,0,0,0,0,0,0,0,0
Transport,14,1,12,1,0,1,8,4,1,0,0,0,0,0,0,0,0,0,0,0,0,0,0,0,0
Trust,5,0,5,0,0,0,3,0,2,0,0,0,0,0,0,0,0,0,0,0,0,0,0,0,0
try,1,1,0,0,0,1,0,0,0,0,0,0,0,0,0,0,0,0,0,0,0,0,0,0,0
TTL,1,0,0,1,0,0,0,0,1,0,0,0,0,0,0,0,0,0,0,0,0,0,0,0,0
Txt,2,0,2,0,0,0,1,0,0,1,0,0,0,0,0,0,0,0,0,0,0,0,0,0,0
Type,16,2,2,12,1,2,2,9,1,0,0,0,2,0,0,0,0,0,0,0,0,0,0,0,0
unbind,3,3,0,0,1,3,0,0,0,0,0,0,0,0,0,0,0,0,0,0,0,0,0,0,0
Unbound,1,0,0,1,0,0,0,0,0,0,0,0,1,0,0,0,0,0,0,0,0,0,0,0,0
Unhealthy,1,0,0,1,0,0,0,0,0,1,0,0,0,0,0,0,0,0,0,0,0,0,0,0,0
Unmarshal,4,2,2,0,1,2,2,0,0,0,0,0,0,0,0,0,0,0,0,0,0,0,0,0,0
Unmarshalling,3,0,0,3,0,0,0,0,3,0,0,0,0,0,0,0,0,0,0,0,0,0,0,0,0
Unrecognized,1,0,1,0,0,0,1,0,0,0,0,0,0,0,0,0,0,0,0,0,0,0,0,0,0
unregister,9,5,4,0,3,5,3,0,1,0,0,0,0,0,0,0,0,0,0,0,0,0,0,0,0
unset,2,1,1,0,0,1,0,0,0,1,0,0,0,0,0,0,0,0,0,0,0,0,0,0,0
Up,64,0,14,50,0,0,51,6,2,3,1,1,0,0,0,0,0,0,0,0,0,0,0,0,0
Update,63,9,31,23,0,9,19,15,14,5,1,0,0,0,0,0,0,0,0,0,0,0,0,0,0
Updated,2,0,2,0,0,0,0,2,0,0,0,0,0,0,0,0,0,0,0,0,0,0,0,0,0
Updates,4,0,0,4,0,0,0,3,0,1,0,0,0,0,0,0,0,0,0,0,0,0,0,0,0
Uri,4,0,0,4,0,0,0,3,1,0,0,0,0,0,0,0,0,0,0,0,0,0,0,0,0
URL,41,0,14,27,0,0,2,6,28,4,0,1,0,0,0,0,0,0,0,0,0,0,0,0,0
Urls,27,0,13,14,0,0,0,8,12,4,1,2,0,0,0,0,0,0,0,0,0,0,0,0,0
Use,9,2,7,0,0,2,5,2,0,0,0,0,0,0,0,0,0,0,0,0,0,0,0,0,0
Used,2,0,0,2,0,0,0,0,0,0,0,1,1,0,0,0,0,0,0,0,0,0,0,0,0
User,5,0,5,0,0,0,3,2,0,0,0,0,0,0,0,0,0,0,0,0,0,0,0,0,0
Using,1,0,1,0,0,0,0,0,0,1,0,0,0,0,0,0,0,0,0,0,0,0,0,0,0
Utf8,2,0,2,0,0,0,0,1,1,0,0,0,0,0,0,0,0,0,0,0,0,0,0,0,0
Util,4,0,0,4,0,0,1,2,1,0,0,0,0,0,0,0,0,0,0,0,0,0,0,0,0
V2,1,0,1,0,0,0,0,1,0,0,0,0,0,0,0,0,0,0,0,0,0,0,0,0,0
valid,3,1,2,0,0,1,0,1,0,0,1,0,0,0,0,0,0,0,0,0,0,0,0,0,0
Validate,3,1,2,0,0,1,2,0,0,0,0,0,0,0,0,0,0,0,0,0,0,0,0,0,0
Value,6,1,1,4,1,1,4,1,0,0,0,0,0,0,0,0,0,0,0,0,0,0,0,0,0
Values,1,0,0,1,0,0,0,0,0,1,0,0,0,0,0,0,0,0,0,0,0,0,0,0,0
Verifier,5,0,0,5,0,0,0,4,1,0,0,0,0,0,0,0,0,0,0,0,0,0,0,0,0
verify,8,7,1,0,1,7,1,0,0,0,0,0,0,0,0,0,0,0,0,0,0,0,0,0,0
Version,15,0,6,9,0,0,13,1,0,1,0,0,0,0,0,0,0,0,0,0,0,0,0,0,0
View,1,0,0,1,0,0,0,0,1,0,0,0,0,0,0,0,0,0,0,0,0,0,0,0,0
Vip,47,1,32,14,0,1,16,12,14,4,0,0,0,0,0,0,0,0,0,0,0,0,0,0,0
Vips,2,0,2,0,0,0,1,1,0,0,0,0,0,0,0,0,0,0,0,0,0,0,0,0,0
Virtual,10,0,10,0,0,0,4,4,1,1,0,0,0,0,0,0,0,0,0,0,0,0,0,0,0
Void,3,0,3,0,0,0,3,0,0,0,0,0,0,0,0,0,0,0,0,0,0,0,0,0,0
Vpc,2,0,0,2,0,0,0,1,1,0,0,0,0,0,0,0,0,0,0,0,0,0,0,0,0
Vs,2,0,2,0,0,0,0,0,2,0,0,0,0,0,0,0,0,0,0,0,0,0,0,0,0
wait,5,3,2,0,0,3,1,0,0,1,0,0,0,0,0,0,0,0,0,0,0,0,0,0,0
War,1,0,0,1,0,0,1,0,0,0,0,0,0,0,0,0,0,0,0,0,0,0,0,0,0
Warm,4,0,4,0,0,0,1,0,2,1,0,0,0,0,0,0,0,0,0,0,0,0,0,0,0
When,6,1,5,0,0,1,1,1,0,0,2,1,0,0,0,0,0,0,0,0,0,0,0,0,0
White,2,0,2,0,0,0,0,0,0,2,0,0,0,0,0,0,0,0,0,0,0,0,0,0,0
Whitelist,1,0,0,1,0,0,0,0,0,1,0,0,0,0,0,0,0,0,0,0,0,0,0,0,0
Wins,1,0,1,0,0,0,0,1,0,0,0,0,0,0,0,0,0,0,0,0,0,0,0,0,0
with,178,97,80,1,1,97,4,14,30,12,8,5,3,3,0,0,2,0,0,0,0,0,0,0,0
Without,5,0,5,0,0,0,1,1,2,0,0,1,0,0,0,0,0,0,0,0,0,0,0,0,0
Work,5,0,2,3,0,0,3,1,1,0,0,0,0,0,0,0,0,0,0,0,0,0,0,0,0
worker,6,2,4,0,0,2,2,1,0,0,0,1,0,0,0,0,0,0,0,0,0,0,0,0,0
Workers,1,0,0,1,0,0,0,0,0,0,1,0,0,0,0,0,0,0,0,0,0,0,0,0,0
wrap,2,2,0,0,1,2,0,0,0,0,0,0,0,0,0,0,0,0,0,0,0,0,0,0,0
Wrapped,1,1,0,0,0,1,0,0,0,0,0,0,0,0,0,0,0,0,0,0,0,0,0,0,0
Wrapper,11,0,1,10,0,0,4,6,1,0,0,0,0,0,0,0,0,0,0,0,0,0,0,0,0
write,9,5,3,1,1,5,2,2,0,0,0,0,0,0,0,0,0,0,0,0,0,0,0,0,0
Writeable,1,0,0,1,0,0,1,0,0,0,0,0,0,0,0,0,0,0,0,0,0,0,0,0,0
X,9,0,9,0,0,0,3,2,1,2,1,0,0,0,0,0,0,0,0,0,0,0,0,0,0
X509,1,0,1,0,0,0,1,0,0,0,0,0,0,0,0,0,0,0,0,0,0,0,0,0,0
Xml,25,1,13,11,0,1,6,7,0,0,3,3,2,1,1,0,0,1,0,0,0,0,0,0,0
Zip,3,0,3,0,0,0,0,3,0,0,0,0,0,0,0,0,0,0,0,0,0,0,0,0,0
Zone,28,1,14,13,0,1,9,6,3,5,3,1,0,0,0,0,0,0,0,0,0,0,0,0,0
Zones,4,0,2,2,0,0,2,2,0,0,0,0,0,0,0,0,0,0,0,0,0,0,0,0,0
