A,2,0,2,0,0,0,0,0,0,0,0,1,0,0,1,0,0,0,0,0,0,0,0,0,0,
Abort,8,0,0,8,0,0,0,0,8,0,0,0,0,0,0,0,0,0,0,0,0,0,0,0,0,
Absent,1,0,0,1,0,0,0,1,0,0,0,0,0,0,0,0,0,0,0,0,0,0,0,0,0,
Abstract,6,6,0,0,0,6,0,0,0,0,0,0,0,0,0,0,0,0,0,0,0,0,0,0,0,
Acc,3,0,3,0,0,0,0,0,0,1,2,0,0,0,0,0,0,0,0,0,0,0,0,0,0,
Accessor,17,0,17,0,0,0,0,0,17,0,0,0,0,0,0,0,0,0,0,0,0,0,0,0,0,
Action,58,1,42,15,1,1,44,10,0,1,2,0,0,0,0,0,0,0,0,0,0,0,0,0,0,
Activated,7,0,0,7,0,0,0,1,4,2,0,0,0,0,0,0,0,0,0,0,0,0,0,0,0,
Active,15,2,8,5,0,2,13,0,0,0,0,0,0,0,0,0,0,0,0,0,0,0,0,0,0,
add,237,234,3,0,3,234,3,0,0,0,0,0,0,0,0,0,0,0,0,0,0,0,0,0,0,
Additional,6,0,6,0,0,0,6,0,0,0,0,0,0,0,0,0,0,0,0,0,0,0,0,0,0,
Address,2,0,2,0,0,0,0,0,1,1,0,0,0,0,0,0,0,0,0,0,0,0,0,0,0,
after,24,7,17,0,0,7,2,7,7,0,0,1,0,0,0,0,0,0,0,0,0,0,0,0,0,
Agent,17,0,2,15,0,0,1,16,0,0,0,0,0,0,0,0,0,0,0,0,0,0,0,0,0,
alert,1,1,0,0,1,1,0,0,0,0,0,0,0,0,0,0,0,0,0,0,0,0,0,0,0,
Alive,1,0,0,1,0,0,0,1,0,0,0,0,0,0,0,0,0,0,0,0,0,0,0,0,0,
All,118,1,101,16,1,1,107,6,0,3,0,0,1,0,0,0,0,0,0,0,0,0,0,0,0,
Alternate,1,0,1,0,0,0,1,0,0,0,0,0,0,0,0,0,0,0,0,0,0,0,0,0,0,
Always,1,0,1,0,0,0,0,1,0,0,0,0,0,0,0,0,0,0,0,0,0,0,0,0,0,
AMD64,1,0,0,1,0,0,0,1,0,0,0,0,0,0,0,0,0,0,0,0,0,0,0,0,0,
Ampersand,2,0,0,2,0,0,0,0,0,1,1,0,0,0,0,0,0,0,0,0,0,0,0,0,0,
And,14,0,14,0,0,0,4,3,2,2,1,0,1,1,0,0,0,0,0,0,0,0,0,0,0,
Anonymous,2,0,2,0,0,0,0,2,0,0,0,0,0,0,0,0,0,0,0,0,0,0,0,0,0,
ANY,7,5,0,2,0,5,0,1,1,0,0,0,0,0,0,0,0,0,0,0,0,0,0,0,0,
App,1,0,1,0,0,0,1,0,0,0,0,0,0,0,0,0,0,0,0,0,0,0,0,0,0,
apply,21,21,0,0,20,21,0,0,0,0,0,0,0,0,0,0,0,0,0,0,0,0,0,0,0,
Arch,15,0,15,0,0,0,15,0,0,0,0,0,0,0,0,0,0,0,0,0,0,0,0,0,0,
Architecture,3,1,0,2,1,1,1,0,0,0,0,0,1,0,0,0,0,0,0,0,0,0,0,0,0,
Are,6,0,6,0,0,0,1,4,1,0,0,0,0,0,0,0,0,0,0,0,0,0,0,0,0,
Area,8,0,3,5,0,0,8,0,0,0,0,0,0,0,0,0,0,0,0,0,0,0,0,0,0,
Argument,22,0,17,5,0,0,16,3,0,3,0,0,0,0,0,0,0,0,0,0,0,0,0,0,0,
Arguments,28,6,6,16,1,6,5,4,6,3,2,0,1,0,1,0,0,0,0,0,0,0,0,0,0,
ARM,3,1,0,2,0,1,0,2,0,0,0,0,0,0,0,0,0,0,0,0,0,0,0,0,0,
Array,2,0,0,2,0,0,1,1,0,0,0,0,0,0,0,0,0,0,0,0,0,0,0,0,0,
Arrow,2,0,0,2,0,0,0,1,0,1,0,0,0,0,0,0,0,0,0,0,0,0,0,0,0,
as,23,2,20,1,0,2,0,2,5,7,5,1,1,0,0,0,0,0,0,0,0,0,0,0,0,
assert,16,16,0,0,0,16,0,0,0,0,0,0,0,0,0,0,0,0,0,0,0,0,0,0,0,
assign,19,19,0,0,0,19,0,0,0,0,0,0,0,0,0,0,0,0,0,0,0,0,0,0,0,
assume,1,1,0,0,0,1,0,0,0,0,0,0,0,0,0,0,0,0,0,0,0,0,0,0,0,
Async,1,0,1,0,0,0,1,0,0,0,0,0,0,0,0,0,0,0,0,0,0,0,0,0,0,
At,51,0,50,1,0,0,3,48,0,0,0,0,0,0,0,0,0,0,0,0,0,0,0,0,0,
Atom,1,0,0,1,0,0,1,0,0,0,0,0,0,0,0,0,0,0,0,0,0,0,0,0,0,
Attribute,34,0,30,4,0,0,29,5,0,0,0,0,0,0,0,0,0,0,0,0,0,0,0,0,0,
Augmenting,2,0,2,0,0,0,2,0,0,0,0,0,0,0,0,0,0,0,0,0,0,0,0,0,0,
Auth,2,0,2,0,0,0,1,0,0,0,1,0,0,0,0,0,0,0,0,0,0,0,0,0,0,
Authorized,1,0,0,1,0,0,1,0,0,0,0,0,0,0,0,0,0,0,0,0,0,0,0,0,0,
Autoconfig,4,2,2,0,0,2,2,0,0,0,0,0,0,0,0,0,0,0,0,0,0,0,0,0,0,
Automatic,1,0,1,0,0,0,1,0,0,0,0,0,0,0,0,0,0,0,0,0,0,0,0,0,0,
autostart,11,11,0,0,1,11,0,0,0,0,0,0,0,0,0,0,0,0,0,0,0,0,0,0,0,
Autostarts,3,0,0,3,0,0,0,0,0,1,2,0,0,0,0,0,0,0,0,0,0,0,0,0,0,
Auxiliary,1,0,0,1,0,0,1,0,0,0,0,0,0,0,0,0,0,0,0,0,0,0,0,0,0,
Available,9,0,6,3,0,0,6,0,1,2,0,0,0,0,0,0,0,0,0,0,0,0,0,0,0,
back,6,4,2,0,3,4,2,0,0,0,0,0,0,0,0,0,0,0,0,0,0,0,0,0,0,
back2,1,1,0,0,1,1,0,0,0,0,0,0,0,0,0,0,0,0,0,0,0,0,0,0,0,
Backend,7,5,0,2,0,5,2,0,0,0,0,0,0,0,0,0,0,0,0,0,0,0,0,0,0,
Backslash,1,0,1,0,0,0,0,1,0,0,0,0,0,0,0,0,0,0,0,0,0,0,0,0,0,
Backspace,1,0,0,1,0,0,0,1,0,0,0,0,0,0,0,0,0,0,0,0,0,0,0,0,0,
bad,1,1,0,0,0,1,0,0,0,0,0,0,0,0,0,0,0,0,0,0,0,0,0,0,0,
Based,9,0,9,0,0,0,7,2,0,0,0,0,0,0,0,0,0,0,0,0,0,0,0,0,0,
Basic,1,1,0,0,0,1,0,0,0,0,0,0,0,0,0,0,0,0,0,0,0,0,0,0,0,
Be,21,0,21,0,0,0,1,17,3,0,0,0,0,0,0,0,0,0,0,0,0,0,0,0,0,
Because,2,0,2,0,0,0,0,2,0,0,0,0,0,0,0,0,0,0,0,0,0,0,0,0,0,
before,24,24,0,0,0,24,0,0,0,0,0,0,0,0,0,0,0,0,0,0,0,0,0,0,0,
Bigger,1,0,1,0,0,0,0,0,1,0,0,0,0,0,0,0,0,0,0,0,0,0,0,0,0,
Binaries,2,0,0,2,0,0,0,2,0,0,0,0,0,0,0,0,0,0,0,0,0,0,0,0,0,
Binary,30,9,13,8,0,9,17,1,1,2,0,0,0,0,0,0,0,0,0,0,0,0,0,0,0,
bind,2,2,0,0,0,2,0,0,0,0,0,0,0,0,0,0,0,0,0,0,0,0,0,0,0,
Bit,5,0,1,4,0,0,0,0,0,5,0,0,0,0,0,0,0,0,0,0,0,0,0,0,0,
Blank,6,0,0,6,0,0,6,0,0,0,0,0,0,0,0,0,0,0,0,0,0,0,0,0,0,
Block,1,0,0,1,0,0,1,0,0,0,0,0,0,0,0,0,0,0,0,0,0,0,0,0,0,
Blow,1,0,1,0,0,0,0,0,1,0,0,0,0,0,0,0,0,0,0,0,0,0,0,0,0,
Blue,14,0,8,6,0,0,8,4,2,0,0,0,0,0,0,0,0,0,0,0,0,0,0,0,0,
Bogus,1,0,0,1,0,0,0,1,0,0,0,0,0,0,0,0,0,0,0,0,0,0,0,0,0,
Bold,5,0,0,5,0,0,5,0,0,0,0,0,0,0,0,0,0,0,0,0,0,0,0,0,0,
Boolean,14,0,0,14,0,0,5,2,6,0,1,0,0,0,0,0,0,0,0,0,0,0,0,0,0,
Booleans,1,0,1,0,0,0,0,0,1,0,0,0,0,0,0,0,0,0,0,0,0,0,0,0,0,
Boolesque,2,0,0,2,0,0,2,0,0,0,0,0,0,0,0,0,0,0,0,0,0,0,0,0,0,
Border,1,0,0,1,0,0,0,0,0,0,0,1,0,0,0,0,0,0,0,0,0,0,0,0,0,
Box,38,0,38,0,0,0,36,2,0,0,0,0,0,0,0,0,0,0,0,0,0,0,0,0,0,
Breakpoint,8,0,8,0,0,0,8,0,0,0,0,0,0,0,0,0,0,0,0,0,0,0,0,0,0,
Browser,13,1,8,4,0,1,2,0,3,6,0,0,1,0,0,0,0,0,0,0,0,0,0,0,0,
build,75,75,0,0,20,75,0,0,0,0,0,0,0,0,0,0,0,0,0,0,0,0,0,0,0,
Builder,452,26,140,286,22,26,51,25,143,171,36,0,0,0,0,0,0,0,0,0,0,0,0,0,0,
But,1,0,1,0,0,0,0,0,1,0,0,0,0,0,0,0,0,0,0,0,0,0,0,0,0,
Button,12,0,5,7,0,0,12,0,0,0,0,0,0,0,0,0,0,0,0,0,0,0,0,0,0,
By,64,0,64,0,0,0,7,24,11,18,2,0,1,0,0,1,0,0,0,0,0,0,0,0,0,
Byte,3,0,1,2,0,0,1,1,1,0,0,0,0,0,0,0,0,0,0,0,0,0,0,0,0,
Bytes,135,0,0,135,0,0,0,84,48,3,0,0,0,0,0,0,0,0,0,0,0,0,0,0,0,
Cache,4,1,2,1,0,1,2,1,0,0,0,0,0,0,0,0,0,0,0,0,0,0,0,0,0,
call,12,11,0,1,6,11,0,1,0,0,0,0,0,0,0,0,0,0,0,0,0,0,0,0,0,
Callable,12,0,0,12,0,0,0,12,0,0,0,0,0,0,0,0,0,0,0,0,0,0,0,0,0,
Callback,1,1,0,0,0,1,0,0,0,0,0,0,0,0,0,0,0,0,0,0,0,0,0,0,0,
calling,1,1,0,0,0,1,0,0,0,0,0,0,0,0,0,0,0,0,0,0,0,0,0,0,0,
Can,27,6,21,0,0,6,18,3,0,0,0,0,0,0,0,0,0,0,0,0,0,0,0,0,0,
cannot,2,2,0,0,0,2,0,0,0,0,0,0,0,0,0,0,0,0,0,0,0,0,0,0,0,
Canvas,3,1,0,2,1,1,1,1,0,0,0,0,0,0,0,0,0,0,0,0,0,0,0,0,0,
Canvases,2,0,1,1,0,0,0,2,0,0,0,0,0,0,0,0,0,0,0,0,0,0,0,0,0,
Capabilities,7,1,2,4,0,1,4,0,0,1,0,0,1,0,0,0,0,0,0,0,0,0,0,0,0,
Capability,4,2,0,2,1,2,2,0,0,0,0,0,0,0,0,0,0,0,0,0,0,0,0,0,0,
Capitals,1,0,0,1,0,0,0,1,0,0,0,0,0,0,0,0,0,0,0,0,0,0,0,0,0,
Capture,10,7,2,1,0,7,3,0,0,0,0,0,0,0,0,0,0,0,0,0,0,0,0,0,0,
Case,10,0,4,6,0,0,1,3,1,2,0,0,3,0,0,0,0,0,0,0,0,0,0,0,0,
Casing,1,0,0,1,0,0,0,0,1,0,0,0,0,0,0,0,0,0,0,0,0,0,0,0,0,
Center,1,0,1,0,0,0,1,0,0,0,0,0,0,0,0,0,0,0,0,0,0,0,0,0,0,
Chain,16,0,16,0,0,0,1,14,1,0,0,0,0,0,0,0,0,0,0,0,0,0,0,0,0,
Change,4,2,1,1,0,2,1,0,1,0,0,0,0,0,0,0,0,0,0,0,0,0,0,0,0,
Changed,7,0,0,7,0,0,0,1,0,5,1,0,0,0,0,0,0,0,0,0,0,0,0,0,0,
Changes,1,0,0,1,0,0,1,0,0,0,0,0,0,0,0,0,0,0,0,0,0,0,0,0,0,
char,3,3,0,0,0,3,0,0,0,0,0,0,0,0,0,0,0,0,0,0,0,0,0,0,0,
Character,2,0,0,2,0,0,1,1,0,0,0,0,0,0,0,0,0,0,0,0,0,0,0,0,0,
Charset,10,0,2,8,0,0,10,0,0,0,0,0,0,0,0,0,0,0,0,0,0,0,0,0,0,
check,4,4,0,0,0,4,0,0,0,0,0,0,0,0,0,0,0,0,0,0,0,0,0,0,0,
Checked,5,0,0,5,0,0,5,0,0,0,0,0,0,0,0,0,0,0,0,0,0,0,0,0,0,
Child,1,0,0,1,0,0,1,0,0,0,0,0,0,0,0,0,0,0,0,0,0,0,0,0,0,
Children,8,0,8,0,0,0,8,0,0,0,0,0,0,0,0,0,0,0,0,0,0,0,0,0,0,
Class,39,0,28,11,0,0,26,10,3,0,0,0,0,0,0,0,0,0,0,0,0,0,0,0,0,
clean,6,6,0,0,0,6,0,0,0,0,0,0,0,0,0,0,0,0,0,0,0,0,0,0,0,
clear,480,461,15,4,23,461,18,1,0,0,0,0,0,0,0,0,0,0,0,0,0,0,0,0,0,
Clears,1,0,1,0,0,0,0,0,0,1,0,0,0,0,0,0,0,0,0,0,0,0,0,0,0,
Click,22,8,4,10,6,8,12,1,1,0,0,0,0,0,0,0,0,0,0,0,0,0,0,0,0,
clicking,1,1,0,0,0,1,0,0,0,0,0,0,0,0,0,0,0,0,0,0,0,0,0,0,0,
Clicks,7,0,0,7,0,0,3,4,0,0,0,0,0,0,0,0,0,0,0,0,0,0,0,0,0,
clone,17,17,0,0,17,17,0,0,0,0,0,0,0,0,0,0,0,0,0,0,0,0,0,0,0,
close,13,12,0,1,4,12,0,0,1,0,0,0,0,0,0,0,0,0,0,0,0,0,0,0,0,
Closed,15,0,0,15,0,0,0,3,9,3,0,0,0,0,0,0,0,0,0,0,0,0,0,0,0,
Closes,1,0,1,0,0,0,1,0,0,0,0,0,0,0,0,0,0,0,0,0,0,0,0,0,0,
Closing,2,0,2,0,0,0,1,1,0,0,0,0,0,0,0,0,0,0,0,0,0,0,0,0,0,
Code,5,0,0,5,0,0,3,0,0,1,1,0,0,0,0,0,0,0,0,0,0,0,0,0,0,
Col,4,0,0,4,0,0,4,0,0,0,0,0,0,0,0,0,0,0,0,0,0,0,0,0,0,
Colon,1,0,0,1,0,0,0,0,0,1,0,0,0,0,0,0,0,0,0,0,0,0,0,0,0,
Color,64,1,33,30,0,1,34,27,2,0,0,0,0,0,0,0,0,0,0,0,0,0,0,0,0,
Colors,1,0,0,1,0,0,1,0,0,0,0,0,0,0,0,0,0,0,0,0,0,0,0,0,0,
Colour,1,0,0,1,0,0,1,0,0,0,0,0,0,0,0,0,0,0,0,0,0,0,0,0,0,
Column,5,0,0,5,0,0,5,0,0,0,0,0,0,0,0,0,0,0,0,0,0,0,0,0,0,
Command,20,0,19,1,0,0,19,1,0,0,0,0,0,0,0,0,0,0,0,0,0,0,0,0,0,
Commands,1,0,0,1,0,0,1,0,0,0,0,0,0,0,0,0,0,0,0,0,0,0,0,0,0,
Common,2,0,2,0,0,0,2,0,0,0,0,0,0,0,0,0,0,0,0,0,0,0,0,0,0,
Communication,8,1,7,0,0,1,0,0,0,0,0,0,3,4,0,0,0,0,0,0,0,0,0,0,0,
compare,1,1,0,0,1,1,0,0,0,0,0,0,0,0,0,0,0,0,0,0,0,0,0,0,0,
Complete,4,0,0,4,0,0,0,0,0,4,0,0,0,0,0,0,0,0,0,0,0,0,0,0,0,
Complex,1,0,1,0,0,0,0,1,0,0,0,0,0,0,0,0,0,0,0,0,0,0,0,0,0,
Computed,16,0,16,0,0,0,14,2,0,0,0,0,0,0,0,0,0,0,0,0,0,0,0,0,0,
Config,1,0,0,1,0,0,0,0,0,1,0,0,0,0,0,0,0,0,0,0,0,0,0,0,0,
Configuration,5,0,1,4,0,0,5,0,0,0,0,0,0,0,0,0,0,0,0,0,0,0,0,0,0,
configure,1,1,0,0,0,1,0,0,0,0,0,0,0,0,0,0,0,0,0,0,0,0,0,0,0,
connect,1,1,0,0,1,1,0,0,0,0,0,0,0,0,0,0,0,0,0,0,0,0,0,0,0,
Connected,5,0,0,5,0,0,4,1,0,0,0,0,0,0,0,0,0,0,0,0,0,0,0,0,0,
Connection,4,0,1,3,0,0,3,0,1,0,0,0,0,0,0,0,0,0,0,0,0,0,0,0,0,
Console,24,2,21,1,0,2,21,1,0,0,0,0,0,0,0,0,0,0,0,0,0,0,0,0,0,
construct,3,3,0,0,0,3,0,0,0,0,0,0,0,0,0,0,0,0,0,0,0,0,0,0,0,
Constructing,3,0,3,0,0,0,3,0,0,0,0,0,0,0,0,0,0,0,0,0,0,0,0,0,0,
construction,28,18,8,2,5,18,8,1,0,1,0,0,0,0,0,0,0,0,0,0,0,0,0,0,0,
constructor,4,3,0,1,1,3,0,0,1,0,0,0,0,0,0,0,0,0,0,0,0,0,0,0,0,
Contain,1,0,1,0,0,0,0,0,1,0,0,0,0,0,0,0,0,0,0,0,0,0,0,0,0,
contains,7,6,1,0,1,6,1,0,0,0,0,0,0,0,0,0,0,0,0,0,0,0,0,0,0,
Content,1,0,0,1,0,0,1,0,0,0,0,0,0,0,0,0,0,0,0,0,0,0,0,0,0,
context,17,2,3,12,0,2,15,0,0,0,0,0,0,0,0,0,0,0,0,0,0,0,0,0,0,
Control,5,0,2,3,0,0,1,3,0,1,0,0,0,0,0,0,0,0,0,0,0,0,0,0,0,
convert,3,3,0,0,1,3,0,0,0,0,0,0,0,0,0,0,0,0,0,0,0,0,0,0,0,
Converted,2,0,2,0,0,0,0,1,0,0,1,0,0,0,0,0,0,0,0,0,0,0,0,0,0,
Converter,1,0,0,1,0,0,0,1,0,0,0,0,0,0,0,0,0,0,0,0,0,0,0,0,0,
Converts,5,0,5,0,0,0,0,5,0,0,0,0,0,0,0,0,0,0,0,0,0,0,0,0,0,
Cookie,31,1,26,4,0,1,24,6,0,0,0,0,0,0,0,0,0,0,0,0,0,0,0,0,0,
Cookies,13,0,5,8,0,0,1,12,0,0,0,0,0,0,0,0,0,0,0,0,0,0,0,0,0,
Coordinates,1,0,0,1,0,0,1,0,0,0,0,0,0,0,0,0,0,0,0,0,0,0,0,0,0,
copy,6,2,2,2,0,2,4,0,0,0,0,0,0,0,0,0,0,0,0,0,0,0,0,0,0,
Core,25,1,16,8,0,1,18,0,2,1,0,0,3,0,0,0,0,0,0,0,0,0,0,0,0,
Core32224,1,0,0,1,0,0,1,0,0,0,0,0,0,0,0,0,0,0,0,0,0,0,0,0,0,
Core34284,1,0,0,1,0,0,1,0,0,0,0,0,0,0,0,0,0,0,0,0,0,0,0,0,0,
Correct,2,0,0,2,0,0,0,1,0,1,0,0,0,0,0,0,0,0,0,0,0,0,0,0,0,
Correctly,1,0,1,0,0,0,0,1,0,0,0,0,0,0,0,0,0,0,0,0,0,0,0,0,0,
Count,98,0,0,98,0,0,6,6,64,22,0,0,0,0,0,0,0,0,0,0,0,0,0,0,0,
Counters,1,0,0,1,0,0,1,0,0,0,0,0,0,0,0,0,0,0,0,0,0,0,0,0,0,
CR,1,0,0,1,0,0,1,0,0,0,0,0,0,0,0,0,0,0,0,0,0,0,0,0,0,
Crashed,7,0,2,5,0,0,2,5,0,0,0,0,0,0,0,0,0,0,0,0,0,0,0,0,0,
Crashlog,9,0,1,8,0,0,4,4,0,1,0,0,0,0,0,0,0,0,0,0,0,0,0,0,0,
create,39,34,1,4,17,34,5,0,0,0,0,0,0,0,0,0,0,0,0,0,0,0,0,0,0,
Created,1,0,0,1,0,0,0,1,0,0,0,0,0,0,0,0,0,0,0,0,0,0,0,0,0,
Css,7,0,7,0,0,0,4,3,0,0,0,0,0,0,0,0,0,0,0,0,0,0,0,0,0,
Current,8,3,4,1,0,3,4,0,0,0,0,1,0,0,0,0,0,0,0,0,0,0,0,0,0,
Custom,3,0,3,0,0,0,2,0,0,0,0,0,1,0,0,0,0,0,0,0,0,0,0,0,0,
Dash,1,0,1,0,0,0,0,0,1,0,0,0,0,0,0,0,0,0,0,0,0,0,0,0,0,
Dat,1,0,0,1,0,0,0,0,0,1,0,0,0,0,0,0,0,0,0,0,0,0,0,0,0,
Data,37,1,10,26,0,1,16,20,0,0,0,0,0,0,0,0,0,0,0,0,0,0,0,0,0,
debug,4,1,3,0,0,1,3,0,0,0,0,0,0,0,0,0,0,0,0,0,0,0,0,0,0,
Debugger,13,0,9,4,0,0,4,1,8,0,0,0,0,0,0,0,0,0,0,0,0,0,0,0,0,
Debugger6,1,0,0,1,0,0,0,1,0,0,0,0,0,0,0,0,0,0,0,0,0,0,0,0,0,
Decimal,1,0,1,0,0,0,0,0,0,1,0,0,0,0,0,0,0,0,0,0,0,0,0,0,0,
default,99,2,80,17,0,2,49,17,5,6,9,8,2,1,0,0,0,0,0,0,0,0,0,0,0,
defaults,1,1,0,0,0,1,0,0,0,0,0,0,0,0,0,0,0,0,0,0,0,0,0,0,0,
delay,1,1,0,0,0,1,0,0,0,0,0,0,0,0,0,0,0,0,0,0,0,0,0,0,0,
delete,7,6,0,1,0,6,0,1,0,0,0,0,0,0,0,0,0,0,0,0,0,0,0,0,0,
Delimited,17,0,17,0,0,0,17,0,0,0,0,0,0,0,0,0,0,0,0,0,0,0,0,0,0,
depress,1,1,0,0,0,1,0,0,0,0,0,0,0,0,0,0,0,0,0,0,0,0,0,0,0,
Depth,8,0,0,8,0,0,8,0,0,0,0,0,0,0,0,0,0,0,0,0,0,0,0,0,0,
dereference,2,2,0,0,1,2,0,0,0,0,0,0,0,0,0,0,0,0,0,0,0,0,0,0,0,
describe,1,1,0,0,0,1,0,0,0,0,0,0,0,0,0,0,0,0,0,0,0,0,0,0,0,
Description,26,0,6,20,0,0,26,0,0,0,0,0,0,0,0,0,0,0,0,0,0,0,0,0,0,
Descriptor,44,0,17,27,0,0,36,8,0,0,0,0,0,0,0,0,0,0,0,0,0,0,0,0,0,
Descriptors,18,0,0,18,0,0,18,0,0,0,0,0,0,0,0,0,0,0,0,0,0,0,0,0,0,
Deserializes,2,0,2,0,0,0,0,2,0,0,0,0,0,0,0,0,0,0,0,0,0,0,0,0,0,
Desktop,60,4,52,4,0,4,33,18,3,1,0,0,0,1,0,0,0,0,0,0,0,0,0,0,0,
Detach,10,8,0,2,0,8,2,0,0,0,0,0,0,0,0,0,0,0,0,0,0,0,0,0,0,
detect,6,6,0,0,1,6,0,0,0,0,0,0,0,0,0,0,0,0,0,0,0,0,0,0,0,
determine,15,15,0,0,0,15,0,0,0,0,0,0,0,0,0,0,0,0,0,0,0,0,0,0,0,
Device,5,0,1,4,0,0,5,0,0,0,0,0,0,0,0,0,0,0,0,0,0,0,0,0,0,
Devices,1,0,0,1,0,0,1,0,0,0,0,0,0,0,0,0,0,0,0,0,0,0,0,0,0,
Different,2,0,2,0,0,0,2,0,0,0,0,0,0,0,0,0,0,0,0,0,0,0,0,0,0,
digest,1,1,0,0,1,1,0,0,0,0,0,0,0,0,0,0,0,0,0,0,0,0,0,0,0,
Dir,1,0,1,0,0,0,1,0,0,0,0,0,0,0,0,0,0,0,0,0,0,0,0,0,0,
Direct,1,0,1,0,0,0,1,0,0,0,0,0,0,0,0,0,0,0,0,0,0,0,0,0,0,
Directory,8,0,1,7,0,0,1,5,0,0,2,0,0,0,0,0,0,0,0,0,0,0,0,0,0,
Disabled,13,0,2,11,0,0,2,9,0,0,0,1,1,0,0,0,0,0,0,0,0,0,0,0,0,
Disconnect,1,0,0,1,0,0,1,0,0,0,0,0,0,0,0,0,0,0,0,0,0,0,0,0,0,
Disconnected,3,0,0,3,0,0,1,0,1,0,1,0,0,0,0,0,0,0,0,0,0,0,0,0,0,
Display,9,7,0,2,0,7,2,0,0,0,0,0,0,0,0,0,0,0,0,0,0,0,0,0,0,
Displayed,5,0,0,5,0,0,1,4,0,0,0,0,0,0,0,0,0,0,0,0,0,0,0,0,0,
Does,5,0,5,0,0,0,3,2,0,0,0,0,0,0,0,0,0,0,0,0,0,0,0,0,0,
DOM,1,0,0,1,0,0,0,0,1,0,0,0,0,0,0,0,0,0,0,0,0,0,0,0,0,
Domain,10,0,1,9,0,0,5,0,0,5,0,0,0,0,0,0,0,0,0,0,0,0,0,0,0,
Done,4,0,0,4,0,0,1,3,0,0,0,0,0,0,0,0,0,0,0,0,0,0,0,0,0,
Double,8,4,3,1,0,4,2,2,0,0,0,0,0,0,0,0,0,0,0,0,0,0,0,0,0,
Down,12,1,2,9,1,1,9,1,1,0,0,0,0,0,0,0,0,0,0,0,0,0,0,0,0,
downs,1,1,0,0,1,1,0,0,0,0,0,0,0,0,0,0,0,0,0,0,0,0,0,0,0,
drag,1,1,0,0,0,1,0,0,0,0,0,0,0,0,0,0,0,0,0,0,0,0,0,0,0,
Driver,53,1,27,25,0,1,18,21,10,0,0,0,1,0,2,0,0,0,0,0,0,0,0,0,0,
Drop,3,1,2,0,0,1,1,1,0,0,0,0,0,0,0,0,0,0,0,0,0,0,0,0,0,
Due,2,0,2,0,0,0,0,2,0,0,0,0,0,0,0,0,0,0,0,0,0,0,0,0,0,
dump,1,1,0,0,1,1,0,0,0,0,0,0,0,0,0,0,0,0,0,0,0,0,0,0,0,
During,1,0,1,0,0,0,0,0,1,0,0,0,0,0,0,0,0,0,0,0,0,0,0,0,0,
Each,31,0,0,31,0,0,31,0,0,0,0,0,0,0,0,0,0,0,0,0,0,0,0,0,0,
Ecmascript,12,5,6,1,0,5,7,0,0,0,0,0,0,0,0,0,0,0,0,0,0,0,0,0,0,
Elapsed,4,0,0,4,0,0,4,0,0,0,0,0,0,0,0,0,0,0,0,0,0,0,0,0,0,
Element,29,0,20,9,0,0,20,8,0,1,0,0,0,0,0,0,0,0,0,0,0,0,0,0,0,
Elements,22,2,12,8,0,2,14,5,1,0,0,0,0,0,0,0,0,0,0,0,0,0,0,0,0,
Else,3,0,3,0,0,0,1,0,0,2,0,0,0,0,0,0,0,0,0,0,0,0,0,0,0,
Empty,10,0,7,3,0,0,4,2,1,0,1,0,1,1,0,0,0,0,0,0,0,0,0,0,0,
emulate,1,1,0,0,1,1,0,0,0,0,0,0,0,0,0,0,0,0,0,0,0,0,0,0,0,
Emulation,1,0,1,0,0,0,1,0,0,0,0,0,0,0,0,0,0,0,0,0,0,0,0,0,0,
En,1,0,1,0,0,0,0,0,0,1,0,0,0,0,0,0,0,0,0,0,0,0,0,0,0,
enable,5,3,1,1,1,3,2,0,0,0,0,0,0,0,0,0,0,0,0,0,0,0,0,0,0,
Enabled,20,0,1,19,0,0,14,6,0,0,0,0,0,0,0,0,0,0,0,0,0,0,0,0,0,
Encapsulation,1,0,0,1,0,0,1,0,0,0,0,0,0,0,0,0,0,0,0,0,0,0,0,0,0,
encode,1,1,0,0,0,1,0,0,0,0,0,0,0,0,0,0,0,0,0,0,0,0,0,0,0,
ensure,83,83,0,0,0,83,0,0,0,0,0,0,0,0,0,0,0,0,0,0,0,0,0,0,0,
Enter,4,1,1,2,0,1,3,0,0,0,0,0,0,0,0,0,0,0,0,0,0,0,0,0,0,
Entries,3,0,1,2,0,0,0,0,3,0,0,0,0,0,0,0,0,0,0,0,0,0,0,0,0,
entry,2,1,0,1,0,1,1,0,0,0,0,0,0,0,0,0,0,0,0,0,0,0,0,0,0,
Enum,5,0,5,0,0,0,5,0,0,0,0,0,0,0,0,0,0,0,0,0,0,0,0,0,0,
Environment,10,0,3,7,0,0,6,1,1,1,0,1,0,0,0,0,0,0,0,0,0,0,0,0,0,
Environmental,6,3,3,0,0,3,0,2,1,0,0,0,0,0,0,0,0,0,0,0,0,0,0,0,0,
equality,8,8,0,0,1,8,0,0,0,0,0,0,0,0,0,0,0,0,0,0,0,0,0,0,0,
equals,8,7,0,1,7,7,0,0,1,0,0,0,0,0,0,0,0,0,0,0,0,0,0,0,0,
Error,9,0,0,9,0,0,1,0,8,0,0,0,0,0,0,0,0,0,0,0,0,0,0,0,0,
escape,2,2,0,0,0,2,0,0,0,0,0,0,0,0,0,0,0,0,0,0,0,0,0,0,0,
Escapes,2,0,2,0,0,0,2,0,0,0,0,0,0,0,0,0,0,0,0,0,0,0,0,0,0,
Eval,11,2,7,2,2,2,9,0,0,0,0,0,0,0,0,0,0,0,0,0,0,0,0,0,0,
evaluate,2,2,0,0,1,2,0,0,0,0,0,0,0,0,0,0,0,0,0,0,0,0,0,0,0,
Event,42,0,38,4,0,0,41,1,0,0,0,0,0,0,0,0,0,0,0,0,0,0,0,0,0,
Events,2,0,0,2,0,0,0,1,1,0,0,0,0,0,0,0,0,0,0,0,0,0,0,0,0,
Every,1,0,0,1,0,0,1,0,0,0,0,0,0,0,0,0,0,0,0,0,0,0,0,0,0,
Everything,1,0,1,0,0,0,0,0,1,0,0,0,0,0,0,0,0,0,0,0,0,0,0,0,0,
Examine,16,8,8,0,0,8,8,0,0,0,0,0,0,0,0,0,0,0,0,0,0,0,0,0,0,
Exception,27,1,1,25,0,1,6,2,10,0,0,1,0,3,4,0,0,0,0,0,0,0,0,0,0,
Exclude,21,0,21,0,0,0,19,2,0,0,0,0,0,0,0,0,0,0,0,0,0,0,0,0,0,
Exec,5,1,1,3,0,1,4,0,0,0,0,0,0,0,0,0,0,0,0,0,0,0,0,0,0,
Executable,3,1,1,1,0,1,1,0,1,0,0,0,0,0,0,0,0,0,0,0,0,0,0,0,0,
execute,21,20,1,0,1,20,0,0,0,1,0,0,0,0,0,0,0,0,0,0,0,0,0,0,0,
Executor,4,0,0,4,0,0,4,0,0,0,0,0,0,0,0,0,0,0,0,0,0,0,0,0,0,
Existing,5,0,5,0,0,0,1,1,2,0,1,0,0,0,0,0,0,0,0,0,0,0,0,0,0,
Exitcode,4,0,0,4,0,0,4,0,0,0,0,0,0,0,0,0,0,0,0,0,0,0,0,0,0,
expects,1,1,0,0,0,1,0,0,0,0,0,0,0,0,0,0,0,0,0,0,0,0,0,0,0,
Expires,4,0,0,4,0,0,4,0,0,0,0,0,0,0,0,0,0,0,0,0,0,0,0,0,0,
Extension,8,0,6,2,0,0,8,0,0,0,0,0,0,0,0,0,0,0,0,0,0,0,0,0,0,
Extensions,3,0,0,3,0,0,1,2,0,0,0,0,0,0,0,0,0,0,0,0,0,0,0,0,0,
extract,2,2,0,0,0,2,0,0,0,0,0,0,0,0,0,0,0,0,0,0,0,0,0,0,0,
F1,1,0,0,1,0,0,0,0,0,1,0,0,0,0,0,0,0,0,0,0,0,0,0,0,0,
F2,1,0,0,1,0,0,0,0,0,1,0,0,0,0,0,0,0,0,0,0,0,0,0,0,0,
F3,1,0,0,1,0,0,0,0,0,1,0,0,0,0,0,0,0,0,0,0,0,0,0,0,0,
F4,1,0,0,1,0,0,0,0,0,1,0,0,0,0,0,0,0,0,0,0,0,0,0,0,0,
F5,1,0,0,1,0,0,0,1,0,0,0,0,0,0,0,0,0,0,0,0,0,0,0,0,0,
fake,1,1,0,0,0,1,0,0,0,0,0,0,0,0,0,0,0,0,0,0,0,0,0,0,0,
False,12,0,9,3,0,0,0,3,8,1,0,0,0,0,0,0,0,0,0,0,0,0,0,0,0,
Falsy,1,0,0,1,0,0,1,0,0,0,0,0,0,0,0,0,0,0,0,0,0,0,0,0,0,
Field,98,0,98,0,0,0,14,25,47,12,0,0,0,0,0,0,0,0,0,0,0,0,0,0,0,
Fields,18,0,0,18,0,0,18,0,0,0,0,0,0,0,0,0,0,0,0,0,0,0,0,0,0,
File,30,1,17,12,0,1,17,6,3,3,0,0,0,0,0,0,0,0,0,0,0,0,0,0,0,
Filename,5,0,1,4,0,0,5,0,0,0,0,0,0,0,0,0,0,0,0,0,0,0,0,0,0,
Files,3,0,2,1,0,0,2,0,1,0,0,0,0,0,0,0,0,0,0,0,0,0,0,0,0,
Fill,8,0,8,0,0,0,8,0,0,0,0,0,0,0,0,0,0,0,0,0,0,0,0,0,0,
Filled,1,0,1,0,0,0,0,0,0,0,0,1,0,0,0,0,0,0,0,0,0,0,0,0,0,
Filter,19,2,7,10,0,2,5,12,0,0,0,0,0,0,0,0,0,0,0,0,0,0,0,0,0,
finalize,3,3,0,0,3,3,0,0,0,0,0,0,0,0,0,0,0,0,0,0,0,0,0,0,0,
find,54,52,2,0,3,52,0,1,0,0,0,0,0,1,0,0,0,0,0,0,0,0,0,0,0,
Finds,1,0,1,0,0,0,1,0,0,0,0,0,0,0,0,0,0,0,0,0,0,0,0,0,0,
Finer,1,0,0,1,0,0,0,0,0,1,0,0,0,0,0,0,0,0,0,0,0,0,0,0,0,
Flag,1,0,0,1,0,0,0,0,0,1,0,0,0,0,0,0,0,0,0,0,0,0,0,0,0,
Flags,3,0,1,2,0,0,1,1,0,1,0,0,0,0,0,0,0,0,0,0,0,0,0,0,0,
flash,1,1,0,0,1,1,0,0,0,0,0,0,0,0,0,0,0,0,0,0,0,0,0,0,0,
flick,1,1,0,0,1,1,0,0,0,0,0,0,0,0,0,0,0,0,0,0,0,0,0,0,0,
Focus,2,0,1,1,0,0,1,1,0,0,0,0,0,0,0,0,0,0,0,0,0,0,0,0,0,
Focused,5,0,5,0,0,0,5,0,0,0,0,0,0,0,0,0,0,0,0,0,0,0,0,0,0,
Folder,2,0,0,2,0,0,2,0,0,0,0,0,0,0,0,0,0,0,0,0,0,0,0,0,0,
For,100,0,94,6,0,0,44,37,17,2,0,0,0,0,0,0,0,0,0,0,0,0,0,0,0,
Force,17,0,17,0,0,0,17,0,0,0,0,0,0,0,0,0,0,0,0,0,0,0,0,0,0,
Form,7,0,2,5,0,0,2,0,5,0,0,0,0,0,0,0,0,0,0,0,0,0,0,0,0,
Format,15,1,2,12,1,1,14,0,0,0,0,0,0,0,0,0,0,0,0,0,0,0,0,0,0,
forward,4,4,0,0,3,4,0,0,0,0,0,0,0,0,0,0,0,0,0,0,0,0,0,0,0,
Found,1,0,1,0,0,0,0,1,0,0,0,0,0,0,0,0,0,0,0,0,0,0,0,0,0,
Four,1,0,1,0,0,0,0,0,0,1,0,0,0,0,0,0,0,0,0,0,0,0,0,0,0,
Frame,87,3,82,2,1,3,63,20,0,1,0,0,0,0,0,0,0,0,0,0,0,0,0,0,0,
Frames,10,0,0,10,0,0,1,9,0,0,0,0,0,0,0,0,0,0,0,0,0,0,0,0,0,
Fresh,2,0,2,0,0,0,2,0,0,0,0,0,0,0,0,0,0,0,0,0,0,0,0,0,0,
From,61,7,3,51,0,7,36,18,0,0,0,0,0,0,0,0,0,0,0,0,0,0,0,0,0,
Ftp,4,2,2,0,0,2,2,0,0,0,0,0,0,0,0,0,0,0,0,0,0,0,0,0,0,
Full,4,1,3,0,0,1,3,0,0,0,0,0,0,0,0,0,0,0,0,0,0,0,0,0,0,
Function,26,0,22,4,0,0,22,4,0,0,0,0,0,0,0,0,0,0,0,0,0,0,0,0,0,
gc,10,1,1,8,1,1,1,0,8,0,0,0,0,0,0,0,0,0,0,0,0,0,0,0,0,
Generic,2,1,1,0,0,1,0,0,0,0,1,0,0,0,0,0,0,0,0,0,0,0,0,0,0,
Geometry,1,0,1,0,0,0,0,1,0,0,0,0,0,0,0,0,0,0,0,0,0,0,0,0,0,
get,1579,1530,48,1,31,1530,49,0,0,0,0,0,0,0,0,0,0,0,0,0,0,0,0,0,0,
getting,2,1,1,0,0,1,1,0,0,0,0,0,0,0,0,0,0,0,0,0,0,0,0,0,0,
Gogi,1,0,0,1,0,0,0,0,0,0,1,0,0,0,0,0,0,0,0,0,0,0,0,0,0,
Good,1,0,0,1,0,0,0,1,0,0,0,0,0,0,0,0,0,0,0,0,0,0,0,0,0,
Green,14,0,8,6,0,0,8,4,2,0,0,0,0,0,0,0,0,0,0,0,0,0,0,0,0,
Grid,8,0,8,0,0,0,8,0,0,0,0,0,0,0,0,0,0,0,0,0,0,0,0,0,0,
Group,18,0,17,1,0,0,16,2,0,0,0,0,0,0,0,0,0,0,0,0,0,0,0,0,0,
Groupname,5,0,1,4,0,0,5,0,0,0,0,0,0,0,0,0,0,0,0,0,0,0,0,0,0,
Groups,3,0,0,3,0,0,0,2,1,0,0,0,0,0,0,0,0,0,0,0,0,0,0,0,0,
H,4,0,0,4,0,0,4,0,0,0,0,0,0,0,0,0,0,0,0,0,0,0,0,0,0,
hand,2,2,0,0,0,2,0,0,0,0,0,0,0,0,0,0,0,0,0,0,0,0,0,0,0,
Handle,6,4,1,1,0,4,0,2,0,0,0,0,0,0,0,0,0,0,0,0,0,0,0,0,0,
Handler,22,0,8,14,0,0,9,3,9,1,0,0,0,0,0,0,0,0,0,0,0,0,0,0,0,
Handles,2,0,0,2,0,0,0,2,0,0,0,0,0,0,0,0,0,0,0,0,0,0,0,0,0,
Handshake,4,0,0,4,0,0,2,2,0,0,0,0,0,0,0,0,0,0,0,0,0,0,0,0,0,
has,379,361,18,0,0,361,12,5,0,1,0,0,0,0,0,0,0,0,0,0,0,0,0,0,0,
hash,6,4,1,1,1,4,1,1,0,0,0,0,0,0,0,0,0,0,0,0,0,0,0,0,0,
hashes,1,1,0,0,0,1,0,0,0,0,0,0,0,0,0,0,0,0,0,0,0,0,0,0,0,
Header,6,0,1,5,0,0,5,1,0,0,0,0,0,0,0,0,0,0,0,0,0,0,0,0,0,
Height,13,0,0,13,0,0,12,1,0,0,0,0,0,0,0,0,0,0,0,0,0,0,0,0,0,
Hierarchical,1,0,1,0,0,0,0,1,0,0,0,0,0,0,0,0,0,0,0,0,0,0,0,0,0,
High,21,0,9,12,0,0,6,15,0,0,0,0,0,0,0,0,0,0,0,0,0,0,0,0,0,
Hold,2,0,2,0,0,0,2,0,0,0,0,0,0,0,0,0,0,0,0,0,0,0,0,0,0,
Home,1,0,0,1,0,0,0,1,0,0,0,0,0,0,0,0,0,0,0,0,0,0,0,0,0,
Host,14,8,3,3,0,8,5,1,0,0,0,0,0,0,0,0,0,0,0,0,0,0,0,0,0,
Hostname,1,0,0,1,0,0,1,0,0,0,0,0,0,0,0,0,0,0,0,0,0,0,0,0,0,
hover,1,1,0,0,1,1,0,0,0,0,0,0,0,0,0,0,0,0,0,0,0,0,0,0,0,
Href,10,0,2,8,0,0,10,0,0,0,0,0,0,0,0,0,0,0,0,0,0,0,0,0,0,
Html,15,0,15,0,0,0,15,0,0,0,0,0,0,0,0,0,0,0,0,0,0,0,0,0,0,
Http,15,3,12,0,0,3,6,5,0,1,0,0,0,0,0,0,0,0,0,0,0,0,0,0,0,
Https,4,2,2,0,0,2,2,0,0,0,0,0,0,0,0,0,0,0,0,0,0,0,0,0,0,
I,5,2,3,0,0,2,2,0,1,0,0,0,0,0,0,0,0,0,0,0,0,0,0,0,0,
I386,1,0,0,1,0,0,0,1,0,0,0,0,0,0,0,0,0,0,0,0,0,0,0,0,0,
I486,1,0,0,1,0,0,0,1,0,0,0,0,0,0,0,0,0,0,0,0,0,0,0,0,0,
I686,1,0,0,1,0,0,0,1,0,0,0,0,0,0,0,0,0,0,0,0,0,0,0,0,0,
I86,1,0,0,1,0,0,0,1,0,0,0,0,0,0,0,0,0,0,0,0,0,0,0,0,0,
IA32,1,0,0,1,0,0,0,1,0,0,0,0,0,0,0,0,0,0,0,0,0,0,0,0,0,
IA64,1,0,0,1,0,0,0,1,0,0,0,0,0,0,0,0,0,0,0,0,0,0,0,0,0,
Id,333,0,53,280,0,0,30,244,54,4,0,1,0,0,0,0,0,0,0,0,0,0,0,0,0,
Id2,1,0,0,1,0,0,0,1,0,0,0,0,0,0,0,0,0,0,0,0,0,0,0,0,0,
Identifier,12,0,1,11,0,0,6,0,0,4,2,0,0,0,0,0,0,0,0,0,0,0,0,0,0,
Idle,22,3,8,11,0,3,9,6,3,1,0,0,0,0,0,0,0,0,0,0,0,0,0,0,0,
If,20,0,20,0,0,0,2,6,3,7,1,0,1,0,0,0,0,0,0,0,0,0,0,0,0,
Ignorance,1,0,0,1,0,0,1,0,0,0,0,0,0,0,0,0,0,0,0,0,0,0,0,0,0,
ignore,3,1,0,2,0,1,1,0,0,0,0,1,0,0,0,0,0,0,0,0,0,0,0,0,0,
Ignored,6,0,4,2,0,0,5,0,1,0,0,0,0,0,0,0,0,0,0,0,0,0,0,0,0,
ignoring,1,1,0,0,1,1,0,0,0,0,0,0,0,0,0,0,0,0,0,0,0,0,0,0,0,
Image,5,0,1,4,0,0,1,4,0,0,0,0,0,0,0,0,0,0,0,0,0,0,0,0,0,
Imagedata,4,0,0,4,0,0,4,0,0,0,0,0,0,0,0,0,0,0,0,0,0,0,0,0,0,
IME,4,1,0,3,1,1,3,0,0,0,0,0,0,0,0,0,0,0,0,0,0,0,0,0,0,
Implemented,2,0,0,2,0,0,0,0,0,2,0,0,0,0,0,0,0,0,0,0,0,0,0,0,0,
Implicit,2,1,1,0,0,1,1,0,0,0,0,0,0,0,0,0,0,0,0,0,0,0,0,0,0,
implicitly,2,2,0,0,0,2,0,0,0,0,0,0,0,0,0,0,0,0,0,0,0,0,0,0,0,
Import,8,0,8,0,0,0,8,0,0,0,0,0,0,0,0,0,0,0,0,0,0,0,0,0,0,
Improved,1,1,0,0,0,1,0,0,0,0,0,0,0,0,0,0,0,0,0,0,0,0,0,0,0,
In,9,2,7,0,0,2,2,4,0,0,0,1,0,0,0,0,0,0,0,0,0,0,0,0,0,
Include,28,0,28,0,0,0,26,2,0,0,0,0,0,0,0,0,0,0,0,0,0,0,0,0,0,
Included,1,0,1,0,0,0,0,0,1,0,0,0,0,0,0,0,0,0,0,0,0,0,0,0,0,
Index,27,0,16,11,0,0,14,11,2,0,0,0,0,0,0,0,0,0,0,0,0,0,0,0,0,
Index2,1,0,0,1,0,0,0,1,0,0,0,0,0,0,0,0,0,0,0,0,0,0,0,0,0,
Info,20,0,18,2,0,0,0,15,4,0,1,0,0,0,0,0,0,0,0,0,0,0,0,0,0,
Information,3,0,1,2,0,0,0,1,1,0,0,1,0,0,0,0,0,0,0,0,0,0,0,0,0,
Ini,1,0,1,0,0,0,1,0,0,0,0,0,0,0,0,0,0,0,0,0,0,0,0,0,0,
init,33,33,0,0,12,33,0,0,0,0,0,0,0,0,0,0,0,0,0,0,0,0,0,0,0,
Initial,1,0,1,0,0,0,1,0,0,0,0,0,0,0,0,0,0,0,0,0,0,0,0,0,0,
Initialization,17,0,0,17,0,0,0,0,17,0,0,0,0,0,0,0,0,0,0,0,0,0,0,0,0,
initialize,3,3,0,0,0,3,0,0,0,0,0,0,0,0,0,0,0,0,0,0,0,0,0,0,0,
Initialized,17,0,0,17,0,0,17,0,0,0,0,0,0,0,0,0,0,0,0,0,0,0,0,0,0,
Injectable,2,0,0,2,0,0,0,2,0,0,0,0,0,0,0,0,0,0,0,0,0,0,0,0,0,
Injection,2,0,2,0,0,0,0,0,0,0,1,1,0,0,0,0,0,0,0,0,0,0,0,0,0,
Input,9,0,9,0,0,0,5,4,0,0,0,0,0,0,0,0,0,0,0,0,0,0,0,0,0,
Insensitive,4,0,1,3,0,0,0,1,2,1,0,0,0,0,0,0,0,0,0,0,0,0,0,0,0,
Installed,1,0,0,1,0,0,0,0,1,0,0,0,0,0,0,0,0,0,0,0,0,0,0,0,0,
Instance,39,0,18,21,0,0,2,35,1,1,0,0,0,0,0,0,0,0,0,0,0,0,0,0,0,
Instances,1,0,0,1,0,0,1,0,0,0,0,0,0,0,0,0,0,0,0,0,0,0,0,0,0,
instantiate,1,1,0,0,0,1,0,0,0,0,0,0,0,0,0,0,0,0,0,0,0,0,0,0,0,
Integer,13,0,1,12,0,0,1,5,7,0,0,0,0,0,0,0,0,0,0,0,0,0,0,0,0,
Integers,1,0,0,1,0,0,0,0,0,0,1,0,0,0,0,0,0,0,0,0,0,0,0,0,0,
Interact,1,0,1,0,0,0,0,1,0,0,0,0,0,0,0,0,0,0,0,0,0,0,0,0,0,
internal,26,26,0,0,0,26,0,0,0,0,0,0,0,0,0,0,0,0,0,0,0,0,0,0,0,
intersection,1,1,0,0,1,1,0,0,0,0,0,0,0,0,0,0,0,0,0,0,0,0,0,0,0,
Intervals,1,0,0,1,0,0,1,0,0,0,0,0,0,0,0,0,0,0,0,0,0,0,0,0,0,
Into,9,0,9,0,0,0,0,8,0,0,0,1,0,0,0,0,0,0,0,0,0,0,0,0,0,
Invalid,11,1,9,1,0,1,1,5,3,1,0,0,0,0,0,0,0,0,0,0,0,0,0,0,0,
IO,1,0,1,0,0,0,1,0,0,0,0,0,0,0,0,0,0,0,0,0,0,0,0,0,0,
is,282,88,192,2,2,88,68,16,68,29,6,5,0,1,0,1,0,0,0,0,0,0,0,0,0,
Is32,2,0,2,0,0,0,0,1,1,0,0,0,0,0,0,0,0,0,0,0,0,0,0,0,0,
Is64,3,0,3,0,0,0,0,0,3,0,0,0,0,0,0,0,0,0,0,0,0,0,0,0,0,
Item,51,0,46,5,0,0,2,23,25,1,0,0,0,0,0,0,0,0,0,0,0,0,0,0,0,
iterator,5,3,0,2,3,3,2,0,0,0,0,0,0,0,0,0,0,0,0,0,0,0,0,0,0,
J,1,0,1,0,0,0,0,0,0,1,0,0,0,0,0,0,0,0,0,0,0,0,0,0,0,
Java,1,0,0,1,0,0,1,0,0,0,0,0,0,0,0,0,0,0,0,0,0,0,0,0,0,
Javascript,4,0,0,4,0,0,4,0,0,0,0,0,0,0,0,0,0,0,0,0,0,0,0,0,0,
Js,1,0,1,0,0,0,1,0,0,0,0,0,0,0,0,0,0,0,0,0,0,0,0,0,0,
Json,22,0,9,13,0,0,18,2,0,0,2,0,0,0,0,0,0,0,0,0,0,0,0,0,0,
Just,1,0,1,0,0,0,0,1,0,0,0,0,0,0,0,0,0,0,0,0,0,0,0,0,0,
Key,53,15,14,24,2,15,27,3,1,3,2,2,0,0,0,0,0,0,0,0,0,0,0,0,0,
Key1,1,0,1,0,0,0,1,0,0,0,0,0,0,0,0,0,0,0,0,0,0,0,0,0,0,
Key2,1,0,1,0,0,0,1,0,0,0,0,0,0,0,0,0,0,0,0,0,0,0,0,0,0,
Key3,1,0,1,0,0,0,1,0,0,0,0,0,0,0,0,0,0,0,0,0,0,0,0,0,0,
Key4,1,0,1,0,0,0,1,0,0,0,0,0,0,0,0,0,0,0,0,0,0,0,0,0,0,
Keyboard,3,1,0,2,0,1,2,0,0,0,0,0,0,0,0,0,0,0,0,0,0,0,0,0,0,
Keys,8,2,1,5,0,2,3,3,0,0,0,0,0,0,0,0,0,0,0,0,0,0,0,0,0,
kill,2,2,0,0,1,2,0,0,0,0,0,0,0,0,0,0,0,0,0,0,0,0,0,0,0,
Known,14,0,13,1,0,0,11,1,2,0,0,0,0,0,0,0,0,0,0,0,0,0,0,0,0,
Lacking,2,0,2,0,0,0,0,0,0,2,0,0,0,0,0,0,0,0,0,0,0,0,0,0,0,
Language,1,0,1,0,0,0,1,0,0,0,0,0,0,0,0,0,0,0,0,0,0,0,0,0,0,
Large,3,1,2,0,0,1,2,0,0,0,0,0,0,0,0,0,0,0,0,0,0,0,0,0,0,
Last,4,0,4,0,0,0,4,0,0,0,0,0,0,0,0,0,0,0,0,0,0,0,0,0,0,
Launch,1,0,0,1,0,0,0,0,0,1,0,0,0,0,0,0,0,0,0,0,0,0,0,0,0,
Launched,1,0,0,1,0,0,0,0,1,0,0,0,0,0,0,0,0,0,0,0,0,0,0,0,0,
Launcher,30,12,14,4,0,12,13,2,2,0,1,0,0,0,0,0,0,0,0,0,0,0,0,0,0,
leave,1,1,0,0,0,1,0,0,0,0,0,0,0,0,0,0,0,0,0,0,0,0,0,0,0,
Left,4,1,3,0,0,1,1,0,2,0,0,0,0,0,0,0,0,0,0,0,0,0,0,0,0,
length,16,2,1,13,1,2,0,8,5,0,1,0,0,0,0,0,0,0,0,0,0,0,0,0,0,
Letter,6,0,1,5,0,0,0,6,0,0,0,0,0,0,0,0,0,0,0,0,0,0,0,0,0,
Level,27,0,18,9,0,0,11,8,3,1,3,1,0,0,0,0,0,0,0,0,0,0,0,0,0,
Line,16,0,11,5,0,0,15,1,0,0,0,0,0,0,0,0,0,0,0,0,0,0,0,0,0,
Linenumber,4,0,0,4,0,0,4,0,0,0,0,0,0,0,0,0,0,0,0,0,0,0,0,0,0,
Link,4,0,4,0,0,0,1,2,1,0,0,0,0,0,0,0,0,0,0,0,0,0,0,0,0,
Linux,1,0,1,0,0,0,0,0,0,0,1,0,0,0,0,0,0,0,0,0,0,0,0,0,0,
List,1253,9,564,680,0,9,2,733,355,87,55,12,0,0,0,0,0,0,0,0,0,0,0,0,0,
listen,1,1,0,0,0,1,0,0,0,0,0,0,0,0,0,0,0,0,0,0,0,0,0,0,0,
Listener,1,0,0,1,0,0,0,1,0,0,0,0,0,0,0,0,0,0,0,0,0,0,0,0,0,
Lng,1,0,0,1,0,0,0,0,0,0,1,0,0,0,0,0,0,0,0,0,0,0,0,0,0,
Load,8,0,8,0,0,0,1,5,0,0,2,0,0,0,0,0,0,0,0,0,0,0,0,0,0,
Loaded,11,0,0,11,0,0,0,3,6,2,0,0,0,0,0,0,0,0,0,0,0,0,0,0,0,
Local,7,0,5,2,0,0,4,2,0,0,1,0,0,0,0,0,0,0,0,0,0,0,0,0,0,
locate,2,2,0,0,2,2,0,0,0,0,0,0,0,0,0,0,0,0,0,0,0,0,0,0,0,
Location,14,0,7,7,0,0,7,4,3,0,0,0,0,0,0,0,0,0,0,0,0,0,0,0,0,
Log,12,3,9,0,2,3,2,7,0,0,0,0,0,0,0,0,0,0,0,0,0,0,0,0,0,
Logger,4,0,1,3,0,0,1,3,0,0,0,0,0,0,0,0,0,0,0,0,0,0,0,0,0,
Logging,28,17,10,1,1,17,7,2,1,0,1,0,0,0,0,0,0,0,0,0,0,0,0,0,0,
Logmessages,8,0,3,5,0,0,7,1,0,0,0,0,0,0,0,0,0,0,0,0,0,0,0,0,0,
logs,6,2,2,2,2,2,2,2,0,0,0,0,0,0,0,0,0,0,0,0,0,0,0,0,0,
long,1,1,0,0,0,1,0,0,0,0,0,0,0,0,0,0,0,0,0,0,0,0,0,0,0,
Look,9,0,0,9,0,0,0,9,0,0,0,0,0,0,0,0,0,0,0,0,0,0,0,0,0,
Loop,2,0,0,2,0,0,1,1,0,0,0,0,0,0,0,0,0,0,0,0,0,0,0,0,0,
Loopback,2,0,2,0,0,0,0,1,1,0,0,0,0,0,0,0,0,0,0,0,0,0,0,0,0,
Low,21,0,9,12,0,0,6,15,0,0,0,0,0,0,0,0,0,0,0,0,0,0,0,0,0,
Lower,1,0,1,0,0,0,0,0,0,0,0,1,0,0,0,0,0,0,0,0,0,0,0,0,0,
Mac,1,0,0,1,0,0,1,0,0,0,0,0,0,0,0,0,0,0,0,0,0,0,0,0,0,
Main,3,2,1,0,2,2,1,0,0,0,0,0,0,0,0,0,0,0,0,0,0,0,0,0,0,
manage,1,1,0,0,1,1,0,0,0,0,0,0,0,0,0,0,0,0,0,0,0,0,0,0,0,
Manager,16,0,3,13,0,0,2,7,7,0,0,0,0,0,0,0,0,0,0,0,0,0,0,0,0,
Manual,1,0,1,0,0,0,1,0,0,0,0,0,0,0,0,0,0,0,0,0,0,0,0,0,0,
Map,11,0,0,11,0,0,1,2,8,0,0,0,0,0,0,0,0,0,0,0,0,0,0,0,0,
Maps,4,0,4,0,0,0,0,4,0,0,0,0,0,0,0,0,0,0,0,0,0,0,0,0,0,
Marks,2,0,2,0,0,0,0,2,0,0,0,0,0,0,0,0,0,0,0,0,0,0,0,0,0,
Mask,31,0,30,1,0,0,1,28,2,0,0,0,0,0,0,0,0,0,0,0,0,0,0,0,0,
Match,15,0,15,0,0,0,0,14,1,0,0,0,0,0,0,0,0,0,0,0,0,0,0,0,0,
Matches,7,2,5,0,1,2,5,0,0,0,0,0,0,0,0,0,0,0,0,0,0,0,0,0,0,
Max,23,0,23,0,0,0,23,0,0,0,0,0,0,0,0,0,0,0,0,0,0,0,0,0,0,
maybe,17,17,0,0,0,17,0,0,0,0,0,0,0,0,0,0,0,0,0,0,0,0,0,0,0,
Md5,36,1,24,11,1,1,22,12,1,0,0,0,0,0,0,0,0,0,0,0,0,0,0,0,0,
Media,16,0,16,0,0,0,14,2,0,0,0,0,0,0,0,0,0,0,0,0,0,0,0,0,0,
Menu,111,0,99,12,0,0,59,48,3,0,1,0,0,0,0,0,0,0,0,0,0,0,0,0,0,
merge,37,33,0,4,3,33,4,0,0,0,0,0,0,0,0,0,0,0,0,0,0,0,0,0,0,
Message,64,1,36,27,0,1,37,24,2,0,0,0,0,0,0,0,0,0,0,0,0,0,0,0,0,
Messages,2,0,0,2,0,0,1,1,0,0,0,0,0,0,0,0,0,0,0,0,0,0,0,0,0,
Meta,2,1,1,0,0,1,0,1,0,0,0,0,0,0,0,0,0,0,0,0,0,0,0,0,0,
Method,5,1,1,3,0,1,4,0,0,0,0,0,0,0,0,0,0,0,0,0,0,0,0,0,0,
middle,1,1,0,0,0,1,0,0,0,0,0,0,0,0,0,0,0,0,0,0,0,0,0,0,0,
Mini,1,0,0,1,0,0,0,0,0,1,0,0,0,0,0,0,0,0,0,0,0,0,0,0,0,
Mix,1,0,1,0,0,0,0,0,0,1,0,0,0,0,0,0,0,0,0,0,0,0,0,0,0,
Mixed,2,0,2,0,0,0,0,1,0,0,0,1,0,0,0,0,0,0,0,0,0,0,0,0,0,
Mmx,2,0,0,2,0,0,0,0,1,1,0,0,0,0,0,0,0,0,0,0,0,0,0,0,0,
Mobile,15,1,11,3,0,1,6,6,0,1,0,0,0,1,0,0,0,0,0,0,0,0,0,0,0,
Mode,20,1,3,16,1,1,19,0,0,0,0,0,0,0,0,0,0,0,0,0,0,0,0,0,0,
Model,6,0,5,1,0,0,1,5,0,0,0,0,0,0,0,0,0,0,0,0,0,0,0,0,0,
Modifier,9,1,1,7,0,1,7,0,1,0,0,0,0,0,0,0,0,0,0,0,0,0,0,0,0,
Modifiers,5,0,0,5,0,0,4,1,0,0,0,0,0,0,0,0,0,0,0,0,0,0,0,0,0,
modify,4,3,0,1,1,3,0,0,1,0,0,0,0,0,0,0,0,0,0,0,0,0,0,0,0,
Module,11,0,7,4,0,0,11,0,0,0,0,0,0,0,0,0,0,0,0,0,0,0,0,0,0,
Monitor,3,0,0,3,0,0,3,0,0,0,0,0,0,0,0,0,0,0,0,0,0,0,0,0,0,
More,1,0,1,0,0,0,0,1,0,0,0,0,0,0,0,0,0,0,0,0,0,0,0,0,0,
Mouse,21,17,1,3,0,17,4,0,0,0,0,0,0,0,0,0,0,0,0,0,0,0,0,0,0,
Move,8,1,4,3,1,1,7,0,0,0,0,0,0,0,0,0,0,0,0,0,0,0,0,0,0,
Ms,6,0,0,6,0,0,1,0,0,0,5,0,0,0,0,0,0,0,0,0,0,0,0,0,0,
Multi,3,0,2,1,0,0,1,2,0,0,0,0,0,0,0,0,0,0,0,0,0,0,0,0,0,
Multiple,13,1,12,0,0,1,9,2,1,0,0,0,0,0,0,0,0,0,0,0,0,0,0,0,0,
Mutable,83,0,0,83,0,0,0,0,1,61,21,0,0,0,0,0,0,0,0,0,0,0,0,0,0,
Name,174,0,44,130,0,0,71,86,12,2,2,0,0,0,0,0,1,0,0,0,0,0,0,0,0,
Named,2,0,0,2,0,0,0,2,0,0,0,0,0,0,0,0,0,0,0,0,0,0,0,0,0,
Namespace,30,0,14,16,0,0,20,10,0,0,0,0,0,0,0,0,0,0,0,0,0,0,0,0,0,
navigate,2,2,0,0,1,2,0,0,0,0,0,0,0,0,0,0,0,0,0,0,0,0,0,0,0,
Necessary,6,0,0,6,0,0,0,0,5,1,0,0,0,0,0,0,0,0,0,0,0,0,0,0,0,
Needed,2,0,0,2,0,0,0,0,1,0,1,0,0,0,0,0,0,0,0,0,0,0,0,0,0,
New,48,38,10,0,0,38,8,0,2,0,0,0,0,0,0,0,0,0,0,0,0,0,0,0,0,
Newline,1,0,0,1,0,0,0,1,0,0,0,0,0,0,0,0,0,0,0,0,0,0,0,0,0,
Next,2,0,2,0,0,0,2,0,0,0,0,0,0,0,0,0,0,0,0,0,0,0,0,0,0,
no,21,13,8,0,0,13,2,1,1,1,2,0,0,0,0,1,0,0,0,0,0,0,0,0,0,
Node,72,0,70,2,0,0,60,12,0,0,0,0,0,0,0,0,0,0,0,0,0,0,0,0,0,
Nodes,2,0,0,2,0,0,2,0,0,0,0,0,0,0,0,0,0,0,0,0,0,0,0,0,0,
Non,3,0,3,0,0,0,0,2,0,0,1,0,0,0,0,0,0,0,0,0,0,0,0,0,0,
Nonenumerables,4,0,0,4,0,0,0,4,0,0,0,0,0,0,0,0,0,0,0,0,0,0,0,0,0,
Not,22,0,22,0,0,0,5,11,5,1,0,0,0,0,0,0,0,0,0,0,0,0,0,0,0,
Null,30,1,6,23,0,1,2,15,10,0,2,0,0,0,0,0,0,0,0,0,0,0,0,0,0,
Num,4,0,4,0,0,0,4,0,0,0,0,0,0,0,0,0,0,0,0,0,0,0,0,0,0,
Number,42,0,2,40,0,0,21,10,8,2,1,0,0,0,0,0,0,0,0,0,0,0,0,0,0,
Numeric,1,0,0,1,0,0,1,0,0,0,0,0,0,0,0,0,0,0,0,0,0,0,0,0,0,
Object,190,1,137,52,0,1,109,58,12,8,0,1,1,0,0,0,0,0,0,0,0,0,0,0,0,
Objects,7,0,0,7,0,0,6,1,0,0,0,0,0,0,0,0,0,0,0,0,0,0,0,0,0,
OE,1,0,1,0,0,0,1,0,0,0,0,0,0,0,0,0,0,0,0,0,0,0,0,0,0,
OEX,2,0,1,1,0,0,1,0,1,0,0,0,0,0,0,0,0,0,0,0,0,0,0,0,0,
of,19,2,9,8,2,2,11,1,4,0,1,0,0,0,0,0,0,0,0,0,0,0,0,0,0,
Off,2,0,0,2,0,0,1,0,0,1,0,0,0,0,0,0,0,0,0,0,0,0,0,0,0,
Offset,13,0,1,12,0,0,12,0,1,0,0,0,0,0,0,0,0,0,0,0,0,0,0,0,0,
On,96,64,30,2,0,64,7,17,4,2,2,0,0,0,0,0,0,0,0,0,0,0,0,0,0,
Once,2,0,2,0,0,0,0,0,0,2,0,0,0,0,0,0,0,0,0,0,0,0,0,0,0,
One,3,0,2,1,0,0,0,0,3,0,0,0,0,0,0,0,0,0,0,0,0,0,0,0,0,
Only,9,0,2,7,0,0,1,0,5,0,1,2,0,0,0,0,0,0,0,0,0,0,0,0,0,
Op,3,0,0,3,0,0,0,0,0,0,0,2,0,0,0,0,1,0,0,0,0,0,0,0,0,
Open,13,10,3,0,0,10,2,0,0,1,0,0,0,0,0,0,0,0,0,0,0,0,0,0,0,
Opener,4,0,4,0,0,0,4,0,0,0,0,0,0,0,0,0,0,0,0,0,0,0,0,0,0,
Opera,129,43,75,11,0,43,62,15,2,4,0,1,2,0,0,0,0,0,0,0,0,0,0,0,0,
Operating,11,0,11,0,0,0,11,0,0,0,0,0,0,0,0,0,0,0,0,0,0,0,0,0,0,
Option,2,0,1,1,0,0,0,2,0,0,0,0,0,0,0,0,0,0,0,0,0,0,0,0,0,
Or,120,0,120,0,0,0,1,7,88,24,0,0,0,0,0,0,0,0,0,0,0,0,0,0,0,
Or64,1,0,1,0,0,0,0,0,1,0,0,0,0,0,0,0,0,0,0,0,0,0,0,0,0,
Orientation,1,0,0,1,0,0,1,0,0,0,0,0,0,0,0,0,0,0,0,0,0,0,0,0,0,
Origin,8,0,0,8,0,0,8,0,0,0,0,0,0,0,0,0,0,0,0,0,0,0,0,0,0,
OS,2,0,0,2,0,0,1,0,1,0,0,0,0,0,0,0,0,0,0,0,0,0,0,0,0,
Other,2,0,2,0,0,0,1,1,0,0,0,0,0,0,0,0,0,0,0,0,0,0,0,0,0,
Out,6,0,1,5,0,0,0,6,0,0,0,0,0,0,0,0,0,0,0,0,0,0,0,0,0,
Outdated,1,0,0,1,0,0,0,1,0,0,0,0,0,0,0,0,0,0,0,0,0,0,0,0,0,
Output,2,1,0,1,0,1,0,0,1,0,0,0,0,0,0,0,0,0,0,0,0,0,0,0,0,
outs,1,1,0,0,1,1,0,0,0,0,0,0,0,0,0,0,0,0,0,0,0,0,0,0,0,
Overload,1,0,0,1,0,0,0,0,0,0,0,0,0,1,0,0,0,0,0,0,0,0,0,0,0,
Override,2,0,0,2,0,0,0,1,1,0,0,0,0,0,0,0,0,0,0,0,0,0,0,0,0,
Overrides,2,0,2,0,0,0,0,0,0,2,0,0,0,0,0,0,0,0,0,0,0,0,0,0,0,
overs,1,1,0,0,1,1,0,0,0,0,0,0,0,0,0,0,0,0,0,0,0,0,0,0,0,
Overwritten,1,0,0,1,0,0,0,0,0,0,1,0,0,0,0,0,0,0,0,0,0,0,0,0,0,
Owner,16,0,16,0,0,0,16,0,0,0,0,0,0,0,0,0,0,0,0,0,0,0,0,0,0,
PAC,2,0,0,2,0,0,0,2,0,0,0,0,0,0,0,0,0,0,0,0,0,0,0,0,0,
Page,22,2,14,6,1,2,9,3,5,3,0,0,0,0,0,0,0,0,0,0,0,0,0,0,0,
Pages,2,1,0,1,1,1,0,0,1,0,0,0,0,0,0,0,0,0,0,0,0,0,0,0,0,
Paragraph,1,0,0,1,0,0,0,0,1,0,0,0,0,0,0,0,0,0,0,0,0,0,0,0,0,
Parallel,1,1,0,0,0,1,0,0,0,0,0,0,0,0,0,0,0,0,0,0,0,0,0,0,0,
Parallelization,1,0,0,1,0,0,1,0,0,0,0,0,0,0,0,0,0,0,0,0,0,0,0,0,0,
Param,10,0,2,8,0,0,0,10,0,0,0,0,0,0,0,0,0,0,0,0,0,0,0,0,0,
Parameter,1,0,0,1,0,0,0,1,0,0,0,0,0,0,0,0,0,0,0,0,0,0,0,0,0,
Parent,28,0,24,4,0,0,28,0,0,0,0,0,0,0,0,0,0,0,0,0,0,0,0,0,0,
parse,51,50,1,0,2,50,0,1,0,0,0,0,0,0,0,0,0,0,0,0,0,0,0,0,0,
Parsed,17,0,0,17,0,0,17,0,0,0,0,0,0,0,0,0,0,0,0,0,0,0,0,0,0,
Parser,1,0,0,1,0,0,0,1,0,0,0,0,0,0,0,0,0,0,0,0,0,0,0,0,0,
Parsing,6,0,6,0,0,0,6,0,0,0,0,0,0,0,0,0,0,0,0,0,0,0,0,0,0,
Partial,19,0,2,17,0,0,18,1,0,0,0,0,0,0,0,0,0,0,0,0,0,0,0,0,0,
Passed,1,0,0,1,0,0,1,0,0,0,0,0,0,0,0,0,0,0,0,0,0,0,0,0,0,
Password,5,0,1,4,0,0,1,2,1,0,1,0,0,0,0,0,0,0,0,0,0,0,0,0,0,
Paste,2,0,1,1,0,0,0,2,0,0,0,0,0,0,0,0,0,0,0,0,0,0,0,0,0,
Path,67,2,13,52,0,2,14,21,25,3,2,0,0,0,0,0,0,0,0,0,0,0,0,0,0,
Paths,6,0,0,6,0,0,0,6,0,0,0,0,0,0,0,0,0,0,0,0,0,0,0,0,0,
Pattern,26,0,18,8,0,0,0,24,2,0,0,0,0,0,0,0,0,0,0,0,0,0,0,0,0,
Payload,6,0,0,6,0,0,6,0,0,0,0,0,0,0,0,0,0,0,0,0,0,0,0,0,0,
Pd,5,0,4,1,0,0,5,0,0,0,0,0,0,0,0,0,0,0,0,0,0,0,0,0,0,
peek,2,2,0,0,1,2,0,0,0,0,0,0,0,0,0,0,0,0,0,0,0,0,0,0,0,
Pentium,4,0,3,1,0,0,0,4,0,0,0,0,0,0,0,0,0,0,0,0,0,0,0,0,0,
Per,5,0,5,0,0,0,0,0,5,0,0,0,0,0,0,0,0,0,0,0,0,0,0,0,0,
Pid,10,0,1,9,0,0,9,1,0,0,0,0,0,0,0,0,0,0,0,0,0,0,0,0,0,
Placeholder,1,0,1,0,0,0,0,1,0,0,0,0,0,0,0,0,0,0,0,0,0,0,0,0,0,
Platform,20,0,7,13,0,0,12,1,6,1,0,0,0,0,0,0,0,0,0,0,0,0,0,0,0,
Png,7,0,0,7,0,0,7,0,0,0,0,0,0,0,0,0,0,0,0,0,0,0,0,0,0,
Point,2,0,0,2,0,0,1,1,0,0,0,0,0,0,0,0,0,0,0,0,0,0,0,0,0,
Pointer,1,0,0,1,0,0,1,0,0,0,0,0,0,0,0,0,0,0,0,0,0,0,0,0,0,
poll,3,3,0,0,1,3,0,0,0,0,0,0,0,0,0,0,0,0,0,0,0,0,0,0,0,
polling,1,1,0,0,0,1,0,0,0,0,0,0,0,0,0,0,0,0,0,0,0,0,0,0,0,
Pool,1,0,0,1,0,0,1,0,0,0,0,0,0,0,0,0,0,0,0,0,0,0,0,0,0,
pop,1,1,0,0,1,1,0,0,0,0,0,0,0,0,0,0,0,0,0,0,0,0,0,0,0,
Populates,1,0,0,1,0,0,1,0,0,0,0,0,0,0,0,0,0,0,0,0,0,0,0,0,0,
Popup,4,0,4,0,0,0,4,0,0,0,0,0,0,0,0,0,0,0,0,0,0,0,0,0,0,
Port,35,13,10,12,0,13,3,10,2,4,2,0,0,1,0,0,0,0,0,0,0,0,0,0,0,
Pos,1,0,0,1,0,0,0,0,0,1,0,0,0,0,0,0,0,0,0,0,0,0,0,0,0,
Position,14,0,4,10,0,0,9,0,2,1,2,0,0,0,0,0,0,0,0,0,0,0,0,0,0,
Position0,1,0,1,0,0,0,0,1,0,0,0,0,0,0,0,0,0,0,0,0,0,0,0,0,0,
PPI,3,0,0,3,0,0,3,0,0,0,0,0,0,0,0,0,0,0,0,0,0,0,0,0,0,
Pref,16,0,15,1,0,0,15,1,0,0,0,0,0,0,0,0,0,0,0,0,0,0,0,0,0,
Preference,17,3,5,9,0,3,7,1,2,3,0,1,0,0,0,0,0,0,0,0,0,0,0,0,0,
Preferences,19,2,12,5,2,2,8,9,0,0,0,0,0,0,0,0,0,0,0,0,0,0,0,0,0,
Prefetched,1,0,1,0,0,0,1,0,0,0,0,0,0,0,0,0,0,0,0,0,0,0,0,0,0,
Prefix,20,0,4,16,0,0,0,20,0,0,0,0,0,0,0,0,0,0,0,0,0,0,0,0,0,
Prefs,9,1,1,7,0,1,6,2,0,0,0,0,0,0,0,0,0,0,0,0,0,0,0,0,0,
prepare,6,6,0,0,2,6,0,0,0,0,0,0,0,0,0,0,0,0,0,0,0,0,0,0,0,
Press,10,6,0,4,0,6,4,0,0,0,0,0,0,0,0,0,0,0,0,0,0,0,0,0,0,
Pressed,7,0,0,7,0,0,1,0,0,5,1,0,0,0,0,0,0,0,0,0,0,0,0,0,0,
Prevent,8,0,8,0,0,0,8,0,0,0,0,0,0,0,0,0,0,0,0,0,0,0,0,0,0,
Prioritizes,1,0,1,0,0,0,1,0,0,0,0,0,0,0,0,0,0,0,0,0,0,0,0,0,0,
Priority,16,0,16,0,0,0,14,2,0,0,0,0,0,0,0,0,0,0,0,0,0,0,0,0,0,
Private,7,1,2,4,0,1,2,4,0,0,0,0,0,0,0,0,0,0,0,0,0,0,0,0,0,
Pro,2,0,1,1,0,0,0,0,2,0,0,0,0,0,0,0,0,0,0,0,0,0,0,0,0,
process,14,7,7,0,0,7,6,1,0,0,0,0,0,0,0,0,0,0,0,0,0,0,0,0,0,
Processid,4,0,0,4,0,0,4,0,0,0,0,0,0,0,0,0,0,0,0,0,0,0,0,0,0,
Product,43,8,16,19,1,8,16,7,3,2,7,0,0,0,0,0,0,0,0,0,0,0,0,0,0,
Profile,42,17,13,12,1,17,11,3,5,4,1,0,0,0,1,0,0,0,0,0,0,0,0,0,0,
propagate,1,1,0,0,0,1,0,0,0,0,0,0,0,0,0,0,0,0,0,0,0,0,0,0,0,
Propagation,8,0,0,8,0,0,0,8,0,0,0,0,0,0,0,0,0,0,0,0,0,0,0,0,0,
Properly,4,0,0,4,0,0,0,0,4,0,0,0,0,0,0,0,0,0,0,0,0,0,0,0,0,
Properties,4,0,0,4,0,0,0,4,0,0,0,0,0,0,0,0,0,0,0,0,0,0,0,0,0,
Property,69,0,68,1,0,0,64,4,1,0,0,0,0,0,0,0,0,0,0,0,0,0,0,0,0,
Proto,1,0,1,0,0,0,1,0,0,0,0,0,0,0,0,0,0,0,0,0,0,0,0,0,0,
Protocol,1,0,0,1,0,0,0,1,0,0,0,0,0,0,0,0,0,0,0,0,0,0,0,0,0,
Prototype,27,0,27,0,0,0,26,1,0,0,0,0,0,0,0,0,0,0,0,0,0,0,0,0,0,
Prototypes,8,0,0,8,0,0,0,8,0,0,0,0,0,0,0,0,0,0,0,0,0,0,0,0,0,
Provided,1,0,0,1,0,0,0,0,1,0,0,0,0,0,0,0,0,0,0,0,0,0,0,0,0,
Proxies,2,0,0,2,0,0,0,2,0,0,0,0,0,0,0,0,0,0,0,0,0,0,0,0,0,
proxy,47,13,16,18,1,13,20,14,0,0,0,0,0,0,0,0,0,0,0,0,0,0,0,0,0,
Pseudo,8,0,8,0,0,0,8,0,0,0,0,0,0,0,0,0,0,0,0,0,0,0,0,0,0,
Public,10,0,10,0,0,0,10,0,0,0,0,0,0,0,0,0,0,0,0,0,0,0,0,0,0,
publish,1,1,0,0,1,1,0,0,0,0,0,0,0,0,0,0,0,0,0,0,0,0,0,0,0,
push,1,1,0,0,1,1,0,0,0,0,0,0,0,0,0,0,0,0,0,0,0,0,0,0,0,
put,3,3,0,0,1,3,0,0,0,0,0,0,0,0,0,0,0,0,0,0,0,0,0,0,0,
quadruple,3,3,0,0,0,3,0,0,0,0,0,0,0,0,0,0,0,0,0,0,0,0,0,0,0,
Quantifier,4,0,0,4,0,0,4,0,0,0,0,0,0,0,0,0,0,0,0,0,0,0,0,0,0,
Queues,1,0,0,1,0,0,1,0,0,0,0,0,0,0,0,0,0,0,0,0,0,0,0,0,0,
Quick,71,15,56,0,0,15,50,6,0,0,0,0,0,0,0,0,0,0,0,0,0,0,0,0,0,
Quickwidget,15,0,15,0,0,0,14,1,0,0,0,0,0,0,0,0,0,0,0,0,0,0,0,0,0,
Quietly,1,0,0,1,0,0,1,0,0,0,0,0,0,0,0,0,0,0,0,0,0,0,0,0,0,
quit,21,5,14,2,2,5,7,1,1,0,3,4,0,0,0,0,0,0,0,0,0,0,0,0,0,
Quits,3,0,3,0,0,0,0,0,2,0,0,1,0,0,0,0,0,0,0,0,0,0,0,0,0,
Quotes,4,0,0,4,0,0,1,0,2,0,1,0,0,0,0,0,0,0,0,0,0,0,0,0,0,
Random,6,0,5,1,0,0,1,3,2,0,0,0,0,0,0,0,0,0,0,0,0,0,0,0,0,
Range,2,0,1,1,0,0,0,1,1,0,0,0,0,0,0,0,0,0,0,0,0,0,0,0,0,
Raw,1,0,1,0,0,0,1,0,0,0,0,0,0,0,0,0,0,0,0,0,0,0,0,0,0,
Read,4,2,0,2,0,2,2,0,0,0,0,0,0,0,0,0,0,0,0,0,0,0,0,0,0,
Ready,2,1,1,0,0,1,1,0,0,0,0,0,0,0,0,0,0,0,0,0,0,0,0,0,0,
real,1,1,0,0,0,1,0,0,0,0,0,0,0,0,0,0,0,0,0,0,0,0,0,0,0,
Reason,17,0,3,14,0,0,7,10,0,0,0,0,0,0,0,0,0,0,0,0,0,0,0,0,0,
receive,1,1,0,0,0,1,0,0,0,0,0,0,0,0,0,0,0,0,0,0,0,0,0,0,0,
Received,1,0,0,1,0,0,0,1,0,0,0,0,0,0,0,0,0,0,0,0,0,0,0,0,0,
receives,4,3,1,0,0,3,0,1,0,0,0,0,0,0,0,0,0,0,0,0,0,0,0,0,0,
Recognized,6,0,3,3,0,0,0,1,1,3,1,0,0,0,0,0,0,0,0,0,0,0,0,0,0,
recover,1,1,0,0,1,1,0,0,0,0,0,0,0,0,0,0,0,0,0,0,0,0,0,0,0,
Rect,12,0,3,9,0,0,12,0,0,0,0,0,0,0,0,0,0,0,0,0,0,0,0,0,0,
recv,2,2,0,0,1,2,0,0,0,0,0,0,0,0,0,0,0,0,0,0,0,0,0,0,0,
Red,14,0,8,6,0,0,8,4,2,0,0,0,0,0,0,0,0,0,0,0,0,0,0,0,0,
Redirect,2,1,0,1,0,1,1,0,0,0,0,0,0,0,0,0,0,0,0,0,0,0,0,0,0,
Reflective,1,0,1,0,0,0,1,0,0,0,0,0,0,0,0,0,0,0,0,0,0,0,0,0,0,
refresh,3,2,0,1,2,2,1,0,0,0,0,0,0,0,0,0,0,0,0,0,0,0,0,0,0,
register,2,2,0,0,0,2,0,0,0,0,0,0,0,0,0,0,0,0,0,0,0,0,0,0,0,
registers,4,3,1,0,0,3,1,0,0,0,0,0,0,0,0,0,0,0,0,0,0,0,0,0,0,
Regular,3,0,3,0,0,0,3,0,0,0,0,0,0,0,0,0,0,0,0,0,0,0,0,0,0,
Related,4,0,0,4,0,0,0,4,0,0,0,0,0,0,0,0,0,0,0,0,0,0,0,0,0,
Relative,4,0,0,4,0,0,0,0,3,0,0,1,0,0,0,0,0,0,0,0,0,0,0,0,0,
Release,8,6,1,1,0,6,0,2,0,0,0,0,0,0,0,0,0,0,0,0,0,0,0,0,0,
Remaining,1,0,0,1,0,0,0,1,0,0,0,0,0,0,0,0,0,0,0,0,0,0,0,0,0,
remove,67,67,0,0,4,67,0,0,0,0,0,0,0,0,0,0,0,0,0,0,0,0,0,0,0,
Repeat,4,0,4,0,0,0,4,0,0,0,0,0,0,0,0,0,0,0,0,0,0,0,0,0,0,
replace,18,1,0,17,1,1,17,0,0,0,0,0,0,0,0,0,0,0,0,0,0,0,0,0,0,
Reply,5,0,0,5,0,0,0,5,0,0,0,0,0,0,0,0,0,0,0,0,0,0,0,0,0,
Representation,2,0,0,2,0,0,2,0,0,0,0,0,0,0,0,0,0,0,0,0,0,0,0,0,0,
Request,13,0,6,7,0,0,10,3,0,0,0,0,0,0,0,0,0,0,0,0,0,0,0,0,0,
Required,3,0,3,0,0,0,3,0,0,0,0,0,0,0,0,0,0,0,0,0,0,0,0,0,0,
reset,27,24,2,1,5,24,3,0,0,0,0,0,0,0,0,0,0,0,0,0,0,0,0,0,0,
Resolution,4,0,0,4,0,0,3,1,0,0,0,0,0,0,0,0,0,0,0,0,0,0,0,0,0,
resolve,1,1,0,0,0,1,0,0,0,0,0,0,0,0,0,0,0,0,0,0,0,0,0,0,0,
resource,2,2,0,0,0,2,0,0,0,0,0,0,0,0,0,0,0,0,0,0,0,0,0,0,0,
Resources,1,1,0,0,1,1,0,0,0,0,0,0,0,0,0,0,0,0,0,0,0,0,0,0,0,
Respected,6,0,1,5,0,0,0,4,0,1,0,1,0,0,0,0,0,0,0,0,0,0,0,0,0,
respects,1,1,0,0,0,1,0,0,0,0,0,0,0,0,0,0,0,0,0,0,0,0,0,0,0,
response,15,2,7,6,0,2,8,3,2,0,0,0,0,0,0,0,0,0,0,0,0,0,0,0,0,
Restart,8,0,7,1,0,0,8,0,0,0,0,0,0,0,0,0,0,0,0,0,0,0,0,0,0,
Result,22,2,1,19,1,2,10,9,1,0,0,0,0,0,0,0,0,0,0,0,0,0,0,0,0,
Results,1,0,0,1,0,0,0,1,0,0,0,0,0,0,0,0,0,0,0,0,0,0,0,0,0,
retain,1,1,0,0,0,1,0,0,0,0,0,0,0,0,0,0,0,0,0,0,0,0,0,0,0,
Retrieve,1,0,1,0,0,0,1,0,0,0,0,0,0,0,0,0,0,0,0,0,0,0,0,0,0,
Return,1,0,1,0,0,0,1,0,0,0,0,0,0,0,0,0,0,0,0,0,0,0,0,0,0,
Returns,5,0,5,0,0,0,3,0,1,1,0,0,0,0,0,0,0,0,0,0,0,0,0,0,0,
RGB,1,0,1,0,0,0,0,0,0,0,0,1,0,0,0,0,0,0,0,0,0,0,0,0,0,
right,1,1,0,0,0,1,0,0,0,0,0,0,0,0,0,0,0,0,0,0,0,0,0,0,0,
rotate,1,1,0,0,1,1,0,0,0,0,0,0,0,0,0,0,0,0,0,0,0,0,0,0,0,
rotation,1,1,0,0,1,1,0,0,0,0,0,0,0,0,0,0,0,0,0,0,0,0,0,0,0,
Row,6,0,0,6,0,0,6,0,0,0,0,0,0,0,0,0,0,0,0,0,0,0,0,0,0,
Rule,54,0,54,0,0,0,44,10,0,0,0,0,0,0,0,0,0,0,0,0,0,0,0,0,0,
Rules,1,0,0,1,0,0,1,0,0,0,0,0,0,0,0,0,0,0,0,0,0,0,0,0,0,
run,8,8,0,0,4,8,0,0,0,0,0,0,0,0,0,0,0,0,0,0,0,0,0,0,0,
Runner,24,8,2,14,0,8,8,3,4,0,0,1,0,0,0,0,0,0,0,0,0,0,0,0,0,
Running,15,0,1,14,0,0,4,9,0,1,1,0,0,0,0,0,0,0,0,0,0,0,0,0,0,
Runtime,91,0,77,14,0,0,87,4,0,0,0,0,0,0,0,0,0,0,0,0,0,0,0,0,0,
Runtimes,19,0,4,15,0,0,5,14,0,0,0,0,0,0,0,0,0,0,0,0,0,0,0,0,0,
S,12,0,7,5,0,0,0,0,11,1,0,0,0,0,0,0,0,0,0,0,0,0,0,0,0,
Same,7,0,1,6,0,0,1,3,2,0,1,0,0,0,0,0,0,0,0,0,0,0,0,0,0,
sanitize,68,4,64,0,2,4,44,20,0,0,0,0,0,0,0,0,0,0,0,0,0,0,0,0,0,
save,5,5,0,0,0,5,0,0,0,0,0,0,0,0,0,0,0,0,0,0,0,0,0,0,0,
Scope,32,19,11,2,0,19,11,1,0,1,0,0,0,0,0,0,0,0,0,0,0,0,0,0,0,
Screen,18,3,2,13,0,3,7,6,2,0,0,0,0,0,0,0,0,0,0,0,0,0,0,0,0,
Screenshot,9,0,4,5,0,0,9,0,0,0,0,0,0,0,0,0,0,0,0,0,0,0,0,0,0,
Script,66,5,46,15,0,5,49,1,8,1,2,0,0,0,0,0,0,0,0,0,0,0,0,0,0,
Scripting,1,0,0,1,0,0,1,0,0,0,0,0,0,0,0,0,0,0,0,0,0,0,0,0,0,
scroll,9,1,8,0,1,1,8,0,0,0,0,0,0,0,0,0,0,0,0,0,0,0,0,0,0,
Scrolled,1,0,1,0,0,0,0,0,0,0,1,0,0,0,0,0,0,0,0,0,0,0,0,0,0,
SDK,1,0,0,1,0,0,0,0,0,1,0,0,0,0,0,0,0,0,0,0,0,0,0,0,0,
Search,5,0,5,0,0,0,4,1,0,0,0,0,0,0,0,0,0,0,0,0,0,0,0,0,0,
Section,7,0,2,5,0,0,6,0,1,0,0,0,0,0,0,0,0,0,0,0,0,0,0,0,0,
Secure,4,0,0,4,0,0,0,4,0,0,0,0,0,0,0,0,0,0,0,0,0,0,0,0,0,
Seen,1,0,0,1,0,0,1,0,0,0,0,0,0,0,0,0,0,0,0,0,0,0,0,0,0,
Select,1,0,0,1,0,0,1,0,0,0,0,0,0,0,0,0,0,0,0,0,0,0,0,0,0,
Selected,6,0,0,6,0,0,3,3,0,0,0,0,0,0,0,0,0,0,0,0,0,0,0,0,0,
Selection,1,0,1,0,0,0,1,0,0,0,0,0,0,0,0,0,0,0,0,0,0,0,0,0,0,
Selector,29,1,18,10,0,1,24,3,1,0,0,0,0,0,0,0,0,0,0,0,0,0,0,0,0,
selftest,16,6,6,4,1,6,8,2,0,0,0,0,0,0,0,0,0,0,0,0,0,0,0,0,0,
Selftests,1,0,0,1,0,0,1,0,0,0,0,0,0,0,0,0,0,0,0,0,0,0,0,0,0,
send,9,9,0,0,1,9,0,0,0,0,0,0,0,0,0,0,0,0,0,0,0,0,0,0,0,
Sentence,1,0,0,1,0,0,0,0,1,0,0,0,0,0,0,0,0,0,0,0,0,0,0,0,0,
Separator,5,0,0,5,0,0,5,0,0,0,0,0,0,0,0,0,0,0,0,0,0,0,0,0,0,
Sequence,4,0,1,3,0,0,2,2,0,0,0,0,0,0,0,0,0,0,0,0,0,0,0,0,0,
Serialized,17,0,17,0,0,0,17,0,0,0,0,0,0,0,0,0,0,0,0,0,0,0,0,0,0,
Serializes,2,0,2,0,0,0,0,2,0,0,0,0,0,0,0,0,0,0,0,0,0,0,0,0,0,
serve,1,1,0,0,1,1,0,0,0,0,0,0,0,0,0,0,0,0,0,0,0,0,0,0,0,
Server,5,0,2,3,0,0,1,2,1,0,0,0,1,0,0,0,0,0,0,0,0,0,0,0,0,
Servers,2,0,1,1,0,0,0,2,0,0,0,0,0,0,0,0,0,0,0,0,0,0,0,0,0,
Service,49,0,39,10,0,0,44,4,0,0,1,0,0,0,0,0,0,0,0,0,0,0,0,0,0,
Services,14,0,0,14,0,0,8,6,0,0,0,0,0,0,0,0,0,0,0,0,0,0,0,0,0,
Session,1,0,1,0,0,0,0,0,0,0,0,0,1,0,0,0,0,0,0,0,0,0,0,0,0,
Set,604,540,42,22,5,540,34,2,21,5,1,0,0,0,0,0,1,0,0,0,0,0,0,0,0,
Sets,1,0,1,0,0,0,0,0,0,1,0,0,0,0,0,0,0,0,0,0,0,0,0,0,0,
setting,3,2,0,1,0,2,0,0,1,0,0,0,0,0,0,0,0,0,0,0,0,0,0,0,0,
Settings,21,0,3,18,0,0,14,6,0,0,0,0,0,1,0,0,0,0,0,0,0,0,0,0,0,
setup,12,12,0,0,8,12,0,0,0,0,0,0,0,0,0,0,0,0,0,0,0,0,0,0,0,
Severity,5,0,1,4,0,0,5,0,0,0,0,0,0,0,0,0,0,0,0,0,0,0,0,0,0,
Shift,4,0,1,3,0,0,3,1,0,0,0,0,0,0,0,0,0,0,0,0,0,0,0,0,0,
Shortcut,15,0,7,8,0,0,12,0,0,1,2,0,0,0,0,0,0,0,0,0,0,0,0,0,0,
Shorthand,3,0,3,0,0,0,3,0,0,0,0,0,0,0,0,0,0,0,0,0,0,0,0,0,0,
Should,12,1,11,0,0,1,4,2,3,2,0,0,0,0,0,0,0,0,0,0,0,0,0,0,0,
Shown,12,0,0,12,0,0,0,0,9,3,0,0,0,0,0,0,0,0,0,0,0,0,0,0,0,
Shutdown,17,10,4,3,7,10,0,3,3,0,0,0,1,0,0,0,0,0,0,0,0,0,0,0,0,
Sign,3,1,0,2,1,1,0,1,0,0,1,0,0,0,0,0,0,0,0,0,0,0,0,0,0,
signal,2,2,0,0,0,2,0,0,0,0,0,0,0,0,0,0,0,0,0,0,0,0,0,0,0,
Single,9,1,7,1,0,1,4,3,0,1,0,0,0,0,0,0,0,0,0,0,0,0,0,0,0,
size,31,4,0,27,4,4,5,22,0,0,0,0,0,0,0,0,0,0,0,0,0,0,0,0,0,
Skip,4,0,4,0,0,0,4,0,0,0,0,0,0,0,0,0,0,0,0,0,0,0,0,0,0,
sleep,4,4,0,0,4,4,0,0,0,0,0,0,0,0,0,0,0,0,0,0,0,0,0,0,0,
Small,3,1,2,0,0,1,2,0,0,0,0,0,0,0,0,0,0,0,0,0,0,0,0,0,0,
Smaller,1,0,1,0,0,0,0,0,1,0,0,0,0,0,0,0,0,0,0,0,0,0,0,0,0,
Socket,1,1,0,0,0,1,0,0,0,0,0,0,0,0,0,0,0,0,0,0,0,0,0,0,0,
Sockets,1,0,0,1,0,0,1,0,0,0,0,0,0,0,0,0,0,0,0,0,0,0,0,0,0,
Socks,13,7,6,0,0,7,6,0,0,0,0,0,0,0,0,0,0,0,0,0,0,0,0,0,0,
soft,4,4,0,0,0,4,0,0,0,0,0,0,0,0,0,0,0,0,0,0,0,0,0,0,0,
Software,2,0,1,1,0,0,0,1,1,0,0,0,0,0,0,0,0,0,0,0,0,0,0,0,0,
Something,1,0,1,0,0,0,0,0,1,0,0,0,0,0,0,0,0,0,0,0,0,0,0,0,0,
Sort,4,0,0,4,0,0,4,0,0,0,0,0,0,0,0,0,0,0,0,0,0,0,0,0,0,
Source,7,0,2,5,0,0,5,2,0,0,0,0,0,0,0,0,0,0,0,0,0,0,0,0,0,
Spec,15,0,15,0,0,0,0,14,1,0,0,0,0,0,0,0,0,0,0,0,0,0,0,0,0,
Special,7,6,0,1,0,6,1,0,0,0,0,0,0,0,0,0,0,0,0,0,0,0,0,0,0,
specific,1,1,0,0,0,1,0,0,0,0,0,0,0,0,0,0,0,0,0,0,0,0,0,0,0,
Specificity,24,0,16,8,0,0,22,2,0,0,0,0,0,0,0,0,0,0,0,0,0,0,0,0,0,
Specified,3,0,2,1,0,0,0,0,2,0,0,1,0,0,0,0,0,0,0,0,0,0,0,0,0,
Spotlight,30,0,30,0,0,0,28,2,0,0,0,0,0,0,0,0,0,0,0,0,0,0,0,0,0,
Stack,2,1,0,1,0,1,1,0,0,0,0,0,0,0,0,0,0,0,0,0,0,0,0,0,0,
Stale,1,0,0,1,0,0,0,0,1,0,0,0,0,0,0,0,0,0,0,0,0,0,0,0,0,
start,19,15,2,2,4,15,4,0,0,0,0,0,0,0,0,0,0,0,0,0,0,0,0,0,0,
Started,2,0,1,1,0,0,0,1,1,0,0,0,0,0,0,0,0,0,0,0,0,0,0,0,0,
State,21,1,3,17,1,1,15,4,1,0,0,0,0,0,0,0,0,0,0,0,0,0,0,0,0,
Statement,8,0,0,8,0,0,0,0,0,8,0,0,0,0,0,0,0,0,0,0,0,0,0,0,0,
Static,2,0,2,0,0,0,1,1,0,0,0,0,0,0,0,0,0,0,0,0,0,0,0,0,0,
Status,47,3,19,25,2,3,41,3,0,0,0,0,0,0,0,0,0,0,0,0,0,0,0,0,0,
stop,70,12,58,0,6,12,56,0,2,0,0,0,0,0,0,0,0,0,0,0,0,0,0,0,0,
Stopped,12,0,11,1,0,0,10,1,1,0,0,0,0,0,0,0,0,0,0,0,0,0,0,0,0,
Stp,9,4,5,0,0,4,5,0,0,0,0,0,0,0,0,0,0,0,0,0,0,0,0,0,0,
Stp1,2,0,0,2,0,0,0,2,0,0,0,0,0,0,0,0,0,0,0,0,0,0,0,0,0,
Str,5,0,1,4,0,0,5,0,0,0,0,0,0,0,0,0,0,0,0,0,0,0,0,0,0,
String,100,2,34,64,0,2,37,30,14,8,6,2,0,1,0,0,0,0,0,0,0,0,0,0,0,
stringification,1,1,0,0,1,1,0,0,0,0,0,0,0,0,0,0,0,0,0,0,0,0,0,0,0,
Strings,1,0,0,1,0,0,0,0,0,0,0,1,0,0,0,0,0,0,0,0,0,0,0,0,0,
Stripped,1,0,1,0,0,0,0,0,0,1,0,0,0,0,0,0,0,0,0,0,0,0,0,0,0,
Style,76,0,76,0,0,0,28,44,4,0,0,0,0,0,0,0,0,0,0,0,0,0,0,0,0,
Stylesheet,54,0,54,0,0,0,36,18,0,0,0,0,0,0,0,0,0,0,0,0,0,0,0,0,0,
sub,5,1,4,0,0,1,4,0,0,0,0,0,0,0,0,0,0,0,0,0,0,0,0,0,0,
Submenu,9,0,1,8,0,0,6,0,1,0,2,0,0,0,0,0,0,0,0,0,0,0,0,0,0,
submit,4,4,0,0,2,4,0,0,0,0,0,0,0,0,0,0,0,0,0,0,0,0,0,0,0,
Submits,5,0,5,0,0,0,0,5,0,0,0,0,0,0,0,0,0,0,0,0,0,0,0,0,0,
Substituted,6,0,6,0,0,0,6,0,0,0,0,0,0,0,0,0,0,0,0,0,0,0,0,0,0,
Success,1,0,0,1,0,0,1,0,0,0,0,0,0,0,0,0,0,0,0,0,0,0,0,0,0,
Suite,1,0,0,1,0,0,1,0,0,0,0,0,0,0,0,0,0,0,0,0,0,0,0,0,0,
sum,1,1,0,0,1,1,0,0,0,0,0,0,0,0,0,0,0,0,0,0,0,0,0,0,0,
Supplier,14,0,11,3,0,0,0,1,5,8,0,0,0,0,0,0,0,0,0,0,0,0,0,0,0,
supplies,6,3,3,0,3,3,0,0,0,1,2,0,0,0,0,0,0,0,0,0,0,0,0,0,0,
Support,3,0,3,0,0,0,0,3,0,0,0,0,0,0,0,0,0,0,0,0,0,0,0,0,0,
supports,10,9,1,0,0,9,1,0,0,0,0,0,0,0,0,0,0,0,0,0,0,0,0,0,0,
surplus,1,1,0,0,0,1,0,0,0,0,0,0,0,0,0,0,0,0,0,0,0,0,0,0,0,
Switch,10,9,0,1,0,9,1,0,0,0,0,0,0,0,0,0,0,0,0,0,0,0,0,0,0,
sync,1,1,0,0,1,1,0,0,0,0,0,0,0,0,0,0,0,0,0,0,0,0,0,0,0,
Sys,1,0,1,0,0,0,0,1,0,0,0,0,0,0,0,0,0,0,0,0,0,0,0,0,0,
System,27,1,17,9,0,1,15,11,0,0,0,0,0,0,0,0,0,0,0,0,0,0,0,0,0,
Tab,1,0,0,1,0,0,1,0,0,0,0,0,0,0,0,0,0,0,0,0,0,0,0,0,0,
Table,17,0,0,17,0,0,0,0,0,17,0,0,0,0,0,0,0,0,0,0,0,0,0,0,0,
Tag,10,0,6,4,0,0,9,1,0,0,0,0,0,0,0,0,0,0,0,0,0,0,0,0,0,
take,1,1,0,0,1,1,0,0,0,0,0,0,0,0,0,0,0,0,0,0,0,0,0,0,0,
Taken,1,0,0,1,0,0,0,1,0,0,0,0,0,0,0,0,0,0,0,0,0,0,0,0,0,
takes,1,1,0,0,0,1,0,0,0,0,0,0,0,0,0,0,0,0,0,0,0,0,0,0,0,
Tap,2,0,0,2,0,0,2,0,0,0,0,0,0,0,0,0,0,0,0,0,0,0,0,0,0,
Targeted,3,0,3,0,0,0,0,3,0,0,0,0,0,0,0,0,0,0,0,0,0,0,0,0,0,
tear,2,2,0,0,0,2,0,0,0,0,0,0,0,0,0,0,0,0,0,0,0,0,0,0,0,
teardown,1,1,0,0,0,1,0,0,0,0,0,0,0,0,0,0,0,0,0,0,0,0,0,0,0,
temporary,1,1,0,0,0,1,0,0,0,0,0,0,0,0,0,0,0,0,0,0,0,0,0,0,0,
Ten,1,0,1,0,0,0,0,0,0,0,1,0,0,0,0,0,0,0,0,0,0,0,0,0,0,
Test,228,206,19,3,0,206,13,3,2,1,1,2,0,0,0,0,0,0,0,0,0,0,0,0,0,
Testname,5,0,1,4,0,0,5,0,0,0,0,0,0,0,0,0,0,0,0,0,0,0,0,0,0,
Tests,3,0,0,3,0,0,0,2,1,0,0,0,0,0,0,0,0,0,0,0,0,0,0,0,0,
text,52,2,6,44,0,2,14,29,3,2,2,0,0,0,0,0,0,0,0,0,0,0,0,0,0,
Than,3,0,1,2,0,0,0,0,1,2,0,0,0,0,0,0,0,0,0,0,0,0,0,0,0,
That,1,0,1,0,0,0,1,0,0,0,0,0,0,0,0,0,0,0,0,0,0,0,0,0,0,
This,9,0,9,0,0,0,8,0,1,0,0,0,0,0,0,0,0,0,0,0,0,0,0,0,0,
Thread,29,1,26,2,0,1,19,9,0,0,0,0,0,0,0,0,0,0,0,0,0,0,0,0,0,
Three,1,0,1,0,0,0,0,1,0,0,0,0,0,0,0,0,0,0,0,0,0,0,0,0,0,
Throw,10,0,2,8,0,0,0,0,3,4,3,0,0,0,0,0,0,0,0,0,0,0,0,0,0,
Throws,16,0,12,4,0,0,1,3,1,2,2,3,4,0,0,0,0,0,0,0,0,0,0,0,0,
Time,15,0,7,8,0,0,14,0,0,1,0,0,0,0,0,0,0,0,0,0,0,0,0,0,0,
timeout,20,2,6,12,0,2,7,3,2,4,0,2,0,0,0,0,0,0,0,0,0,0,0,0,0,
timeouts,1,1,0,0,1,1,0,0,0,0,0,0,0,0,0,0,0,0,0,0,0,0,0,0,0,
Times,2,0,0,2,0,0,0,0,0,0,1,1,0,0,0,0,0,0,0,0,0,0,0,0,0,
Title,25,0,6,19,0,0,24,1,0,0,0,0,0,0,0,0,0,0,0,0,0,0,0,0,0,
to,129,65,45,19,1,65,26,13,17,5,1,2,0,0,0,0,0,0,0,0,0,0,0,0,0,
Touch,2,0,1,1,0,0,2,0,0,0,0,0,0,0,0,0,0,0,0,0,0,0,0,0,0,
Traversal,10,0,2,8,0,0,10,0,0,0,0,0,0,0,0,0,0,0,0,0,0,0,0,0,0,
traverse,1,1,0,0,0,1,0,0,0,0,0,0,0,0,0,0,0,0,0,0,0,0,0,0,0,
Tree,2,0,0,2,0,0,0,2,0,0,0,0,0,0,0,0,0,0,0,0,0,0,0,0,0,
triple,3,3,0,0,0,3,0,0,0,0,0,0,0,0,0,0,0,0,0,0,0,0,0,0,0,
True,4,0,4,0,0,0,0,2,1,1,0,0,0,0,0,0,0,0,0,0,0,0,0,0,0,
Truthy,2,0,0,2,0,0,2,0,0,0,0,0,0,0,0,0,0,0,0,0,0,0,0,0,0,
Twice,3,0,1,2,0,0,3,0,0,0,0,0,0,0,0,0,0,0,0,0,0,0,0,0,0,
two,1,1,0,0,0,1,0,0,0,0,0,0,0,0,0,0,0,0,0,0,0,0,0,0,0,
type,170,3,26,141,3,3,45,67,38,17,0,0,0,0,0,0,0,0,0,0,0,0,0,0,0,
Types,1,0,0,1,0,0,0,0,1,0,0,0,0,0,0,0,0,0,0,0,0,0,0,0,0,
Typing,2,0,1,1,0,0,2,0,0,0,0,0,0,0,0,0,0,0,0,0,0,0,0,0,0,
UI,1,0,1,0,0,0,1,0,0,0,0,0,0,0,0,0,0,0,0,0,0,0,0,0,0,
Ums,1,1,0,0,0,1,0,0,0,0,0,0,0,0,0,0,0,0,0,0,0,0,0,0,0,
unable,1,1,0,0,0,1,0,0,0,0,0,0,0,0,0,0,0,0,0,0,0,0,0,0,0,
Unicode,1,0,0,1,0,0,0,0,1,0,0,0,0,0,0,0,0,0,0,0,0,0,0,0,0,
Unit4,1,0,1,0,0,0,0,0,0,0,1,0,0,0,0,0,0,0,0,0,0,0,0,0,0,
Unknown,2,0,2,0,0,0,0,0,2,0,0,0,0,0,0,0,0,0,0,0,0,0,0,0,0,
unset,1,1,0,0,1,1,0,0,0,0,0,0,0,0,0,0,0,0,0,0,0,0,0,0,0,
until,1,1,0,0,1,1,0,0,0,0,0,0,0,0,0,0,0,0,0,0,0,0,0,0,0,
Up,18,1,4,13,1,1,12,3,1,1,0,0,0,0,0,0,0,0,0,0,0,0,0,0,0,
update,4,4,0,0,0,4,0,0,0,0,0,0,0,0,0,0,0,0,0,0,0,0,0,0,0,
Updated,7,0,0,7,0,0,0,1,4,2,0,0,0,0,0,0,0,0,0,0,0,0,0,0,0,
Upper,1,0,1,0,0,0,0,0,0,0,0,1,0,0,0,0,0,0,0,0,0,0,0,0,0,
ups,1,1,0,0,1,1,0,0,0,0,0,0,0,0,0,0,0,0,0,0,0,0,0,0,0,
Uri,20,0,4,16,0,0,20,0,0,0,0,0,0,0,0,0,0,0,0,0,0,0,0,0,0,
Url,11,0,1,10,0,0,7,4,0,0,0,0,0,0,0,0,0,0,0,0,0,0,0,0,0,
Use,4,1,3,0,0,1,3,0,0,0,0,0,0,0,0,0,0,0,0,0,0,0,0,0,0,
Used,2,0,1,1,0,0,0,2,0,0,0,0,0,0,0,0,0,0,0,0,0,0,0,0,0,
User,19,1,18,0,0,1,16,2,0,0,0,0,0,0,0,0,0,0,0,0,0,0,0,0,0,
Username,5,0,2,3,0,0,1,2,2,0,0,0,0,0,0,0,0,0,0,0,0,0,0,0,0,
using,4,2,2,0,1,2,0,0,0,2,0,0,0,0,0,0,0,0,0,0,0,0,0,0,0,
Utils,7,1,1,5,1,1,2,4,0,0,0,0,0,0,0,0,0,0,0,0,0,0,0,0,0,
valid,9,1,8,0,0,1,0,4,4,0,0,0,0,0,0,0,0,0,0,0,0,0,0,0,0,
Value,171,8,72,91,0,8,101,33,10,0,4,7,6,1,1,0,0,0,0,0,0,0,0,0,0,
values,1,1,0,0,1,1,0,0,0,0,0,0,0,0,0,0,0,0,0,0,0,0,0,0,0,
Variable,57,0,53,4,0,0,52,3,0,1,1,0,0,0,0,0,0,0,0,0,0,0,0,0,0,
Varint32,1,0,0,1,0,0,0,1,0,0,0,0,0,0,0,0,0,0,0,0,0,0,0,0,0,
verify,6,6,0,0,0,6,0,0,0,0,0,0,0,0,0,0,0,0,0,0,0,0,0,0,0,
Version,26,0,4,22,0,0,6,20,0,0,0,0,0,0,0,0,0,0,0,0,0,0,0,0,0,
Versions,1,0,0,1,0,0,1,0,0,0,0,0,0,0,0,0,0,0,0,0,0,0,0,0,0,
View,15,0,6,9,0,0,4,0,9,1,0,0,1,0,0,0,0,0,0,0,0,0,0,0,0,
Visible,13,0,6,7,0,0,13,0,0,0,0,0,0,0,0,0,0,0,0,0,0,0,0,0,0,
Visually,3,0,0,3,0,0,0,0,0,1,1,1,0,0,0,0,0,0,0,0,0,0,0,0,0,
W,4,0,0,4,0,0,4,0,0,0,0,0,0,0,0,0,0,0,0,0,0,0,0,0,0,
Wait,56,47,3,6,0,47,6,2,1,0,0,0,0,0,0,0,0,0,0,0,0,0,0,0,0,
was,1,1,0,0,0,1,0,0,0,0,0,0,0,0,0,0,0,0,0,0,0,0,0,0,0,
Watcher,3,0,0,3,0,0,2,1,0,0,0,0,0,0,0,0,0,0,0,0,0,0,0,0,0,
Web,2,0,2,0,0,0,2,0,0,0,0,0,0,0,0,0,0,0,0,0,0,0,0,0,0,
Webbit,1,1,0,0,0,1,0,0,0,0,0,0,0,0,0,0,0,0,0,0,0,0,0,0,0,
When,6,0,6,0,0,0,0,1,2,3,0,0,0,0,0,0,0,0,0,0,0,0,0,0,0,
where,2,2,0,0,0,2,0,0,0,0,0,0,0,0,0,0,0,0,0,0,0,0,0,0,0,
Widget,13,0,11,2,0,0,7,5,0,0,0,0,0,0,1,0,0,0,0,0,0,0,0,0,0,
Widgets,1,0,1,0,0,0,0,0,1,0,0,0,0,0,0,0,0,0,0,0,0,0,0,0,0,
Width,12,0,0,12,0,0,11,1,0,0,0,0,0,0,0,0,0,0,0,0,0,0,0,0,0,
Window,199,7,171,21,1,7,114,60,18,0,0,0,0,0,0,0,0,0,0,0,0,0,0,0,0,
Windows,12,0,1,11,0,0,5,5,2,0,0,0,0,0,0,0,0,0,0,0,0,0,0,0,0,
with,76,7,69,0,0,7,21,28,16,3,1,0,0,0,0,0,0,0,0,0,0,0,0,0,0,
Without,3,0,3,0,0,0,1,1,1,0,0,0,0,0,0,0,0,0,0,0,0,0,0,0,0,
Word,1,0,0,1,0,0,0,0,1,0,0,0,0,0,0,0,0,0,0,0,0,0,0,0,0,
Words,1,0,0,1,0,0,0,0,1,0,0,0,0,0,0,0,0,0,0,0,0,0,0,0,0,
Worker,2,0,0,2,0,0,0,1,1,0,0,0,0,0,0,0,0,0,0,0,0,0,0,0,0,
Works,4,0,2,2,0,0,0,2,2,0,0,0,0,0,0,0,0,0,0,0,0,0,0,0,0,
Wrapped,2,0,2,0,0,0,2,0,0,0,0,0,0,0,0,0,0,0,0,0,0,0,0,0,0,
write,38,36,0,2,1,36,2,0,0,0,0,0,0,0,0,0,0,0,0,0,0,0,0,0,0,
written,2,2,0,0,0,2,0,0,0,0,0,0,0,0,0,0,0,0,0,0,0,0,0,0,0,
X,17,0,3,14,0,0,16,1,0,0,0,0,0,0,0,0,0,0,0,0,0,0,0,0,0,
X64,2,1,0,1,0,1,0,1,0,0,0,0,0,0,0,0,0,0,0,0,0,0,0,0,0,
X86,2,1,0,1,0,1,0,1,0,0,0,0,0,0,0,0,0,0,0,0,0,0,0,0,0,
xpath,2,2,0,0,0,2,0,0,0,0,0,0,0,0,0,0,0,0,0,0,0,0,0,0,0,
Xto,1,0,1,0,0,0,0,1,0,0,0,0,0,0,0,0,0,0,0,0,0,0,0,0,0,
Y,14,0,0,14,0,0,14,0,0,0,0,0,0,0,0,0,0,0,0,0,0,0,0,0,0,
Zero,3,1,1,1,0,1,0,0,0,1,1,0,0,0,0,0,0,0,0,0,0,0,0,0,0,
