A,3,0,0,3,0,0,1,2,0,0,0,0,0,0,0,0,0,0,0,0,0,0,0,0,0,
AAC,5,0,0,5,0,0,1,0,1,3,0,0,0,0,0,0,0,0,0,0,0,0,0,0,0,
AACLC,1,0,0,1,0,0,1,0,0,0,0,0,0,0,0,0,0,0,0,0,0,0,0,0,0,
Aand,2,0,2,0,0,0,0,0,0,2,0,0,0,0,0,0,0,0,0,0,0,0,0,0,0,
Aborted,1,0,0,1,0,0,1,0,0,0,0,0,0,0,0,0,0,0,0,0,0,0,0,0,0,
Abs,2,1,1,0,1,1,1,0,0,0,0,0,0,0,0,0,0,0,0,0,0,0,0,0,0,
Absolute,1,0,0,1,0,0,0,0,1,0,0,0,0,0,0,0,0,0,0,0,0,0,0,0,0,
Abstract,2,2,0,0,0,2,0,0,0,0,0,0,0,0,0,0,0,0,0,0,0,0,0,0,0,
AC3,13,0,3,10,0,0,3,2,3,5,0,0,0,0,0,0,0,0,0,0,0,0,0,0,0,
Accel,2,0,0,2,0,0,0,0,0,2,0,0,0,0,0,0,0,0,0,0,0,0,0,0,0,
Acceleration,7,0,5,2,0,0,0,7,0,0,0,0,0,0,0,0,0,0,0,0,0,0,0,0,0,
accept,6,6,0,0,6,6,0,0,0,0,0,0,0,0,0,0,0,0,0,0,0,0,0,0,0,
Accurate,1,0,1,0,0,0,1,0,0,0,0,0,0,0,0,0,0,0,0,0,0,0,0,0,0,
ACELP,2,0,0,2,0,0,2,0,0,0,0,0,0,0,0,0,0,0,0,0,0,0,0,0,0,
ACP,1,0,0,1,0,0,1,0,0,0,0,0,0,0,0,0,0,0,0,0,0,0,0,0,0,
Action,33,20,5,8,0,20,6,2,5,0,0,0,0,0,0,0,0,0,0,0,0,0,0,0,0,
Actions,1,0,0,1,0,0,0,0,1,0,0,0,0,0,0,0,0,0,0,0,0,0,0,0,0,
activate,1,1,0,0,1,1,0,0,0,0,0,0,0,0,0,0,0,0,0,0,0,0,0,0,0,
Active,6,0,2,4,0,0,5,1,0,0,0,0,0,0,0,0,0,0,0,0,0,0,0,0,0,
add,86,81,2,3,17,81,2,2,1,0,0,0,0,0,0,0,0,0,0,0,0,0,0,0,0,
Added,6,0,3,3,0,0,1,2,0,2,0,1,0,0,0,0,0,0,0,0,0,0,0,0,0,
Additional,5,0,5,0,0,0,3,0,2,0,0,0,0,0,0,0,0,0,0,0,0,0,0,0,0,
Addr,1,0,0,1,0,0,1,0,0,0,0,0,0,0,0,0,0,0,0,0,0,0,0,0,0,
Address,18,0,2,16,0,0,8,7,0,2,1,0,0,0,0,0,0,0,0,0,0,0,0,0,0,
Addresses,2,0,0,2,0,0,0,1,1,0,0,0,0,0,0,0,0,0,0,0,0,0,0,0,0,
adjustment,1,1,0,0,0,1,0,0,0,0,0,0,0,0,0,0,0,0,0,0,0,0,0,0,0,
Admin,2,0,1,1,0,0,2,0,0,0,0,0,0,0,0,0,0,0,0,0,0,0,0,0,0,
ADPCM,1,0,0,1,0,0,1,0,0,0,0,0,0,0,0,0,0,0,0,0,0,0,0,0,0,
Advanced,2,0,2,0,0,0,0,2,0,0,0,0,0,0,0,0,0,0,0,0,0,0,0,0,0,
after,2,2,0,0,0,2,0,0,0,0,0,0,0,0,0,0,0,0,0,0,0,0,0,0,0,
Agent,3,0,2,1,0,0,0,3,0,0,0,0,0,0,0,0,0,0,0,0,0,0,0,0,0,
AIFF,1,0,0,1,0,0,1,0,0,0,0,0,0,0,0,0,0,0,0,0,0,0,0,0,0,
ALAC,1,0,0,1,0,0,1,0,0,0,0,0,0,0,0,0,0,0,0,0,0,0,0,0,0,
Album,5,0,2,3,0,0,4,1,0,0,0,0,0,0,0,0,0,0,0,0,0,0,0,0,0,
alert,2,2,0,0,2,2,0,0,0,0,0,0,0,0,0,0,0,0,0,0,0,0,0,0,0,
Alive,3,0,2,1,0,0,3,0,0,0,0,0,0,0,0,0,0,0,0,0,0,0,0,0,0,
All,30,1,11,18,0,1,24,2,2,0,0,1,0,0,0,0,0,0,0,0,0,0,0,0,0,
Allocated,3,0,3,0,0,0,3,0,0,0,0,0,0,0,0,0,0,0,0,0,0,0,0,0,0,
Allocator,1,0,1,0,0,0,1,0,0,0,0,0,0,0,0,0,0,0,0,0,0,0,0,0,0,
Allow,7,3,4,0,0,3,4,0,0,0,0,0,0,0,0,0,0,0,0,0,0,0,0,0,0,
Allowed,4,1,1,2,1,1,1,2,0,0,0,0,0,0,0,0,0,0,0,0,0,0,0,0,0,
Alpha,1,0,1,0,0,0,0,1,0,0,0,0,0,0,0,0,0,0,0,0,0,0,0,0,0,
ALS,2,0,0,2,0,0,2,0,0,0,0,0,0,0,0,0,0,0,0,0,0,0,0,0,0,
Alternate,4,0,4,0,0,0,4,0,0,0,0,0,0,0,0,0,0,0,0,0,0,0,0,0,0,
Alternative,2,0,2,0,0,0,0,2,0,0,0,0,0,0,0,0,0,0,0,0,0,0,0,0,0,
Anaglyph,1,0,0,1,0,0,0,1,0,0,0,0,0,0,0,0,0,0,0,0,0,0,0,0,0,
analyze,5,5,0,0,0,5,0,0,0,0,0,0,0,0,0,0,0,0,0,0,0,0,0,0,0,
And,15,0,15,0,0,0,7,6,2,0,0,0,0,0,0,0,0,0,0,0,0,0,0,0,0,
Annex,6,0,6,0,0,0,2,4,0,0,0,0,0,0,0,0,0,0,0,0,0,0,0,0,0,
answer,2,2,0,0,2,2,0,0,0,0,0,0,0,0,0,0,0,0,0,0,0,0,0,0,0,
Any,4,0,3,1,0,0,4,0,0,0,0,0,0,0,0,0,0,0,0,0,0,0,0,0,0,
Aperture,5,0,5,0,0,0,3,2,0,0,0,0,0,0,0,0,0,0,0,0,0,0,0,0,0,
Append,16,13,3,0,6,13,3,0,0,0,0,0,0,0,0,0,0,0,0,0,0,0,0,0,0,
Appender,4,0,1,3,0,0,4,0,0,0,0,0,0,0,0,0,0,0,0,0,0,0,0,0,0,
Appenders,4,0,0,4,0,0,0,4,0,0,0,0,0,0,0,0,0,0,0,0,0,0,0,0,0,
apply,5,5,0,0,2,5,0,0,0,0,0,0,0,0,0,0,0,0,0,0,0,0,0,0,0,
approve,2,2,0,0,0,2,0,0,0,0,0,0,0,0,0,0,0,0,0,0,0,0,0,0,0,
AR,1,0,0,1,0,0,0,0,0,1,0,0,0,0,0,0,0,0,0,0,0,0,0,0,0,
Archive,7,0,7,0,0,0,2,4,1,0,0,0,0,0,0,0,0,0,0,0,0,0,0,0,0,
are,2,2,0,0,0,2,0,0,0,0,0,0,0,0,0,0,0,0,0,0,0,0,0,0,0,
Area,2,0,2,0,0,0,1,1,0,0,0,0,0,0,0,0,0,0,0,0,0,0,0,0,0,
Arg,2,0,0,2,0,0,1,1,0,0,0,0,0,0,0,0,0,0,0,0,0,0,0,0,0,
Args,21,10,1,10,10,10,1,9,1,0,0,0,0,0,0,0,0,0,0,0,0,0,0,0,0,
Argument,7,0,3,4,0,0,3,2,0,1,0,1,0,0,0,0,0,0,0,0,0,0,0,0,0,
Arib,1,0,1,0,0,0,1,0,0,0,0,0,0,0,0,0,0,0,0,0,0,0,0,0,0,
Armed,1,0,0,1,0,0,1,0,0,0,0,0,0,0,0,0,0,0,0,0,0,0,0,0,0,
Array,41,1,14,26,0,1,16,11,11,2,0,0,0,0,0,0,0,0,0,0,0,0,0,0,0,
Art,6,0,5,1,0,0,4,2,0,0,0,0,0,0,0,0,0,0,0,0,0,0,0,0,0,
Artist,3,0,1,2,0,0,3,0,0,0,0,0,0,0,0,0,0,0,0,0,0,0,0,0,0,
ARW,1,0,0,1,0,0,1,0,0,0,0,0,0,0,0,0,0,0,0,0,0,0,0,0,0,
AS,10,2,8,0,0,2,1,7,0,0,0,0,0,0,0,0,0,0,0,0,0,0,0,0,0,
Ascii,4,0,0,4,0,0,0,1,1,1,1,0,0,0,0,0,0,0,0,0,0,0,0,0,0,
ask,1,1,0,0,0,1,0,0,0,0,0,0,0,0,0,0,0,0,0,0,0,0,0,0,0,
Aspect,13,0,10,3,0,0,9,4,0,0,0,0,0,0,0,0,0,0,0,0,0,0,0,0,0,
ASS,22,0,20,2,0,0,9,4,9,0,0,0,0,0,0,0,0,0,0,0,0,0,0,0,0,
ASS3,1,0,1,0,0,0,0,0,1,0,0,0,0,0,0,0,0,0,0,0,0,0,0,0,0,
assert,8,8,0,0,0,8,0,0,0,0,0,0,0,0,0,0,0,0,0,0,0,0,0,0,0,
Assertion,2,0,2,0,0,0,0,2,0,0,0,0,0,0,0,0,0,0,0,0,0,0,0,0,0,
associate,4,4,0,0,1,4,0,0,0,0,0,0,0,0,0,0,0,0,0,0,0,0,0,0,0,
Associated,4,0,4,0,0,0,4,0,0,0,0,0,0,0,0,0,0,0,0,0,0,0,0,0,0,
Association,1,0,0,1,0,0,1,0,0,0,0,0,0,0,0,0,0,0,0,0,0,0,0,0,0,
At,6,0,1,5,0,0,0,5,1,0,0,0,0,0,0,0,0,0,0,0,0,0,0,0,0,
Atmos,1,0,0,1,0,0,1,0,0,0,0,0,0,0,0,0,0,0,0,0,0,0,0,0,0,
ATRAC,1,0,0,1,0,0,1,0,0,0,0,0,0,0,0,0,0,0,0,0,0,0,0,0,0,
attach,4,4,0,0,1,4,0,0,0,0,0,0,0,0,0,0,0,0,0,0,0,0,0,0,0,
Attachment,1,0,0,1,0,0,1,0,0,0,0,0,0,0,0,0,0,0,0,0,0,0,0,0,0,
Attribute,26,0,19,7,0,0,17,1,7,1,0,0,0,0,0,0,0,0,0,0,0,0,0,0,0,
Attributes,7,0,4,3,0,0,4,1,1,0,0,0,0,1,0,0,0,0,0,0,0,0,0,0,0,
Attributeshould,1,0,1,0,0,0,0,1,0,0,0,0,0,0,0,0,0,0,0,0,0,0,0,0,0,
ATZ,2,0,2,0,0,0,2,0,0,0,0,0,0,0,0,0,0,0,0,0,0,0,0,0,0,
Audio,109,3,85,21,0,3,53,35,14,1,1,2,0,0,0,0,0,0,0,0,0,0,0,0,0,
Audio1,1,0,0,1,0,0,0,1,0,0,0,0,0,0,0,0,0,0,0,0,0,0,0,0,0,
Audio144,2,0,0,2,0,0,0,2,0,0,0,0,0,0,0,0,0,0,0,0,0,0,0,0,0,
Audio2,1,0,0,1,0,0,0,1,0,0,0,0,0,0,0,0,0,0,0,0,0,0,0,0,0,
Audio288,2,0,0,2,0,0,0,2,0,0,0,0,0,0,0,0,0,0,0,0,0,0,0,0,0,
Audios,1,1,0,0,0,1,0,0,0,0,0,0,0,0,0,0,0,0,0,0,0,0,0,0,0,
Authenticate,1,0,0,1,0,0,0,1,0,0,0,0,0,0,0,0,0,0,0,0,0,0,0,0,0,
Authentication,1,0,0,1,0,0,0,1,0,0,0,0,0,0,0,0,0,0,0,0,0,0,0,0,0,
Author,1,0,0,1,0,0,1,0,0,0,0,0,0,0,0,0,0,0,0,0,0,0,0,0,0,
Auto,20,3,17,0,0,3,14,2,1,0,0,0,0,0,0,0,0,0,0,0,0,0,0,0,0,
Autoload,2,0,2,0,0,0,2,0,0,0,0,0,0,0,0,0,0,0,0,0,0,0,0,0,0,
Automatic,2,0,2,0,0,0,2,0,0,0,0,0,0,0,0,0,0,0,0,0,0,0,0,0,0,
AV,5,0,5,0,0,0,1,2,2,0,0,0,0,0,0,0,0,0,0,0,0,0,0,0,0,
Available,12,2,2,8,2,2,1,2,6,1,0,0,0,0,0,0,0,0,0,0,0,0,0,0,0,
Avc,9,1,8,0,0,1,5,3,0,0,0,0,0,0,0,0,0,0,0,0,0,0,0,0,0,
Average,1,0,1,0,0,0,0,1,0,0,0,0,0,0,0,0,0,0,0,0,0,0,0,0,0,
Avi,3,1,2,0,0,1,0,2,0,0,0,0,0,0,0,0,0,0,0,0,0,0,0,0,0,
Avis,1,0,0,1,0,0,1,0,0,0,0,0,0,0,0,0,0,0,0,0,0,0,0,0,0,
Avisynth,27,9,16,2,9,9,12,6,0,0,0,0,0,0,0,0,0,0,0,0,0,0,0,0,0,
Avs,5,0,4,1,0,0,5,0,0,0,0,0,0,0,0,0,0,0,0,0,0,0,0,0,0,
await,1,1,0,0,0,1,0,0,0,0,0,0,0,0,0,0,0,0,0,0,0,0,0,0,0,
Axes,1,0,1,0,0,0,0,1,0,0,0,0,0,0,0,0,0,0,0,0,0,0,0,0,0,
B,7,0,2,5,0,0,1,2,4,0,0,0,0,0,0,0,0,0,0,0,0,0,0,0,0,
Back,1,0,1,0,0,0,0,1,0,0,0,0,0,0,0,0,0,0,0,0,0,0,0,0,0,
Background,8,3,4,1,0,3,2,2,1,0,0,0,0,0,0,0,0,0,0,0,0,0,0,0,0,
Bandwidth,1,0,0,1,0,0,0,1,0,0,0,0,0,0,0,0,0,0,0,0,0,0,0,0,0,
Banner,1,0,0,1,0,0,1,0,0,0,0,0,0,0,0,0,0,0,0,0,0,0,0,0,0,
Bar,6,0,2,4,0,0,0,5,1,0,0,0,0,0,0,0,0,0,0,0,0,0,0,0,0,
Base,3,0,0,3,0,0,3,0,0,0,0,0,0,0,0,0,0,0,0,0,0,0,0,0,0,
Based,4,0,4,0,0,0,0,0,2,2,0,0,0,0,0,0,0,0,0,0,0,0,0,0,0,
Basic,2,2,0,0,0,2,0,0,0,0,0,0,0,0,0,0,0,0,0,0,0,0,0,0,0,
Basics,1,0,0,1,0,0,0,0,1,0,0,0,0,0,0,0,0,0,0,0,0,0,0,0,0,
BE,4,0,1,3,0,0,0,0,0,0,3,0,0,0,0,1,0,0,0,0,0,0,0,0,0,
Before,3,2,1,0,0,2,0,1,0,0,0,0,0,0,0,0,0,0,0,0,0,0,0,0,0,
Beginning,1,0,0,1,0,0,0,0,0,1,0,0,0,0,0,0,0,0,0,0,0,0,0,0,0,
Big,5,2,3,0,0,2,2,1,0,0,0,0,0,0,0,0,0,0,0,0,0,0,0,0,0,
BIG5,1,0,0,1,0,0,0,0,0,1,0,0,0,0,0,0,0,0,0,0,0,0,0,0,0,
Bih,2,0,0,2,0,0,2,0,0,0,0,0,0,0,0,0,0,0,0,0,0,0,0,0,0,
Binaries,4,0,4,0,0,0,4,0,0,0,0,0,0,0,0,0,0,0,0,0,0,0,0,0,0,
Binary,2,0,1,1,0,0,1,0,1,0,0,0,0,0,0,0,0,0,0,0,0,0,0,0,0,
Bit,18,0,15,3,0,0,12,4,2,0,0,0,0,0,0,0,0,0,0,0,0,0,0,0,0,
Bitness,2,0,0,2,0,0,0,2,0,0,0,0,0,0,0,0,0,0,0,0,0,0,0,0,0,
Bitrate,27,0,10,17,0,0,3,19,5,0,0,0,0,0,0,0,0,0,0,0,0,0,0,0,0,
Bits,7,0,6,1,0,0,5,0,0,2,0,0,0,0,0,0,0,0,0,0,0,0,0,0,0,
Bitsper,2,0,2,0,0,0,2,0,0,0,0,0,0,0,0,0,0,0,0,0,0,0,0,0,0,
Bitspersample,4,0,0,4,0,0,4,0,0,0,0,0,0,0,0,0,0,0,0,0,0,0,0,0,0,
Blank,5,0,4,1,0,0,0,2,1,0,0,1,0,1,0,0,0,0,0,0,0,0,0,0,0,
Blocked,2,0,0,2,0,0,2,0,0,0,0,0,0,0,0,0,0,0,0,0,0,0,0,0,0,
Blocks,2,0,2,0,0,0,0,2,0,0,0,0,0,0,0,0,0,0,0,0,0,0,0,0,0,
Blur,2,0,0,2,0,0,0,0,0,2,0,0,0,0,0,0,0,0,0,0,0,0,0,0,0,
BMP,1,1,0,0,0,1,0,0,0,0,0,0,0,0,0,0,0,0,0,0,0,0,0,0,0,
Bogus,1,0,1,0,0,0,1,0,0,0,0,0,0,0,0,0,0,0,0,0,0,0,0,0,0,
BOM,2,0,0,2,0,0,0,0,0,0,2,0,0,0,0,0,0,0,0,0,0,0,0,0,0,
Bool,1,0,0,1,0,0,0,1,0,0,0,0,0,0,0,0,0,0,0,0,0,0,0,0,0,
Boolean,4,0,2,2,0,0,3,1,0,0,0,0,0,0,0,0,0,0,0,0,0,0,0,0,0,
Boss,1,0,1,0,0,0,1,0,0,0,0,0,0,0,0,0,0,0,0,0,0,0,0,0,0,
Box,7,0,3,4,0,0,1,3,3,0,0,0,0,0,0,0,0,0,0,0,0,0,0,0,0,
Brainz,2,0,2,0,0,0,1,1,0,0,0,0,0,0,0,0,0,0,0,0,0,0,0,0,0,
Branch,1,0,0,1,0,0,0,1,0,0,0,0,0,0,0,0,0,0,0,0,0,0,0,0,0,
BRAVIA,1,0,0,1,0,0,1,0,0,0,0,0,0,0,0,0,0,0,0,0,0,0,0,0,0,
Browsable,1,0,0,1,0,0,1,0,0,0,0,0,0,0,0,0,0,0,0,0,0,0,0,0,0,
browse,5,3,2,0,0,3,2,0,0,0,0,0,0,0,0,0,0,0,0,0,0,0,0,0,0,
Browser,3,0,2,1,0,0,3,0,0,0,0,0,0,0,0,0,0,0,0,0,0,0,0,0,0,
Browsing,2,0,0,2,0,0,0,2,0,0,0,0,0,0,0,0,0,0,0,0,0,0,0,0,0,
Buffer,21,0,4,17,0,0,13,3,5,0,0,0,0,0,0,0,0,0,0,0,0,0,0,0,0,
Buffered,15,5,7,3,0,5,8,2,0,0,0,0,0,0,0,0,0,0,0,0,0,0,0,0,0,
build,38,36,0,2,10,36,2,0,0,0,0,0,0,0,0,0,0,0,0,0,0,0,0,0,0,
Builder,2,1,0,1,1,1,0,0,1,0,0,0,0,0,0,0,0,0,0,0,0,0,0,0,0,
Built,3,0,3,0,0,0,2,1,0,0,0,0,0,0,0,0,0,0,0,0,0,0,0,0,0,
Bump,7,1,6,0,0,1,6,0,0,0,0,0,0,0,0,0,0,0,0,0,0,0,0,0,0,
Bundle,1,0,0,1,0,0,0,1,0,0,0,0,0,0,0,0,0,0,0,0,0,0,0,0,0,
Button,10,1,1,8,1,1,5,2,2,0,0,0,0,0,0,0,0,0,0,0,0,0,0,0,0,
By,39,0,39,0,0,0,5,12,16,6,0,0,0,0,0,0,0,0,0,0,0,0,0,0,0,
Bye,2,0,1,1,0,0,1,1,0,0,0,0,0,0,0,0,0,0,0,0,0,0,0,0,0,
Byte,21,3,17,1,1,3,9,7,2,0,0,0,0,0,0,0,0,0,0,0,0,0,0,0,0,
Bytes,15,0,5,10,0,0,11,2,2,0,0,0,0,0,0,0,0,0,0,0,0,0,0,0,0,
Cache,4,0,1,3,0,0,1,2,1,0,0,0,0,0,0,0,0,0,0,0,0,0,0,0,0,
Caching,1,0,0,1,0,0,1,0,0,0,0,0,0,0,0,0,0,0,0,0,0,0,0,0,0,
Calculate,14,12,2,0,0,12,2,0,0,0,0,0,0,0,0,0,0,0,0,0,0,0,0,0,0,
calculated,1,1,0,0,0,1,0,0,0,0,0,0,0,0,0,0,0,0,0,0,0,0,0,0,0,
Call,2,1,0,1,1,1,1,0,0,0,0,0,0,0,0,0,0,0,0,0,0,0,0,0,0,
Callback,2,0,0,2,0,0,1,1,0,0,0,0,0,0,0,0,0,0,0,0,0,0,0,0,0,
Cancel,4,3,1,0,1,3,1,0,0,0,0,0,0,0,0,0,0,0,0,0,0,0,0,0,0,
Cancelled,2,0,0,2,0,0,1,1,0,0,0,0,0,0,0,0,0,0,0,0,0,0,0,0,0,
Candidate,1,0,1,0,0,0,1,0,0,0,0,0,0,0,0,0,0,0,0,0,0,0,0,0,0,
Canonical,1,0,1,0,0,0,1,0,0,0,0,0,0,0,0,0,0,0,0,0,0,0,0,0,0,
Capabilities,1,0,0,1,0,0,0,1,0,0,0,0,0,0,0,0,0,0,0,0,0,0,0,0,0,
Caption,1,0,0,1,0,0,0,1,0,0,0,0,0,0,0,0,0,0,0,0,0,0,0,0,0,
Card,1,0,1,0,0,0,1,0,0,0,0,0,0,0,0,0,0,0,0,0,0,0,0,0,0,
Case,10,0,8,2,0,0,0,2,1,3,3,1,0,0,0,0,0,0,0,0,0,0,0,0,0,
Cases,2,0,0,2,0,0,0,0,1,1,0,0,0,0,0,0,0,0,0,0,0,0,0,0,0,
Category,2,0,0,2,0,0,0,2,0,0,0,0,0,0,0,0,0,0,0,0,0,0,0,0,0,
Caught,1,0,0,1,0,0,1,0,0,0,0,0,0,0,0,0,0,0,0,0,0,0,0,0,0,
Cause,2,0,0,2,0,0,0,1,1,0,0,0,0,0,0,0,0,0,0,0,0,0,0,0,0,
CB,1,0,0,1,0,0,1,0,0,0,0,0,0,0,0,0,0,0,0,0,0,0,0,0,0,
CBR,1,0,1,0,0,0,1,0,0,0,0,0,0,0,0,0,0,0,0,0,0,0,0,0,0,
Cell,6,0,6,0,0,0,2,4,0,0,0,0,0,0,0,0,0,0,0,0,0,0,0,0,0,
CF,37,19,18,0,0,19,18,0,0,0,0,0,0,0,0,0,0,0,0,0,0,0,0,0,0,
Chain,1,0,0,1,0,0,0,0,1,0,0,0,0,0,0,0,0,0,0,0,0,0,0,0,0,
Change,3,0,2,1,0,0,2,0,1,0,0,0,0,0,0,0,0,0,0,0,0,0,0,0,0,
Changed,24,1,0,23,0,1,10,13,0,0,0,0,0,0,0,0,0,0,0,0,0,0,0,0,0,
Channel,5,1,4,0,0,1,1,3,0,0,0,0,0,0,0,0,0,0,0,0,0,0,0,0,0,
Channels,12,0,3,9,0,0,1,4,5,1,1,0,0,0,0,0,0,0,0,0,0,0,0,0,0,
Channelswith,1,0,1,0,0,0,0,0,0,1,0,0,0,0,0,0,0,0,0,0,0,0,0,0,0,
Chapter,6,1,5,0,0,1,5,0,0,0,0,0,0,0,0,0,0,0,0,0,0,0,0,0,0,
Char,6,1,5,0,0,1,3,2,0,0,0,0,0,0,0,0,0,0,0,0,0,0,0,0,0,
Character,6,0,6,0,0,0,0,2,4,0,0,0,0,0,0,0,0,0,0,0,0,0,0,0,0,
Chars,1,0,0,1,0,0,0,0,0,0,0,1,0,0,0,0,0,0,0,0,0,0,0,0,0,
Charset,30,0,22,8,0,0,4,9,11,2,0,0,3,1,0,0,0,0,0,0,0,0,0,0,0,
Check,24,21,3,0,0,21,2,1,0,0,0,0,0,0,0,0,0,0,0,0,0,0,0,0,0,
checktype,1,1,0,0,1,1,0,0,0,0,0,0,0,0,0,0,0,0,0,0,0,0,0,0,0,
Child,9,0,5,4,0,0,7,2,0,0,0,0,0,0,0,0,0,0,0,0,0,0,0,0,0,
Children,31,1,3,27,0,1,22,8,0,0,0,0,0,0,0,0,0,0,0,0,0,0,0,0,0,
choose,2,2,0,0,0,2,0,0,0,0,0,0,0,0,0,0,0,0,0,0,0,0,0,0,0,
Chroma,1,0,1,0,0,0,1,0,0,0,0,0,0,0,0,0,0,0,0,0,0,0,0,0,0,
Chrome,4,1,2,1,0,1,2,1,0,0,0,0,0,0,0,0,0,0,0,0,0,0,0,0,0,
Chromecast,4,2,2,0,0,2,2,0,0,0,0,0,0,0,0,0,0,0,0,0,0,0,0,0,0,
Chunk,6,0,4,2,0,0,4,0,2,0,0,0,0,0,0,0,0,0,0,0,0,0,0,0,0,
Chunked,1,0,1,0,0,0,1,0,0,0,0,0,0,0,0,0,0,0,0,0,0,0,0,0,0,
Ci,1,0,1,0,0,0,1,0,0,0,0,0,0,0,0,0,0,0,0,0,0,0,0,0,0,
Class,6,0,1,5,0,0,0,5,1,0,0,0,0,0,0,0,0,0,0,0,0,0,0,0,0,
Clazz,2,0,0,2,0,0,2,0,0,0,0,0,0,0,0,0,0,0,0,0,0,0,0,0,0,
Clean,3,2,1,0,0,2,1,0,0,0,0,0,0,0,0,0,0,0,0,0,0,0,0,0,0,
cleanup,1,1,0,0,1,1,0,0,0,0,0,0,0,0,0,0,0,0,0,0,0,0,0,0,0,
clear,12,12,0,0,11,12,0,0,0,0,0,0,0,0,0,0,0,0,0,0,0,0,0,0,0,
Cleartext,4,2,2,0,0,2,2,0,0,0,0,0,0,0,0,0,0,0,0,0,0,0,0,0,0,
Clicked,3,0,0,3,0,0,3,0,0,0,0,0,0,0,0,0,0,0,0,0,0,0,0,0,0,
clone,5,5,0,0,5,5,0,0,0,0,0,0,0,0,0,0,0,0,0,0,0,0,0,0,0,
close,14,14,0,0,13,14,0,0,0,0,0,0,0,0,0,0,0,0,0,0,0,0,0,0,0,
Closed,1,0,1,0,0,0,1,0,0,0,0,0,0,0,0,0,0,0,0,0,0,0,0,0,0,
Closest,1,0,1,0,0,0,1,0,0,0,0,0,0,0,0,0,0,0,0,0,0,0,0,0,0,
Closing,1,0,0,1,0,0,1,0,0,0,0,0,0,0,0,0,0,0,0,0,0,0,0,0,0,
Cmd,4,0,0,4,0,0,1,3,0,0,0,0,0,0,0,0,0,0,0,0,0,0,0,0,0,
Cmds,2,0,0,2,0,0,0,2,0,0,0,0,0,0,0,0,0,0,0,0,0,0,0,0,0,
Cnt,1,0,0,1,0,0,0,1,0,0,0,0,0,0,0,0,0,0,0,0,0,0,0,0,0,
Code,53,5,6,42,0,5,30,11,5,1,0,1,0,0,0,0,0,0,0,0,0,0,0,0,0,
Codec,17,0,12,5,0,0,4,4,0,0,1,3,4,0,1,0,0,0,0,0,0,0,0,0,0,
Codecmatching,1,0,1,0,0,0,0,0,0,0,0,1,0,0,0,0,0,0,0,0,0,0,0,0,0,
Codecnull,1,0,1,0,0,0,0,0,0,0,0,1,0,0,0,0,0,0,0,0,0,0,0,0,0,
Codecs,5,0,0,5,0,0,1,1,2,0,0,0,1,0,0,0,0,0,0,0,0,0,0,0,0,
Codecunknown,1,0,1,0,0,0,0,0,0,0,0,1,0,0,0,0,0,0,0,0,0,0,0,0,0,
Coded,1,0,0,1,0,0,1,0,0,0,0,0,0,0,0,0,0,0,0,0,0,0,0,0,0,
Codepage,3,0,1,2,0,0,1,2,0,0,0,0,0,0,0,0,0,0,0,0,0,0,0,0,0,
Codes,7,0,1,6,0,0,3,4,0,0,0,0,0,0,0,0,0,0,0,0,0,0,0,0,0,
Coefficients,2,0,0,2,0,0,0,2,0,0,0,0,0,0,0,0,0,0,0,0,0,0,0,0,0,
Col,1,0,1,0,0,0,1,0,0,0,0,0,0,0,0,0,0,0,0,0,0,0,0,0,0,
Collected,2,0,0,2,0,0,0,2,0,0,0,0,0,0,0,0,0,0,0,0,0,0,0,0,0,
Color,24,1,15,8,0,1,16,4,1,2,0,0,0,0,0,0,0,0,0,0,0,0,0,0,0,
Colors,1,0,1,0,0,0,1,0,0,0,0,0,0,0,0,0,0,0,0,0,0,0,0,0,0,
Column,1,0,1,0,0,0,1,0,0,0,0,0,0,0,0,0,0,0,0,0,0,0,0,0,0,
Com,1,0,1,0,0,0,0,1,0,0,0,0,0,0,0,0,0,0,0,0,0,0,0,0,0,
Combined,2,1,1,0,0,1,0,1,0,0,0,0,0,0,0,0,0,0,0,0,0,0,0,0,0,
Combo,4,1,3,0,0,1,1,2,0,0,0,0,0,0,0,0,0,0,0,0,0,0,0,0,0,
Comma,1,0,0,1,0,0,0,0,0,0,0,1,0,0,0,0,0,0,0,0,0,0,0,0,0,
Command,8,1,0,7,1,1,0,7,0,0,0,0,0,0,0,0,0,0,0,0,0,0,0,0,0,
Common,6,0,5,1,0,0,1,3,2,0,0,0,0,0,0,0,0,0,0,0,0,0,0,0,0,
Comparator,4,0,2,2,0,0,1,3,0,0,0,0,0,0,0,0,0,0,0,0,0,0,0,0,0,
compare,27,26,1,0,12,26,0,1,0,0,0,0,0,0,0,0,0,0,0,0,0,0,0,0,0,
Comparison,2,0,1,1,0,0,2,0,0,0,0,0,0,0,0,0,0,0,0,0,0,0,0,0,0,
Compatibility,5,0,0,5,0,0,0,1,0,3,1,0,0,0,0,0,0,0,0,0,0,0,0,0,0,
Compatible,31,0,1,30,0,0,22,5,0,2,0,0,0,2,0,0,0,0,0,0,0,0,0,0,0,
Compensation,4,0,4,0,0,0,0,0,4,0,0,0,0,0,0,0,0,0,0,0,0,0,0,0,0,
compile,2,2,0,0,2,2,0,0,0,0,0,0,0,0,0,0,0,0,0,0,0,0,0,0,0,
Complete,1,0,0,1,0,0,1,0,0,0,0,0,0,0,0,0,0,0,0,0,0,0,0,0,0,
Completed,1,1,0,0,0,1,0,0,0,0,0,0,0,0,0,0,0,0,0,0,0,0,0,0,0,
Compliance,4,0,2,2,0,0,3,1,0,0,0,0,0,0,0,0,0,0,0,0,0,0,0,0,0,
Component,11,1,2,8,0,1,5,1,1,3,0,0,0,0,0,0,0,0,0,0,0,0,0,0,0,
Components,10,0,0,10,0,0,2,7,0,1,0,0,0,0,0,0,0,0,0,0,0,0,0,0,0,
Compression,3,0,2,1,0,0,2,1,0,0,0,0,0,0,0,0,0,0,0,0,0,0,0,0,0,
Compressor,1,0,0,1,0,0,1,0,0,0,0,0,0,0,0,0,0,0,0,0,0,0,0,0,0,
compute,2,2,0,0,0,2,0,0,0,0,0,0,0,0,0,0,0,0,0,0,0,0,0,0,0,
Computer,1,0,1,0,0,0,1,0,0,0,0,0,0,0,0,0,0,0,0,0,0,0,0,0,0,
concatenate,1,1,0,0,0,1,0,0,0,0,0,0,0,0,0,0,0,0,0,0,0,0,0,0,0,
Conf,10,0,3,7,0,0,5,5,0,0,0,0,0,0,0,0,0,0,0,0,0,0,0,0,0,
Config,28,14,2,12,14,14,3,1,6,4,0,0,0,0,0,0,0,0,0,0,0,0,0,0,0,
Configurable,1,0,1,0,0,0,1,0,0,0,0,0,0,0,0,0,0,0,0,0,0,0,0,0,0,
Configuration,37,6,14,17,0,6,14,14,2,1,0,0,0,0,0,0,0,0,0,0,0,0,0,0,0,
Configurations,6,0,1,5,0,0,0,3,3,0,0,0,0,0,0,0,0,0,0,0,0,0,0,0,0,
configure,2,2,0,0,1,2,0,0,0,0,0,0,0,0,0,0,0,0,0,0,0,0,0,0,0,
Configured,1,0,1,0,0,0,1,0,0,0,0,0,0,0,0,0,0,0,0,0,0,0,0,0,0,
Connect,5,2,3,0,2,2,2,1,0,0,0,0,0,0,0,0,0,0,0,0,0,0,0,0,0,
Connected,8,0,7,1,0,0,7,1,0,0,0,0,0,0,0,0,0,0,0,0,0,0,0,0,0,
Connection,3,0,2,1,0,0,2,1,0,0,0,0,0,0,0,0,0,0,0,0,0,0,0,0,0,
Connections,4,0,0,4,0,0,0,0,0,4,0,0,0,0,0,0,0,0,0,0,0,0,0,0,0,
Console,3,0,1,2,0,0,1,0,2,0,0,0,0,0,0,0,0,0,0,0,0,0,0,0,0,
Constant,4,0,4,0,0,0,4,0,0,0,0,0,0,0,0,0,0,0,0,0,0,0,0,0,0,
Constrained,1,0,0,1,0,0,0,0,1,0,0,0,0,0,0,0,0,0,0,0,0,0,0,0,0,
Constraints,1,0,0,1,0,0,0,0,1,0,0,0,0,0,0,0,0,0,0,0,0,0,0,0,0,
construct,1,1,0,0,0,1,0,0,0,0,0,0,0,0,0,0,0,0,0,0,0,0,0,0,0,
Constructor,11,0,1,10,0,0,0,6,4,1,0,0,0,0,0,0,0,0,0,0,0,0,0,0,0,
consume,2,2,0,0,1,2,0,0,0,0,0,0,0,0,0,0,0,0,0,0,0,0,0,0,0,
Consumer,5,0,0,5,0,0,1,3,0,1,0,0,0,0,0,0,0,0,0,0,0,0,0,0,0,
Cont,1,0,0,1,0,0,0,0,1,0,0,0,0,0,0,0,0,0,0,0,0,0,0,0,0,
Container,9,0,0,9,0,0,4,1,3,1,0,0,0,0,0,0,0,0,0,0,0,0,0,0,0,
Contains,11,9,1,1,4,9,0,2,0,0,0,0,0,0,0,0,0,0,0,0,0,0,0,0,0,
Content,15,0,8,7,0,0,8,6,1,0,0,0,0,0,0,0,0,0,0,0,0,0,0,0,0,
Contents,2,0,1,1,0,0,2,0,0,0,0,0,0,0,0,0,0,0,0,0,0,0,0,0,0,
Context,2,0,1,1,0,0,2,0,0,0,0,0,0,0,0,0,0,0,0,0,0,0,0,0,0,
Continue,1,0,0,1,0,0,0,1,0,0,0,0,0,0,0,0,0,0,0,0,0,0,0,0,0,
Control,7,0,5,2,0,0,3,4,0,0,0,0,0,0,0,0,0,0,0,0,0,0,0,0,0,
Controllable,3,0,0,3,0,0,1,2,0,0,0,0,0,0,0,0,0,0,0,0,0,0,0,0,0,
Controls,8,0,0,8,0,0,3,5,0,0,0,0,0,0,0,0,0,0,0,0,0,0,0,0,0,
contruct,1,1,0,0,0,1,0,0,0,0,0,0,0,0,0,0,0,0,0,0,0,0,0,0,0,
Conversion,4,0,3,1,0,0,1,3,0,0,0,0,0,0,0,0,0,0,0,0,0,0,0,0,0,
Convert,24,16,8,0,1,16,4,2,2,0,0,0,0,0,0,0,0,0,0,0,0,0,0,0,0,
Converted,2,0,2,0,0,0,2,0,0,0,0,0,0,0,0,0,0,0,0,0,0,0,0,0,0,
Cook,1,0,0,1,0,0,1,0,0,0,0,0,0,0,0,0,0,0,0,0,0,0,0,0,0,
Cookie,1,0,0,1,0,0,1,0,0,0,0,0,0,0,0,0,0,0,0,0,0,0,0,0,0,
copy,15,15,0,0,15,15,0,0,0,0,0,0,0,0,0,0,0,0,0,0,0,0,0,0,0,
Cores,2,0,0,2,0,0,0,0,0,2,0,0,0,0,0,0,0,0,0,0,0,0,0,0,0,
Correct,5,0,1,4,0,0,0,4,1,0,0,0,0,0,0,0,0,0,0,0,0,0,0,0,0,
Count,21,1,0,20,0,1,0,9,10,1,0,0,0,0,0,0,0,0,0,0,0,0,0,0,0,
Cover,12,5,5,2,0,5,4,2,1,0,0,0,0,0,0,0,0,0,0,0,0,0,0,0,0,
Coverage,2,0,0,2,0,0,1,1,0,0,0,0,0,0,0,0,0,0,0,0,0,0,0,0,0,
Cp,6,0,6,0,0,0,0,1,5,0,0,0,0,0,0,0,0,0,0,0,0,0,0,0,0,
Cpu,2,0,2,0,0,0,0,0,2,0,0,0,0,0,0,0,0,0,0,0,0,0,0,0,0,
create,63,62,1,0,6,62,1,0,0,0,0,0,0,0,0,0,0,0,0,0,0,0,0,0,0,
Created,1,0,0,1,0,0,1,0,0,0,0,0,0,0,0,0,0,0,0,0,0,0,0,0,0,
Cred,10,1,3,6,0,1,9,0,0,0,0,0,0,0,0,0,0,0,0,0,0,0,0,0,0,
Credentials,1,0,0,1,0,0,1,0,0,0,0,0,0,0,0,0,0,0,0,0,0,0,0,0,0,
cross,1,1,0,0,0,1,0,0,0,0,0,0,0,0,0,0,0,0,0,0,0,0,0,0,0,
Cstr,1,0,0,1,0,0,1,0,0,0,0,0,0,0,0,0,0,0,0,0,0,0,0,0,0,
Ctx,1,0,0,1,0,0,1,0,0,0,0,0,0,0,0,0,0,0,0,0,0,0,0,0,0,
Cue,1,1,0,0,0,1,0,0,0,0,0,0,0,0,0,0,0,0,0,0,0,0,0,0,0,
CUR,1,1,0,0,0,1,0,0,0,0,0,0,0,0,0,0,0,0,0,0,0,0,0,0,0,
Current,7,0,7,0,0,0,7,0,0,0,0,0,0,0,0,0,0,0,0,0,0,0,0,0,0,
Custom,18,7,11,0,0,7,9,2,0,0,0,0,0,0,0,0,0,0,0,0,0,0,0,0,0,
customize,1,1,0,0,0,1,0,0,0,0,0,0,0,0,0,0,0,0,0,0,0,0,0,0,0,
Customized,1,0,0,1,0,0,1,0,0,0,0,0,0,0,0,0,0,0,0,0,0,0,0,0,0,
D,5,0,2,3,0,0,1,3,0,1,0,0,0,0,0,0,0,0,0,0,0,0,0,0,0,
Data,26,0,16,10,0,0,11,9,4,2,0,0,0,0,0,0,0,0,0,0,0,0,0,0,0,
Database,4,0,1,3,0,0,2,1,1,0,0,0,0,0,0,0,0,0,0,0,0,0,0,0,0,
Date,2,0,1,1,0,0,0,1,1,0,0,0,0,0,0,0,0,0,0,0,0,0,0,0,0,
Db,12,0,4,8,0,0,6,4,0,0,2,0,0,0,0,0,0,0,0,0,0,0,0,0,0,
Dbg,6,3,0,3,0,3,1,2,0,0,0,0,0,0,0,0,0,0,0,0,0,0,0,0,0,
DC,10,0,10,0,0,0,9,1,0,0,0,0,0,0,0,0,0,0,0,0,0,0,0,0,0,
Debug,4,1,3,0,1,1,3,0,0,0,0,0,0,0,0,0,0,0,0,0,0,0,0,0,0,
Dec,1,0,1,0,0,0,1,0,0,0,0,0,0,0,0,0,0,0,0,0,0,0,0,0,0,
Decimal,4,0,4,0,0,0,3,1,0,0,0,0,0,0,0,0,0,0,0,0,0,0,0,0,0,
Decision,1,0,0,1,0,0,0,1,0,0,0,0,0,0,0,0,0,0,0,0,0,0,0,0,0,
Decorator,1,0,0,1,0,0,1,0,0,0,0,0,0,0,0,0,0,0,0,0,0,0,0,0,0,
Default,45,6,30,9,0,6,28,4,5,2,0,0,0,0,0,0,0,0,0,0,0,0,0,0,0,
Defaults,2,0,0,2,0,0,1,0,1,0,0,0,0,0,0,0,0,0,0,0,0,0,0,0,0,
Defer,4,0,4,0,0,0,0,0,4,0,0,0,0,0,0,0,0,0,0,0,0,0,0,0,0,
Definer,1,0,0,1,0,0,0,0,0,1,0,0,0,0,0,0,0,0,0,0,0,0,0,0,0,
Delay,12,0,3,9,0,0,2,4,3,3,0,0,0,0,0,0,0,0,0,0,0,0,0,0,0,
Delegate,1,0,0,1,0,0,0,0,1,0,0,0,0,0,0,0,0,0,0,0,0,0,0,0,0,
delete,6,6,0,0,2,6,0,0,0,0,0,0,0,0,0,0,0,0,0,0,0,0,0,0,0,
Demuxer,1,0,1,0,0,0,1,0,0,0,0,0,0,0,0,0,0,0,0,0,0,0,0,0,0,
Denominator,2,0,0,2,0,0,1,1,0,0,0,0,0,0,0,0,0,0,0,0,0,0,0,0,0,
deny,1,1,0,0,1,1,0,0,0,0,0,0,0,0,0,0,0,0,0,0,0,0,0,0,0,
Depth,11,1,2,8,0,1,0,6,4,0,0,0,0,0,0,0,0,0,0,0,0,0,0,0,0,
Depth3,2,0,2,0,0,0,2,0,0,0,0,0,0,0,0,0,0,0,0,0,0,0,0,0,0,
Depths,1,0,0,1,0,0,0,0,0,1,0,0,0,0,0,0,0,0,0,0,0,0,0,0,0,
Descendant,1,0,0,1,0,0,1,0,0,0,0,0,0,0,0,0,0,0,0,0,0,0,0,0,0,
Description,7,0,0,7,0,0,5,1,1,0,0,0,0,0,0,0,0,0,0,0,0,0,0,0,0,
Descriptor,1,0,1,0,0,0,1,0,0,0,0,0,0,0,0,0,0,0,0,0,0,0,0,0,0,
deserialize,1,1,0,0,1,1,0,0,0,0,0,0,0,0,0,0,0,0,0,0,0,0,0,0,0,
Design,1,0,0,1,0,0,0,1,0,0,0,0,0,0,0,0,0,0,0,0,0,0,0,0,0,
destroy,2,2,0,0,2,2,0,0,0,0,0,0,0,0,0,0,0,0,0,0,0,0,0,0,0,
Destroyed,5,0,0,5,0,0,5,0,0,0,0,0,0,0,0,0,0,0,0,0,0,0,0,0,0,
detach,2,2,0,0,0,2,0,0,0,0,0,0,0,0,0,0,0,0,0,0,0,0,0,0,0,
Details,9,0,2,7,0,0,1,6,1,0,1,0,0,0,0,0,0,0,0,0,0,0,0,0,0,
Detect,4,2,2,0,0,2,0,1,1,0,0,0,0,0,0,0,0,0,0,0,0,0,0,0,0,
Detected,1,0,1,0,0,0,0,0,0,0,0,0,1,0,0,0,0,0,0,0,0,0,0,0,0,
Detection,1,0,0,1,0,0,0,1,0,0,0,0,0,0,0,0,0,0,0,0,0,0,0,0,0,
Determinate,1,0,0,1,0,0,1,0,0,0,0,0,0,0,0,0,0,0,0,0,0,0,0,0,0,
Device,20,3,13,4,0,3,15,2,0,0,0,0,0,0,0,0,0,0,0,0,0,0,0,0,0,
Df,1,0,0,1,0,0,1,0,0,0,0,0,0,0,0,0,0,0,0,0,0,0,0,0,0,
Dialog,4,0,0,4,0,0,2,2,0,0,0,0,0,0,0,0,0,0,0,0,0,0,0,0,0,
Dictionary,5,0,4,1,0,0,1,3,1,0,0,0,0,0,0,0,0,0,0,0,0,0,0,0,0,
Didl,1,0,1,0,0,0,1,0,0,0,0,0,0,0,0,0,0,0,0,0,0,0,0,0,0,
Dimension,1,0,0,1,0,0,0,0,0,1,0,0,0,0,0,0,0,0,0,0,0,0,0,0,0,
Dir,10,0,0,10,0,0,1,4,3,2,0,0,0,0,0,0,0,0,0,0,0,0,0,0,0,
Direct,2,0,2,0,0,0,2,0,0,0,0,0,0,0,0,0,0,0,0,0,0,0,0,0,0,
directmime,1,1,0,0,1,1,0,0,0,0,0,0,0,0,0,0,0,0,0,0,0,0,0,0,0,
Directory,15,0,3,12,0,0,3,10,0,2,0,0,0,0,0,0,0,0,0,0,0,0,0,0,0,
Disable,11,1,10,0,0,1,10,0,0,0,0,0,0,0,0,0,0,0,0,0,0,0,0,0,0,
Disabled,1,0,0,1,0,0,0,1,0,0,0,0,0,0,0,0,0,0,0,0,0,0,0,0,0,
disconnect,2,2,0,0,2,2,0,0,0,0,0,0,0,0,0,0,0,0,0,0,0,0,0,0,0,
Discover,17,15,0,2,0,15,1,1,0,0,0,0,0,0,0,0,0,0,0,0,0,0,0,0,0,
Discovered,2,0,0,2,0,0,2,0,0,0,0,0,0,0,0,0,0,0,0,0,0,0,0,0,0,
Disk,3,0,2,1,0,0,2,1,0,0,0,0,0,0,0,0,0,0,0,0,0,0,0,0,0,
Display,11,2,8,1,1,2,6,2,1,0,0,0,0,0,0,0,0,0,0,0,0,0,0,0,0,
dispose,2,2,0,0,1,2,0,0,0,0,0,0,0,0,0,0,0,0,0,0,0,0,0,0,0,
Divide,2,1,1,0,1,1,1,0,0,0,0,0,0,0,0,0,0,0,0,0,0,0,0,0,0,
Divisor,4,0,0,4,0,0,0,0,3,1,0,0,0,0,0,0,0,0,0,0,0,0,0,0,0,
Dl,1,0,0,1,0,0,0,1,0,0,0,0,0,0,0,0,0,0,0,0,0,0,0,0,0,
DLNA,49,21,28,0,0,21,24,3,0,0,0,0,0,1,0,0,0,0,0,0,0,0,0,0,0,
DLNA15,1,0,0,1,0,0,1,0,0,0,0,0,0,0,0,0,0,0,0,0,0,0,0,0,0,
DLNAPN,1,0,0,1,0,0,1,0,0,0,0,0,0,0,0,0,0,0,0,0,0,0,0,0,0,
dmp,3,1,2,0,0,1,1,1,0,0,0,0,0,0,0,0,0,0,0,0,0,0,0,0,0,
DNS,2,0,1,1,0,0,1,1,0,0,0,0,0,0,0,0,0,0,0,0,0,0,0,0,0,
do,20,20,0,0,0,20,0,0,0,0,0,0,0,0,0,0,0,0,0,0,0,0,0,0,0,
Doc,1,0,1,0,0,0,1,0,0,0,0,0,0,0,0,0,0,0,0,0,0,0,0,0,0,
Does,3,1,2,0,0,1,0,0,0,0,0,0,2,0,0,0,0,0,0,0,0,0,0,0,0,
Done,2,0,0,2,0,0,2,0,0,0,0,0,0,0,0,0,0,0,0,0,0,0,0,0,0,
Dot,1,0,0,1,0,0,0,0,0,0,0,1,0,0,0,0,0,0,0,0,0,0,0,0,0,
Double,7,1,3,3,0,1,4,0,2,0,0,0,0,0,0,0,0,0,0,0,0,0,0,0,0,
Down,1,0,1,0,0,0,1,0,0,0,0,0,0,0,0,0,0,0,0,0,0,0,0,0,0,
download,11,8,2,1,1,8,3,0,0,0,0,0,0,0,0,0,0,0,0,0,0,0,0,0,0,
Downloaded,2,0,0,2,0,0,1,1,0,0,0,0,0,0,0,0,0,0,0,0,0,0,0,0,0,
drain,1,1,0,0,0,1,0,0,0,0,0,0,0,0,0,0,0,0,0,0,0,0,0,0,0,
Drive,2,0,0,2,0,0,1,1,0,0,0,0,0,0,0,0,0,0,0,0,0,0,0,0,0,
DRM,1,0,0,1,0,0,1,0,0,0,0,0,0,0,0,0,0,0,0,0,0,0,0,0,0,
drop,1,1,0,0,0,1,0,0,0,0,0,0,0,0,0,0,0,0,0,0,0,0,0,0,0,
DSD,1,0,1,0,0,0,1,0,0,0,0,0,0,0,0,0,0,0,0,0,0,0,0,0,0,
DTCP,1,0,0,1,0,0,1,0,0,0,0,0,0,0,0,0,0,0,0,0,0,0,0,0,0,
Dts,14,1,10,3,0,1,9,2,2,0,0,0,0,0,0,0,0,0,0,0,0,0,0,0,0,
Dtsembed,2,0,0,2,0,0,2,0,0,0,0,0,0,0,0,0,0,0,0,0,0,0,0,0,0,
DTSHD,1,0,0,1,0,0,1,0,0,0,0,0,0,0,0,0,0,0,0,0,0,0,0,0,0,
Dummy,1,1,0,0,0,1,0,0,0,0,0,0,0,0,0,0,0,0,0,0,0,0,0,0,0,
dump,5,5,0,0,1,5,0,0,0,0,0,0,0,0,0,0,0,0,0,0,0,0,0,0,0,
Duplicate,2,1,1,0,1,1,1,0,0,0,0,0,0,0,0,0,0,0,0,0,0,0,0,0,0,
Duration,13,0,6,7,0,0,9,3,0,1,0,0,0,0,0,0,0,0,0,0,0,0,0,0,0,
Dvd,9,0,9,0,0,0,4,3,2,0,0,0,0,0,0,0,0,0,0,0,0,0,0,0,0,
DVDISO,2,2,0,0,0,2,0,0,0,0,0,0,0,0,0,0,0,0,0,0,0,0,0,0,0,
Dvdtrack,2,0,0,2,0,0,2,0,0,0,0,0,0,0,0,0,0,0,0,0,0,0,0,0,0,
DVRMS,1,1,0,0,1,1,0,0,0,0,0,0,0,0,0,0,0,0,0,0,0,0,0,0,0,
Dyn,2,0,2,0,0,0,0,2,0,0,0,0,0,0,0,0,0,0,0,0,0,0,0,0,0,
Dynamic,7,1,6,0,0,1,6,0,0,0,0,0,0,0,0,0,0,0,0,0,0,0,0,0,0,
EAC3,1,0,0,1,0,0,1,0,0,0,0,0,0,0,0,0,0,0,0,0,0,0,0,0,0,
Early,1,0,1,0,0,0,1,0,0,0,0,0,0,0,0,0,0,0,0,0,0,0,0,0,0,
Edge,2,0,2,0,0,0,0,1,1,0,0,0,0,0,0,0,0,0,0,0,0,0,0,0,0,
Edit,3,1,2,0,0,1,2,0,0,0,0,0,0,0,0,0,0,0,0,0,0,0,0,0,0,
Editable,2,0,0,2,0,0,0,2,0,0,0,0,0,0,0,0,0,0,0,0,0,0,0,0,0,
Edited,1,0,0,1,0,0,1,0,0,0,0,0,0,0,0,0,0,0,0,0,0,0,0,0,0,
Edition,4,0,1,3,0,0,2,0,2,0,0,0,0,0,0,0,0,0,0,0,0,0,0,0,0,
Editor,3,0,1,2,0,0,3,0,0,0,0,0,0,0,0,0,0,0,0,0,0,0,0,0,0,
Effective,1,0,1,0,0,0,1,0,0,0,0,0,0,0,0,0,0,0,0,0,0,0,0,0,0,
Element,14,0,6,8,0,0,11,2,1,0,0,0,0,0,0,0,0,0,0,0,0,0,0,0,0,
Elements,9,0,0,9,0,0,7,2,0,0,0,0,0,0,0,0,0,0,0,0,0,0,0,0,0,
Embed,4,0,2,2,0,0,0,4,0,0,0,0,0,0,0,0,0,0,0,0,0,0,0,0,0,
Embedded,7,0,5,2,0,0,3,4,0,0,0,0,0,0,0,0,0,0,0,0,0,0,0,0,0,
Empty,14,0,7,7,0,0,5,2,1,0,0,3,0,0,3,0,0,0,0,0,0,0,0,0,0,
enable,10,8,0,2,5,8,2,0,0,0,0,0,0,0,0,0,0,0,0,0,0,0,0,0,0,
Enabled,19,0,3,16,0,0,5,2,8,4,0,0,0,0,0,0,0,0,0,0,0,0,0,0,0,
Enclosing,3,0,3,0,0,0,3,0,0,0,0,0,0,0,0,0,0,0,0,0,0,0,0,0,0,
Encode,4,2,1,1,1,2,2,0,0,0,0,0,0,0,0,0,0,0,0,0,0,0,0,0,0,
Encoded,6,0,6,0,0,0,4,1,1,0,0,0,0,0,0,0,0,0,0,0,0,0,0,0,0,
Encoder,15,0,12,3,0,0,2,7,2,0,0,4,0,0,0,0,0,0,0,0,0,0,0,0,0,
Encoding,6,0,5,1,0,0,3,1,2,0,0,0,0,0,0,0,0,0,0,0,0,0,0,0,0,
Encodings,2,0,0,2,0,0,0,0,1,1,0,0,0,0,0,0,0,0,0,0,0,0,0,0,0,
Encrypted,2,0,0,2,0,0,2,0,0,0,0,0,0,0,0,0,0,0,0,0,0,0,0,0,0,
End,9,1,4,4,0,1,4,1,3,0,0,0,0,0,0,0,0,0,0,0,0,0,0,0,0,
ended,1,1,0,0,1,1,0,0,0,0,0,0,0,0,0,0,0,0,0,0,0,0,0,0,0,
Engine,5,0,5,0,0,0,1,4,0,0,0,0,0,0,0,0,0,0,0,0,0,0,0,0,0,
Engines,4,0,2,2,0,0,4,0,0,0,0,0,0,0,0,0,0,0,0,0,0,0,0,0,0,
English,1,0,0,1,0,0,0,1,0,0,0,0,0,0,0,0,0,0,0,0,0,0,0,0,0,
ensure,2,2,0,0,0,2,0,0,0,0,0,0,0,0,0,0,0,0,0,0,0,0,0,0,0,
Enter,1,0,0,1,0,0,1,0,0,0,0,0,0,0,0,0,0,0,0,0,0,0,0,0,0,
Entered,1,0,1,0,0,0,1,0,0,0,0,0,0,0,0,0,0,0,0,0,0,0,0,0,0,
Entries,1,0,1,0,0,0,0,1,0,0,0,0,0,0,0,0,0,0,0,0,0,0,0,0,0,
Entry,7,0,2,5,0,0,3,4,0,0,0,0,0,0,0,0,0,0,0,0,0,0,0,0,0,
Episode,6,0,4,2,0,0,0,5,1,0,0,0,0,0,0,0,0,0,0,0,0,0,0,0,0,
eq,1,1,0,0,1,1,0,0,0,0,0,0,0,0,0,0,0,0,0,0,0,0,0,0,0,
Equal,9,0,6,3,0,0,4,1,1,3,0,0,0,0,0,0,0,0,0,0,0,0,0,0,0,
Equals,21,18,0,3,17,18,1,1,0,1,0,0,0,0,0,0,0,0,0,0,0,0,0,0,0,
Error,7,1,5,1,1,1,5,0,1,0,0,0,0,0,0,0,0,0,0,0,0,0,0,0,0,
Escape,5,1,0,4,0,1,3,1,0,0,0,0,0,0,0,0,0,0,0,0,0,0,0,0,0,
established,1,1,0,0,1,1,0,0,0,0,0,0,0,0,0,0,0,0,0,0,0,0,0,0,0,
EU,3,0,3,0,0,0,0,0,1,2,0,0,0,0,0,0,0,0,0,0,0,0,0,0,0,
Event,5,3,0,2,0,3,0,1,1,0,0,0,0,0,0,0,0,0,0,0,0,0,0,0,0,
events,1,1,0,0,0,1,0,0,0,0,0,0,0,0,0,0,0,0,0,0,0,0,0,0,0,
Ex,2,0,0,2,0,0,0,0,0,0,2,0,0,0,0,0,0,0,0,0,0,0,0,0,0,
Exact,1,0,0,1,0,0,1,0,0,0,0,0,0,0,0,0,0,0,0,0,0,0,0,0,0,
Exception,16,1,4,11,0,1,3,6,4,2,0,0,0,0,0,0,0,0,0,0,0,0,0,0,0,
exclude,2,2,0,0,0,2,0,0,0,0,0,0,0,0,0,0,0,0,0,0,0,0,0,0,0,
Exclusive,1,0,0,1,0,0,0,0,0,1,0,0,0,0,0,0,0,0,0,0,0,0,0,0,0,
Exe,1,0,0,1,0,0,1,0,0,0,0,0,0,0,0,0,0,0,0,0,0,0,0,0,0,
Exec,1,0,0,1,0,0,1,0,0,0,0,0,0,0,0,0,0,0,0,0,0,0,0,0,0,
Executable,9,8,0,1,8,8,1,0,0,0,0,0,0,0,0,0,0,0,0,0,0,0,0,0,0,
execute,1,1,0,0,0,1,0,0,0,0,0,0,0,0,0,0,0,0,0,0,0,0,0,0,0,
Exif,14,3,11,0,0,3,9,2,0,0,0,0,0,0,0,0,0,0,0,0,0,0,0,0,0,
Exist,4,0,0,4,0,0,0,0,2,0,0,0,0,0,2,0,0,0,0,0,0,0,0,0,0,
Existing,1,0,1,0,0,0,0,1,0,0,0,0,0,0,0,0,0,0,0,0,0,0,0,0,0,
Exists,7,1,0,6,1,1,1,4,0,1,0,0,0,0,0,0,0,0,0,0,0,0,0,0,0,
Exit,2,0,0,2,0,0,0,0,1,1,0,0,0,0,0,0,0,0,0,0,0,0,0,0,0,
Exp,1,0,1,0,0,0,1,0,0,0,0,0,0,0,0,0,0,0,0,0,0,0,0,0,0,
Experimental,2,0,2,0,0,0,0,2,0,0,0,0,0,0,0,0,0,0,0,0,0,0,0,0,0,
Ext,3,0,0,3,0,0,2,1,0,0,0,0,0,0,0,0,0,0,0,0,0,0,0,0,0,
Extended,2,0,2,0,0,0,0,2,0,0,0,0,0,0,0,0,0,0,0,0,0,0,0,0,0,
Extension,21,0,0,21,0,0,3,6,3,1,7,0,1,0,0,0,0,0,0,0,0,0,0,0,0,
Extensionextension,1,0,1,0,0,0,0,0,0,1,0,0,0,0,0,0,0,0,0,0,0,0,0,0,0,
Extensionmatching,1,0,1,0,0,0,0,0,0,1,0,0,0,0,0,0,0,0,0,0,0,0,0,0,0,
Extensionnull,1,0,1,0,0,0,0,0,0,1,0,0,0,0,0,0,0,0,0,0,0,0,0,0,0,
Extensions,72,0,0,72,0,0,0,65,2,4,1,0,0,0,0,0,0,0,0,0,0,0,0,0,0,
Extensionunknown,1,0,1,0,0,0,0,0,0,1,0,0,0,0,0,0,0,0,0,0,0,0,0,0,0,
External,35,0,34,1,0,0,21,12,0,0,1,0,1,0,0,0,0,0,0,0,0,0,0,0,0,
Extra,2,0,1,1,0,0,1,0,0,0,0,0,0,0,1,0,0,0,0,0,0,0,0,0,0,
extract,6,6,0,0,1,6,0,0,0,0,0,0,0,0,0,0,0,0,0,0,0,0,0,0,0,
Extras,3,0,2,1,0,0,3,0,0,0,0,0,0,0,0,0,0,0,0,0,0,0,0,0,0,
F,19,1,18,0,0,1,14,2,0,2,0,0,0,0,0,0,0,0,0,0,0,0,0,0,0,
Facility,4,0,2,2,0,0,0,1,3,0,0,0,0,0,0,0,0,0,0,0,0,0,0,0,0,
Factor,3,0,0,3,0,0,0,0,3,0,0,0,0,0,0,0,0,0,0,0,0,0,0,0,0,
Factory,7,0,1,6,0,0,0,2,3,1,1,0,0,0,0,0,0,0,0,0,0,0,0,0,0,
failed,1,1,0,0,1,1,0,0,0,0,0,0,0,0,0,0,0,0,0,0,0,0,0,0,0,
failure,1,1,0,0,1,1,0,0,0,0,0,0,0,0,0,0,0,0,0,0,0,0,0,0,0,
Failures,1,0,0,1,0,0,1,0,0,0,0,0,0,0,0,0,0,0,0,0,0,0,0,0,0,
Fake,4,0,4,0,0,0,2,2,0,0,0,0,0,0,0,0,0,0,0,0,0,0,0,0,0,
Fast,2,0,2,0,0,0,1,1,0,0,0,0,0,0,0,0,0,0,0,0,0,0,0,0,0,
FDSSDP,1,0,0,1,0,0,1,0,0,0,0,0,0,0,0,0,0,0,0,0,0,0,0,0,0,
Features,5,0,0,5,0,0,0,4,1,0,0,0,0,0,0,0,0,0,0,0,0,0,0,0,0,
Feed,9,2,4,3,1,2,5,2,0,0,0,0,0,0,0,0,0,0,0,0,0,0,0,0,0,
Feel,1,0,0,1,0,0,0,0,1,0,0,0,0,0,0,0,0,0,0,0,0,0,0,0,0,
fetch,3,3,0,0,0,3,0,0,0,0,0,0,0,0,0,0,0,0,0,0,0,0,0,0,0,
FF,6,5,1,0,0,5,1,0,0,0,0,0,0,0,0,0,0,0,0,0,0,0,0,0,0,
ffhls,1,1,0,0,0,1,0,0,0,0,0,0,0,0,0,0,0,0,0,0,0,0,0,0,0,
Ffmpeg,20,1,19,0,0,1,19,0,0,0,0,0,0,0,0,0,0,0,0,0,0,0,0,0,0,
Fi,1,0,1,0,0,0,0,1,0,0,0,0,0,0,0,0,0,0,0,0,0,0,0,0,0,
Field,2,0,1,1,0,0,0,1,1,0,0,0,0,0,0,0,0,0,0,0,0,0,0,0,0,
FIFO,2,0,0,2,0,0,0,1,1,0,0,0,0,0,0,0,0,0,0,0,0,0,0,0,0,
File,176,6,104,66,0,6,74,65,17,7,1,2,3,0,1,0,0,0,0,0,0,0,0,0,0,
Filebitmap,1,0,1,0,0,0,0,0,1,0,0,0,0,0,0,0,0,0,0,0,0,0,0,0,0,
Filecharset,1,0,0,1,0,0,0,0,1,0,0,0,0,0,0,0,0,0,0,0,0,0,0,0,0,
Fileless,2,0,0,2,0,0,2,0,0,0,0,0,0,0,0,0,0,0,0,0,0,0,0,0,0,
Filename,5,0,1,4,0,0,3,2,0,0,0,0,0,0,0,0,0,0,0,0,0,0,0,0,0,
Filenames,2,0,0,2,0,0,0,2,0,0,0,0,0,0,0,0,0,0,0,0,0,0,0,0,0,
Fileno,1,0,1,0,0,0,0,0,1,0,0,0,0,0,0,0,0,0,0,0,0,0,0,0,0,
Files,10,0,3,7,0,0,8,0,2,0,0,0,0,0,0,0,0,0,0,0,0,0,0,0,0,
Filetext,1,0,1,0,0,0,0,0,1,0,0,0,0,0,0,0,0,0,0,0,0,0,0,0,0,
fill,1,1,0,0,0,1,0,0,0,0,0,0,0,0,0,0,0,0,0,0,0,0,0,0,0,
Filter,28,8,10,10,5,8,4,12,2,2,0,0,0,0,0,0,0,0,0,0,0,0,0,0,0,
Filtered,1,0,0,1,0,0,1,0,0,0,0,0,0,0,0,0,0,0,0,0,0,0,0,0,0,
Filtering,1,0,0,1,0,0,0,1,0,0,0,0,0,0,0,0,0,0,0,0,0,0,0,0,0,
Filters,4,0,2,2,0,0,0,2,2,0,0,0,0,0,0,0,0,0,0,0,0,0,0,0,0,
Finalize,4,3,1,0,1,3,1,0,0,0,0,0,0,0,0,0,0,0,0,0,0,0,0,0,0,
find,15,15,0,0,1,15,0,0,0,0,0,0,0,0,0,0,0,0,0,0,0,0,0,0,0,
fire,4,4,0,0,0,4,0,0,0,0,0,0,0,0,0,0,0,0,0,0,0,0,0,0,0,
Firefox,2,0,2,0,0,0,1,1,0,0,0,0,0,0,0,0,0,0,0,0,0,0,0,0,0,
Firewall,2,0,0,2,0,0,0,2,0,0,0,0,0,0,0,0,0,0,0,0,0,0,0,0,0,
First,6,0,6,0,0,0,4,0,2,0,0,0,0,0,0,0,0,0,0,0,0,0,0,0,0,
Fix25,2,0,2,0,0,0,2,0,0,0,0,0,0,0,0,0,0,0,0,0,0,0,0,0,0,
Fixed,6,3,1,2,0,3,1,0,2,0,0,0,0,0,0,0,0,0,0,0,0,0,0,0,0,
Fixtures,1,0,0,1,0,0,1,0,0,0,0,0,0,0,0,0,0,0,0,0,0,0,0,0,0,
Flac,8,1,6,1,1,1,7,0,0,0,0,0,0,0,0,0,0,0,0,0,0,0,0,0,0,
Flag,1,0,0,1,0,0,0,1,0,0,0,0,0,0,0,0,0,0,0,0,0,0,0,0,0,
Flags,9,0,1,8,0,0,2,3,2,2,0,0,0,0,0,0,0,0,0,0,0,0,0,0,0,
Flash,2,0,1,1,0,0,1,1,0,0,0,0,0,0,0,0,0,0,0,0,0,0,0,0,0,
Flavor,5,0,0,5,0,0,5,0,0,0,0,0,0,0,0,0,0,0,0,0,0,0,0,0,0,
flip,2,2,0,0,1,2,0,0,0,0,0,0,0,0,0,0,0,0,0,0,0,0,0,0,0,
flipped,1,1,0,0,1,1,0,0,0,0,0,0,0,0,0,0,0,0,0,0,0,0,0,0,0,
float,1,1,0,0,0,1,0,0,0,0,0,0,0,0,0,0,0,0,0,0,0,0,0,0,0,
Floppy,1,0,1,0,0,0,1,0,0,0,0,0,0,0,0,0,0,0,0,0,0,0,0,0,0,
Flow,1,1,0,0,0,1,0,0,0,0,0,0,0,0,0,0,0,0,0,0,0,0,0,0,0,
Flush,2,1,0,1,1,1,0,1,0,0,0,0,0,0,0,0,0,0,0,0,0,0,0,0,0,
Flux,2,0,2,0,0,0,2,0,0,0,0,0,0,0,0,0,0,0,0,0,0,0,0,0,0,
Fmpeg,18,0,17,1,0,0,1,13,2,0,2,0,0,0,0,0,0,0,0,0,0,0,0,0,0,
Fmpegparsed,1,0,0,1,0,0,0,1,0,0,0,0,0,0,0,0,0,0,0,0,0,0,0,0,0,
focus,1,1,0,0,0,1,0,0,0,0,0,0,0,0,0,0,0,0,0,0,0,0,0,0,0,
Folder,98,2,16,80,0,2,36,31,12,17,0,0,0,0,0,0,0,0,0,0,0,0,0,0,0,
Folders,22,0,11,11,0,0,7,11,4,0,0,0,0,0,0,0,0,0,0,0,0,0,0,0,0,
Font,9,0,6,3,0,0,4,3,2,0,0,0,0,0,0,0,0,0,0,0,0,0,0,0,0,
Fontconfig,1,0,1,0,0,0,1,0,0,0,0,0,0,0,0,0,0,0,0,0,0,0,0,0,0,
For,36,0,35,1,0,0,6,10,6,4,6,0,4,0,0,0,0,0,0,0,0,0,0,0,0,
Force,12,2,10,0,0,2,4,6,0,0,0,0,0,0,0,0,0,0,0,0,0,0,0,0,0,
Forced,5,0,5,0,0,0,5,0,0,0,0,0,0,0,0,0,0,0,0,0,0,0,0,0,0,
Foreground,2,0,1,1,0,0,0,1,1,0,0,0,0,0,0,0,0,0,0,0,0,0,0,0,0,
forget,1,1,0,0,0,1,0,0,0,0,0,0,0,0,0,0,0,0,0,0,0,0,0,0,0,
Form,1,0,0,1,0,0,0,0,1,0,0,0,0,0,0,0,0,0,0,0,0,0,0,0,0,
Format,56,6,18,32,3,6,31,11,6,1,0,1,0,0,0,0,0,0,0,0,0,0,0,0,0,
Formats,2,0,1,1,0,0,0,2,0,0,0,0,0,0,0,0,0,0,0,0,0,0,0,0,0,
Formattable,1,1,0,0,0,1,0,0,0,0,0,0,0,0,0,0,0,0,0,0,0,0,0,0,0,
Formatted,4,1,3,0,0,1,3,0,0,0,0,0,0,0,0,0,0,0,0,0,0,0,0,0,0,
Formatter,1,0,0,1,0,0,0,1,0,0,0,0,0,0,0,0,0,0,0,0,0,0,0,0,0,
forward,2,2,0,0,2,2,0,0,0,0,0,0,0,0,0,0,0,0,0,0,0,0,0,0,0,
Found,9,0,3,6,0,0,3,2,2,1,0,0,0,0,1,0,0,0,0,0,0,0,0,0,0,
Fps,13,0,4,9,0,0,1,4,6,2,0,0,0,0,0,0,0,0,0,0,0,0,0,0,0,
Fragments,2,0,0,2,0,0,0,0,2,0,0,0,0,0,0,0,0,0,0,0,0,0,0,0,0,
Frame,35,0,27,8,0,0,14,11,6,4,0,0,0,0,0,0,0,0,0,0,0,0,0,0,0,
Frequency,12,0,3,9,0,0,0,8,4,0,0,0,0,0,0,0,0,0,0,0,0,0,0,0,0,
Frequencywith,1,0,1,0,0,0,0,1,0,0,0,0,0,0,0,0,0,0,0,0,0,0,0,0,0,
Fribidi,2,0,0,2,0,0,0,0,2,0,0,0,0,0,0,0,0,0,0,0,0,0,0,0,0,
Friendly,1,0,1,0,0,0,1,0,0,0,0,0,0,0,0,0,0,0,0,0,0,0,0,0,0,
From,54,11,41,2,0,11,3,9,18,12,1,0,0,0,0,0,0,0,0,0,0,0,0,0,0,
Full,8,3,5,0,0,3,2,2,1,0,0,0,0,0,0,0,0,0,0,0,0,0,0,0,0,
Fully,14,1,13,0,0,1,11,2,0,0,0,0,0,0,0,0,0,0,0,0,0,0,0,0,0,
Function,1,0,1,0,0,0,1,0,0,0,0,0,0,0,0,0,0,0,0,0,0,0,0,0,0,
Future,1,0,0,1,0,0,1,0,0,0,0,0,0,0,0,0,0,0,0,0,0,0,0,0,0,
FUTUREDATE,2,0,0,2,0,0,2,0,0,0,0,0,0,0,0,0,0,0,0,0,0,0,0,0,0,
fuzz,1,1,0,0,0,1,0,0,0,0,0,0,0,0,0,0,0,0,0,0,0,0,0,0,0,
G729,2,0,0,2,0,0,2,0,0,0,0,0,0,0,0,0,0,0,0,0,0,0,0,0,0,
GA,1,0,0,1,0,0,1,0,0,0,0,0,0,0,0,0,0,0,0,0,0,0,0,0,0,
Gained,1,0,0,1,0,0,1,0,0,0,0,0,0,0,0,0,0,0,0,0,0,0,0,0,0,
Garbage,2,0,2,0,0,0,2,0,0,0,0,0,0,0,0,0,0,0,0,0,0,0,0,0,0,
GB2312,1,0,0,1,0,0,0,0,0,1,0,0,0,0,0,0,0,0,0,0,0,0,0,0,0,
gen,1,1,0,0,0,1,0,0,0,0,0,0,0,0,0,0,0,0,0,0,0,0,0,0,0,
General,1,1,0,0,0,1,0,0,0,0,0,0,0,0,0,0,0,0,0,0,0,0,0,0,0,
generate,10,10,0,0,0,10,0,0,0,0,0,0,0,0,0,0,0,0,0,0,0,0,0,0,0,
Generation,5,0,2,3,0,0,0,2,0,2,1,0,0,0,0,0,0,0,0,0,0,0,0,0,0,
Generic,9,3,6,0,0,3,6,0,0,0,0,0,0,0,0,0,0,0,0,0,0,0,0,0,0,
Genre,3,0,1,2,0,0,3,0,0,0,0,0,0,0,0,0,0,0,0,0,0,0,0,0,0,
Geometry,2,0,0,2,0,0,0,2,0,0,0,0,0,0,0,0,0,0,0,0,0,0,0,0,0,
Get,1652,1597,54,1,16,1597,54,1,0,0,0,0,0,0,0,0,0,0,0,0,0,0,0,0,0,
get0x,2,2,0,0,0,2,0,0,0,0,0,0,0,0,0,0,0,0,0,0,0,0,0,0,0,
get3,1,1,0,0,0,1,0,0,0,0,0,0,0,0,0,0,0,0,0,0,0,0,0,0,0,
geti,3,3,0,0,0,3,0,0,0,0,0,0,0,0,0,0,0,0,0,0,0,0,0,0,0,
Getters,1,0,0,1,0,0,1,0,0,0,0,0,0,0,0,0,0,0,0,0,0,0,0,0,0,
getx264,1,1,0,0,0,1,0,0,0,0,0,0,0,0,0,0,0,0,0,0,0,0,0,0,0,
GIF,2,1,0,1,0,1,1,0,0,0,0,0,0,0,0,0,0,0,0,0,0,0,0,0,0,
Global,1,0,1,0,0,0,1,0,0,0,0,0,0,0,0,0,0,0,0,0,0,0,0,0,0,
Globals,1,0,0,1,0,0,1,0,0,0,0,0,0,0,0,0,0,0,0,0,0,0,0,0,0,
Go,2,0,2,0,0,0,2,0,0,0,0,0,0,0,0,0,0,0,0,0,0,0,0,0,0,
Gobble,1,0,0,1,0,0,1,0,0,0,0,0,0,0,0,0,0,0,0,0,0,0,0,0,0,
Gobbler,1,0,0,1,0,0,1,0,0,0,0,0,0,0,0,0,0,0,0,0,0,0,0,0,0,
Golomb,1,0,1,0,0,0,0,1,0,0,0,0,0,0,0,0,0,0,0,0,0,0,0,0,0,
GOP,1,0,1,0,0,0,1,0,0,0,0,0,0,0,0,0,0,0,0,0,0,0,0,0,0,
GPU,11,0,7,4,0,0,7,0,0,2,2,0,0,0,0,0,0,0,0,0,0,0,0,0,0,
Greater,6,0,5,1,0,0,3,1,1,0,0,1,0,0,0,0,0,0,0,0,0,0,0,0,0,
Greatest,3,0,3,0,0,0,2,1,0,0,0,0,0,0,0,0,0,0,0,0,0,0,0,0,0,
Grey,2,0,0,2,0,0,2,0,0,0,0,0,0,0,0,0,0,0,0,0,0,0,0,0,0,
greyed,1,1,0,0,1,1,0,0,0,0,0,0,0,0,0,0,0,0,0,0,0,0,0,0,0,
Group,2,0,1,1,0,0,2,0,0,0,0,0,0,0,0,0,0,0,0,0,0,0,0,0,0,
grow,1,1,0,0,0,1,0,0,0,0,0,0,0,0,0,0,0,0,0,0,0,0,0,0,0,
Gt,1,0,0,1,0,0,1,0,0,0,0,0,0,0,0,0,0,0,0,0,0,0,0,0,0,
GUI,10,0,10,0,0,0,8,1,1,0,0,0,0,0,0,0,0,0,0,0,0,0,0,0,0,
H,2,0,1,1,0,0,1,0,1,0,0,0,0,0,0,0,0,0,0,0,0,0,0,0,0,
H261,1,0,0,1,0,0,1,0,0,0,0,0,0,0,0,0,0,0,0,0,0,0,0,0,0,
H264,12,1,9,2,0,1,8,1,2,0,0,0,0,0,0,0,0,0,0,0,0,0,0,0,0,
H264annexb,2,0,0,2,0,0,2,0,0,0,0,0,0,0,0,0,0,0,0,0,0,0,0,0,0,
H265,1,0,0,1,0,0,0,0,1,0,0,0,0,0,0,0,0,0,0,0,0,0,0,0,0,
Hack,2,1,0,1,0,1,0,0,1,0,0,0,0,0,0,0,0,0,0,0,0,0,0,0,0,
Halve,1,0,1,0,0,0,1,0,0,0,0,0,0,0,0,0,0,0,0,0,0,0,0,0,0,
handle,8,8,0,0,6,8,0,0,0,0,0,0,0,0,0,0,0,0,0,0,0,0,0,0,0,
Handler,13,0,1,12,0,0,2,10,1,0,0,0,0,0,0,0,0,0,0,0,0,0,0,0,0,
Handling,1,0,0,1,0,0,0,1,0,0,0,0,0,0,0,0,0,0,0,0,0,0,0,0,0,
Hardware,4,0,4,0,0,0,2,0,2,0,0,0,0,0,0,0,0,0,0,0,0,0,0,0,0,
has,19,16,3,0,0,16,3,0,0,0,0,0,0,0,0,0,0,0,0,0,0,0,0,0,0,
Hash,25,17,4,4,0,17,6,2,0,0,0,0,0,0,0,0,0,0,0,0,0,0,0,0,0,
HD,4,0,1,3,0,0,1,3,0,0,0,0,0,0,0,0,0,0,0,0,0,0,0,0,0,
HEAAC,1,0,0,1,0,0,1,0,0,0,0,0,0,0,0,0,0,0,0,0,0,0,0,0,0,
Header,13,1,2,10,1,1,7,1,1,1,2,0,0,0,0,0,0,0,0,0,0,0,0,0,0,
Headers,5,0,0,5,0,0,2,1,1,1,0,0,0,0,0,0,0,0,0,0,0,0,0,0,0,
Headless,2,0,0,2,0,0,2,0,0,0,0,0,0,0,0,0,0,0,0,0,0,0,0,0,0,
Height,16,0,0,16,0,0,8,5,1,2,0,0,0,0,0,0,0,0,0,0,0,0,0,0,0,
Help,2,0,2,0,0,0,2,0,0,0,0,0,0,0,0,0,0,0,0,0,0,0,0,0,0,
Helper,1,0,0,1,0,0,1,0,0,0,0,0,0,0,0,0,0,0,0,0,0,0,0,0,0,
Hex,10,0,10,0,0,0,3,3,3,1,0,0,0,0,0,0,0,0,0,0,0,0,0,0,0,
Hi,1,0,1,0,0,0,1,0,0,0,0,0,0,0,0,0,0,0,0,0,0,0,0,0,0,
Hidden,1,0,1,0,0,0,1,0,0,0,0,0,0,0,0,0,0,0,0,0,0,0,0,0,0,
Hide,13,2,11,0,0,2,11,0,0,0,0,0,0,0,0,0,0,0,0,0,0,0,0,0,0,
High,5,0,5,0,0,0,5,0,0,0,0,0,0,0,0,0,0,0,0,0,0,0,0,0,0,
Home,2,0,2,0,0,0,2,0,0,0,0,0,0,0,0,0,0,0,0,0,0,0,0,0,0,
Horizontally,1,0,0,1,0,0,1,0,0,0,0,0,0,0,0,0,0,0,0,0,0,0,0,0,0,
Host,4,1,0,3,0,1,1,0,2,0,0,0,0,0,0,0,0,0,0,0,0,0,0,0,0,
Hostname,1,0,0,1,0,0,1,0,0,0,0,0,0,0,0,0,0,0,0,0,0,0,0,0,0,
HQ,2,0,2,0,0,0,0,0,0,0,2,0,0,0,0,0,0,0,0,0,0,0,0,0,0,
HTML,3,1,1,1,0,1,2,0,0,0,0,0,0,0,0,0,0,0,0,0,0,0,0,0,0,
Http,11,3,7,1,0,3,4,1,1,2,0,0,0,0,0,0,0,0,0,0,0,0,0,0,0,
Http10,4,0,0,4,0,0,4,0,0,0,0,0,0,0,0,0,0,0,0,0,0,0,0,0,0,
Https,2,1,0,1,0,1,0,1,0,0,0,0,0,0,0,0,0,0,0,0,0,0,0,0,0,
Huffman,2,0,0,2,0,0,1,1,0,0,0,0,0,0,0,0,0,0,0,0,0,0,0,0,0,
HW,1,0,0,1,0,0,1,0,0,0,0,0,0,0,0,0,0,0,0,0,0,0,0,0,0,
Hyper,1,1,0,0,0,1,0,0,0,0,0,0,0,0,0,0,0,0,0,0,0,0,0,0,0,
hyperlink,3,3,0,0,0,3,0,0,0,0,0,0,0,0,0,0,0,0,0,0,0,0,0,0,0,
Hypothetical,3,1,2,0,0,1,2,0,0,0,0,0,0,0,0,0,0,0,0,0,0,0,0,0,0,
Iafinal,1,0,0,1,0,0,1,0,0,0,0,0,0,0,0,0,0,0,0,0,0,0,0,0,0,
ICO,1,1,0,0,0,1,0,0,0,0,0,0,0,0,0,0,0,0,0,0,0,0,0,0,0,
Icon,14,0,0,14,0,0,3,10,1,0,0,0,0,0,0,0,0,0,0,0,0,0,0,0,0,
Icons,2,0,0,2,0,0,2,0,0,0,0,0,0,0,0,0,0,0,0,0,0,0,0,0,0,
Id,56,17,1,38,17,17,8,20,11,0,0,0,0,0,0,0,0,0,0,0,0,0,0,0,0,
Identifier,61,0,0,61,0,0,61,0,0,0,0,0,0,0,0,0,0,0,0,0,0,0,0,0,0,
Identifiers,3,0,0,3,0,0,2,1,0,0,0,0,0,0,0,0,0,0,0,0,0,0,0,0,0,
Idle,2,0,2,0,0,0,1,1,0,0,0,0,0,0,0,0,0,0,0,0,0,0,0,0,0,
Idx,2,0,0,2,0,0,0,1,1,0,0,0,0,0,0,0,0,0,0,0,0,0,0,0,0,
IEC61937,1,1,0,0,0,1,0,0,0,0,0,0,0,0,0,0,0,0,0,0,0,0,0,0,0,
If,9,0,9,0,0,0,1,3,0,3,2,0,0,0,0,0,0,0,0,0,0,0,0,0,0,
Iface,1,0,0,1,0,0,1,0,0,0,0,0,0,0,0,0,0,0,0,0,0,0,0,0,0,
IFD,1,0,1,0,0,0,0,0,1,0,0,0,0,0,0,0,0,0,0,0,0,0,0,0,0,
Ignore,6,2,4,0,0,2,2,1,1,0,0,0,0,0,0,0,0,0,0,0,0,0,0,0,0,
Ignored,1,0,0,1,0,0,0,1,0,0,0,0,0,0,0,0,0,0,0,0,0,0,0,0,0,
Illegal,6,2,4,0,0,2,2,0,1,0,1,0,0,0,0,0,0,0,0,0,0,0,0,0,0,
IM,4,0,4,0,0,0,2,0,0,2,0,0,0,0,0,0,0,0,0,0,0,0,0,0,0,
Image,68,11,42,15,1,11,45,11,1,0,0,0,0,0,0,0,0,0,0,0,0,0,0,0,0,
Image1,1,0,0,1,0,0,0,1,0,0,0,0,0,0,0,0,0,0,0,0,0,0,0,0,0,
Image2,1,0,0,1,0,0,0,1,0,0,0,0,0,0,0,0,0,0,0,0,0,0,0,0,0,
Images,1,1,0,0,0,1,0,0,0,0,0,0,0,0,0,0,0,0,0,0,0,0,0,0,0,
Imdb,2,0,2,0,0,0,2,0,0,0,0,0,0,0,0,0,0,0,0,0,0,0,0,0,0,
Img,1,0,1,0,0,0,0,1,0,0,0,0,0,0,0,0,0,0,0,0,0,0,0,0,0,
Impl,5,0,0,5,0,0,0,1,3,1,0,0,0,0,0,0,0,0,0,0,0,0,0,0,0,
In,23,0,23,0,0,0,5,10,3,4,0,0,0,0,0,0,0,1,0,0,0,0,0,0,0,
Incr,3,2,0,1,1,2,0,1,0,0,0,0,0,0,0,0,0,0,0,0,0,0,0,0,0,
Increasing,4,0,0,4,0,0,1,3,0,0,0,0,0,0,0,0,0,0,0,0,0,0,0,0,0,
INDEO,1,0,0,1,0,0,1,0,0,0,0,0,0,0,0,0,0,0,0,0,0,0,0,0,0,
Index,15,4,2,9,0,4,4,3,2,1,1,0,0,0,0,0,0,0,0,0,0,0,0,0,0,
Indexuniqueness,1,0,0,1,0,0,0,0,1,0,0,0,0,0,0,0,0,0,0,0,0,0,0,0,0,
Indexunknown,1,0,1,0,0,0,0,0,0,1,0,0,0,0,0,0,0,0,0,0,0,0,0,0,0,
Indicator,3,0,0,3,0,0,0,1,2,0,0,0,0,0,0,0,0,0,0,0,0,0,0,0,0,
Info,90,4,23,63,1,4,18,42,2,4,7,5,8,0,0,0,0,0,0,0,0,0,0,0,0,
Inform,1,1,0,0,1,1,0,0,0,0,0,0,0,0,0,0,0,0,0,0,0,0,0,0,0,
Information,2,0,0,2,0,0,1,0,1,0,0,0,0,0,0,0,0,0,0,0,0,0,0,0,0,
Infowith,3,0,3,0,0,0,0,0,0,0,0,0,3,0,0,0,0,0,0,0,0,0,0,0,0,
inherit,1,1,0,0,1,1,0,0,0,0,0,0,0,0,0,0,0,0,0,0,0,0,0,0,0,
Inheritors,1,0,0,1,0,0,1,0,0,0,0,0,0,0,0,0,0,0,0,0,0,0,0,0,0,
init,21,21,0,0,10,21,0,0,0,0,0,0,0,0,0,0,0,0,0,0,0,0,0,0,0,
initial,2,2,0,0,0,2,0,0,0,0,0,0,0,0,0,0,0,0,0,0,0,0,0,0,0,
Initialization,1,0,1,0,0,0,0,0,0,1,0,0,0,0,0,0,0,0,0,0,0,0,0,0,0,
initialize,4,4,0,0,1,4,0,0,0,0,0,0,0,0,0,0,0,0,0,0,0,0,0,0,0,
Input,72,0,70,2,0,0,38,28,3,1,1,0,0,1,0,0,0,0,0,0,0,0,0,0,0,
Insensitivity,2,0,0,2,0,0,0,0,0,0,0,1,0,1,0,0,0,0,0,0,0,0,0,0,0,
insert,7,6,0,1,0,6,0,1,0,0,0,0,0,0,0,0,0,0,0,0,0,0,0,0,0,
Install,4,2,1,1,1,2,2,0,0,0,0,0,0,0,0,0,0,0,0,0,0,0,0,0,0,
Installed,2,0,0,2,0,0,0,1,1,0,0,0,0,0,0,0,0,0,0,0,0,0,0,0,0,
Instance,16,0,2,14,0,0,8,6,2,0,0,0,0,0,0,0,0,0,0,0,0,0,0,0,0,
Instances,3,0,0,3,0,0,0,3,0,0,0,0,0,0,0,0,0,0,0,0,0,0,0,0,0,
instantiate,3,3,0,0,0,3,0,0,0,0,0,0,0,0,0,0,0,0,0,0,0,0,0,0,0,
Int,18,1,10,7,0,1,14,2,1,0,0,0,0,0,0,0,0,0,0,0,0,0,0,0,0,
Integer,8,2,2,4,0,2,4,2,0,0,0,0,0,0,0,0,0,0,0,0,0,0,0,0,0,
Integers,1,0,1,0,0,0,0,0,1,0,0,0,0,0,0,0,0,0,0,0,0,0,0,0,0,
Intelligent,2,0,2,0,0,0,0,2,0,0,0,0,0,0,0,0,0,0,0,0,0,0,0,0,0,
Inter,14,0,14,0,0,0,6,4,4,0,0,0,0,0,0,0,0,0,0,0,0,0,0,0,0,
Interactive,2,1,0,1,1,1,1,0,0,0,0,0,0,0,0,0,0,0,0,0,0,0,0,0,0,
Interface,16,1,7,8,0,1,0,12,2,1,0,0,0,0,0,0,0,0,0,0,0,0,0,0,0,
Interfaces,2,0,1,1,0,0,0,1,1,0,0,0,0,0,0,0,0,0,0,0,0,0,0,0,0,
Interlace,1,0,1,0,0,0,1,0,0,0,0,0,0,0,0,0,0,0,0,0,0,0,0,0,0,
Internal,7,2,3,2,0,2,3,1,0,0,1,0,0,0,0,0,0,0,0,0,0,0,0,0,0,
Interpretation,1,0,0,1,0,0,0,1,0,0,0,0,0,0,0,0,0,0,0,0,0,0,0,0,0,
Interval,5,0,3,2,0,0,2,3,0,0,0,0,0,0,0,0,0,0,0,0,0,0,0,0,0,
Into,2,0,2,0,0,0,0,0,1,1,0,0,0,0,0,0,0,0,0,0,0,0,0,0,0,
Ints,1,0,1,0,0,0,0,1,0,0,0,0,0,0,0,0,0,0,0,0,0,0,0,0,0,
Invalid,5,3,2,0,0,3,0,0,1,1,0,0,0,0,0,0,0,0,0,0,0,0,0,0,0,
invoke,1,1,0,0,0,1,0,0,0,0,0,0,0,0,0,0,0,0,0,0,0,0,0,0,0,
IO,31,16,14,1,0,16,10,4,1,0,0,0,0,0,0,0,0,0,0,0,0,0,0,0,0,
IOPM,1,1,0,0,0,1,0,0,0,0,0,0,0,0,0,0,0,0,0,0,0,0,0,0,0,
Ip,9,2,3,4,0,2,7,0,0,0,0,0,0,0,0,0,0,0,0,0,0,0,0,0,0,
IPC,1,0,1,0,0,0,1,0,0,0,0,0,0,0,0,0,0,0,0,0,0,0,0,0,0,
Iphoto,2,0,2,0,0,0,0,2,0,0,0,0,0,0,0,0,0,0,0,0,0,0,0,0,0,
Ips,1,0,0,1,0,0,0,0,1,0,0,0,0,0,0,0,0,0,0,0,0,0,0,0,0,
Is,629,591,38,0,0,591,31,3,0,0,0,2,0,2,0,0,0,0,0,0,0,0,0,0,0,
is3,1,1,0,0,0,1,0,0,0,0,0,0,0,0,0,0,0,0,0,0,0,0,0,0,0,
is3d,2,2,0,0,1,2,0,0,0,0,0,0,0,0,0,0,0,0,0,0,0,0,0,0,0,
ISO,7,1,4,2,1,1,1,2,0,2,1,0,0,0,0,0,0,0,0,0,0,0,0,0,0,
iso639,1,1,0,0,1,1,0,0,0,0,0,0,0,0,0,0,0,0,0,0,0,0,0,0,0,
ISO6392,1,0,1,0,0,0,1,0,0,0,0,0,0,0,0,0,0,0,0,0,0,0,0,0,0,
Item,32,12,9,11,1,12,10,10,0,0,0,0,0,0,0,0,0,0,0,0,0,0,0,0,0,
Items,1,0,0,1,0,0,1,0,0,0,0,0,0,0,0,0,0,0,0,0,0,0,0,0,0,
Iterator,9,3,3,3,2,3,5,1,0,0,0,0,0,0,0,0,0,0,0,0,0,0,0,0,0,
Iterators,1,0,0,1,0,0,1,0,0,0,0,0,0,0,0,0,0,0,0,0,0,0,0,0,0,
Itunes,3,0,3,0,0,0,1,2,0,0,0,0,0,0,0,0,0,0,0,0,0,0,0,0,0,
J,7,0,6,1,0,0,7,0,0,0,0,0,0,0,0,0,0,0,0,0,0,0,0,0,0,
JA,1,0,1,0,0,0,1,0,0,0,0,0,0,0,0,0,0,0,0,0,0,0,0,0,0,
JAR,1,0,0,1,0,0,1,0,0,0,0,0,0,0,0,0,0,0,0,0,0,0,0,0,0,
Java,1,0,1,0,0,0,1,0,0,0,0,0,0,0,0,0,0,0,0,0,0,0,0,0,0,
JFIF,1,0,1,0,0,0,1,0,0,0,0,0,0,0,0,0,0,0,0,0,0,0,0,0,0,
Jl,1,0,0,1,0,0,1,0,0,0,0,0,0,0,0,0,0,0,0,0,0,0,0,0,0,
Jm,1,0,1,0,0,0,1,0,0,0,0,0,0,0,0,0,0,0,0,0,0,0,0,0,0,
Join,2,0,0,2,0,0,1,1,0,0,0,0,0,0,0,0,0,0,0,0,0,0,0,0,0,
joined,1,1,0,0,1,1,0,0,0,0,0,0,0,0,0,0,0,0,0,0,0,0,0,0,0,
Jp,1,0,1,0,0,0,0,0,1,0,0,0,0,0,0,0,0,0,0,0,0,0,0,0,0,
JPEG,7,2,4,1,0,2,5,0,0,0,0,0,0,0,0,0,0,0,0,0,0,0,0,0,0,
JS,2,0,0,2,0,0,0,2,0,0,0,0,0,0,0,0,0,0,0,0,0,0,0,0,0,
jump,1,1,0,0,1,1,0,0,0,0,0,0,0,0,0,0,0,0,0,0,0,0,0,0,0,
K,2,0,2,0,0,0,2,0,0,0,0,0,0,0,0,0,0,0,0,0,0,0,0,0,0,
Keep,7,0,6,1,0,0,2,3,2,0,0,0,0,0,0,0,0,0,0,0,0,0,0,0,0,
Kerio,2,0,2,0,0,0,2,0,0,0,0,0,0,0,0,0,0,0,0,0,0,0,0,0,0,
Kern,5,1,4,0,0,1,2,2,0,0,0,0,0,0,0,0,0,0,0,0,0,0,0,0,0,
Key,35,8,14,13,0,8,9,4,2,0,0,0,1,5,0,0,4,1,1,0,0,0,0,0,0,
Keyed,2,2,0,0,0,2,0,0,0,0,0,0,0,0,0,0,0,0,0,0,0,0,0,0,0,
Keys,3,1,1,1,1,1,2,0,0,0,0,0,0,0,0,0,0,0,0,0,0,0,0,0,0,
kill,3,3,0,0,1,3,0,0,0,0,0,0,0,0,0,0,0,0,0,0,0,0,0,0,0,
Kit,2,0,1,1,0,0,1,1,0,0,0,0,0,0,0,0,0,0,0,0,0,0,0,0,0,
Known,6,1,4,1,0,1,4,1,0,0,0,0,0,0,0,0,0,0,0,0,0,0,0,0,0,
KOI8,1,0,1,0,0,0,0,0,0,1,0,0,0,0,0,0,0,0,0,0,0,0,0,0,0,
Label,10,0,3,7,0,0,6,4,0,0,0,0,0,0,0,0,0,0,0,0,0,0,0,0,0,
Lang,10,0,2,8,0,0,6,3,1,0,0,0,0,0,0,0,0,0,0,0,0,0,0,0,0,
Langs,1,0,0,1,0,0,1,0,0,0,0,0,0,0,0,0,0,0,0,0,0,0,0,0,0,
language,27,4,12,11,0,4,11,6,5,1,0,0,0,0,0,0,0,0,0,0,0,0,0,0,0,
Languages,7,0,0,7,0,0,1,4,2,0,0,0,0,0,0,0,0,0,0,0,0,0,0,0,0,
Larger,1,0,1,0,0,0,0,1,0,0,0,0,0,0,0,0,0,0,0,0,0,0,0,0,0,
Last,24,10,14,0,0,10,14,0,0,0,0,0,0,0,0,0,0,0,0,0,0,0,0,0,0,
Lastmodified,2,0,0,2,0,0,2,0,0,0,0,0,0,0,0,0,0,0,0,0,0,0,0,0,0,
Latch,6,0,0,6,0,0,0,4,0,2,0,0,0,0,0,0,0,0,0,0,0,0,0,0,0,
Late,1,0,1,0,0,0,1,0,0,0,0,0,0,0,0,0,0,0,0,0,0,0,0,0,0,
Later,3,0,0,3,0,0,2,0,0,0,0,0,1,0,0,0,0,0,0,0,0,0,0,0,0,
Latest,1,0,1,0,0,0,1,0,0,0,0,0,0,0,0,0,0,0,0,0,0,0,0,0,0,
launch,12,12,0,0,0,12,0,0,0,0,0,0,0,0,0,0,0,0,0,0,0,0,0,0,0,
Layout,5,1,2,2,0,1,3,1,0,0,0,0,0,0,0,0,0,0,0,0,0,0,0,0,0,
LE,3,0,0,3,0,0,0,0,0,0,2,0,0,0,0,1,0,0,0,0,0,0,0,0,0,
Le16,1,0,0,1,0,0,1,0,0,0,0,0,0,0,0,0,0,0,0,0,0,0,0,0,0,
Le32,1,0,0,1,0,0,1,0,0,0,0,0,0,0,0,0,0,0,0,0,0,0,0,0,0,
Least,2,0,2,0,0,0,1,1,0,0,0,0,0,0,0,0,0,0,0,0,0,0,0,0,0,
Left,2,0,0,2,0,0,1,1,0,0,0,0,0,0,0,0,0,0,0,0,0,0,0,0,0,
Length,21,20,0,1,20,20,1,0,0,0,0,0,0,0,0,0,0,0,0,0,0,0,0,0,0,
Less,2,0,2,0,0,0,2,0,0,0,0,0,0,0,0,0,0,0,0,0,0,0,0,0,0,
Level,18,1,1,16,1,1,2,11,3,1,0,0,0,0,0,0,0,0,0,0,0,0,0,0,0,
Level41,1,0,1,0,0,0,0,1,0,0,0,0,0,0,0,0,0,0,0,0,0,0,0,0,0,
Levels,1,0,1,0,0,0,1,0,0,0,0,0,0,0,0,0,0,0,0,0,0,0,0,0,0,
LG,1,0,0,1,0,0,1,0,0,0,0,0,0,0,0,0,0,0,0,0,0,0,0,0,0,
Lib,24,0,23,1,0,0,1,1,6,5,11,0,0,0,0,0,0,0,0,0,0,0,0,0,0,
Library,19,0,8,11,0,0,5,5,9,0,0,0,0,0,0,0,0,0,0,0,0,0,0,0,0,
Like,1,0,1,0,0,0,1,0,0,0,0,0,0,0,0,0,0,0,0,0,0,0,0,0,0,
Lim,1,0,0,1,0,0,0,1,0,0,0,0,0,0,0,0,0,0,0,0,0,0,0,0,0,
Limit,14,2,5,7,1,2,6,6,0,0,0,0,0,0,0,0,0,0,0,0,0,0,0,0,0,
Limited,7,2,4,1,0,2,3,1,1,0,0,0,0,0,0,0,0,0,0,0,0,0,0,0,0,
Limits,1,0,0,1,0,0,0,0,0,0,1,0,0,0,0,0,0,0,0,0,0,0,0,0,0,
Line,9,0,0,9,0,0,2,5,0,0,2,0,0,0,0,0,0,0,0,0,0,0,0,0,0,
Linebuffer,2,0,0,2,0,0,0,0,0,2,0,0,0,0,0,0,0,0,0,0,0,0,0,0,0,
Lines,3,0,0,3,0,0,1,2,0,0,0,0,0,0,0,0,0,0,0,0,0,0,0,0,0,
Link,8,2,2,4,0,2,2,0,4,0,0,0,0,0,0,0,0,0,0,0,0,0,0,0,0,
Links,1,0,0,1,0,0,1,0,0,0,0,0,0,0,0,0,0,0,0,0,0,0,0,0,0,
Linux,2,0,2,0,0,0,0,1,1,0,0,0,0,0,0,0,0,0,0,0,0,0,0,0,0,
List,28,3,3,22,1,3,12,7,6,0,0,0,0,0,0,0,0,0,0,0,0,0,0,0,0,
listen,1,1,0,0,1,1,0,0,0,0,0,0,0,0,0,0,0,0,0,0,0,0,0,0,0,
Listener,17,0,2,15,0,0,2,12,3,0,0,0,0,0,0,0,0,0,0,0,0,0,0,0,0,
Listeners,4,0,0,4,0,0,0,3,0,1,0,0,0,0,0,0,0,0,0,0,0,0,0,0,0,
Lite,3,0,3,0,0,0,0,3,0,0,0,0,0,0,0,0,0,0,0,0,0,0,0,0,0,
Live,10,1,9,0,0,1,7,2,0,0,0,0,0,0,0,0,0,0,0,0,0,0,0,0,0,
load,15,15,0,0,3,15,0,0,0,0,0,0,0,0,0,0,0,0,0,0,0,0,0,0,0,
Loading,1,0,1,0,0,0,1,0,0,0,0,0,0,0,0,0,0,0,0,0,0,0,0,0,0,
local,1,1,0,0,0,1,0,0,0,0,0,0,0,0,0,0,0,0,0,0,0,0,0,0,0,
Locale,8,1,1,6,0,1,4,2,0,1,0,0,0,0,0,0,0,0,0,0,0,0,0,0,0,
Locales,2,0,1,1,0,0,0,2,0,0,0,0,0,0,0,0,0,0,0,0,0,0,0,0,0,
Localization,1,0,1,0,0,0,0,1,0,0,0,0,0,0,0,0,0,0,0,0,0,0,0,0,0,
Localized,4,0,4,0,0,0,0,0,0,2,1,1,0,0,0,0,0,0,0,0,0,0,0,0,0,
Location,2,0,0,2,0,0,1,1,0,0,0,0,0,0,0,0,0,0,0,0,0,0,0,0,0,
Lock,1,0,0,1,0,0,1,0,0,0,0,0,0,0,0,0,0,0,0,0,0,0,0,0,0,
Log,26,5,19,2,1,5,8,13,0,0,0,0,0,0,0,0,0,0,0,0,0,0,0,0,0,
Logger,2,0,0,2,0,0,0,2,0,0,0,0,0,0,0,0,0,0,0,0,0,0,0,0,0,
Logging,20,0,20,0,0,0,20,0,0,0,0,0,0,0,0,0,0,0,0,0,0,0,0,0,0,
Logical,1,1,0,0,1,1,0,0,0,0,0,0,0,0,0,0,0,0,0,0,0,0,0,0,0,
login,1,1,0,0,1,1,0,0,0,0,0,0,0,0,0,0,0,0,0,0,0,0,0,0,0,
Logo,1,0,0,1,0,0,1,0,0,0,0,0,0,0,0,0,0,0,0,0,0,0,0,0,0,
Logs,5,0,4,1,0,0,1,2,2,0,0,0,0,0,0,0,0,0,0,0,0,0,0,0,0,
Long,5,1,2,2,0,1,3,1,0,0,0,0,0,0,0,0,0,0,0,0,0,0,0,0,0,
Longs,1,0,1,0,0,0,0,1,0,0,0,0,0,0,0,0,0,0,0,0,0,0,0,0,0,
Look,1,0,1,0,0,0,1,0,0,0,0,0,0,0,0,0,0,0,0,0,0,0,0,0,0,
Looks,1,1,0,0,0,1,0,0,0,0,0,0,0,0,0,0,0,0,0,0,0,0,0,0,0,
Lookup,3,2,1,0,2,2,1,0,0,0,0,0,0,0,0,0,0,0,0,0,0,0,0,0,0,
Loop,6,0,3,3,0,0,3,2,1,0,0,0,0,0,0,0,0,0,0,0,0,0,0,0,0,
Loopback,2,0,0,2,0,0,0,0,2,0,0,0,0,0,0,0,0,0,0,0,0,0,0,0,0,
Lossless,3,0,0,3,0,0,2,1,0,0,0,0,0,0,0,0,0,0,0,0,0,0,0,0,0,
Low,7,0,7,0,0,0,6,1,0,0,0,0,0,0,0,0,0,0,0,0,0,0,0,0,0,
Lower,1,0,1,0,0,0,1,0,0,0,0,0,0,0,0,0,0,0,0,0,0,0,0,0,0,
LPCM,6,0,5,1,0,0,3,1,2,0,0,0,0,0,0,0,0,0,0,0,0,0,0,0,0,
lucene,1,1,0,0,0,1,0,0,0,0,0,0,0,0,0,0,0,0,0,0,0,0,0,0,0,
M,18,2,16,0,0,2,9,1,2,0,4,0,0,0,0,0,0,0,0,0,0,0,0,0,0,
Mac,2,1,1,0,0,1,1,0,0,0,0,0,0,0,0,0,0,0,0,0,0,0,0,0,0,
Mach,2,2,0,0,0,2,0,0,0,0,0,0,0,0,0,0,0,0,0,0,0,0,0,0,0,
Macosversion,1,0,0,1,0,0,1,0,0,0,0,0,0,0,0,0,0,0,0,0,0,0,0,0,0,
Made,1,0,0,1,0,0,1,0,0,0,0,0,0,0,0,0,0,0,0,0,0,0,0,0,0,
Main,7,2,4,1,2,2,2,3,0,0,0,0,0,0,0,0,0,0,0,0,0,0,0,0,0,
Major,2,0,0,2,0,0,2,0,0,0,0,0,0,0,0,0,0,0,0,0,0,0,0,0,0,
manage,6,6,0,0,0,6,0,0,0,0,0,0,0,0,0,0,0,0,0,0,0,0,0,0,0,
Manager,4,0,0,4,0,0,2,2,0,0,0,0,0,0,0,0,0,0,0,0,0,0,0,0,0,
Map,6,2,0,4,0,2,2,1,1,0,0,0,0,0,0,0,0,0,0,0,0,0,0,0,0,
Mapping,1,0,1,0,0,0,0,0,1,0,0,0,0,0,0,0,0,0,0,0,0,0,0,0,0,
Margin,2,0,0,2,0,0,0,2,0,0,0,0,0,0,0,0,0,0,0,0,0,0,0,0,0,
mark,4,4,0,0,3,4,0,0,0,0,0,0,0,0,0,0,0,0,0,0,0,0,0,0,0,
Marks,2,0,0,2,0,0,0,2,0,0,0,0,0,0,0,0,0,0,0,0,0,0,0,0,0,
Marquee,1,1,0,0,0,1,0,0,0,0,0,0,0,0,0,0,0,0,0,0,0,0,0,0,0,
Master,5,1,4,0,0,1,4,0,0,0,0,0,0,0,0,0,0,0,0,0,0,0,0,0,0,
Match,12,9,0,3,6,9,1,0,1,0,0,0,0,0,0,1,0,0,0,0,0,0,0,0,0,
Matched,2,0,2,0,0,0,2,0,0,0,0,0,0,0,0,0,0,0,0,0,0,0,0,0,0,
Matching,4,0,2,2,0,0,1,2,0,0,0,0,0,0,0,0,1,0,0,0,0,0,0,0,0,
Matrix,2,0,2,0,0,0,2,0,0,0,0,0,0,0,0,0,0,0,0,0,0,0,0,0,0,
Max,17,0,17,0,0,0,15,2,0,0,0,0,0,0,0,0,0,0,0,0,0,0,0,0,0,
Maximum,10,0,7,3,0,0,8,2,0,0,0,0,0,0,0,0,0,0,0,0,0,0,0,0,0,
MB,2,0,2,0,0,0,2,0,0,0,0,0,0,0,0,0,0,0,0,0,0,0,0,0,0,
MBID,6,0,1,5,0,0,6,0,0,0,0,0,0,0,0,0,0,0,0,0,0,0,0,0,0,
Measure,1,1,0,0,0,1,0,0,0,0,0,0,0,0,0,0,0,0,0,0,0,0,0,0,0,
Media,62,6,53,3,0,6,27,3,3,6,5,11,0,0,1,0,0,0,0,0,0,0,0,0,0,
Mediaparsed,2,0,0,2,0,0,2,0,0,0,0,0,0,0,0,0,0,0,0,0,0,0,0,0,0,
Memory,5,0,5,0,0,0,2,3,0,0,0,0,0,0,0,0,0,0,0,0,0,0,0,0,0,
Mencoder,67,0,64,3,0,0,59,3,1,0,2,2,0,0,0,0,0,0,0,0,0,0,0,0,0,
Mencoderwith,1,0,1,0,0,0,0,0,0,0,0,1,0,0,0,0,0,0,0,0,0,0,0,0,0,
Mencoderwithout,2,0,2,0,0,0,0,0,0,0,0,2,0,0,0,0,0,0,0,0,0,0,0,0,0,
Menu,1,0,1,0,0,0,1,0,0,0,0,0,0,0,0,0,0,0,0,0,0,0,0,0,0,
Message,6,2,2,2,1,2,4,0,0,0,0,0,0,0,0,0,0,0,0,0,0,0,0,0,0,
Meta,1,0,1,0,0,0,0,0,1,0,0,0,0,0,0,0,0,0,0,0,0,0,0,0,0,
Metadata,28,0,1,27,0,0,11,2,7,2,6,0,0,0,0,0,0,0,0,0,0,0,0,0,0,
Method,9,0,0,9,0,0,3,4,2,0,0,0,0,0,0,0,0,0,0,0,0,0,0,0,0,
Mgr,3,0,0,3,0,0,2,1,0,0,0,0,0,0,0,0,0,0,0,0,0,0,0,0,0,
Millis,1,0,0,1,0,0,0,0,1,0,0,0,0,0,0,0,0,0,0,0,0,0,0,0,0,
Mime,46,30,15,1,0,30,8,8,0,0,0,0,0,0,0,0,0,0,0,0,0,0,0,0,0,
Min,8,1,7,0,0,1,7,0,0,0,0,0,0,0,0,0,0,0,0,0,0,0,0,0,0,
minimal,2,2,0,0,2,2,0,0,0,0,0,0,0,0,0,0,0,0,0,0,0,0,0,0,0,
Minimized,2,0,0,2,0,0,2,0,0,0,0,0,0,0,0,0,0,0,0,0,0,0,0,0,0,
Minimum,7,1,3,3,0,1,6,0,0,0,0,0,0,0,0,0,0,0,0,0,0,0,0,0,0,
Minor,2,0,0,2,0,0,2,0,0,0,0,0,0,0,0,0,0,0,0,0,0,0,0,0,0,
Mismatch,2,0,0,2,0,0,0,0,0,2,0,0,0,0,0,0,0,0,0,0,0,0,0,0,0,
Missed,1,0,0,1,0,0,1,0,0,0,0,0,0,0,0,0,0,0,0,0,0,0,0,0,0,
mk,2,2,0,0,0,2,0,0,0,0,0,0,0,0,0,0,0,0,0,0,0,0,0,0,0,
MKA,1,0,0,1,0,0,1,0,0,0,0,0,0,0,0,0,0,0,0,0,0,0,0,0,0,
Mkv,1,0,1,0,0,0,0,0,1,0,0,0,0,0,0,0,0,0,0,0,0,0,0,0,0,
MLP,2,1,0,1,1,1,1,0,0,0,0,0,0,0,0,0,0,0,0,0,0,0,0,0,0,
Mnemonic,2,0,0,2,0,0,2,0,0,0,0,0,0,0,0,0,0,0,0,0,0,0,0,0,0,
Mod,1,0,1,0,0,0,0,1,0,0,0,0,0,0,0,0,0,0,0,0,0,0,0,0,0,
Mod4,3,0,1,2,0,0,1,1,1,0,0,0,0,0,0,0,0,0,0,0,0,0,0,0,0,
Mode,31,0,9,22,0,0,5,19,6,1,0,0,0,0,0,0,0,0,0,0,0,0,0,0,0,
Model,13,0,0,13,0,0,2,4,6,1,0,0,0,0,0,0,0,0,0,0,0,0,0,0,0,
Modified,12,0,1,11,0,0,10,2,0,0,0,0,0,0,0,0,0,0,0,0,0,0,0,0,0,
Modifier,2,0,0,2,0,0,2,0,0,0,0,0,0,0,0,0,0,0,0,0,0,0,0,0,0,
modulo,1,1,0,0,1,1,0,0,0,0,0,0,0,0,0,0,0,0,0,0,0,0,0,0,0,
Monitor,5,3,1,1,1,3,2,0,0,0,0,0,0,0,0,0,0,0,0,0,0,0,0,0,0,
Monitored,2,0,0,2,0,0,0,2,0,0,0,0,0,0,0,0,0,0,0,0,0,0,0,0,0,
Monkeys,1,0,1,0,0,0,1,0,0,0,0,0,0,0,0,0,0,0,0,0,0,0,0,0,0,
Mount,1,0,1,0,0,0,1,0,0,0,0,0,0,0,0,0,0,0,0,0,0,0,0,0,0,
Mouse,12,9,3,0,0,9,2,1,0,0,0,0,0,0,0,0,0,0,0,0,0,0,0,0,0,
move,2,2,0,0,0,2,0,0,0,0,0,0,0,0,0,0,0,0,0,0,0,0,0,0,0,
Moved,1,0,0,1,0,0,0,1,0,0,0,0,0,0,0,0,0,0,0,0,0,0,0,0,0,
Movie,6,0,6,0,0,0,4,2,0,0,0,0,0,0,0,0,0,0,0,0,0,0,0,0,0,
Mp3,3,0,1,2,0,0,1,0,2,0,0,0,0,0,0,0,0,0,0,0,0,0,0,0,0,
Mp4,5,0,2,3,0,0,2,1,1,1,0,0,0,0,0,0,0,0,0,0,0,0,0,0,0,
MPC,1,0,0,1,0,0,1,0,0,0,0,0,0,0,0,0,0,0,0,0,0,0,0,0,0,
MPEG,14,0,9,5,0,0,7,1,2,2,2,0,0,0,0,0,0,0,0,0,0,0,0,0,0,
MPEG2,10,0,7,3,0,0,5,0,3,2,0,0,0,0,0,0,0,0,0,0,0,0,0,0,0,
Mpegopts,1,0,0,1,0,0,0,0,0,1,0,0,0,0,0,0,0,0,0,0,0,0,0,0,0,
MPEGPSMPEG2,1,0,1,0,0,0,0,0,1,0,0,0,0,0,0,0,0,0,0,0,0,0,0,0,0,
MPEGTS,1,0,0,1,0,0,0,0,1,0,0,0,0,0,0,0,0,0,0,0,0,0,0,0,0,
MPEGTSH264,4,0,4,0,0,0,0,0,4,0,0,0,0,0,0,0,0,0,0,0,0,0,0,0,0,
MPEGTSH265,2,0,2,0,0,0,0,0,2,0,0,0,0,0,0,0,0,0,0,0,0,0,0,0,0,
MPEGTSMPEG2,1,0,1,0,0,0,0,0,1,0,0,0,0,0,0,0,0,0,0,0,0,0,0,0,0,
Mpg,2,1,1,0,1,1,0,0,1,0,0,0,0,0,0,0,0,0,0,0,0,0,0,0,0,
Mplayer,9,0,9,0,0,0,7,2,0,0,0,0,0,0,0,0,0,0,0,0,0,0,0,0,0,
MS,1,0,0,1,0,0,0,0,0,1,0,0,0,0,0,0,0,0,0,0,0,0,0,0,0,
Msg,2,0,1,1,0,0,2,0,0,0,0,0,0,0,0,0,0,0,0,0,0,0,0,0,0,
MT,2,0,0,2,0,0,0,2,0,0,0,0,0,0,0,0,0,0,0,0,0,0,0,0,0,
Multi,4,0,4,0,0,0,0,2,0,2,0,0,0,0,0,0,0,0,0,0,0,0,0,0,0,
Multicast,1,0,1,0,0,0,0,1,0,0,0,0,0,0,0,0,0,0,0,0,0,0,0,0,0,
Multiple,5,0,3,2,0,0,1,0,3,1,0,0,0,0,0,0,0,0,0,0,0,0,0,0,0,
Multipliers,2,0,0,2,0,0,1,1,0,0,0,0,0,0,0,0,0,0,0,0,0,0,0,0,0,
Multiply,2,1,1,0,1,1,1,0,0,0,0,0,0,0,0,0,0,0,0,0,0,0,0,0,0,
Multithreading,4,0,0,4,0,0,0,2,0,2,0,0,0,0,0,0,0,0,0,0,0,0,0,0,0,
Music,3,1,2,0,0,1,1,0,1,0,0,0,0,0,0,0,0,0,0,0,0,0,0,0,0,
Mutable,9,0,9,0,0,0,5,4,0,0,0,0,0,0,0,0,0,0,0,0,0,0,0,0,0,
Mute,4,2,0,2,2,2,2,0,0,0,0,0,0,0,0,0,0,0,0,0,0,0,0,0,0,
Mux,12,0,10,2,0,0,8,2,2,0,0,0,0,0,0,0,0,0,0,0,0,0,0,0,0,
Muxable,1,0,0,1,0,0,1,0,0,0,0,0,0,0,0,0,0,0,0,0,0,0,0,0,0,
Muxer,2,0,2,0,0,0,0,0,0,0,0,2,0,0,0,0,0,0,0,0,0,0,0,0,0,
Muxing,6,0,6,0,0,0,6,0,0,0,0,0,0,0,0,0,0,0,0,0,0,0,0,0,0,
N,1,0,1,0,0,0,1,0,0,0,0,0,0,0,0,0,0,0,0,0,0,0,0,0,0,
Name,188,19,30,139,18,19,54,70,25,13,7,0,0,0,0,0,0,0,0,0,0,0,0,0,0,
Named,3,0,2,1,0,0,3,0,0,0,0,0,0,0,0,0,0,0,0,0,0,0,0,0,0,
Names,7,0,1,6,0,0,1,3,3,0,0,0,0,0,0,0,0,0,0,0,0,0,0,0,0,
Native,18,3,1,14,0,3,15,0,0,0,0,0,0,0,0,0,0,0,0,0,0,0,0,0,0,
Natural,6,0,5,1,0,0,6,0,0,0,0,0,0,0,0,0,0,0,0,0,0,0,0,0,0,
Navigation,1,1,0,0,0,1,0,0,0,0,0,0,0,0,0,0,0,0,0,0,0,0,0,0,0,
Nb,4,0,4,0,0,0,4,0,0,0,0,0,0,0,0,0,0,0,0,0,0,0,0,0,0,
Nbaudio,2,0,0,2,0,0,2,0,0,0,0,0,0,0,0,0,0,0,0,0,0,0,0,0,0,
Nbchannels,2,0,0,2,0,0,2,0,0,0,0,0,0,0,0,0,0,0,0,0,0,0,0,0,0,
Necessary,1,0,0,1,0,0,0,1,0,0,0,0,0,0,0,0,0,0,0,0,0,0,0,0,0,
Needed,8,0,0,8,0,0,0,6,1,1,0,0,0,0,0,0,0,0,0,0,0,0,0,0,0,
needs,1,1,0,0,0,1,0,0,0,0,0,0,0,0,0,0,0,0,0,0,0,0,0,0,0,
Negate,2,1,1,0,1,1,1,0,0,0,0,0,0,0,0,0,0,0,0,0,0,0,0,0,0,
Negative,1,0,1,0,0,0,0,0,0,0,0,0,0,0,0,0,1,0,0,0,0,0,0,0,0,
Netty,2,2,0,0,0,2,0,0,0,0,0,0,0,0,0,0,0,0,0,0,0,0,0,0,0,
Network,18,1,12,5,0,1,10,4,2,1,0,0,0,0,0,0,0,0,0,0,0,0,0,0,0,
New,25,7,18,0,0,7,6,10,0,2,0,0,0,0,0,0,0,0,0,0,0,0,0,0,0,
Next,5,3,2,0,2,3,2,0,0,0,0,0,0,0,0,0,0,0,0,0,0,0,0,0,0,
Ni,1,0,0,1,0,0,1,0,0,0,0,0,0,0,0,0,0,0,0,0,0,0,0,0,0,
No,19,1,18,0,0,1,7,10,1,0,0,0,0,0,0,0,0,0,0,0,0,0,0,0,0,
Node,4,0,2,2,0,0,2,1,1,0,0,0,0,0,0,0,0,0,0,0,0,0,0,0,0,
Non,5,0,5,0,0,0,4,1,0,0,0,0,0,0,0,0,0,0,0,0,0,0,0,0,0,
None,3,0,3,0,0,0,3,0,0,0,0,0,0,0,0,0,0,0,0,0,0,0,0,0,0,
Normalization,1,0,1,0,0,0,0,1,0,0,0,0,0,0,0,0,0,0,0,0,0,0,0,0,0,
Normalize,3,1,2,0,1,1,0,0,2,0,0,0,0,0,0,0,0,0,0,0,0,0,0,0,0,
Normalized,1,0,1,0,0,0,1,0,0,0,0,0,0,0,0,0,0,0,0,0,0,0,0,0,0,
Noskip,2,0,0,2,0,0,1,0,1,0,0,0,0,0,0,0,0,0,0,0,0,0,0,0,0,
Not,9,0,9,0,0,0,1,4,0,0,0,0,0,3,1,0,0,0,0,0,0,0,0,0,0,
Notation,1,0,0,1,0,0,0,1,0,0,0,0,0,0,0,0,0,0,0,0,0,0,0,0,0,
Notice,1,1,0,0,1,1,0,0,0,0,0,0,0,0,0,0,0,0,0,0,0,0,0,0,0,
Notifier,1,1,0,0,1,1,0,0,0,0,0,0,0,0,0,0,0,0,0,0,0,0,0,0,0,
notify,6,6,0,0,5,6,0,0,0,0,0,0,0,0,0,0,0,0,0,0,0,0,0,0,0,
nox264,2,2,0,0,2,2,0,0,0,0,0,0,0,0,0,0,0,0,0,0,0,0,0,0,0,
Nr,2,0,2,0,0,0,2,0,0,0,0,0,0,0,0,0,0,0,0,0,0,0,0,0,0,
Nt,1,0,0,1,0,0,1,0,0,0,0,0,0,0,0,0,0,0,0,0,0,0,0,0,0,
Null,17,2,12,3,0,2,3,1,1,4,0,0,3,3,0,0,0,0,0,0,0,0,0,0,0,
Nulls,2,0,0,2,0,0,2,0,0,0,0,0,0,0,0,0,0,0,0,0,0,0,0,0,0,
Num,4,0,4,0,0,0,4,0,0,0,0,0,0,0,0,0,0,0,0,0,0,0,0,0,0,
Number,21,0,17,4,0,0,11,6,4,0,0,0,0,0,0,0,0,0,0,0,0,0,0,0,0,
Numbers,2,0,0,2,0,0,0,1,1,0,0,0,0,0,0,0,0,0,0,0,0,0,0,0,0,
Numerator,2,0,0,2,0,0,1,1,0,0,0,0,0,0,0,0,0,0,0,0,0,0,0,0,0,
Obj,4,0,0,4,0,0,2,1,1,0,0,0,0,0,0,0,0,0,0,0,0,0,0,0,0,
Object,5,0,4,1,0,0,3,2,0,0,0,0,0,0,0,0,0,0,0,0,0,0,0,0,0,
Objects,1,0,0,1,0,0,0,1,0,0,0,0,0,0,0,0,0,0,0,0,0,0,0,0,0,
OEMCP,1,0,0,1,0,0,1,0,0,0,0,0,0,0,0,0,0,0,0,0,0,0,0,0,0,
Of,52,0,27,25,0,0,27,21,2,2,0,0,0,0,0,0,0,0,0,0,0,0,0,0,0,
offer,2,2,0,0,0,2,0,0,0,0,0,0,0,0,0,0,0,0,0,0,0,0,0,0,0,
Offline,1,0,0,1,0,0,1,0,0,0,0,0,0,0,0,0,0,0,0,0,0,0,0,0,0,
Offset,3,0,1,2,0,0,0,2,0,0,1,0,0,0,0,0,0,0,0,0,0,0,0,0,0,
OGA,1,0,0,1,0,0,1,0,0,0,0,0,0,0,0,0,0,0,0,0,0,0,0,0,0,
Ogg,2,1,1,0,1,1,1,0,0,0,0,0,0,0,0,0,0,0,0,0,0,0,0,0,0,
Ok,1,0,0,1,0,0,1,0,0,0,0,0,0,0,0,0,0,0,0,0,0,0,0,0,0,
Old,3,0,1,2,0,0,3,0,0,0,0,0,0,0,0,0,0,0,0,0,0,0,0,0,0,
Omit,1,0,1,0,0,0,1,0,0,0,0,0,0,0,0,0,0,0,0,0,0,0,0,0,0,
On,3,0,3,0,0,0,1,0,0,2,0,0,0,0,0,0,0,0,0,0,0,0,0,0,0,
Once,9,0,0,9,0,0,9,0,0,0,0,0,0,0,0,0,0,0,0,0,0,0,0,0,0,
One,1,0,0,1,0,0,0,1,0,0,0,0,0,0,0,0,0,0,0,0,0,0,0,0,0,
Only,2,0,0,2,0,0,0,0,0,0,0,0,2,0,0,0,0,0,0,0,0,0,0,0,0,
Op,1,0,1,0,0,0,0,0,1,0,0,0,0,0,0,0,0,0,0,0,0,0,0,0,0,
Open,5,3,1,1,1,3,2,0,0,0,0,0,0,0,0,0,0,0,0,0,0,0,0,0,0,
operation,1,1,0,0,0,1,0,0,0,0,0,0,0,0,0,0,0,0,0,0,0,0,0,0,0,
Operations,9,0,6,3,0,0,3,6,0,0,0,0,0,0,0,0,0,0,0,0,0,0,0,0,0,
Operator,8,0,0,8,0,0,0,8,0,0,0,0,0,0,0,0,0,0,0,0,0,0,0,0,0,
Option,8,2,6,0,1,2,0,0,1,5,0,0,0,0,0,0,0,0,0,0,0,0,0,0,0,
Options,17,0,0,17,0,0,1,1,12,1,2,0,0,0,0,0,0,0,0,0,0,0,0,0,0,
Opus,1,0,0,1,0,0,1,0,0,0,0,0,0,0,0,0,0,0,0,0,0,0,0,0,0,
Or,23,0,23,0,0,0,3,8,5,0,5,0,1,0,0,1,0,0,0,0,0,0,0,0,0,
Order,1,0,0,1,0,0,0,0,1,0,0,0,0,0,0,0,0,0,0,0,0,0,0,0,0,
Org,13,0,13,0,0,0,8,4,1,0,0,0,0,0,0,0,0,0,0,0,0,0,0,0,0,
Orientation,9,0,0,9,0,0,1,4,4,0,0,0,0,0,0,0,0,0,0,0,0,0,0,0,0,
Origin,2,0,0,2,0,0,2,0,0,0,0,0,0,0,0,0,0,0,0,0,0,0,0,0,0,
Original,3,0,1,2,0,0,1,0,2,0,0,0,0,0,0,0,0,0,0,0,0,0,0,0,0,
Os,6,0,5,1,0,0,4,1,0,1,0,0,0,0,0,0,0,0,0,0,0,0,0,0,0,
OSX,1,0,1,0,0,0,1,0,0,0,0,0,0,0,0,0,0,0,0,0,0,0,0,0,0,
Other,4,0,4,0,0,0,1,3,0,0,0,0,0,0,0,0,0,0,0,0,0,0,0,0,0,
Ou,1,0,0,1,0,0,0,0,0,1,0,0,0,0,0,0,0,0,0,0,0,0,0,0,0,
Out,2,0,2,0,0,0,0,0,2,0,0,0,0,0,0,0,0,0,0,0,0,0,0,0,0,
Outline,4,0,0,4,0,0,0,2,0,2,0,0,0,0,0,0,0,0,0,0,0,0,0,0,0,
Output,24,5,19,0,0,5,10,7,2,0,0,0,0,0,0,0,0,0,0,0,0,0,0,0,0,
Output3,1,0,1,0,0,0,1,0,0,0,0,0,0,0,0,0,0,0,0,0,0,0,0,0,0,
Outputs,1,0,0,1,0,0,0,1,0,0,0,0,0,0,0,0,0,0,0,0,0,0,0,0,0,
Overlay,1,0,0,1,0,0,0,0,1,0,0,0,0,0,0,0,0,0,0,0,0,0,0,0,0,
Override,4,0,0,4,0,0,0,0,0,2,2,0,0,0,0,0,0,0,0,0,0,0,0,0,0,
Overrides,2,0,0,2,0,0,0,2,0,0,0,0,0,0,0,0,0,0,0,0,0,0,0,0,0,
Overscan,6,0,4,2,0,0,0,4,2,0,0,0,0,0,0,0,0,0,0,0,0,0,0,0,0,
Overwrite,1,0,0,1,0,0,1,0,0,0,0,0,0,0,0,0,0,0,0,0,0,0,0,0,0,
P,1,0,1,0,0,0,1,0,0,0,0,0,0,0,0,0,0,0,0,0,0,0,0,0,0,
Paced,2,0,0,2,0,0,1,1,0,0,0,0,0,0,0,0,0,0,0,0,0,0,0,0,0,
Pack,4,2,0,2,0,2,1,1,0,0,0,0,0,0,0,0,0,0,0,0,0,0,0,0,0,
Packer,1,0,0,1,0,0,1,0,0,0,0,0,0,0,0,0,0,0,0,0,0,0,0,0,0,
Packet,3,0,3,0,0,0,0,3,0,0,0,0,0,0,0,0,0,0,0,0,0,0,0,0,0,
pad,1,1,0,0,0,1,0,0,0,0,0,0,0,0,0,0,0,0,0,0,0,0,0,0,0,
Padding,1,0,0,1,0,0,0,1,0,0,0,0,0,0,0,0,0,0,0,0,0,0,0,0,0,
Page,7,0,0,7,0,0,4,3,0,0,0,0,0,0,0,0,0,0,0,0,0,0,0,0,0,
paint,5,5,0,0,0,5,0,0,0,0,0,0,0,0,0,0,0,0,0,0,0,0,0,0,0,
Pair,6,0,0,6,0,0,0,0,1,0,0,0,0,0,1,0,0,0,2,1,1,0,0,0,0,
Pairempty,1,0,1,0,0,0,0,0,0,0,0,0,0,0,0,1,0,0,0,0,0,0,0,0,0,
Pairmatching,1,0,1,0,0,0,0,0,0,0,0,0,0,0,0,1,0,0,0,0,0,0,0,0,0,
Pairno,2,0,2,0,0,0,0,0,0,0,0,0,0,0,0,2,0,0,0,0,0,0,0,0,0,
Pairnull,1,0,1,0,0,0,0,0,0,0,0,0,0,0,0,1,0,0,0,0,0,0,0,0,0,
Pairs,1,0,0,1,0,0,0,0,0,0,0,0,0,0,0,0,0,0,1,0,0,0,0,0,0,
PAL,1,0,1,0,0,0,0,0,1,0,0,0,0,0,0,0,0,0,0,0,0,0,0,0,0,
Panasonic,3,1,2,0,0,1,2,0,0,0,0,0,0,0,0,0,0,0,0,0,0,0,0,0,0,
Panel,16,0,0,16,0,0,5,7,4,0,0,0,0,0,0,0,0,0,0,0,0,0,0,0,0,
Parameters,4,0,0,4,0,0,1,0,3,0,0,0,0,0,0,0,0,0,0,0,0,0,0,0,0,
Params,1,0,0,1,0,0,1,0,0,0,0,0,0,0,0,0,0,0,0,0,0,0,0,0,0,
Parent,13,0,6,7,0,0,8,5,0,0,0,0,0,0,0,0,0,0,0,0,0,0,0,0,0,
Parse,74,60,13,1,12,60,12,0,0,2,0,0,0,0,0,0,0,0,0,0,0,0,0,0,0,
Parsed,2,0,0,2,0,0,0,0,2,0,0,0,0,0,0,0,0,0,0,0,0,0,0,0,0,
parselist,1,1,0,0,1,1,0,0,0,0,0,0,0,0,0,0,0,0,0,0,0,0,0,0,0,
Parser,3,0,3,0,0,0,1,2,0,0,0,0,0,0,0,0,0,0,0,0,0,0,0,0,0,
Parsing,3,0,0,3,0,0,2,1,0,0,0,0,0,0,0,0,0,0,0,0,0,0,0,0,0,
Partially,1,0,1,0,0,0,1,0,0,0,0,0,0,0,0,0,0,0,0,0,0,0,0,0,0,
Parts,1,0,0,1,0,0,0,0,0,0,0,1,0,0,0,0,0,0,0,0,0,0,0,0,0,
Passthrough,4,0,0,4,0,0,0,0,4,0,0,0,0,0,0,0,0,0,0,0,0,0,0,0,0,
Password,1,0,1,0,0,0,1,0,0,0,0,0,0,0,0,0,0,0,0,0,0,0,0,0,0,
Path,84,0,10,74,0,0,9,51,20,2,1,1,0,0,0,0,0,0,0,0,0,0,0,0,0,
Paths,8,0,1,7,0,0,0,5,3,0,0,0,0,0,0,0,0,0,0,0,0,0,0,0,0,
Pause,6,4,0,2,4,4,1,1,0,0,0,0,0,0,0,0,0,0,0,0,0,0,0,0,0,
Payload,1,0,0,1,0,0,1,0,0,0,0,0,0,0,0,0,0,0,0,0,0,0,0,0,0,
Pcm,13,1,3,9,0,1,3,1,4,1,3,0,0,0,0,0,0,0,0,0,0,0,0,0,0,
PCX,1,1,0,0,0,1,0,0,0,0,0,0,0,0,0,0,0,0,0,0,0,0,0,0,0,
Per,8,0,8,0,0,0,0,8,0,0,0,0,0,0,0,0,0,0,0,0,0,0,0,0,0,
Performed,20,0,0,20,0,0,20,0,0,0,0,0,0,0,0,0,0,0,0,0,0,0,0,0,0,
Permissions,6,0,1,5,0,0,2,3,1,0,0,0,0,0,0,0,0,0,0,0,0,0,0,0,0,
Photo,1,0,1,0,0,0,1,0,0,0,0,0,0,0,0,0,0,0,0,0,0,0,0,0,0,
Photometric,1,0,1,0,0,0,1,0,0,0,0,0,0,0,0,0,0,0,0,0,0,0,0,0,0,
Picture,1,0,0,1,0,0,1,0,0,0,0,0,0,0,0,0,0,0,0,0,0,0,0,0,0,
Pid,4,1,1,2,0,1,3,0,0,0,0,0,0,0,0,0,0,0,0,0,0,0,0,0,0,
Ping,12,1,10,1,0,1,11,0,0,0,0,0,0,0,0,0,0,0,0,0,0,0,0,0,0,
Pipe,11,2,4,5,0,2,4,5,0,0,0,0,0,0,0,0,0,0,0,0,0,0,0,0,0,
Pipeline,2,0,1,1,0,0,1,1,0,0,0,0,0,0,0,0,0,0,0,0,0,0,0,0,0,
Pixel,5,0,1,4,0,0,1,0,4,0,0,0,0,0,0,0,0,0,0,0,0,0,0,0,0,
Platform,3,0,2,1,0,0,3,0,0,0,0,0,0,0,0,0,0,0,0,0,0,0,0,0,0,
Play,29,6,17,6,4,6,11,10,2,0,0,0,0,0,0,0,0,0,0,0,0,0,0,0,0,
Playable,3,0,1,2,0,0,1,2,0,0,0,0,0,0,0,0,0,0,0,0,0,0,0,0,0,
Playback,1,1,0,0,0,1,0,0,0,0,0,0,0,0,0,0,0,0,0,0,0,0,0,0,0,
Played,18,1,11,6,0,1,2,11,4,0,0,0,0,0,0,0,0,0,0,0,0,0,0,0,0,
Player,29,3,8,18,1,3,22,3,0,0,1,0,0,0,0,0,0,0,0,0,0,0,0,0,0,
Players,8,0,0,8,0,0,2,2,2,2,0,0,0,0,0,0,0,0,0,0,0,0,0,0,0,
Playing,8,0,3,5,0,0,8,0,0,0,0,0,0,0,0,0,0,0,0,0,0,0,0,0,0,
Playlist,11,4,2,5,3,4,6,0,1,0,0,0,0,0,0,0,0,0,0,0,0,0,0,0,0,
Playlistfile,2,0,0,2,0,0,2,0,0,0,0,0,0,0,0,0,0,0,0,0,0,0,0,0,0,
Playstation,3,0,3,0,0,0,3,0,0,0,0,0,0,0,0,0,0,0,0,0,0,0,0,0,0,
Pls,8,0,5,3,0,0,0,6,2,0,0,0,0,0,0,0,0,0,0,0,0,0,0,0,0,
Plugin,7,1,3,3,0,1,6,0,0,0,0,0,0,0,0,0,0,0,0,0,0,0,0,0,0,
Plugins,6,0,3,3,0,0,4,2,0,0,0,0,0,0,0,0,0,0,0,0,0,0,0,0,0,
Pms,7,1,6,0,0,1,2,2,2,0,0,0,0,0,0,0,0,0,0,0,0,0,0,0,0,
PN,3,0,2,1,0,0,0,0,2,1,0,0,0,0,0,0,0,0,0,0,0,0,0,0,0,
PNG,2,1,0,1,0,1,1,0,0,0,0,0,0,0,0,0,0,0,0,0,0,0,0,0,0,
Point,1,0,0,1,0,0,0,1,0,0,0,0,0,0,0,0,0,0,0,0,0,0,0,0,0,
Pointer,5,1,1,3,0,1,4,0,0,0,0,0,0,0,0,0,0,0,0,0,0,0,0,0,0,
Poll,5,2,2,1,1,2,3,0,0,0,0,0,0,0,0,0,0,0,0,0,0,0,0,0,0,
populate,1,1,0,0,0,1,0,0,0,0,0,0,0,0,0,0,0,0,0,0,0,0,0,0,0,
Populated,1,0,0,1,0,0,1,0,0,0,0,0,0,0,0,0,0,0,0,0,0,0,0,0,0,
Popup,2,1,1,0,0,1,0,0,1,0,0,0,0,0,0,0,0,0,0,0,0,0,0,0,0,
Port,14,0,5,9,0,0,5,5,4,0,0,0,0,0,0,0,0,0,0,0,0,0,0,0,0,
Pos,4,0,0,4,0,0,0,0,2,0,2,0,0,0,0,0,0,0,0,0,0,0,0,0,0,
Position,6,0,3,3,0,0,3,0,2,1,0,0,0,0,0,0,0,0,0,0,0,0,0,0,0,
Possible,3,0,2,1,0,0,1,0,1,0,0,0,1,0,0,0,0,0,0,0,0,0,0,0,0,
Possibly,1,0,1,0,0,0,1,0,0,0,0,0,0,0,0,0,0,0,0,0,0,0,0,0,0,
Possition,1,0,1,0,0,0,1,0,0,0,0,0,0,0,0,0,0,0,0,0,0,0,0,0,0,
post,4,4,0,0,0,4,0,0,0,0,0,0,0,0,0,0,0,0,0,0,0,0,0,0,0,
postpone,1,1,0,0,0,1,0,0,0,0,0,0,0,0,0,0,0,0,0,0,0,0,0,0,0,
Postponed,1,0,0,1,0,0,0,1,0,0,0,0,0,0,0,0,0,0,0,0,0,0,0,0,0,
Potential,4,0,4,0,0,0,4,0,0,0,0,0,0,0,0,0,0,0,0,0,0,0,0,0,0,
Pow,2,1,1,0,1,1,1,0,0,0,0,0,0,0,0,0,0,0,0,0,0,0,0,0,0,
pre,1,1,0,0,0,1,0,0,0,0,0,0,0,0,0,0,0,0,0,0,0,0,0,0,0,
Predicate,2,0,0,2,0,0,1,1,0,0,0,0,0,0,0,0,0,0,0,0,0,0,0,0,0,
Preferred,4,1,3,0,0,1,3,0,0,0,0,0,0,0,0,0,0,0,0,0,0,0,0,0,0,
prefix,1,1,0,0,0,1,0,0,0,0,0,0,0,0,0,0,0,0,0,0,0,0,0,0,0,
prepare,1,1,0,0,0,1,0,0,0,0,0,0,0,0,0,0,0,0,0,0,0,0,0,0,0,
Prepend,1,0,1,0,0,0,1,0,0,0,0,0,0,0,0,0,0,0,0,0,0,0,0,0,0,
press,2,2,0,0,0,2,0,0,0,0,0,0,0,0,0,0,0,0,0,0,0,0,0,0,0,
Pressed,7,0,0,7,0,0,7,0,0,0,0,0,0,0,0,0,0,0,0,0,0,0,0,0,0,
Prettified,1,0,0,1,0,0,0,0,1,0,0,0,0,0,0,0,0,0,0,0,0,0,0,0,0,
Prettify,4,1,2,1,0,1,3,0,0,0,0,0,0,0,0,0,0,0,0,0,0,0,0,0,0,
prev,1,1,0,0,1,1,0,0,0,0,0,0,0,0,0,0,0,0,0,0,0,0,0,0,0,
Prevent,9,2,7,0,0,2,7,0,0,0,0,0,0,0,0,0,0,0,0,0,0,0,0,0,0,
Previous,2,1,1,0,1,1,1,0,0,0,0,0,0,0,0,0,0,0,0,0,0,0,0,0,0,
Primary,4,0,4,0,0,0,4,0,0,0,0,0,0,0,0,0,0,0,0,0,0,0,0,0,0,
Priority,1,0,0,1,0,0,0,1,0,0,0,0,0,0,0,0,0,0,0,0,0,0,0,0,0,
Pro,1,0,0,1,0,0,0,1,0,0,0,0,0,0,0,0,0,0,0,0,0,0,0,0,0,
Problematic,2,0,2,0,0,0,0,0,0,0,0,0,0,2,0,0,0,0,0,0,0,0,0,0,0,
Proc,1,0,0,1,0,0,1,0,0,0,0,0,0,0,0,0,0,0,0,0,0,0,0,0,0,
Process,13,2,2,9,0,2,7,4,0,0,0,0,0,0,0,0,0,0,0,0,0,0,0,0,0,
Profile,33,0,20,13,0,0,11,12,9,1,0,0,0,0,0,0,0,0,0,0,0,0,0,0,0,
Profiles,9,0,5,4,0,0,4,3,2,0,0,0,0,0,0,0,0,0,0,0,0,0,0,0,0,
Program,3,0,3,0,0,0,2,1,0,0,0,0,0,0,0,0,0,0,0,0,0,0,0,0,0,
Progress,5,1,4,0,0,1,3,1,0,0,0,0,0,0,0,0,0,0,0,0,0,0,0,0,0,
Project,1,0,1,0,0,0,1,0,0,0,0,0,0,0,0,0,0,0,0,0,0,0,0,0,0,
Prop,1,0,0,1,0,0,1,0,0,0,0,0,0,0,0,0,0,0,0,0,0,0,0,0,0,
Properties,8,0,2,6,0,0,2,4,1,0,0,1,0,0,0,0,0,0,0,0,0,0,0,0,0,
Propertieswith,1,0,1,0,0,0,0,0,1,0,0,0,0,0,0,0,0,0,0,0,0,0,0,0,0,
Property,6,0,2,4,0,0,2,3,1,0,0,0,0,0,0,0,0,0,0,0,0,0,0,0,0,
Protected,2,0,2,0,0,0,1,1,0,0,0,0,0,0,0,0,0,0,0,0,0,0,0,0,0,
Protocol,10,1,6,3,0,1,6,1,2,0,0,0,0,0,0,0,0,0,0,0,0,0,0,0,0,
Protocols,1,0,0,1,0,0,0,1,0,0,0,0,0,0,0,0,0,0,0,0,0,0,0,0,0,
Proxy,4,2,1,1,1,2,2,0,0,0,0,0,0,0,0,0,0,0,0,0,0,0,0,0,0,
PS,1,0,1,0,0,0,0,1,0,0,0,0,0,0,0,0,0,0,0,0,0,0,0,0,0,
PS3,2,0,1,1,0,0,2,0,0,0,0,0,0,0,0,0,0,0,0,0,0,0,0,0,0,
PS4,1,0,0,1,0,0,1,0,0,0,0,0,0,0,0,0,0,0,0,0,0,0,0,0,0,
PSD,1,1,0,0,0,1,0,0,0,0,0,0,0,0,0,0,0,0,0,0,0,0,0,0,0,
Pt,1,0,0,1,0,0,1,0,0,0,0,0,0,0,0,0,0,0,0,0,0,0,0,0,0,
pull,1,1,0,0,0,1,0,0,0,0,0,0,0,0,0,0,0,0,0,0,0,0,0,0,0,
Purge,4,2,2,0,0,2,0,2,0,0,0,0,0,0,0,0,0,0,0,0,0,0,0,0,0,
purpose,14,14,0,0,14,14,0,0,0,0,0,0,0,0,0,0,0,0,0,0,0,0,0,0,0,
Push,8,4,2,2,4,4,4,0,0,0,0,0,0,0,0,0,0,0,0,0,0,0,0,0,0,
put,6,6,0,0,4,6,0,0,0,0,0,0,0,0,0,0,0,0,0,0,0,0,0,0,0,
Q,1,0,1,0,0,0,1,0,0,0,0,0,0,0,0,0,0,0,0,0,0,0,0,0,0,
Quality,3,0,1,2,0,0,0,0,1,2,0,0,0,0,0,0,0,0,0,0,0,0,0,0,0,
Query,5,1,1,3,0,1,2,0,2,0,0,0,0,0,0,0,0,0,0,0,0,0,0,0,0,
quiet,2,2,0,0,0,2,0,0,0,0,0,0,0,0,0,0,0,0,0,0,0,0,0,0,0,
quit,1,1,0,0,1,1,0,0,0,0,0,0,0,0,0,0,0,0,0,0,0,0,0,0,0,
Quote,4,3,0,1,2,3,1,0,0,0,0,0,0,0,0,0,0,0,0,0,0,0,0,0,0,
quoted,1,1,0,0,1,1,0,0,0,0,0,0,0,0,0,0,0,0,0,0,0,0,0,0,0,
Quotes,1,0,0,1,0,0,0,0,1,0,0,0,0,0,0,0,0,0,0,0,0,0,0,0,0,
R,1,0,0,1,0,0,0,0,0,0,1,0,0,0,0,0,0,0,0,0,0,0,0,0,0,
RALF,2,0,0,2,0,0,2,0,0,0,0,0,0,0,0,0,0,0,0,0,0,0,0,0,0,
Random,1,0,1,0,0,0,1,0,0,0,0,0,0,0,0,0,0,0,0,0,0,0,0,0,0,
Range,24,0,6,18,0,0,3,20,1,0,0,0,0,0,0,0,0,0,0,0,0,0,0,0,0,
Rank,1,0,0,1,0,0,1,0,0,0,0,0,0,0,0,0,0,0,0,0,0,0,0,0,0,
Rarred,2,2,0,0,0,2,0,0,0,0,0,0,0,0,0,0,0,0,0,0,0,0,0,0,0,
Rate,22,0,12,10,0,0,1,14,6,0,1,0,0,0,0,0,0,0,0,0,0,0,0,0,0,
Rating,2,0,0,2,0,0,2,0,0,0,0,0,0,0,0,0,0,0,0,0,0,0,0,0,0,
Ratio,11,0,8,3,0,0,0,8,3,0,0,0,0,0,0,0,0,0,0,0,0,0,0,0,0,
Rational,3,1,2,0,1,1,2,0,0,0,0,0,0,0,0,0,0,0,0,0,0,0,0,0,0,
Raw,16,1,7,8,0,1,4,9,0,2,0,0,0,0,0,0,0,0,0,0,0,0,0,0,0,
Read,29,22,4,3,11,22,4,2,0,1,0,0,0,0,0,0,0,0,0,0,0,0,0,0,0,
Readable,3,0,1,2,0,0,3,0,0,0,0,0,0,0,0,0,0,0,0,0,0,0,0,0,0,
Reader,10,0,4,6,0,0,5,5,0,0,0,0,0,0,0,0,0,0,0,0,0,0,0,0,0,
Ready,14,0,6,8,0,0,9,0,5,0,0,0,0,0,0,0,0,0,0,0,0,0,0,0,0,
Real,8,1,7,0,0,1,7,0,0,0,0,0,0,0,0,0,0,0,0,0,0,0,0,0,0,
reboot,1,1,0,0,1,1,0,0,0,0,0,0,0,0,0,0,0,0,0,0,0,0,0,0,0,
Received,4,0,0,4,0,0,2,2,0,0,0,0,0,0,0,0,0,0,0,0,0,0,0,0,0,
Recently,2,0,2,0,0,0,0,2,0,0,0,0,0,0,0,0,0,0,0,0,0,0,0,0,0,
Reciprocal,2,1,1,0,1,1,1,0,0,0,0,0,0,0,0,0,0,0,0,0,0,0,0,0,0,
recode,1,1,0,0,1,1,0,0,0,0,0,0,0,0,0,0,0,0,0,0,0,0,0,0,0,
Recommended,1,0,0,1,0,0,1,0,0,0,0,0,0,0,0,0,0,0,0,0,0,0,0,0,0,
Record,1,0,0,1,0,0,1,0,0,0,0,0,0,0,0,0,0,0,0,0,0,0,0,0,0,
Recording,2,0,1,1,0,0,1,1,0,0,0,0,0,0,0,0,0,0,0,0,0,0,0,0,0,
recreate,1,1,0,0,1,1,0,0,0,0,0,0,0,0,0,0,0,0,0,0,0,0,0,0,0,
Recursive,2,0,0,2,0,0,2,0,0,0,0,0,0,0,0,0,0,0,0,0,0,0,0,0,0,
redo,2,2,0,0,1,2,0,0,0,0,0,0,0,0,0,0,0,0,0,0,0,0,0,0,0,
Reduced,4,0,4,0,0,0,4,0,0,0,0,0,0,0,0,0,0,0,0,0,0,0,0,0,0,
Ref,32,0,0,32,0,0,0,8,19,5,0,0,0,0,0,0,0,0,0,0,0,0,0,0,0,
Reference,19,1,5,13,0,1,5,3,5,4,1,0,0,0,0,0,0,0,0,0,0,0,0,0,0,
Refframes,1,0,0,1,0,0,1,0,0,0,0,0,0,0,0,0,0,0,0,0,0,0,0,0,0,
refresh,25,9,14,2,4,9,14,2,0,0,0,0,0,0,0,0,0,0,0,0,0,0,0,0,0,
Reg,2,0,2,0,0,0,0,0,0,2,0,0,0,0,0,0,0,0,0,0,0,0,0,0,0,
Regex,1,0,0,1,0,0,1,0,0,0,0,0,0,0,0,0,0,0,0,0,0,0,0,0,0,
register,5,5,0,0,0,5,0,0,0,0,0,0,0,0,0,0,0,0,0,0,0,0,0,0,0,
Registered,1,0,1,0,0,0,0,1,0,0,0,0,0,0,0,0,0,0,0,0,0,0,0,0,0,
Registry,6,0,4,2,0,0,5,1,0,0,0,0,0,0,0,0,0,0,0,0,0,0,0,0,0,
Release,5,3,1,1,0,3,1,1,0,0,0,0,0,0,0,0,0,0,0,0,0,0,0,0,0,
Released,7,0,0,7,0,0,7,0,0,0,0,0,0,0,0,0,0,0,0,0,0,0,0,0,0,
Releases,2,0,2,0,0,0,0,1,1,0,0,0,0,0,0,0,0,0,0,0,0,0,0,0,0,
Relevant,3,0,1,2,0,0,1,2,0,0,0,0,0,0,0,0,0,0,0,0,0,0,0,0,0,
Reload,3,2,0,1,2,2,1,0,0,0,0,0,0,0,0,0,0,0,0,0,0,0,0,0,0,
Reloadable,1,0,0,1,0,0,1,0,0,0,0,0,0,0,0,0,0,0,0,0,0,0,0,0,0,
remote,13,13,0,0,0,13,0,0,0,0,0,0,0,0,0,0,0,0,0,0,0,0,0,0,0,
remove,40,37,3,0,12,37,2,1,0,0,0,0,0,0,0,0,0,0,0,0,0,0,0,0,0,
Removed,4,0,0,4,0,0,2,2,0,0,0,0,0,0,0,0,0,0,0,0,0,0,0,0,0,
Remux,5,0,5,0,0,0,0,4,1,0,0,0,0,0,0,0,0,0,0,0,0,0,0,0,0,
rename,2,2,0,0,0,2,0,0,0,0,0,0,0,0,0,0,0,0,0,0,0,0,0,0,0,
Render,1,0,0,1,0,0,1,0,0,0,0,0,0,0,0,0,0,0,0,0,0,0,0,0,0,
Renderer,62,9,26,27,1,9,35,12,5,1,0,0,0,0,0,0,0,0,0,0,0,0,0,0,0,
Rendererfound,1,0,0,1,0,0,1,0,0,0,0,0,0,0,0,0,0,0,0,0,0,0,0,0,0,
Renderers,14,0,4,10,0,0,5,8,1,0,0,0,0,0,0,0,0,0,0,0,0,0,0,0,0,
Rendering,2,1,0,1,1,1,1,0,0,0,0,0,0,0,0,0,0,0,0,0,0,0,0,0,0,
Renewal,1,0,0,1,0,0,1,0,0,0,0,0,0,0,0,0,0,0,0,0,0,0,0,0,0,
replace,1,1,0,0,0,1,0,0,0,0,0,0,0,0,0,0,0,0,0,0,0,0,0,0,0,
Reply,1,0,0,1,0,0,1,0,0,0,0,0,0,0,0,0,0,0,0,0,0,0,0,0,0,
Repo,1,0,0,1,0,0,0,1,0,0,0,0,0,0,0,0,0,0,0,0,0,0,0,0,0,
Request,8,4,1,3,1,4,1,3,0,0,0,0,0,0,0,0,0,0,0,0,0,0,0,0,0,
Requests,1,0,0,1,0,0,0,0,0,1,0,0,0,0,0,0,0,0,0,0,0,0,0,0,0,
Required,1,0,0,1,0,0,0,0,1,0,0,0,0,0,0,0,0,0,0,0,0,0,0,0,0,
RES,5,0,3,2,0,0,1,4,0,0,0,0,0,0,0,0,0,0,0,0,0,0,0,0,0,
Resample,2,0,0,2,0,0,0,2,0,0,0,0,0,0,0,0,0,0,0,0,0,0,0,0,0,
Rescale,2,0,1,1,0,0,1,1,0,0,0,0,0,0,0,0,0,0,0,0,0,0,0,0,0,
reserve,2,2,0,0,0,2,0,0,0,0,0,0,0,0,0,0,0,0,0,0,0,0,0,0,0,
Reset,17,12,2,3,8,12,4,1,0,0,0,0,0,0,0,0,0,0,0,0,0,0,0,0,0,
Resettable,1,1,0,0,0,1,0,0,0,0,0,0,0,0,0,0,0,0,0,0,0,0,0,0,0,
Resolution,13,0,5,8,0,0,6,6,0,1,0,0,0,0,0,0,0,0,0,0,0,0,0,0,0,
Resolve,27,25,1,1,9,25,1,1,0,0,0,0,0,0,0,0,0,0,0,0,0,0,0,0,0,
Resolved,1,0,0,1,0,0,0,1,0,0,0,0,0,0,0,0,0,0,0,0,0,0,0,0,0,
Resolver,1,0,0,1,0,0,0,1,0,0,0,0,0,0,0,0,0,0,0,0,0,0,0,0,0,
Resource,19,2,8,9,0,2,9,7,1,0,0,0,0,0,0,0,0,0,0,0,0,0,0,0,0,
Resources,2,0,0,2,0,0,1,1,0,0,0,0,0,0,0,0,0,0,0,0,0,0,0,0,0,
respond,1,1,0,0,1,1,0,0,0,0,0,0,0,0,0,0,0,0,0,0,0,0,0,0,0,
Response,1,0,0,1,0,0,1,0,0,0,0,0,0,0,0,0,0,0,0,0,0,0,0,0,0,
restart,1,1,0,0,1,1,0,0,0,0,0,0,0,0,0,0,0,0,0,0,0,0,0,0,0,
Restricted,1,1,0,0,0,1,0,0,0,0,0,0,0,0,0,0,0,0,0,0,0,0,0,0,0,
Result,10,0,0,10,0,0,2,4,3,1,0,0,0,0,0,0,0,0,0,0,0,0,0,0,0,
Results,10,0,0,10,0,0,9,1,0,0,0,0,0,0,0,0,0,0,0,0,0,0,0,0,0,
Resume,18,8,5,5,0,8,10,0,0,0,0,0,0,0,0,0,0,0,0,0,0,0,0,0,0,
Resumeable,2,0,0,2,0,0,2,0,0,0,0,0,0,0,0,0,0,0,0,0,0,0,0,0,0,
retain,3,3,0,0,0,3,0,0,0,0,0,0,0,0,0,0,0,0,0,0,0,0,0,0,0,
Retrieval,2,0,1,1,0,0,0,2,0,0,0,0,0,0,0,0,0,0,0,0,0,0,0,0,0,
retrieve,1,1,0,0,0,1,0,0,0,0,0,0,0,0,0,0,0,0,0,0,0,0,0,0,0,
Retry,1,0,0,1,0,0,0,0,1,0,0,0,0,0,0,0,0,0,0,0,0,0,0,0,0,
Return,10,1,5,4,0,1,3,3,3,0,0,0,0,0,0,0,0,0,0,0,0,0,0,0,0,
Revision,2,0,0,2,0,0,2,0,0,0,0,0,0,0,0,0,0,0,0,0,0,0,0,0,0,
Rewind,5,3,1,1,2,3,0,1,0,1,0,0,0,0,0,0,0,0,0,0,0,0,0,0,0,
Rewriting,1,0,0,1,0,0,0,0,0,0,1,0,0,0,0,0,0,0,0,0,0,0,0,0,0,
RGB,1,0,0,1,0,0,1,0,0,0,0,0,0,0,0,0,0,0,0,0,0,0,0,0,0,
Right,1,0,1,0,0,0,1,0,0,0,0,0,0,0,0,0,0,0,0,0,0,0,0,0,0,
Rip,1,0,1,0,0,0,0,1,0,0,0,0,0,0,0,0,0,0,0,0,0,0,0,0,0,
Roll,1,0,0,1,0,0,0,1,0,0,0,0,0,0,0,0,0,0,0,0,0,0,0,0,0,
Rollover,3,0,0,3,0,0,3,0,0,0,0,0,0,0,0,0,0,0,0,0,0,0,0,0,0,
Root,19,1,11,7,0,1,13,1,3,1,0,0,0,0,0,0,0,0,0,0,0,0,0,0,0,
Roots,1,0,0,1,0,0,1,0,0,0,0,0,0,0,0,0,0,0,0,0,0,0,0,0,0,
Rotator,1,0,0,1,0,0,1,0,0,0,0,0,0,0,0,0,0,0,0,0,0,0,0,0,0,
Row,1,0,0,1,0,0,1,0,0,0,0,0,0,0,0,0,0,0,0,0,0,0,0,0,0,
Rows,2,0,2,0,0,0,2,0,0,0,0,0,0,0,0,0,0,0,0,0,0,0,0,0,0,
RRGGBB,1,0,0,1,0,0,1,0,0,0,0,0,0,0,0,0,0,0,0,0,0,0,0,0,0,
RRGGBBAA,1,0,0,1,0,0,1,0,0,0,0,0,0,0,0,0,0,0,0,0,0,0,0,0,0,
Rs,1,0,0,1,0,0,0,1,0,0,0,0,0,0,0,0,0,0,0,0,0,0,0,0,0,
RTP,1,0,0,1,0,0,0,0,1,0,0,0,0,0,0,0,0,0,0,0,0,0,0,0,0,
Rtsp,2,1,1,0,0,1,1,0,0,0,0,0,0,0,0,0,0,0,0,0,0,0,0,0,0,
Rule,1,0,0,1,0,0,1,0,0,0,0,0,0,0,0,0,0,0,0,0,0,0,0,0,0,
Run,61,56,5,0,51,56,5,0,0,0,0,0,0,0,0,0,0,0,0,0,0,0,0,0,0,
Running,1,0,0,1,0,0,0,0,1,0,0,0,0,0,0,0,0,0,0,0,0,0,0,0,0,
Runtime,1,0,1,0,0,0,0,1,0,0,0,0,0,0,0,0,0,0,0,0,0,0,0,0,0,
s,1,1,0,0,0,1,0,0,0,0,0,0,0,0,0,0,0,0,0,0,0,0,0,0,0,
S0,2,1,1,0,0,1,1,0,0,0,0,0,0,0,0,0,0,0,0,0,0,0,0,0,0,
safe,1,1,0,0,0,1,0,0,0,0,0,0,0,0,0,0,0,0,0,0,0,0,0,0,0,
Same,5,0,5,0,0,0,2,3,0,0,0,0,0,0,0,0,0,0,0,0,0,0,0,0,0,
Sample,26,0,20,6,0,0,11,10,4,1,0,0,0,0,0,0,0,0,0,0,0,0,0,0,0,
sanitize,1,1,0,0,0,1,0,0,0,0,0,0,0,0,0,0,0,0,0,0,0,0,0,0,0,
Save,10,5,3,2,4,5,0,2,2,1,0,0,0,0,0,0,0,0,0,0,0,0,0,0,0,
Saved,1,0,1,0,0,0,0,1,0,0,0,0,0,0,0,0,0,0,0,0,0,0,0,0,0,
Sbs,1,0,1,0,0,0,0,1,0,0,0,0,0,0,0,0,0,0,0,0,0,0,0,0,0,
Scale,13,2,4,7,1,2,1,8,0,2,0,0,0,0,0,0,0,0,0,0,0,0,0,0,0,
Scaled,2,0,2,0,0,0,2,0,0,0,0,0,0,0,0,0,0,0,0,0,0,0,0,0,0,
Scaler,2,0,0,2,0,0,0,2,0,0,0,0,0,0,0,0,0,0,0,0,0,0,0,0,0,
Scan,13,4,6,3,2,4,9,0,0,0,0,0,0,0,0,0,0,0,0,0,0,0,0,0,0,
schedule,2,2,0,0,2,2,0,0,0,0,0,0,0,0,0,0,0,0,0,0,0,0,0,0,0,
Scheduled,1,0,1,0,0,0,1,0,0,0,0,0,0,0,0,0,0,0,0,0,0,0,0,0,0,
SCR,1,0,1,0,0,0,1,0,0,0,0,0,0,0,0,0,0,0,0,0,0,0,0,0,0,
Screen,5,0,3,2,0,0,3,0,2,0,0,0,0,0,0,0,0,0,0,0,0,0,0,0,0,
Script,5,0,1,4,0,0,1,4,0,0,0,0,0,0,0,0,0,0,0,0,0,0,0,0,0,
scroll,3,2,1,0,0,2,1,0,0,0,0,0,0,0,0,0,0,0,0,0,0,0,0,0,0,
Scroller,1,0,0,1,0,0,1,0,0,0,0,0,0,0,0,0,0,0,0,0,0,0,0,0,0,
SD,2,0,2,0,0,0,0,0,2,0,0,0,0,0,0,0,0,0,0,0,0,0,0,0,0,
Seamless,2,0,2,0,0,0,2,0,0,0,0,0,0,0,0,0,0,0,0,0,0,0,0,0,0,
Search,26,11,12,3,3,11,6,2,6,0,0,1,0,0,0,0,0,0,0,0,0,0,0,0,0,
Searchable,1,1,0,0,0,1,0,0,0,0,0,0,0,0,0,0,0,0,0,0,0,0,0,0,0,
Searched,3,0,0,3,0,0,3,0,0,0,0,0,0,0,0,0,0,0,0,0,0,0,0,0,0,
Searcher,1,0,0,1,0,0,1,0,0,0,0,0,0,0,0,0,0,0,0,0,0,0,0,0,0,
Season,2,0,0,2,0,0,0,2,0,0,0,0,0,0,0,0,0,0,0,0,0,0,0,0,0,
Secondary,5,0,5,0,0,0,5,0,0,0,0,0,0,0,0,0,0,0,0,0,0,0,0,0,0,
Seconds,3,0,0,3,0,0,0,0,1,0,2,0,0,0,0,0,0,0,0,0,0,0,0,0,0,
Seek,19,1,7,11,1,1,2,5,2,6,3,0,0,0,0,0,0,0,0,0,0,0,0,0,0,
Seekable,12,0,0,12,0,0,1,11,0,0,0,0,0,0,0,0,0,0,0,0,0,0,0,0,0,
Segment,2,1,0,1,1,1,1,0,0,0,0,0,0,0,0,0,0,0,0,0,0,0,0,0,0,
Segmented,1,1,0,0,0,1,0,0,0,0,0,0,0,0,0,0,0,0,0,0,0,0,0,0,0,
Sel,1,0,1,0,0,0,1,0,0,0,0,0,0,0,0,0,0,0,0,0,0,0,0,0,0,
Select,2,1,0,1,0,1,1,0,0,0,0,0,0,0,0,0,0,0,0,0,0,0,0,0,0,
Selectable,3,0,0,3,0,0,0,3,0,0,0,0,0,0,0,0,0,0,0,0,0,0,0,0,0,
Selected,17,0,12,5,0,0,14,3,0,0,0,0,0,0,0,0,0,0,0,0,0,0,0,0,0,
Selection,14,0,10,4,0,0,11,3,0,0,0,0,0,0,0,0,0,0,0,0,0,0,0,0,0,
Selector,1,0,0,1,0,0,0,1,0,0,0,0,0,0,0,0,0,0,0,0,0,0,0,0,0,
Send,19,11,3,5,1,11,2,6,0,0,0,0,0,0,0,0,0,0,0,0,0,0,0,0,0,
Sender,2,1,1,0,0,1,1,0,0,0,0,0,0,0,0,0,0,0,0,0,0,0,0,0,0,
Sensitive,2,0,0,2,0,0,0,0,0,0,2,0,0,0,0,0,0,0,0,0,0,0,0,0,0,
Sep,1,0,0,1,0,0,1,0,0,0,0,0,0,0,0,0,0,0,0,0,0,0,0,0,0,
Separator,2,0,0,2,0,0,0,1,1,0,0,0,0,0,0,0,0,0,0,0,0,0,0,0,0,
serialize,1,1,0,0,1,1,0,0,0,0,0,0,0,0,0,0,0,0,0,0,0,0,0,0,0,
Series,1,0,1,0,0,0,0,0,1,0,0,0,0,0,0,0,0,0,0,0,0,0,0,0,0,
serve,1,1,0,0,0,1,0,0,0,0,0,0,0,0,0,0,0,0,0,0,0,0,0,0,0,
Server,22,1,12,9,0,1,14,6,0,1,0,0,0,0,0,0,0,0,0,0,0,0,0,0,0,
Service,11,2,6,3,0,2,4,5,0,0,0,0,0,0,0,0,0,0,0,0,0,0,0,0,0,
Services,1,0,0,1,0,0,0,1,0,0,0,0,0,0,0,0,0,0,0,0,0,0,0,0,0,
set,553,536,11,6,5,536,11,0,3,3,0,0,0,0,0,0,0,0,0,0,0,0,0,0,0,
Setting,1,0,1,0,0,0,0,1,0,0,0,0,0,0,0,0,0,0,0,0,0,0,0,0,0,
Settings,9,0,4,5,0,0,0,3,5,1,0,0,0,0,0,0,0,0,0,0,0,0,0,0,0,
Setup,4,1,3,0,0,1,0,3,0,0,0,0,0,0,0,0,0,0,0,0,0,0,0,0,0,
setx264,1,1,0,0,0,1,0,0,0,0,0,0,0,0,0,0,0,0,0,0,0,0,0,0,0,
Seven,2,2,0,0,0,2,0,0,0,0,0,0,0,0,0,0,0,0,0,0,0,0,0,0,0,
Shadow,2,0,0,2,0,0,0,2,0,0,0,0,0,0,0,0,0,0,0,0,0,0,0,0,0,
Share,1,0,1,0,0,0,1,0,0,0,0,0,0,0,0,0,0,0,0,0,0,0,0,0,0,
Shared,5,1,4,0,0,1,2,2,0,0,0,0,0,0,0,0,0,0,0,0,0,0,0,0,0,
Shares,2,0,0,2,0,0,2,0,0,0,0,0,0,0,0,0,0,0,0,0,0,0,0,0,0,
Sheet,3,0,0,3,0,0,0,3,0,0,0,0,0,0,0,0,0,0,0,0,0,0,0,0,0,
shift,5,5,0,0,0,5,0,0,0,0,0,0,0,0,0,0,0,0,0,0,0,0,0,0,0,
Short,5,1,4,0,0,1,4,0,0,0,0,0,0,0,0,0,0,0,0,0,0,0,0,0,0,
Shorten,1,0,0,1,0,0,1,0,0,0,0,0,0,0,0,0,0,0,0,0,0,0,0,0,0,
Should,2,1,1,0,0,1,0,0,0,0,0,0,0,1,0,0,0,0,0,0,0,0,0,0,0,
Show,34,4,30,0,1,4,24,1,3,2,0,0,0,0,0,0,0,0,0,0,0,0,0,0,0,
Shown,1,0,0,1,0,0,1,0,0,0,0,0,0,0,0,0,0,0,0,0,0,0,0,0,0,
shut,1,1,0,0,0,1,0,0,0,0,0,0,0,0,0,0,0,0,0,0,0,0,0,0,0,
shutdown,2,2,0,0,2,2,0,0,0,0,0,0,0,0,0,0,0,0,0,0,0,0,0,0,0,
Siblings,1,0,1,0,0,0,1,0,0,0,0,0,0,0,0,0,0,0,0,0,0,0,0,0,0,
Signum,2,1,0,1,1,1,1,0,0,0,0,0,0,0,0,0,0,0,0,0,0,0,0,0,0,
Similar,1,0,1,0,0,0,1,0,0,0,0,0,0,0,0,0,0,0,0,0,0,0,0,0,0,
Simple,4,2,2,0,0,2,2,0,0,0,0,0,0,0,0,0,0,0,0,0,0,0,0,0,0,
Simplified,3,0,3,0,0,0,3,0,0,0,0,0,0,0,0,0,0,0,0,0,0,0,0,0,0,
Single,5,0,3,2,0,0,3,2,0,0,0,0,0,0,0,0,0,0,0,0,0,0,0,0,0,
singleton,1,1,0,0,0,1,0,0,0,0,0,0,0,0,0,0,0,0,0,0,0,0,0,0,0,
Sipro,2,0,0,2,0,0,2,0,0,0,0,0,0,0,0,0,0,0,0,0,0,0,0,0,0,
Size,50,5,2,43,4,5,17,22,3,3,0,0,0,0,0,0,0,0,0,0,0,0,0,0,0,
Skin,1,0,1,0,0,0,0,1,0,0,0,0,0,0,0,0,0,0,0,0,0,0,0,0,0,
Skip,10,5,5,0,2,5,5,0,0,0,0,0,0,0,0,0,0,0,0,0,0,0,0,0,0,
Sleep,20,3,8,9,2,3,7,8,2,0,0,0,0,0,0,0,0,0,0,0,0,0,0,0,0,
Slide,1,0,1,0,0,0,0,0,1,0,0,0,0,0,0,0,0,0,0,0,0,0,0,0,0,
SLS,2,0,0,2,0,0,2,0,0,0,0,0,0,0,0,0,0,0,0,0,0,0,0,0,0,
Smart,1,1,0,0,0,1,0,0,0,0,0,0,0,0,0,0,0,0,0,0,0,0,0,0,0,
Smooth,1,1,0,0,0,1,0,0,0,0,0,0,0,0,0,0,0,0,0,0,0,0,0,0,0,
SN,1,0,1,0,0,0,1,0,0,0,0,0,0,0,0,0,0,0,0,0,0,0,0,0,0,
Soapaction,4,0,0,4,0,0,4,0,0,0,0,0,0,0,0,0,0,0,0,0,0,0,0,0,0,
Socket,2,0,1,1,0,0,0,0,1,1,0,0,0,0,0,0,0,0,0,0,0,0,0,0,0,
Songname,2,0,0,2,0,0,2,0,0,0,0,0,0,0,0,0,0,0,0,0,0,0,0,0,0,
sort,8,2,2,4,1,2,4,2,0,0,0,0,0,0,0,0,0,0,0,0,0,0,0,0,0,
Sorted,4,1,3,0,0,1,3,0,0,0,0,0,0,0,0,0,0,0,0,0,0,0,0,0,0,
Sorting,1,0,0,1,0,0,0,1,0,0,0,0,0,0,0,0,0,0,0,0,0,0,0,0,0,
Source,3,0,0,3,0,0,1,2,0,0,0,0,0,0,0,0,0,0,0,0,0,0,0,0,0,
Space,12,0,6,6,0,0,1,10,1,0,0,0,0,0,0,0,0,0,0,0,0,0,0,0,0,
Spaces,1,0,0,1,0,0,0,0,0,0,0,0,0,0,0,1,0,0,0,0,0,0,0,0,0,
Spec,2,0,0,2,0,0,1,1,0,0,0,0,0,0,0,0,0,0,0,0,0,0,0,0,0,
Special,1,0,1,0,0,0,1,0,0,0,0,0,0,0,0,0,0,0,0,0,0,0,0,0,0,
Specific,8,0,8,0,0,0,4,2,2,0,0,0,0,0,0,0,0,0,0,0,0,0,0,0,0,
Specified,2,0,1,1,0,0,0,1,1,0,0,0,0,0,0,0,0,0,0,0,0,0,0,0,0,
Speed,6,0,3,3,0,0,5,0,1,0,0,0,0,0,0,0,0,0,0,0,0,0,0,0,0,
Speeds,6,0,0,6,0,0,1,3,2,0,0,0,0,0,0,0,0,0,0,0,0,0,0,0,0,
Spinner,3,1,1,1,0,1,1,1,0,0,0,0,0,0,0,0,0,0,0,0,0,0,0,0,0,
Splash,3,1,2,0,1,1,0,2,0,0,0,0,0,0,0,0,0,0,0,0,0,0,0,0,0,
Split,5,1,4,0,0,1,4,0,0,0,0,0,0,0,0,0,0,0,0,0,0,0,0,0,0,
sql,5,4,0,1,0,4,1,0,0,0,0,0,0,0,0,0,0,0,0,0,0,0,0,0,0,
SR,1,0,1,0,0,0,0,0,0,1,0,0,0,0,0,0,0,0,0,0,0,0,0,0,0,
Srt,2,0,2,0,0,0,2,0,0,0,0,0,0,0,0,0,0,0,0,0,0,0,0,0,0,
SSA,2,0,2,0,0,0,2,0,0,0,0,0,0,0,0,0,0,0,0,0,0,0,0,0,0,
Stable,6,0,6,0,0,0,1,3,2,0,0,0,0,0,0,0,0,0,0,0,0,0,0,0,0,
Stalling,2,0,0,2,0,0,0,1,1,0,0,0,0,0,0,0,0,0,0,0,0,0,0,0,0,
Standard,4,0,4,0,0,0,4,0,0,0,0,0,0,0,0,0,0,0,0,0,0,0,0,0,0,
Start,38,17,11,10,9,17,9,7,5,0,0,0,0,0,0,0,0,0,0,0,0,0,0,0,0,
startjm,1,1,0,0,0,1,0,0,0,0,0,0,0,0,0,0,0,0,0,0,0,0,0,0,0,
Startup,2,0,0,2,0,0,0,0,0,0,2,0,0,0,0,0,0,0,0,0,0,0,0,0,0,
State,34,4,16,14,0,4,21,4,3,2,0,0,0,0,0,0,0,0,0,0,0,0,0,0,0,
Static,1,0,0,1,0,0,1,0,0,0,0,0,0,0,0,0,0,0,0,0,0,0,0,0,0,
Statistics,2,0,0,2,0,0,0,2,0,0,0,0,0,0,0,0,0,0,0,0,0,0,0,0,0,
Status,5,1,3,1,0,1,3,1,0,0,0,0,0,0,0,0,0,0,0,0,0,0,0,0,0,
Stderr,1,0,1,0,0,0,1,0,0,0,0,0,0,0,0,0,0,0,0,0,0,0,0,0,0,
Step,3,1,2,0,1,1,2,0,0,0,0,0,0,0,0,0,0,0,0,0,0,0,0,0,0,
stereoscopy,3,1,0,2,0,1,2,0,0,0,0,0,0,0,0,0,0,0,0,0,0,0,0,0,0,
Sticky,1,0,1,0,0,0,0,1,0,0,0,0,0,0,0,0,0,0,0,0,0,0,0,0,0,
Stop,28,18,1,9,8,18,4,0,6,0,0,0,0,0,0,0,0,0,0,0,0,0,0,0,0,
stopped,1,1,0,0,1,1,0,0,0,0,0,0,0,0,0,0,0,0,0,0,0,0,0,0,0,
stopscan,1,1,0,0,1,1,0,0,0,0,0,0,0,0,0,0,0,0,0,0,0,0,0,0,0,
store,2,2,0,0,1,2,0,0,0,0,0,0,0,0,0,0,0,0,0,0,0,0,0,0,0,
Stored,1,0,0,1,0,0,0,0,0,0,1,0,0,0,0,0,0,0,0,0,0,0,0,0,0,
Str,3,0,0,3,0,0,1,1,1,0,0,0,0,0,0,0,0,0,0,0,0,0,0,0,0,
str2ulong,1,1,0,0,1,1,0,0,0,0,0,0,0,0,0,0,0,0,0,0,0,0,0,0,0,
str2ushort,1,1,0,0,1,1,0,0,0,0,0,0,0,0,0,0,0,0,0,0,0,0,0,0,0,
Stream,85,3,5,77,0,3,1,40,34,7,0,0,0,0,0,0,0,0,0,0,0,0,0,0,0,
Streamable,2,0,0,2,0,0,1,1,0,0,0,0,0,0,0,0,0,0,0,0,0,0,0,0,0,
Streamed,2,0,2,0,0,0,1,0,0,1,0,0,0,0,0,0,0,0,0,0,0,0,0,0,0,
Streaming,3,1,2,0,0,1,1,1,0,0,0,0,0,0,0,0,0,0,0,0,0,0,0,0,0,
String,183,3,30,150,0,3,105,55,15,4,1,0,0,0,0,0,0,0,0,0,0,0,0,0,0,
String2,1,0,1,0,0,0,1,0,0,0,0,0,0,0,0,0,0,0,0,0,0,0,0,0,0,
Strings,3,0,0,3,0,0,3,0,0,0,0,0,0,0,0,0,0,0,0,0,0,0,0,0,0,
strip,3,3,0,0,1,3,0,0,0,0,0,0,0,0,0,0,0,0,0,0,0,0,0,0,0,
Structure,1,0,0,1,0,0,0,1,0,0,0,0,0,0,0,0,0,0,0,0,0,0,0,0,0,
Style,7,0,3,4,0,0,3,0,0,4,0,0,0,0,0,0,0,0,0,0,0,0,0,0,0,
Styles,1,0,1,0,0,0,0,0,1,0,0,0,0,0,0,0,0,0,0,0,0,0,0,0,0,
Sub,37,5,28,4,0,5,16,14,0,2,0,0,0,0,0,0,0,0,0,0,0,0,0,0,0,
submit,2,2,0,0,1,2,0,0,0,0,0,0,0,0,0,0,0,0,0,0,0,0,0,0,0,
Subs,24,0,16,8,0,0,14,6,1,2,1,0,0,0,0,0,0,0,0,0,0,0,0,0,0,
Subsampling,3,0,1,2,0,0,1,2,0,0,0,0,0,0,0,0,0,0,0,0,0,0,0,0,0,
subscribe,1,1,0,0,0,1,0,0,0,0,0,0,0,0,0,0,0,0,0,0,0,0,0,0,0,
Subscription,1,1,0,0,0,1,0,0,0,0,0,0,0,0,0,0,0,0,0,0,0,0,0,0,0,
Substring,1,0,1,0,0,0,0,0,0,0,0,0,1,0,0,0,0,0,0,0,0,0,0,0,0,
Subsystem,7,0,2,5,0,0,4,3,0,0,0,0,0,0,0,0,0,0,0,0,0,0,0,0,0,
Subtitle,30,3,23,4,0,3,8,11,5,2,0,0,0,0,0,1,0,0,0,0,0,0,0,0,0,
Subtitles,57,0,34,23,0,0,20,19,12,0,0,1,0,3,2,0,0,0,0,0,0,0,0,0,0,
Subtract,2,1,1,0,1,1,1,0,0,0,0,0,0,0,0,0,0,0,0,0,0,0,0,0,0,
Subtype,2,0,0,2,0,0,1,1,0,0,0,0,0,0,0,0,0,0,0,0,0,0,0,0,0,
Success,2,1,0,1,1,1,1,0,0,0,0,0,0,0,0,0,0,0,0,0,0,0,0,0,0,
Successful,1,0,1,0,0,0,1,0,0,0,0,0,0,0,0,0,0,0,0,0,0,0,0,0,0,
Supplier,2,0,0,2,0,0,1,1,0,0,0,0,0,0,0,0,0,0,0,0,0,0,0,0,0,
Support,4,1,1,2,0,1,1,2,0,0,0,0,0,0,0,0,0,0,0,0,0,0,0,0,0,
Supported,100,2,68,30,0,2,68,9,16,4,1,0,0,0,0,0,0,0,0,0,0,0,0,0,0,
Supporting,1,0,1,0,0,0,0,0,1,0,0,0,0,0,0,0,0,0,0,0,0,0,0,0,0,
Supports,3,2,1,0,1,2,1,0,0,0,0,0,0,0,0,0,0,0,0,0,0,0,0,0,0,
Sv4,1,0,1,0,0,0,0,1,0,0,0,0,0,0,0,0,0,0,0,0,0,0,0,0,0,
Swap,1,0,1,0,0,0,0,0,1,0,0,0,0,0,0,0,0,0,0,0,0,0,0,0,0,
Sync,11,2,2,7,1,2,0,3,4,0,2,0,0,0,0,0,0,0,0,0,0,0,0,0,0,
Synth,2,0,2,0,0,0,0,0,2,0,0,0,0,0,0,0,0,0,0,0,0,0,0,0,0,
Syslog,14,1,10,3,0,1,3,8,2,0,0,0,0,0,0,0,0,0,0,0,0,0,0,0,0,
System,46,2,41,3,1,2,35,7,2,0,0,0,0,0,0,0,0,0,0,0,0,0,0,0,0,
T,25,0,7,18,0,0,0,13,10,2,0,0,0,0,0,0,0,0,0,0,0,0,0,0,0,
Tab,12,0,4,8,0,0,7,1,2,2,0,0,0,0,0,0,0,0,0,0,0,0,0,0,0,
Tabbed,1,0,1,0,0,0,0,1,0,0,0,0,0,0,0,0,0,0,0,0,0,0,0,0,0,
Table,20,2,4,14,0,2,11,2,1,4,0,0,0,0,0,0,0,0,0,0,0,0,0,0,0,
Tables,2,0,1,1,0,0,2,0,0,0,0,0,0,0,0,0,0,0,0,0,0,0,0,0,0,
Tag,23,3,8,12,0,3,10,4,3,2,1,0,0,0,0,0,0,0,0,0,0,0,0,0,0,
Tags,7,1,1,5,1,1,1,2,3,0,0,0,0,0,0,0,0,0,0,0,0,0,0,0,0,
Task,2,1,1,0,0,1,1,0,0,0,0,0,0,0,0,0,0,0,0,0,0,0,0,0,0,
Tasks,2,0,0,2,0,0,1,1,0,0,0,0,0,0,0,0,0,0,0,0,0,0,0,0,0,
Temp,18,2,16,0,0,2,13,1,1,1,0,0,0,0,0,0,0,0,0,0,0,0,0,0,0,
Template,1,0,0,1,0,0,1,0,0,0,0,0,0,0,0,0,0,0,0,0,0,0,0,0,0,
Terminated,6,4,1,1,0,4,2,0,0,0,0,0,0,0,0,0,0,0,0,0,0,0,0,0,0,
Termination,1,0,0,1,0,0,1,0,0,0,0,0,0,0,0,0,0,0,0,0,0,0,0,0,0,
Terminator,3,0,0,3,0,0,3,0,0,0,0,0,0,0,0,0,0,0,0,0,0,0,0,0,0,
test,210,203,0,7,0,203,1,3,2,1,0,0,0,0,0,0,0,0,0,0,0,0,0,0,0,
test01,1,1,0,0,1,1,0,0,0,0,0,0,0,0,0,0,0,0,0,0,0,0,0,0,0,
test02,2,2,0,0,2,2,0,0,0,0,0,0,0,0,0,0,0,0,0,0,0,0,0,0,0,
test03,2,2,0,0,2,2,0,0,0,0,0,0,0,0,0,0,0,0,0,0,0,0,0,0,0,
test04,1,1,0,0,1,1,0,0,0,0,0,0,0,0,0,0,0,0,0,0,0,0,0,0,0,
test05,2,2,0,0,2,2,0,0,0,0,0,0,0,0,0,0,0,0,0,0,0,0,0,0,0,
test06,1,1,0,0,1,1,0,0,0,0,0,0,0,0,0,0,0,0,0,0,0,0,0,0,0,
test07,2,2,0,0,2,2,0,0,0,0,0,0,0,0,0,0,0,0,0,0,0,0,0,0,0,
test08,2,2,0,0,2,2,0,0,0,0,0,0,0,0,0,0,0,0,0,0,0,0,0,0,0,
test09,2,2,0,0,2,2,0,0,0,0,0,0,0,0,0,0,0,0,0,0,0,0,0,0,0,
test10,2,2,0,0,2,2,0,0,0,0,0,0,0,0,0,0,0,0,0,0,0,0,0,0,0,
test11,2,2,0,0,2,2,0,0,0,0,0,0,0,0,0,0,0,0,0,0,0,0,0,0,0,
test12,2,2,0,0,2,2,0,0,0,0,0,0,0,0,0,0,0,0,0,0,0,0,0,0,0,
test13,2,2,0,0,2,2,0,0,0,0,0,0,0,0,0,0,0,0,0,0,0,0,0,0,0,
test14,2,2,0,0,2,2,0,0,0,0,0,0,0,0,0,0,0,0,0,0,0,0,0,0,0,
test15,2,2,0,0,2,2,0,0,0,0,0,0,0,0,0,0,0,0,0,0,0,0,0,0,0,
test16,2,2,0,0,2,2,0,0,0,0,0,0,0,0,0,0,0,0,0,0,0,0,0,0,0,
test17,2,2,0,0,2,2,0,0,0,0,0,0,0,0,0,0,0,0,0,0,0,0,0,0,0,
test18,2,2,0,0,2,2,0,0,0,0,0,0,0,0,0,0,0,0,0,0,0,0,0,0,0,
test19,1,1,0,0,1,1,0,0,0,0,0,0,0,0,0,0,0,0,0,0,0,0,0,0,0,
test20,2,2,0,0,2,2,0,0,0,0,0,0,0,0,0,0,0,0,0,0,0,0,0,0,0,
test21,2,2,0,0,2,2,0,0,0,0,0,0,0,0,0,0,0,0,0,0,0,0,0,0,0,
test22,1,1,0,0,1,1,0,0,0,0,0,0,0,0,0,0,0,0,0,0,0,0,0,0,0,
test23,2,2,0,0,2,2,0,0,0,0,0,0,0,0,0,0,0,0,0,0,0,0,0,0,0,
test24,2,2,0,0,2,2,0,0,0,0,0,0,0,0,0,0,0,0,0,0,0,0,0,0,0,
test25,2,2,0,0,2,2,0,0,0,0,0,0,0,0,0,0,0,0,0,0,0,0,0,0,0,
test26,2,2,0,0,2,2,0,0,0,0,0,0,0,0,0,0,0,0,0,0,0,0,0,0,0,
test27,2,2,0,0,2,2,0,0,0,0,0,0,0,0,0,0,0,0,0,0,0,0,0,0,0,
test28,2,2,0,0,2,2,0,0,0,0,0,0,0,0,0,0,0,0,0,0,0,0,0,0,0,
test29,2,2,0,0,2,2,0,0,0,0,0,0,0,0,0,0,0,0,0,0,0,0,0,0,0,
test30,2,2,0,0,2,2,0,0,0,0,0,0,0,0,0,0,0,0,0,0,0,0,0,0,0,
test31,2,2,0,0,2,2,0,0,0,0,0,0,0,0,0,0,0,0,0,0,0,0,0,0,0,
test32,2,2,0,0,2,2,0,0,0,0,0,0,0,0,0,0,0,0,0,0,0,0,0,0,0,
test33,2,2,0,0,2,2,0,0,0,0,0,0,0,0,0,0,0,0,0,0,0,0,0,0,0,
test34,2,2,0,0,2,2,0,0,0,0,0,0,0,0,0,0,0,0,0,0,0,0,0,0,0,
test35,2,2,0,0,2,2,0,0,0,0,0,0,0,0,0,0,0,0,0,0,0,0,0,0,0,
test36,2,2,0,0,2,2,0,0,0,0,0,0,0,0,0,0,0,0,0,0,0,0,0,0,0,
test37,2,2,0,0,2,2,0,0,0,0,0,0,0,0,0,0,0,0,0,0,0,0,0,0,0,
test38,2,2,0,0,2,2,0,0,0,0,0,0,0,0,0,0,0,0,0,0,0,0,0,0,0,
test39,2,2,0,0,2,2,0,0,0,0,0,0,0,0,0,0,0,0,0,0,0,0,0,0,0,
test40,2,2,0,0,2,2,0,0,0,0,0,0,0,0,0,0,0,0,0,0,0,0,0,0,0,
test41,2,2,0,0,2,2,0,0,0,0,0,0,0,0,0,0,0,0,0,0,0,0,0,0,0,
test42,2,2,0,0,2,2,0,0,0,0,0,0,0,0,0,0,0,0,0,0,0,0,0,0,0,
test43,2,2,0,0,2,2,0,0,0,0,0,0,0,0,0,0,0,0,0,0,0,0,0,0,0,
test44,2,2,0,0,2,2,0,0,0,0,0,0,0,0,0,0,0,0,0,0,0,0,0,0,0,
test45,2,2,0,0,2,2,0,0,0,0,0,0,0,0,0,0,0,0,0,0,0,0,0,0,0,
test46,2,2,0,0,2,2,0,0,0,0,0,0,0,0,0,0,0,0,0,0,0,0,0,0,0,
test47,2,2,0,0,2,2,0,0,0,0,0,0,0,0,0,0,0,0,0,0,0,0,0,0,0,
test48,2,2,0,0,2,2,0,0,0,0,0,0,0,0,0,0,0,0,0,0,0,0,0,0,0,
test49,2,2,0,0,2,2,0,0,0,0,0,0,0,0,0,0,0,0,0,0,0,0,0,0,0,
test50,2,2,0,0,2,2,0,0,0,0,0,0,0,0,0,0,0,0,0,0,0,0,0,0,0,
test51,2,2,0,0,2,2,0,0,0,0,0,0,0,0,0,0,0,0,0,0,0,0,0,0,0,
test52,2,2,0,0,2,2,0,0,0,0,0,0,0,0,0,0,0,0,0,0,0,0,0,0,0,
test53,2,2,0,0,2,2,0,0,0,0,0,0,0,0,0,0,0,0,0,0,0,0,0,0,0,
test54,2,2,0,0,2,2,0,0,0,0,0,0,0,0,0,0,0,0,0,0,0,0,0,0,0,
test55,2,2,0,0,2,2,0,0,0,0,0,0,0,0,0,0,0,0,0,0,0,0,0,0,0,
test56,2,2,0,0,2,2,0,0,0,0,0,0,0,0,0,0,0,0,0,0,0,0,0,0,0,
test57,2,2,0,0,2,2,0,0,0,0,0,0,0,0,0,0,0,0,0,0,0,0,0,0,0,
test58,2,2,0,0,2,2,0,0,0,0,0,0,0,0,0,0,0,0,0,0,0,0,0,0,0,
test59,2,2,0,0,2,2,0,0,0,0,0,0,0,0,0,0,0,0,0,0,0,0,0,0,0,
test60,2,2,0,0,2,2,0,0,0,0,0,0,0,0,0,0,0,0,0,0,0,0,0,0,0,
test61,2,2,0,0,2,2,0,0,0,0,0,0,0,0,0,0,0,0,0,0,0,0,0,0,0,
test62,2,2,0,0,2,2,0,0,0,0,0,0,0,0,0,0,0,0,0,0,0,0,0,0,0,
test63,2,2,0,0,2,2,0,0,0,0,0,0,0,0,0,0,0,0,0,0,0,0,0,0,0,
test64,2,2,0,0,2,2,0,0,0,0,0,0,0,0,0,0,0,0,0,0,0,0,0,0,0,
test65,2,2,0,0,2,2,0,0,0,0,0,0,0,0,0,0,0,0,0,0,0,0,0,0,0,
test66,2,2,0,0,2,2,0,0,0,0,0,0,0,0,0,0,0,0,0,0,0,0,0,0,0,
test67,2,2,0,0,2,2,0,0,0,0,0,0,0,0,0,0,0,0,0,0,0,0,0,0,0,
test68,1,1,0,0,1,1,0,0,0,0,0,0,0,0,0,0,0,0,0,0,0,0,0,0,0,
test69,1,1,0,0,1,1,0,0,0,0,0,0,0,0,0,0,0,0,0,0,0,0,0,0,0,
test70,1,1,0,0,1,1,0,0,0,0,0,0,0,0,0,0,0,0,0,0,0,0,0,0,0,
test71,1,1,0,0,1,1,0,0,0,0,0,0,0,0,0,0,0,0,0,0,0,0,0,0,0,
test72,1,1,0,0,1,1,0,0,0,0,0,0,0,0,0,0,0,0,0,0,0,0,0,0,0,
test73,1,1,0,0,1,1,0,0,0,0,0,0,0,0,0,0,0,0,0,0,0,0,0,0,0,
test74,1,1,0,0,1,1,0,0,0,0,0,0,0,0,0,0,0,0,0,0,0,0,0,0,0,
test75,1,1,0,0,1,1,0,0,0,0,0,0,0,0,0,0,0,0,0,0,0,0,0,0,0,
test76,1,1,0,0,1,1,0,0,0,0,0,0,0,0,0,0,0,0,0,0,0,0,0,0,0,
test77,1,1,0,0,1,1,0,0,0,0,0,0,0,0,0,0,0,0,0,0,0,0,0,0,0,
test78,1,1,0,0,1,1,0,0,0,0,0,0,0,0,0,0,0,0,0,0,0,0,0,0,0,
test79,1,1,0,0,1,1,0,0,0,0,0,0,0,0,0,0,0,0,0,0,0,0,0,0,0,
test80,1,1,0,0,1,1,0,0,0,0,0,0,0,0,0,0,0,0,0,0,0,0,0,0,0,
Text,18,1,9,8,0,1,10,4,3,0,0,0,0,0,0,0,0,0,0,0,0,0,0,0,0,
Than,6,0,2,4,0,0,0,4,1,1,0,0,0,0,0,0,0,0,0,0,0,0,0,0,0,
The,5,0,3,2,0,0,1,2,0,0,2,0,0,0,0,0,0,0,0,0,0,0,0,0,0,
Thread,15,0,4,11,0,0,7,2,5,1,0,0,0,0,0,0,0,0,0,0,0,0,0,0,0,
Threading,2,0,0,2,0,0,0,0,2,0,0,0,0,0,0,0,0,0,0,0,0,0,0,0,0,
Threads,3,0,0,3,0,0,0,1,2,0,0,0,0,0,0,0,0,0,0,0,0,0,0,0,0,
Throw,3,0,1,2,0,0,1,0,1,1,0,0,0,0,0,0,0,0,0,0,0,0,0,0,0,
throws,4,4,0,0,0,4,0,0,0,0,0,0,0,0,0,0,0,0,0,0,0,0,0,0,0,
Thumb,11,0,9,2,0,0,7,2,2,0,0,0,0,0,0,0,0,0,0,0,0,0,0,0,0,
Thumbnail,62,0,42,20,0,0,47,10,4,1,0,0,0,0,0,0,0,0,0,0,0,0,0,0,0,
Thumbnailator,1,0,1,0,0,0,1,0,0,0,0,0,0,0,0,0,0,0,0,0,0,0,0,0,0,
Thumbnails,7,0,2,5,0,0,1,2,4,0,0,0,0,0,0,0,0,0,0,0,0,0,0,0,0,
Thumbready,2,0,0,2,0,0,2,0,0,0,0,0,0,0,0,0,0,0,0,0,0,0,0,0,0,
Thumbs,3,0,0,3,0,0,0,0,1,0,2,0,0,0,0,0,0,0,0,0,0,0,0,0,0,
Tick,2,0,2,0,0,0,2,0,0,0,0,0,0,0,0,0,0,0,0,0,0,0,0,0,0,
Ticks,1,0,0,1,0,0,1,0,0,0,0,0,0,0,0,0,0,0,0,0,0,0,0,0,0,
TIFF,1,1,0,0,0,1,0,0,0,0,0,0,0,0,0,0,0,0,0,0,0,0,0,0,0,
Time,48,1,32,15,1,1,23,5,15,4,0,0,0,0,0,0,0,0,0,0,0,0,0,0,0,
Timeout,2,0,0,2,0,0,0,0,2,0,0,0,0,0,0,0,0,0,0,0,0,0,0,0,0,
Timer,5,0,0,5,0,0,2,2,1,0,0,0,0,0,0,0,0,0,0,0,0,0,0,0,0,
Timeseek,3,0,1,2,0,0,2,0,1,0,0,0,0,0,0,0,0,0,0,0,0,0,0,0,0,
Tip,12,0,4,8,0,0,1,10,1,0,0,0,0,0,0,0,0,0,0,0,0,0,0,0,0,
Title,16,0,12,4,0,0,1,3,9,2,1,0,0,0,0,0,0,0,0,0,0,0,0,0,0,
Tmo,3,0,0,3,0,0,0,0,3,0,0,0,0,0,0,0,0,0,0,0,0,0,0,0,0,
To,209,121,77,11,0,121,30,39,6,7,6,0,0,0,0,0,0,0,0,0,0,0,0,0,0,
To441,1,0,0,1,0,0,0,0,1,0,0,0,0,0,0,0,0,0,0,0,0,0,0,0,0,
toggle,2,2,0,0,0,2,0,0,0,0,0,0,0,0,0,0,0,0,0,0,0,0,0,0,0,
token,1,1,0,0,0,1,0,0,0,0,0,0,0,0,0,0,0,0,0,0,0,0,0,0,0,
Tool,12,0,12,0,0,0,11,1,0,0,0,0,0,0,0,0,0,0,0,0,0,0,0,0,0,
Toolbar,1,1,0,0,1,1,0,0,0,0,0,0,0,0,0,0,0,0,0,0,0,0,0,0,0,
Total,2,1,1,0,1,1,1,0,0,0,0,0,0,0,0,0,0,0,0,0,0,0,0,0,0,
Tr,1,0,0,1,0,0,1,0,0,0,0,0,0,0,0,0,0,0,0,0,0,0,0,0,0,
Trace,1,0,1,0,0,0,1,0,0,0,0,0,0,0,0,0,0,0,0,0,0,0,0,0,0,
Traces,3,1,1,1,0,1,2,0,0,0,0,0,0,0,0,0,0,0,0,0,0,0,0,0,0,
Track,19,1,11,7,1,1,2,13,1,2,0,0,0,0,0,0,0,0,0,0,0,0,0,0,0,
Tracks,10,0,4,6,0,0,0,6,0,4,0,0,0,0,0,0,0,0,0,0,0,0,0,0,0,
Trancode,3,0,3,0,0,0,3,0,0,0,0,0,0,0,0,0,0,0,0,0,0,0,0,0,0,
Trans,3,2,0,1,0,2,0,0,1,0,0,0,0,0,0,0,0,0,0,0,0,0,0,0,0,
transcodable,10,10,0,0,10,10,0,0,0,0,0,0,0,0,0,0,0,0,0,0,0,0,0,0,0,
Transcode,61,7,38,16,5,7,38,15,1,0,0,0,0,0,0,0,0,0,0,0,0,0,0,0,0,
Transcoded,4,0,4,0,0,0,3,0,1,0,0,0,0,0,0,0,0,0,0,0,0,0,0,0,0,
Transcoder,4,0,2,2,0,0,1,1,2,0,0,0,0,0,0,0,0,0,0,0,0,0,0,0,0,
Transcoding,4,1,0,3,0,1,0,1,0,2,0,0,0,0,0,0,0,0,0,0,0,0,0,0,0,
transfer,11,6,4,1,2,6,4,1,0,0,0,0,0,0,0,0,0,0,0,0,0,0,0,0,0,
transform,2,2,0,0,0,2,0,0,0,0,0,0,0,0,0,0,0,0,0,0,0,0,0,0,0,
Transitivity,1,0,0,1,0,0,1,0,0,0,0,0,0,0,0,0,0,0,0,0,0,0,0,0,0,
translate,3,3,0,0,2,3,0,0,0,0,0,0,0,0,0,0,0,0,0,0,0,0,0,0,0,
Translations,2,0,2,0,0,0,2,0,0,0,0,0,0,0,0,0,0,0,0,0,0,0,0,0,0,
Transparency,2,0,1,1,0,0,0,2,0,0,0,0,0,0,0,0,0,0,0,0,0,0,0,0,0,
Transport,7,0,7,0,0,0,2,3,2,0,0,0,0,0,0,0,0,0,0,0,0,0,0,0,0,
Trash,5,0,3,2,0,0,4,1,0,0,0,0,0,0,0,0,0,0,0,0,0,0,0,0,0,
Traversable,2,0,0,2,0,0,2,0,0,0,0,0,0,0,0,0,0,0,0,0,0,0,0,0,0,
Tray,2,0,1,1,0,0,1,1,0,0,0,0,0,0,0,0,0,0,0,0,0,0,0,0,0,
Tree,8,1,7,0,0,1,5,2,0,0,0,0,0,0,0,0,0,0,0,0,0,0,0,0,0,
Trick,1,0,0,1,0,0,0,1,0,0,0,0,0,0,0,0,0,0,0,0,0,0,0,0,0,
Trigger,2,0,1,1,0,0,1,0,0,1,0,0,0,0,0,0,0,0,0,0,0,0,0,0,0,
trim,1,1,0,0,0,1,0,0,0,0,0,0,0,0,0,0,0,0,0,0,0,0,0,0,0,
Tristate,2,2,0,0,0,2,0,0,0,0,0,0,0,0,0,0,0,0,0,0,0,0,0,0,0,
True,1,0,1,0,0,0,1,0,0,0,0,0,0,0,0,0,0,0,0,0,0,0,0,0,0,
Ts,10,0,5,5,0,0,3,4,0,1,2,0,0,0,0,0,0,0,0,0,0,0,0,0,0,
Tsmuxer,14,0,14,0,0,0,14,0,0,0,0,0,0,0,0,0,0,0,0,0,0,0,0,0,0,
Tsubs,1,0,0,1,0,0,0,0,0,0,1,0,0,0,0,0,0,0,0,0,0,0,0,0,0,
Tt,2,0,0,2,0,0,2,0,0,0,0,0,0,0,0,0,0,0,0,0,0,0,0,0,0,
TTA,1,0,0,1,0,0,1,0,0,0,0,0,0,0,0,0,0,0,0,0,0,0,0,0,0,
Tunes,2,0,2,0,0,0,2,0,0,0,0,0,0,0,0,0,0,0,0,0,0,0,0,0,0,
TV,9,0,9,0,0,0,7,2,0,0,0,0,0,0,0,0,0,0,0,0,0,0,0,0,0,
Two,3,0,3,0,0,0,3,0,0,0,0,0,0,0,0,0,0,0,0,0,0,0,0,0,0,
Type,120,31,9,80,11,31,48,22,17,1,1,0,0,0,0,0,0,0,0,0,0,0,0,0,0,
Types,1,0,0,1,0,0,0,0,0,0,1,0,0,0,0,0,0,0,0,0,0,0,0,0,0,
Typewith,1,0,1,0,0,0,0,1,0,0,0,0,0,0,0,0,0,0,0,0,0,0,0,0,0,
Typical,1,0,1,0,0,0,1,0,0,0,0,0,0,0,0,0,0,0,0,0,0,0,0,0,0,
UA,1,0,0,1,0,0,1,0,0,0,0,0,0,0,0,0,0,0,0,0,0,0,0,0,0,
UI,5,0,1,4,0,0,3,1,1,0,0,0,0,0,0,0,0,0,0,0,0,0,0,0,0,
UID,1,0,0,1,0,0,0,1,0,0,0,0,0,0,0,0,0,0,0,0,0,0,0,0,0,
UMS,4,1,3,0,0,1,2,0,1,0,0,0,0,0,0,0,0,0,0,0,0,0,0,0,0,
un,1,1,0,0,0,1,0,0,0,0,0,0,0,0,0,0,0,0,0,0,0,0,0,0,0,
unattached,1,1,0,0,0,1,0,0,0,0,0,0,0,0,0,0,0,0,0,0,0,0,0,0,0,
Unbuffered,1,1,0,0,0,1,0,0,0,0,0,0,0,0,0,0,0,0,0,0,0,0,0,0,0,
Underlying,3,0,3,0,0,0,3,0,0,0,0,0,0,0,0,0,0,0,0,0,0,0,0,0,0,
unescape,2,2,0,0,1,2,0,0,0,0,0,0,0,0,0,0,0,0,0,0,0,0,0,0,0,
uninstall,1,1,0,0,0,1,0,0,0,0,0,0,0,0,0,0,0,0,0,0,0,0,0,0,0,
Unix,2,0,2,0,0,0,2,0,0,0,0,0,0,0,0,0,0,0,0,0,0,0,0,0,0,
Unknown,2,1,0,1,0,1,1,0,0,0,0,0,0,0,0,0,0,0,0,0,0,0,0,0,0,
Unmapped,2,1,1,0,0,1,1,0,0,0,0,0,0,0,0,0,0,0,0,0,0,0,0,0,0,
unzip,1,1,0,0,1,1,0,0,0,0,0,0,0,0,0,0,0,0,0,0,0,0,0,0,0,
Up,25,0,2,23,0,0,25,0,0,0,0,0,0,0,0,0,0,0,0,0,0,0,0,0,0,
Updatable,6,0,0,6,0,0,1,1,2,2,0,0,0,0,0,0,0,0,0,0,0,0,0,0,0,
Update,52,25,15,12,6,25,18,9,0,0,0,0,0,0,0,0,0,0,0,0,0,0,0,0,0,
Updated,2,0,0,2,0,0,1,1,0,0,0,0,0,0,0,0,0,0,0,0,0,0,0,0,0,
Updater,2,0,0,2,0,0,1,1,0,0,0,0,0,0,0,0,0,0,0,0,0,0,0,0,0,
Updates,1,0,0,1,0,0,0,1,0,0,0,0,0,0,0,0,0,0,0,0,0,0,0,0,0,
upgrade,3,3,0,0,0,3,0,0,0,0,0,0,0,0,0,0,0,0,0,0,0,0,0,0,0,
UPNP,24,2,21,1,0,2,20,1,0,1,0,0,0,0,0,0,0,0,0,0,0,0,0,0,0,
URI,8,0,1,7,0,0,7,0,1,0,0,0,0,0,0,0,0,0,0,0,0,0,0,0,0,
URL,39,2,7,30,0,2,17,15,3,2,0,0,0,0,0,0,0,0,0,0,0,0,0,0,0,
url2file,1,1,0,0,1,1,0,0,0,0,0,0,0,0,0,0,0,0,0,0,0,0,0,0,0,
Usable,1,0,1,0,0,0,1,0,0,0,0,0,0,0,0,0,0,0,0,0,0,0,0,0,0,
Usage,1,0,0,1,0,0,0,1,0,0,0,0,0,0,0,0,0,0,0,0,0,0,0,0,0,
Use,27,8,19,0,0,8,11,8,0,0,0,0,0,0,0,0,0,0,0,0,0,0,0,0,0,
Used,1,0,0,1,0,0,0,0,0,1,0,0,0,0,0,0,0,0,0,0,0,0,0,0,0,
User,8,1,6,1,0,1,7,0,0,0,0,0,0,0,0,0,0,0,0,0,0,0,0,0,0,
usn,1,1,0,0,1,1,0,0,0,0,0,0,0,0,0,0,0,0,0,0,0,0,0,0,0,
UTF,3,0,0,3,0,0,0,0,1,1,0,0,1,0,0,0,0,0,0,0,0,0,0,0,0,
Utf16,17,1,11,5,0,1,1,2,4,6,0,0,1,0,2,0,0,0,0,0,0,0,0,0,0,
UTF16with,1,0,1,0,0,0,0,0,1,0,0,0,0,0,0,0,0,0,0,0,0,0,0,0,0,
UTF18with,1,0,1,0,0,0,0,0,1,0,0,0,0,0,0,0,0,0,0,0,0,0,0,0,0,
UTF32,5,0,2,3,0,0,0,1,2,2,0,0,0,0,0,0,0,0,0,0,0,0,0,0,0,
UTF32with,1,0,1,0,0,0,0,0,1,0,0,0,0,0,0,0,0,0,0,0,0,0,0,0,0,
Utf8,8,0,0,8,0,0,1,3,3,0,1,0,0,0,0,0,0,0,0,0,0,0,0,0,0,
Utf8input,3,0,3,0,0,0,0,0,0,0,0,3,0,0,0,0,0,0,0,0,0,0,0,0,0,
Utf8not,1,0,1,0,0,0,0,0,0,0,0,1,0,0,0,0,0,0,0,0,0,0,0,0,0,
UTF8with,1,0,1,0,0,0,0,0,0,1,0,0,0,0,0,0,0,0,0,0,0,0,0,0,0,
UTF8without,1,0,1,0,0,0,0,0,0,1,0,0,0,0,0,0,0,0,0,0,0,0,0,0,0,
Utils,2,0,0,2,0,0,1,1,0,0,0,0,0,0,0,0,0,0,0,0,0,0,0,0,0,
UUID,8,0,1,7,0,0,7,0,0,1,0,0,0,0,0,0,0,0,0,0,0,0,0,0,0,
V,5,1,0,4,1,1,1,2,0,1,0,0,0,0,0,0,0,0,0,0,0,0,0,0,0,
V2,6,0,1,5,0,0,1,1,4,0,0,0,0,0,0,0,0,0,0,0,0,0,0,0,0,
Valid,44,2,8,34,1,2,32,7,3,0,0,0,0,0,0,0,0,0,0,0,0,0,0,0,0,
validate,2,2,0,0,2,2,0,0,0,0,0,0,0,0,0,0,0,0,0,0,0,0,0,0,0,
Value,128,6,28,94,0,6,61,30,6,7,4,1,1,1,5,0,0,4,1,1,0,0,0,0,0,
Values,4,0,1,3,0,0,1,2,1,0,0,0,0,0,0,0,0,0,0,0,0,0,0,0,0,
Variant,4,0,3,1,0,0,1,3,0,0,0,0,0,0,0,0,0,0,0,0,0,0,0,0,0,
Vars,2,0,0,2,0,0,0,1,1,0,0,0,0,0,0,0,0,0,0,0,0,0,0,0,0,
VBV,1,0,1,0,0,0,0,1,0,0,0,0,0,0,0,0,0,0,0,0,0,0,0,0,0,
Verbose,1,0,1,0,0,0,1,0,0,0,0,0,0,0,0,0,0,0,0,0,0,0,0,0,0,
Verified,1,0,1,0,0,0,1,0,0,0,0,0,0,0,0,0,0,0,0,0,0,0,0,0,0,
verify,8,8,0,0,3,8,0,0,0,0,0,0,0,0,0,0,0,0,0,0,0,0,0,0,0,
Version,16,1,4,11,1,1,5,9,1,0,0,0,0,0,0,0,0,0,0,0,0,0,0,0,0,
Video,59,0,49,10,0,0,34,15,7,3,0,0,0,0,0,0,0,0,0,0,0,0,0,0,0,
Video1,1,0,0,1,0,0,0,1,0,0,0,0,0,0,0,0,0,0,0,0,0,0,0,0,0,
Video2,1,0,0,1,0,0,0,1,0,0,0,0,0,0,0,0,0,0,0,0,0,0,0,0,0,
Videos,1,1,0,0,0,1,0,0,0,0,0,0,0,0,0,0,0,0,0,0,0,0,0,0,0,
View,8,1,5,2,0,1,6,0,1,0,0,0,0,0,0,0,0,0,0,0,0,0,0,0,0,
Virtual,10,2,8,0,0,2,6,1,1,0,0,0,0,0,0,0,0,0,0,0,0,0,0,0,0,
Visit,1,0,1,0,0,0,1,0,0,0,0,0,0,0,0,0,0,0,0,0,0,0,0,0,0,
Vlc,22,0,22,0,0,0,22,0,0,0,0,0,0,0,0,0,0,0,0,0,0,0,0,0,0,
Vlcp,1,0,0,1,0,0,1,0,0,0,0,0,0,0,0,0,0,0,0,0,0,0,0,0,0,
Vlcv,1,0,0,1,0,0,1,0,0,0,0,0,0,0,0,0,0,0,0,0,0,0,0,0,0,
Vobsub,2,0,2,0,0,0,0,2,0,0,0,0,0,0,0,0,0,0,0,0,0,0,0,0,0,
Voice,1,0,0,1,0,0,0,1,0,0,0,0,0,0,0,0,0,0,0,0,0,0,0,0,0,
Volume,10,0,2,8,0,0,7,1,0,2,0,0,0,0,0,0,0,0,0,0,0,0,0,0,0,
Vorbis,1,0,0,1,0,0,1,0,0,0,0,0,0,0,0,0,0,0,0,0,0,0,0,0,0,
VVA,1,0,0,1,0,0,0,1,0,0,0,0,0,0,0,0,0,0,0,0,0,0,0,0,0,
W,4,1,1,2,0,1,1,0,0,2,0,0,0,0,0,0,0,0,0,0,0,0,0,0,0,
Wait,2,2,0,0,0,2,0,0,0,0,0,0,0,0,0,0,0,0,0,0,0,0,0,0,0,
warn,1,1,0,0,0,1,0,0,0,0,0,0,0,0,0,0,0,0,0,0,0,0,0,0,0,
Warning,1,0,1,0,0,0,1,0,0,0,0,0,0,0,0,0,0,0,0,0,0,0,0,0,0,
Wash,1,0,1,0,0,0,1,0,0,0,0,0,0,0,0,0,0,0,0,0,0,0,0,0,0,
Watch,1,1,0,0,1,1,0,0,0,0,0,0,0,0,0,0,0,0,0,0,0,0,0,0,0,
Watched,2,0,2,0,0,0,0,2,0,0,0,0,0,0,0,0,0,0,0,0,0,0,0,0,0,
Watcher,1,0,0,1,0,0,0,1,0,0,0,0,0,0,0,0,0,0,0,0,0,0,0,0,0,
WAV,3,0,1,2,0,0,2,0,1,0,0,0,0,0,0,0,0,0,0,0,0,0,0,0,0,
Web,44,6,36,2,0,6,33,4,0,1,0,0,0,0,0,0,0,0,0,0,0,0,0,0,0,
Wheel,2,0,2,0,0,0,2,0,0,0,0,0,0,0,0,0,0,0,0,0,0,0,0,0,0,
When,4,0,4,0,0,0,0,0,2,0,0,0,2,0,0,0,0,0,0,0,0,0,0,0,0,
Where,2,0,0,2,0,0,0,2,0,0,0,0,0,0,0,0,0,0,0,0,0,0,0,0,0,
Wide,1,0,1,0,0,0,0,0,0,0,1,0,0,0,0,0,0,0,0,0,0,0,0,0,0,
Width,18,0,0,18,0,0,8,6,1,3,0,0,0,0,0,0,0,0,0,0,0,0,0,0,0,
Win,1,1,0,0,0,1,0,0,0,0,0,0,0,0,0,0,0,0,0,0,0,0,0,0,0,
Win32,2,0,2,0,0,0,2,0,0,0,0,0,0,0,0,0,0,0,0,0,0,0,0,0,0,
Window,6,1,4,1,0,1,4,1,0,0,0,0,0,0,0,0,0,0,0,0,0,0,0,0,0,
Windows,7,3,2,2,0,3,4,0,0,0,0,0,0,0,0,0,0,0,0,0,0,0,0,0,0,
WINDOWS1251,1,0,0,1,0,0,0,0,0,1,0,0,0,0,0,0,0,0,0,0,0,0,0,0,0,
Wit,2,0,2,0,0,0,0,0,2,0,0,0,0,0,0,0,0,0,0,0,0,0,0,0,0,
With,16,0,16,0,0,0,3,3,4,3,2,0,0,1,0,0,0,0,0,0,0,0,0,0,0,
Within,1,0,1,0,0,0,0,1,0,0,0,0,0,0,0,0,0,0,0,0,0,0,0,0,0,
Without,3,0,3,0,0,0,0,1,1,1,0,0,0,0,0,0,0,0,0,0,0,0,0,0,0,
Wizard,2,0,0,2,0,0,0,2,0,0,0,0,0,0,0,0,0,0,0,0,0,0,0,0,0,
WMA,4,0,3,1,0,0,4,0,0,0,0,0,0,0,0,0,0,0,0,0,0,0,0,0,0,
WMA10,2,0,0,2,0,0,2,0,0,0,0,0,0,0,0,0,0,0,0,0,0,0,0,0,0,
WMV,1,0,0,1,0,0,0,0,1,0,0,0,0,0,0,0,0,0,0,0,0,0,0,0,0,
Word,3,0,3,0,0,0,1,0,2,0,0,0,0,0,0,0,0,0,0,0,0,0,0,0,0,
Worker,7,0,2,5,0,0,3,2,2,0,0,0,0,0,0,0,0,0,0,0,0,0,0,0,0,
Wrap,5,3,2,0,1,3,2,0,0,0,0,0,0,0,0,0,0,0,0,0,0,0,0,0,0,
Wrapped,1,0,1,0,0,0,0,1,0,0,0,0,0,0,0,0,0,0,0,0,0,0,0,0,0,
Wrapper,2,0,2,0,0,0,2,0,0,0,0,0,0,0,0,0,0,0,0,0,0,0,0,0,0,
Writable,5,0,1,4,0,0,3,2,0,0,0,0,0,0,0,0,0,0,0,0,0,0,0,0,0,
Write,27,23,3,1,13,23,3,1,0,0,0,0,0,0,0,0,0,0,0,0,0,0,0,0,0,
X,4,1,0,3,0,1,0,0,3,0,0,0,0,0,0,0,0,0,0,0,0,0,0,0,0,
XBMC,1,0,0,1,0,0,1,0,0,0,0,0,0,0,0,0,0,0,0,0,0,0,0,0,0,
Xbox,2,0,1,1,0,0,2,0,0,0,0,0,0,0,0,0,0,0,0,0,0,0,0,0,0,
Xbox360,1,0,0,1,0,0,1,0,0,0,0,0,0,0,0,0,0,0,0,0,0,0,0,0,0,
XML,4,0,1,3,0,0,3,1,0,0,0,0,0,0,0,0,0,0,0,0,0,0,0,0,0,
xml2d,1,1,0,0,1,1,0,0,0,0,0,0,0,0,0,0,0,0,0,0,0,0,0,0,0,
Y,2,0,0,2,0,0,0,0,2,0,0,0,0,0,0,0,0,0,0,0,0,0,0,0,0,
Yadif,2,0,0,2,0,0,0,2,0,0,0,0,0,0,0,0,0,0,0,0,0,0,0,0,0,
Year,8,0,2,6,0,0,6,2,0,0,0,0,0,0,0,0,0,0,0,0,0,0,0,0,0,
Young,1,0,0,1,0,0,0,1,0,0,0,0,0,0,0,0,0,0,0,0,0,0,0,0,0,
YUV,1,0,0,1,0,0,1,0,0,0,0,0,0,0,0,0,0,0,0,0,0,0,0,0,0,
Zero,3,0,1,2,0,0,1,0,2,0,0,0,0,0,0,0,0,0,0,0,0,0,0,0,0,
Zeros,1,0,0,1,0,0,0,1,0,0,0,0,0,0,0,0,0,0,0,0,0,0,0,0,0,
Zip,3,0,2,1,0,0,2,1,0,0,0,0,0,0,0,0,0,0,0,0,0,0,0,0,0,
Zipped,2,2,0,0,0,2,0,0,0,0,0,0,0,0,0,0,0,0,0,0,0,0,0,0,0,
